paper_version_id,paper_family_id,version,sde,se_sde,beta,se,sd_x,sd_y,valid,invalid_reason,classification,outcome_label,estimand,method,country,region,published_at,study_year_start,study_year_end,n_obs,row_index,n_cells,n_header_cells,n_rows_in_table,standardization_ambiguous,source_path,title,has_numeric_sde,sde_identity,se_identity,table_sha256,mu,sigma,matches,valid_matches,scan_verdict,is_annulled,authoring_model,sde_raw,welfare_sign,sign_reason,sign_margin,goal_sign,routes_agree,annotation_model,request_sha256,sde_welfare,sde_goal,abs_sde,notes_strict_sign,notes_relaxed_sign,context_strict_sign,context_unguarded_sign,direction_annotation_model,direction_request_sha256,direction_context_characters,direction_context_sha256,duplicate_of,comparable_before_dedup,standardized_sample,rated,pub_week,study_year_mid,acknowledges_limitation,data_source_official,design_strength,direction_ambiguous,effect_is_direct,few_clusters,goal_decrease,goal_increase,higher_benefits,instrument_type,conf_instrument_type,lower_benefits,outcome_domain,conf_outcome_domain,outcome_horizon,conf_outcome_horizon,outcome_is_monetary,parallel_trends_tested,policy_family,conf_policy_family,policy_intensity,reports_placebo,reports_robustness,selection_on_unobservables,target_population,conf_target_population,uses_random_assignment,administrative_detection,gross_activity,group_composition,log_se
apep_0591_v2,apep_0591,v2,-0.1164,0.0399,-0.3893,,3.2855,10.9914,True,ok,Moderate negative,Tertiary share (25--34),continuous,DiD,,,2026-03-11T15:34:51.837030,,,,0.0,8.0,8.0,2.0,False,apep_0591/v2/tables/tabF1_sde.tex,"The Erasmus Drain: Student Mobility, Regional Human Capital, and the Cohesion Tradeoff (v2)",True,pass,untestable,e5caad987d4bd1d1527885c85ad6a209d9c5f52cea9fd05459463241ce7d9aa6,17.22,1.26,32.0,32.0,CLEAN,False,,-0.1164,1,beneficiary outcome direction,0.8300000000000001,0,False,jev-1.13.0,64bf5ca40ae5e6b491ebf0d8788684a293d178fd77e1d95ece11afe24b0ce6ad,-0.1164,,0.1164,0,0,1,1,jev-1.13.0,c64b52189b630f02ac4998ca1b710202ec93b4903c39fb40cc495a10f1aff6e3,2796.0,40eaeff555455c08b3f60ddd585f2415a364e4023209d5e4631db96c3265fe96,,True,True,True,11.0,,0.09,0.56,0.0,0.12,0.3,0.47,0.03,0.05,0.92,other,0.9,0.09,education,0.98,unclear,0.97,0.05,0.07,health_human_capital,0.91,0.09,0.05,0.06,0.78,working_age,0.52,0.12,0.03,0.06,0.4,-3.2213789550863194
apep_0592_v1,apep_0592,v1,0.0178,0.0062,0.803,,0.253,11.41,True,ok,Small positive,DeltaOCCSCORE (1910-1920),continuous,DiD,,,2026-03-11T13:02:56.079687,,,,0.0,8.0,8.0,1.0,False,apep_0592/v1/tables/tabF1_sde.tex,"When the Saloons Closed: Labor Market Spillovers from State Prohibition, 1910--1930",True,pass,untestable,47f90c2628e7d5f124746c4e62c28690a69e9c1668551d728eb42bee9b45b2d0,16.13,1.26,31.0,31.0,SUSPICIOUS,False,,0.0178,1,beneficiary outcome direction,0.76,0,False,jev-1.13.0,be3b8efda2efcb55e28df5f972662bf4a0eddacf918bd30ffe9f413d5443acf2,0.0178,,0.0178,0,0,1,1,jev-1.13.0,87109db71fa625069b7743a70d1537df12ea9ce5b25ef1205674470edb2d5a81,4942.0,39bc069f5e05c35cb956ef3f80d17c3c7e2f567bc79f970b50b5ca1b3b553c66,,True,True,True,11.0,,0.09,0.45,0.01,0.11,0.33,0.49,0.03,0.04,0.93,other,0.93,0.17,other,0.34,long_run,0.94,0.18,0.18,other,0.49,0.15,0.08,0.08,0.77,none,0.88,0.07,0.02,0.02,0.04,-5.083205986931091
apep_0593_v1,apep_0593,v1,0.055,0.048,0.1242,,,2.268,True,ok,Moderate positive,Log foreign nights,binary,DiD,"timesyear FE). Method: TWFE DiD, clustered at country level",Other / not stated,2026-03-11T11:09:01.476007,2012.0,2019.0,,0.0,7.0,7.0,2.0,False,apep_0593/v1/tables/tabF1_sde.tex,Can You Hear Me Now? EU Roaming Abolition and Foreign Tourist Accommodation Nights,True,pass,untestable,fc4e6c38849b3be2882616eb96ccfd77961f9b568e5eab14a349a7ef584f7f1d,19.01,1.38,30.0,29.0,CLEAN,False,,0.055,1,beneficiary outcome direction,0.47,0,False,jev-1.13.0,96f19e656a10d6aa2e3e65773dfe596e634ede28e30d1fe91847179a526fb974,0.055,,0.055,0,0,1,1,jev-1.13.0,5a21566f92a712c4920829bb4c2d3a8cf6d663448c35eef6852efaaf668514d3,3448.0,406f0185321b38ca52777021de4754997fe2b3617fc645da87d1b755c4433d91,,True,True,True,11.0,2015.5,0.13,0.97,1.48,0.34,0.23,0.55,0.02,0.1,0.72,price,0.79,0.25,other,0.88,long_run,0.75,0.05,0.05,regulation_competition,0.84,2.55,0.07,0.73,0.78,general_public,0.75,0.02,0.06,0.14,0.04,-3.036554268074246
apep_0594_v1,apep_0594,v1,-0.1637,0.1525,-0.22,,0.0442,0.0594,True,ok,Large negative,Temp. Share (Unwt.),continuous,DiD,,,2026-03-11T10:41:46.048736,,,,0.0,8.0,8.0,3.0,False,apep_0594/v1/tables/tabF1_sde.tex,The Illusion of Permanence: Relabeling vs.\ Real Reform in Spain's 2022 Temporary Contract Ban,True,pass,untestable,a70e2655c57975089e18969a4691bfbc4f75adf23d1805ac02616d617154a53a,18.38,1.24,34.0,34.0,CLEAN,False,,-0.1637,0,measurement qualifier: group_composition,-0.35,-1,False,jev-1.13.0,fa1555d11afd2d780d28112f06c6dbfd7fd4d57cc1b19c7e0d6466b1d18ed405,,0.1637,0.1637,0,0,0,-1,jev-1.13.0,28a1823bb7cb6c67e86ee958513a260cf1c59dee99c049dafcbdd58a9b050f5f,2599.0,b38acded168e88a2037d87726a30bf67aae6d21ccf5220b8f565fb9da1e32159,,True,True,True,11.0,,0.25,0.98,1.1,0.7,0.87,0.93,0.58,0.05,0.26,quantity_restriction,1.0,0.61,labour_market,1.0,long_run,0.55,0.05,0.1,labor_income,1.0,2.94,0.1,0.2,0.7,working_age,0.88,0.02,0.04,0.03,0.81,-1.8805906829346708
apep_0595_v1,apep_0595,v1,0.1376,0.1928,0.0449,,,0.326,True,ok,Moderate positive,Log rice price,binary,DiD,,,2026-03-11T10:54:29.066852,2017.0,2021.0,,0.0,7.0,7.0,3.0,False,apep_0595/v1/tables/tabF1_sde.tex,Trade Protection by Fiat: Nigeria's Border Closure and the Spatial Propagation of Food Price Shocks,True,pass,untestable,1dda0e126c8df4673dfc1ae22fd2b50b33ba8690ea00c0c4994836f9eefbe2dc,16.8,1.3,29.0,29.0,SUSPICIOUS,False,,0.1376,-1,beneficiary outcome direction,-0.59,0,False,jev-1.13.0,e21374e40703d7183fe4d137a7aa3dd48177f2a60ef454c28b37a54cc9e9e109,-0.1376,,0.1376,0,-1,-1,-1,jev-1.13.0,5b1f81eb6f32598bfbe85dfd59ad29d460d2f9124fd2c525c296f0cf96b11f09,4553.0,badb823db6624b04900a73245fa9679420247c2af6ba4a6b0c81a29608c33c8f,,True,True,True,11.0,2019.0,0.09,0.45,1.19,0.3,0.52,0.31,0.15,0.16,0.13,quantity_restriction,0.84,0.72,prices_cost,1.0,unclear,0.86,0.45,0.05,regulation_competition,0.98,2.2,0.06,0.09,0.81,general_public,0.41,0.02,0.02,0.05,0.02,-1.6461018968056917
apep_0596_v1,apep_0596,v1,-0.0004,0.0236,-0.0494,,0.0354,4.7231,True,ok,Null,Log total imports,continuous,DiD,,,2026-03-11T11:31:26.164706,,,,0.0,8.0,8.0,2.0,False,apep_0596/v1/tables/tabF1_sde.tex,When the Canal Runs Dry: Trade Resilience and the 2023--24 Panama Canal Drought,True,pass,untestable,41a58abf39d08632a0f64f8a9e01499abc01d80704203b1b7d65d6e6fe0224d0,10.27,1.69,23.0,23.0,SUSPICIOUS,False,,-0.0004,0,measurement qualifier: gross_activity,0.1599999999999999,0,False,jev-1.13.0,c2e8a9dbd7877af905db73cd316ded590afd0017d57b8920db8f4842f6fdb00a,,,0.0004,0,0,0,0,jev-1.13.0,3fe1802219c9db0f8985141fc026a8320379ddd0b43dc57a66c9928400fb91fa,4828.0,7eb2c0f25247840a6441635bb2b47edcc9f8e38e3bf6fafbeb48bc5460fcc2c8,,True,True,True,11.0,,0.09,0.96,1.94,0.45,0.34,0.06,0.04,0.03,0.47,infrastructure,0.59,0.31,other,0.83,long_run,0.78,0.71,0.05,housing_infrastructure,0.45,1.11,0.05,0.08,0.73,firms_industry,0.96,0.02,0.04,0.78,0.03,-3.7465085669505727
apep_0597_v1,apep_0597,v1,0.0155,0.0175,0.0035,,2.23,0.508,True,ok,Small positive,Log PMS price,continuous,DiD,,,2026-03-11T12:27:12.116546,,,,0.0,8.0,8.0,2.0,False,apep_0597/v1/tables/tabF1_sde.tex,From Pumps to Plates: Geographic Pass-Through of Nigeria's 2023 Fuel Subsidy Removal,True,pass,untestable,738c982f707af4804d223e453559d4a52bd59cfa3d7ff45986102a08a84ceb6e,20.29,1.31,30.0,30.0,CLEAN,False,,0.0155,-1,beneficiary outcome direction,-0.61,0,False,jev-1.13.0,24676498684522f9f79c1267de9b7a180d7fe04fd6ae4597bc5d386a3b7c2597,-0.0155,,0.0155,0,0,-1,-1,jev-1.13.0,cb0fb66ef77bc33a4f5045924eaa2ed817c3c974cfeac1d15645e129d8972346,3354.0,7edc2ca59eb0c665f96ab74c8f2396a809666578ef5fba591dda2db8750fed37,,True,True,True,11.0,,0.14,0.34,0.31,0.25,0.63,0.38,0.09,0.06,0.13,price,1.0,0.74,prices_cost,1.0,medium_run,0.98,0.45,0.06,taxation_prices,1.0,2.99,0.08,0.1,0.82,general_public,0.52,0.02,0.02,0.05,0.02,-4.045554398052668
apep_0599_v1,apep_0599,v1,0.407,0.023,16.487,0.924,,40.533,True,ok,Large positive,DP Rate,binary,DiD,,,2026-03-11T15:10:10.563942,,,,0.0,7.0,7.0,3.0,False,apep_0599/v1/tables/tabF1_sde.tex,The Bureaucratic Absorption of Disability Reform: Evidence from Denmark's Under-40 Pension Ban,True,pass,pass,efa64dfd16b83136d51ed964d3a7eb026f2b23f0e5dc3e59eed6bc86666d062c,22.62,1.27,30.0,30.0,CLEAN,False,,0.407,-1,beneficiary outcome direction,-0.77,-1,True,jev-1.13.0,330c94fe7c0e29d6b58863e3d3e59f3bddea2937256a9029b52e8816cd753858,-0.407,-0.407,0.407,0,0,-1,-1,jev-1.13.0,253abdda1955f6893abc7411f7059fcac9bf4c522f0e585f0875013ec19226ef,3126.0,e620cf79ad36fa3cef7e8bec1749fa70dafcdf663b8337088cd08b3fd053b613,,True,True,True,11.0,,0.14,0.51,0.4,0.29,0.25,0.49,0.55,0.07,0.1,other,0.95,0.87,labour_market,0.85,short_run,0.42,0.03,0.07,labor_income,0.64,0.13,0.08,0.09,0.87,working_age,0.8,0.1,0.17,0.09,0.17,-3.7722610630529876
apep_0600_v1,apep_0600,v1,-0.0116,0.1215,-0.011,,,0.9492,True,ok,Small negative,Mortgage rate,binary,DiD,"quarter / country-quarter . N = 828 , 1 , 617 (",Other / not stated,2026-03-11T17:02:46.188455,2010.0,2021.0,,0.0,7.0,7.0,2.0,False,apep_0600/v1/tables/tabF1_sde.tex,When Harmonization Codifies the Status Quo: The EU Mortgage Credit Directive and Lending Rates,True,pass,untestable,32b294011b62fafb3c0cef349bacc77904a636462397a09220556f5fbabba032,13.99,1.62,30.0,30.0,SUSPICIOUS,False,,-0.0116,-1,beneficiary outcome direction,-0.69,0,False,jev-1.13.0,5bbc5401d074896a6d7984ec1dd8a2a44517cfe29a4a8130f71f8149958fe87e,0.0116,,0.0116,0,-1,-1,-1,jev-1.13.0,408c87c6f59680f48b183d65e1224815f4b9e97b95775f6a462cacc7c48ebf68,2950.0,4c61a9729b7351bc9cc4fef957ab070618096334245528d36c62db5077d7e891,,True,True,True,11.0,2015.5,0.1,0.97,1.3,0.14,0.52,0.87,0.07,0.04,0.17,enforcement,0.38,0.86,prices_cost,0.93,long_run,0.96,0.13,0.05,finance_governance,0.97,2.32,0.06,0.1,0.73,general_public,0.47,0.02,0.05,0.06,0.02,-2.107841016201534
apep_0601_v1,apep_0601,v1,0.119,0.155,0.275,0.359,,2.316,True,ok,Moderate positive,Log serious adverse events,binary,RDD,,,2026-03-11T21:18:07.920224,1993.0,2024.0,,0.0,7.0,7.0,4.0,False,apep_0601/v1/tables/tabF1_sde.tex,The Deadline Effect: PDUFA Review Clocks and Post-Market Drug Safety,True,pass,pass,6dd5ce859c1ca75fca79997d3afcbd01efaa7665ce645c18da4f7caccc340830,14.21,1.45,28.0,28.0,SUSPICIOUS,False,,0.119,0,measurement qualifier: administrative_detection,-0.75,0,False,jev-1.13.0,9007bc0a55cc5f399633dc600b6b14e9746d020c3b1eb93800127384029a16f3,,,0.119,0,-1,0,-1,jev-1.13.0,d25f9921ac1528a2781a3f98ae4df0a00a91a9d4ba87176592ebb4213708aa42,3828.0,6b4f5c3e6c06aa080e8e273b8f2a0e1533694f4c83e3bd4bb04a347e96757af3,,True,True,True,11.0,2008.5,0.13,0.93,1.49,0.55,0.11,0.37,0.08,0.05,0.12,enforcement,0.31,0.87,health,1.0,unclear,0.9,0.08,0.05,regulation_competition,0.45,0.92,0.06,0.12,0.79,firms_industry,0.52,0.02,0.84,0.23,0.02,-1.8643301620628905
apep_0602_v1,apep_0602,v1,-0.028,0.147,-0.031,0.164,,1.115,True,ok,Small negative,Log Enrollment,binary,RDD,,,2026-03-12T14:53:14.171624,2009.0,2019.0,,0.0,7.0,7.0,4.0,False,apep_0602/v1/tables/tabF1_sde.tex,The Cliff That Didn't Bite: Cohort Default Rates and For-Profit College Behavior at the Federal Accountability Threshold,True,pass,pass,c876a581e96d5146b16bb5e658eec639250d2bd04d1c847bfc700bb1d003ccd3,18.73,1.37,28.0,28.0,CLEAN,False,,-0.028,1,beneficiary outcome direction,0.54,0,False,jev-1.13.0,fd2a541f6749368737aff4356a3bd86ab8e95b0ad7c0e2270fabf488dc5db5dd,-0.028,,0.028,1,1,1,1,jev-1.13.0,bb3226fb73abcaa75da8dc9cb72d041f1977af54d14fc490478d6d231166c013,3060.0,55232b7ec9ad4d861ceff1a5dcc121ac09cb096a8c1228caba210d124d4eb392,,True,True,True,11.0,2014.0,0.1,0.76,2.99,0.34,0.27,0.06,0.06,0.06,0.75,price,0.34,0.21,education,1.0,long_run,0.32,0.17,0.07,health_human_capital,0.72,1.55,0.08,0.17,0.64,firms_industry,0.27,0.04,0.06,0.29,0.03,-1.9173226922034008
apep_0603_v1,apep_0603,v1,0.046,0.0215,1.192,0.557,,25.93,True,ok,Small positive,New Business Reg.,continuous,DiD,,,2026-03-12T16:28:57.138003,2010.0,2022.0,,0.0,7.0,7.0,5.0,False,apep_0603/v1/tables/tabF1_sde.tex,Checks to Shops: The Local Fiscal Multiplier of Poland's Family 500+ Program,True,untestable,untestable,1a51fde5800670bf3853bc3cb36a1bffc59942db6a34d0ddb8b2b66340221f97,22.19,1.4,30.0,30.0,SUSPICIOUS,False,,0.046,1,beneficiary outcome direction,0.4399999999999999,0,False,jev-1.13.0,7f164e59f3e7910af9e6036e70f180c156cb0303397b9474ea0b053bf35d274f,0.046,,0.046,0,0,1,1,jev-1.13.0,441b00de9ccc536fa003ece8efeb867e671bb5c8cd403bbb79664b35a4c69c66,708.0,a2f651860a31c3bd77d91eeb1ab2d5acbc5f6e666ef5c3d8f089a6379615caf4,,True,True,True,11.0,2016.0,0.1,0.97,2.4,0.41,0.1,0.07,0.04,0.11,0.69,direct_transfer,1.0,0.25,labour_market,0.96,unclear,0.41,0.24,0.06,labor_income,1.0,2.39,0.07,0.1,0.81,children_youth,0.98,0.03,0.23,0.48,0.09,-3.83970234384852
apep_0604_v1,apep_0604,v1,0.0205,0.0182,0.073,,0.6,2.15,True,ok,Small positive,Overall dropout rate,continuous,DiD,,,2026-03-12T17:40:11.471660,2010.0,2014.0,,2.0,8.0,8.0,4.0,False,apep_0604/v1/tables/tabF1_sde.tex,Schooling After the Guns Fall Silent: Educational Recovery in Colombia's Former FARC Territories,True,pass,untestable,c0867ad82b65faec7cb97b60a6a7566887850a5732f9b51fa552a900e0d4d8a9,13.01,1.47,30.0,30.0,CLEAN,False,,0.0205,-1,beneficiary outcome direction,-0.8999999999999999,0,False,jev-1.13.0,d7346e1508fcaf04cfac5011653e33f24444fcb3b8bde9e00fae1e59ce348d9f,-0.0205,,0.0205,-1,-1,-1,-1,jev-1.13.0,8e229421de1ec3c50e6c7d5b90899ca1f5f07125502c23ef09ef05d570eecbdf,3330.0,bf22f6e6b6e4f12768b7830314ab70c70efb15b7abbb6a37896722722f754d21,,True,True,True,11.0,2012.0,0.13,0.77,1.15,0.12,0.23,0.21,0.13,0.11,0.07,other,0.87,0.97,education,1.0,long_run,0.94,0.04,0.06,health_human_capital,1.0,1.55,0.08,0.18,0.88,children_youth,1.0,0.02,0.07,0.08,0.17,-4.006333684899388
apep_0605_v1,apep_0605,v1,0.1128,0.0533,0.1928,0.0911,,1.709,True,ok,Moderate positive,Total Employment,binary,DiD,,,2026-03-12T18:23:52.963569,2001.0,2023.0,71408.0,0.0,7.0,7.0,4.0,False,apep_0605/v1/tables/tabF1_sde.tex,No Resource Curse: Persistent Employment Gains from the US Fracking Revolution,True,pass,pass,074e30b1ba65f1b41fdee31224870ea4e7c5201005a82542899451c8d7c6b428,25.93,1.25,36.0,36.0,SUSPICIOUS,False,,0.1128,1,beneficiary outcome direction,0.83,0,False,jev-1.13.0,818782bdf6b730ffbb3ddcc3542ed71246cd611492cd74347edad55cf7d4bd8e,0.1128,,0.1128,1,1,1,1,jev-1.13.0,8a00db063e1bff506ed7d5eab201622b0c7791a720b5edb645b3c47ab8c5e4ec,3271.0,eba82d60ece7e54531b350f3806a1724a5778724a60d0f72d3c5af95c9328293,,True,True,True,11.0,2012.0,0.11,0.94,1.92,0.08,0.11,0.16,0.02,0.05,0.96,other,0.85,0.13,labour_market,1.0,long_run,0.78,0.08,0.06,labor_income,0.71,1.55,0.06,0.14,0.84,working_age,0.79,0.02,0.03,0.02,0.03,-2.931818947810338
apep_0606_v1,apep_0606,v1,-0.2034,0.1823,-0.1207,0.1082,,0.593,True,ok,Large negative,Total ethanol,binary,DiD,,,2026-03-12T19:42:22.060202,2001.0,2019.0,1275.0,0.0,7.0,7.0,4.0,False,apep_0606/v1/tables/tabF1_sde.tex,Smoking Triggers Drinking? Cross-Substance Spillovers of State Cigarette Excise Taxes on Alcohol Markets,True,pass,pass,a4d85d84bdcacf9832ee8044c3e8b735eadffe3fd82154ad4ff19dfac21a3966,15.3,1.58,25.0,25.0,CLEAN,False,,-0.2034,-1,beneficiary outcome direction,-0.76,0,False,jev-1.13.0,2fd7df82992214630e528319b35be114dfa0b9978df6141cdf110b1530bb6c94,0.2034,,0.2034,0,0,-1,-1,jev-1.13.0,2ced256afa65b0a898d4e0679668ed189bd7ff0122e32c3f4f2ffbe0dac2c51e,2715.0,ced09142d1aedddda93308dd36649e71ab539013e72f5f2f1e4d7cc5b9308d78,,True,True,True,11.0,2010.0,0.12,0.92,2.02,0.45,0.08,0.1,0.05,0.03,0.06,price,1.0,0.82,health,0.92,long_run,0.58,0.03,0.06,taxation_prices,1.0,1.91,0.08,0.14,0.84,working_age,0.66,0.02,0.03,0.06,0.03,-1.7021015972975198
apep_0607_v1,apep_0607,v1,-0.141,0.014,-1.068,,0.279,2.113,True,ok,Moderate negative,Log soybean area,continuous,DiD,,,2026-03-12T23:01:44.287296,2006.0,2020.0,83505.0,0.0,7.0,7.0,4.0,False,apep_0607/v1/tables/tabF1_sde.tex,"The Amnesty Dividend? Brazil's Forest Code Reform, Cattle Expansion, and the Moral Hazard of Deforestation Policy",True,pass,untestable,0fe5d24e854edf36f49a16f75fe0fb9068d77a907ecdfb95ffb08c050c2d6899,21.0,1.34,30.0,30.0,SUSPICIOUS,False,,-0.141,1,beneficiary outcome direction,0.2699999999999999,0,False,jev-1.13.0,625f2d3708915dfeaf361558d6c0e9899b05b588a6c172b07388686e00880825,-0.141,,0.141,0,0,0,1,jev-1.13.0,2ec4008f1a60489ca7c8ad0f3ab58906a07bb88cd2a1292942a345b01ff3275a,2695.0,a618c0922350f8fd3b5d920a67d0e1fe938c293a82e915cfbdd329824ddb13ea,,True,True,True,11.0,2013.0,0.1,0.88,1.58,0.5,0.44,0.09,0.05,0.05,0.57,enforcement,0.8,0.3,environment,0.69,long_run,0.93,0.05,0.06,environment_energy,1.0,1.76,0.06,0.13,0.8,firms_industry,0.93,0.02,0.03,0.04,0.05,-4.268697949366879
apep_0608_v1,apep_0608,v1,-0.053,0.043,-0.77,0.63,,14.48,True,ok,Moderate negative,Gender Wage Gap (All Workers),binary,RDD,,,2026-03-12T23:25:29.091347,,,61711.0,0.0,7.0,7.0,5.0,False,apep_0608/v1/tables/tabF1_sde.tex,Mandating Transparency or Mandating Change? Evidence from Japan's 301-Employee Disclosure Threshold,True,pass,pass,3ba6c497f1e114a391875266ab6b771d2a90dd2f76d2418659facebee43ea0d4,21.27,1.25,34.0,34.0,SUSPICIOUS,False,,-0.053,1,beneficiary outcome direction,0.34,0,False,jev-1.13.0,3d3957f17d0bee6a382a7b318c06163f3d1fbe2ca95979ae9f3beee0084a9e14,-0.053,,0.053,-1,-1,0,1,jev-1.13.0,cf1ec60b67ee0df58845103f14fda0b3541d66d26e82ca655859f345f32d3aa6,2471.0,0cde514d01414399fc64c27c1cd35f87151f7952ca645aa1e60a2287e7cc378e,,True,True,True,11.0,,0.16,0.93,2.98,0.22,0.26,0.17,0.23,0.24,0.76,information,1.0,0.42,labour_market,0.99,unclear,0.98,0.31,0.08,labor_income,0.96,1.82,0.09,0.46,0.67,firms_industry,0.97,0.02,0.04,0.02,0.04,-3.146555163288575
apep_0609_v1,apep_0609,v1,0.118,0.159,0.0383,0.0515,,0.324,True,ok,Moderate positive,Log(retail/warehouse ratio),binary,DiD,,,2026-03-13T00:17:04.474630,,,,0.0,7.0,7.0,5.0,False,apep_0609/v1/tables/tabF1_sde.tex,Leveling the Tax Field: Did Online Sales Tax Equalization Slow the Death of Retail?,True,pass,pass,446e7e55a66961e62437b0773e965b092727a809f1e8e0878798bc9330e85ace,17.38,1.35,30.0,30.0,CLEAN,False,,0.118,0,ambiguous economic direction,0.0,0,False,jev-1.13.0,85feaa06e8cd121d02d544b604cbd8f3016d2cacfd2f79b26c9e1e63b0bd4419,,,0.118,0,0,0,0,jev-1.13.0,e12ffaf2bee86b98b938d3a361455a3fe6bd90a9772bfefb386613d52fddcdb9,3440.0,6f828a0e3588dfbac2667266d4474802b23dd168bc23d61a531863c312d61092,,True,True,True,11.0,,0.17,0.95,1.95,0.79,0.13,0.09,0.03,0.03,0.33,price,0.83,0.33,labour_market,1.0,long_run,0.75,0.06,0.13,taxation_prices,0.96,2.21,0.12,0.27,0.81,firms_industry,0.98,0.02,0.03,0.02,0.49,-1.8388510767619055
apep_0610_v1,apep_0610,v1,0.017,0.023,0.0012,,,0.0705,True,ok,Small positive,Unmarried birth share,binary,DiD,,,2026-03-13T01:45:09.736507,2016.0,2023.0,408.0,0.0,8.0,8.0,4.0,False,apep_0610/v1/tables/tabF1_sde.tex,The Marginal Birth: Post-Dobbs Abortion Bans and the Composition of Newborns,True,pass,untestable,2bd393a9257e7800de4e94def1edbe4fd1a2fd1b0339b223463f069dba483942,15.48,1.53,29.0,28.0,CLEAN,False,,0.017,0,measurement qualifier: group_composition,-0.3,0,False,jev-1.13.0,d1fe843060feb9a8f2d7a71eafa43c6f336f3ec7ce671b086cd8480fe109f696,,,0.017,0,0,0,0,jev-1.13.0,a6c8ef6970db570b09f9cebc24efb3bf5674a075dc24281b2136a9e28242f7d8,2438.0,107aed97ba2034a087571625947b5c16c58b5b4dd3f8970156c2439bf9d0cfd5,,True,True,True,11.0,2019.5,0.13,0.91,1.82,0.77,0.21,0.24,0.05,0.03,0.22,quantity_restriction,1.0,0.52,health,0.79,medium_run,0.32,0.03,0.07,health_human_capital,0.89,2.04,0.09,0.14,0.85,working_age,0.68,0.02,0.04,0.06,0.79,-3.7722610630529876
apep_0612_v1,apep_0612,v1,0.036,0.208,0.023,0.135,4.17,2.71,True,ok,Small positive,All Homicide Rate,continuous,Unknown,,,2026-03-13T09:46:11.222932,2019.0,2024.0,,0.0,8.0,8.0,3.0,False,apep_0612/v1/tables/tabF1_sde.tex,The Asylum Lottery and Local Crime: Evidence from Immigration Judge Leniency,True,pass,pass,357df7a33535692ed3b5c2ffd0720cf5f2e7865f37b600d6ae92b1d7784f6e4f,10.82,1.34,31.0,31.0,CLEAN,False,,0.036,-1,beneficiary outcome direction,-0.91,0,False,jev-1.13.0,190e25174aca18a0ce5935e8d8111c999dd0aca6e70afc26f77dbfc5d5af2c52,-0.036,,0.036,-1,-1,-1,-1,jev-1.13.0,3054d8acf36e5f52d27818a4470fbf6df28dd797e5898a798ffdb5aecebfa11c,2996.0,9ab07da0e23e5c83d74be899e8e364cd5490f3555a816975c4ac68e97aea50e1,,True,True,True,11.0,2021.5,0.11,0.52,2.86,0.3,0.08,0.92,0.05,0.03,0.06,public_provision,0.6,0.97,crime_safety,1.0,medium_run,0.58,0.04,0.04,finance_governance,0.31,1.2,0.04,0.08,0.85,migrants_minority,0.76,0.03,0.07,0.03,0.03,-1.5702171992808192
apep_0613_v1,apep_0613,v1,0.405,0.363,0.0425,0.0381,,0.105,True,ok,Large positive,Admin payroll share,binary,RDD,,,2026-03-13T09:39:49.419532,2008.0,2022.0,468.0,0.0,7.0,7.0,3.0,False,apep_0613/v1/tables/tabF1_sde.tex,Do Women Mayors Spend Differently? Close-Election Evidence from Mexico,True,pass,pass,9814926df4eae405509b69ead01e17e932f5c1b44e0d637e32e0414a134cb1c0,17.65,1.06,41.0,41.0,CLEAN,False,,0.405,0,ambiguous economic direction,0.0,0,False,jev-1.13.0,f9519e36e7a50986614d4e1035f59fcc1297a1466ab73205ec997d2365991c46,,,0.405,0,0,0,0,jev-1.13.0,7e8d217bd2f7b5c3a1194711f4dfc01811b617e0329ac989e3d35e18fc6da730,4306.0,8c41caf1672062c372e8ba6abb9cf4440f5df7a00674f466afa4075e07cb0243,,True,True,True,11.0,2015.0,0.19,0.93,2.98,0.77,0.59,0.15,0.04,0.05,0.41,other,0.87,0.41,prices_cost,0.55,unclear,0.72,0.12,0.08,finance_governance,0.87,1.26,0.1,0.18,0.51,general_public,0.51,0.12,0.05,0.18,0.58,-1.0133524447172864
apep_0614_v1,apep_0614,v1,-0.0103,0.0325,-0.0034,0.0108,,0.331,True,ok,Small negative,Any New EV Charger,binary,RDD,,,2026-03-13T10:12:36.333623,2020.0,2025.0,,0.0,7.0,7.0,5.0,False,apep_0614/v1/tables/tabF1_sde.tex,Drawing the Line on Environmental Justice: Do Federal Disadvantaged Community Designations Increase Local Investment?,True,pass,pass,d462eda22335fa26031b79b922c15e3260404e5dab32ee350aadf90ec05a220f,19.46,1.23,32.0,32.0,CLEAN,False,,-0.0103,1,beneficiary outcome direction,0.75,0,False,jev-1.13.0,e012e61bea348a58cf141ed8039fe97ccc7fb68f0f953b3b3b4d0ca57c5bc9c8,-0.0103,,0.0103,1,1,1,1,jev-1.13.0,6b46da66118e43ccec85e158cda4bc1e05f86ef2e671e08c7a1ba66fbf202cd4,3633.0,747d5d2c4da498a5f1ca14da4cb17c0bf65187905cba2db687f4565bd6d6ea9f,,True,True,True,11.0,2022.5,0.14,0.74,2.92,0.12,0.19,0.15,0.03,0.15,0.91,public_provision,0.16,0.16,environment,0.8,medium_run,0.76,0.09,0.06,environment_energy,0.82,1.16,0.08,0.13,0.65,low_income,0.99,0.03,0.14,0.41,0.05,-3.4265151896464454
apep_0615_v1,apep_0615,v1,-0.7289,0.0152,-0.2,,,0.2743,True,ok,Large negative,Share above 10%,binary,DiD,,,2026-03-13T10:09:08.111739,2014.0,2025.0,26899.0,0.0,8.0,8.0,2.0,False,apep_0615/v1/tables/tabF1_sde.tex,Pricing Under the Spotlight: Do Drug Transparency Laws Restrain Pharmaceutical Price Increases?,True,pass,untestable,1060fd6d5f35a1e605319af2122b23794ee4a53b753d3a07419df392d9aba379,16.34,1.29,31.0,31.0,SUSPICIOUS,False,,-0.7289,0,insufficient directional evidence,-0.18,0,False,jev-1.13.0,a8c987a58d2b2130216132f9336162002df92cb4eae9ce8b30388a42052cbad4,,,0.7289,0,0,0,0,jev-1.13.0,365c464aa669664d4526872a7ec1b3573941f173bb4a858ea700389c1520c32e,2314.0,e05058cf6beeb138387579a139512d4f0708cc50571b1ed5260faa577f858924,,True,True,True,11.0,2019.5,0.12,0.89,0.36,0.61,0.55,0.36,0.08,0.09,0.18,information,1.0,0.36,prices_cost,1.0,long_run,0.61,0.08,0.07,regulation_competition,0.4,1.71,0.08,0.14,0.66,firms_industry,0.7,0.02,0.23,0.2,0.12,-4.186459851129906
apep_0616_v1,apep_0616,v1,2.167,0.585,12.919,3.487,,4.075,True,ok,Large positive,Charge rate (%),continuous,DiD,,,2026-03-13T10:17:48.070188,,,,0.0,7.0,7.0,6.0,False,apep_0616/v1/tables/tabF1_sde.tex,Police Austerity and the Collapse of Criminal Justice Quality: Evidence from England and Wales,True,untestable,untestable,341979298db930e670e58c341eca5986bb16526850b34c62bffe79f586f60171,22.34,1.37,30.0,30.0,CLEAN,False,,2.167,0,measurement qualifier: administrative_detection,0.49,0,False,jev-1.13.0,21899addb1d4f02c517a313ab8b6651654d0343242af12d5fa2052b295ed5ee1,,,2.167,0,0,0,1,jev-1.13.0,ba499a9e47e1944258c9ed479ecabe379326e1922bb85e65f914e9ad3bbe48a6,3276.0,446387183a51955ee4b7b8d105f674eb1ffcc021762413309cb8388cebbbd081,,True,True,True,11.0,,0.16,0.96,1.12,0.45,0.17,0.28,0.03,0.05,0.72,enforcement,0.52,0.23,crime_safety,0.82,long_run,0.7,0.04,0.08,finance_governance,1.0,1.87,0.09,0.56,0.79,general_public,0.94,0.02,0.95,0.85,0.15,-0.5361434317502807
apep_0617_v1,apep_0617,v1,0.039,0.115,0.0019,0.0055,,0.0478,True,ok,Small positive,Healthcare share,binary,DiD,,,2026-03-13T10:39:03.847211,2001.0,2023.0,1147.0,0.0,7.0,7.0,4.0,False,apep_0617/v1/tables/tabF1_sde.tex,Beyond the Extensive Margin: State Earned Income Tax Credits and the Industry Composition of Women's Employment,True,pass,pass,4b57164cf9284196612684b9759f9b714683e1f019a814980c9a3b73729ffac5,20.85,1.34,27.0,27.0,SUSPICIOUS,False,,0.039,0,measurement qualifier: group_composition,0.3899999999999999,0,False,jev-1.13.0,e301ff79ee59bb8fbac8cb32e9c6efe7f27611aac482af9a31c70ec503c6da69,,,0.039,0,0,0,1,jev-1.13.0,9f0ab0047c67baf3953f89effdbeefdbdbd89e66a8f4d51f1af3978478aeef32,3698.0,0051d2b54e4928d15882c31f06221a6dd1f57c7b7ae576cd1496c49d599445ea,,True,True,True,11.0,2012.0,0.12,0.89,1.97,0.61,0.13,0.08,0.03,0.05,0.7,price,0.72,0.31,labour_market,0.93,long_run,0.58,0.06,0.06,taxation_prices,0.52,1.6,0.07,0.14,0.82,low_income,0.95,0.02,0.03,0.03,0.94,-2.162823150618887
apep_0618_v1,apep_0618,v1,0.144,0.02,0.264,0.037,,0.59,True,ok,Mod. pos.,Log(All Transactions),continuous,DiD,,,2026-03-13T10:18:08.403636,2010.0,2019.0,,0.0,7.0,7.0,4.0,False,apep_0618/v1/tables/tabF1_sde.tex,"The Dead Zone at 250,000: How Notch Abolition Reveals Local Market Distortion",True,untestable,untestable,1ddcf3cecacda70a627f040fb38af082b6ca49acc4d1d9e4d8254985983b7437,25.93,1.2,38.0,37.0,SUSPICIOUS,False,,0.144,0,measurement qualifier: gross_activity,0.13,0,False,jev-1.13.0,b2f3253995598679568b1794b72f05c705e440937911601889fe9129be98a4d3,,,0.144,0,0,0,0,jev-1.13.0,1319db387aedfc3ac010c0e2141648bfbca32c034c205cc13d52c38083310439,1787.0,15093e1ce4ebf998b798e30e172a9ef180d036907ad76e7572fc9bae7e933408,,True,True,True,11.0,2014.5,0.14,0.97,1.81,0.76,0.39,0.04,0.07,0.08,0.38,price,1.0,0.25,prices_cost,0.69,long_run,0.46,0.42,0.12,taxation_prices,0.67,2.05,0.12,0.15,0.8,general_public,0.82,0.02,0.08,0.81,0.05,-3.912023005428146
apep_0619_v1,apep_0619,v1,0.01,0.0338,0.0728,,0.269,1.953,True,ok,Small positive,log(R&D),continuous,Unknown,,,2026-03-13T11:05:02.512858,,,560.0,0.0,8.0,8.0,4.0,False,apep_0619/v1/tables/tabF1_sde.tex,The Innovation Lottery: H-1B Visa Randomization and Firm R\&D Investment,True,pass,untestable,8615e94fcab11bed88f6379627345b8e9772b6a1f5ee42ae092f0a4986f4b7c0,23.44,1.25,28.0,28.0,CLEAN,False,,0.01,1,beneficiary outcome direction,0.61,0,False,jev-1.13.0,533ea8066a58b90ec470b7d9498d772d5ba1c10e5a5e9be969013d8d448a6a51,0.01,,0.01,1,1,1,1,jev-1.13.0,8fb8345a9d7496a82f70573e39f85f0fe67539232d928f572b00975cced7714f,2786.0,5084fe4fea5721c19f0a282629898b600eb99d3971bdb508520b83beef798304,,True,True,True,11.0,,0.1,0.83,0.94,0.21,0.11,0.07,0.03,0.04,0.77,quantity_restriction,0.95,0.16,other,0.6,short_run,0.38,0.48,0.05,labor_income,0.53,1.25,0.05,0.08,0.79,firms_industry,0.77,0.24,0.04,0.06,0.02,-3.387294476493164
apep_0620_v1,apep_0620,v1,0.312,0.065,121.12,,0.0306,11.85,True,ok,Large positive,Employment rate,continuous,Unknown,,,2026-03-13T10:52:37.374332,2008.0,2023.0,,0.0,8.0,8.0,3.0,False,apep_0620/v1/tables/tabF1_sde.tex,Where Your Parents Were Sent: Immigrant Concentration and Second-Generation Outcomes in Denmark,True,pass,untestable,dce4de46e56022a38a78b22793d28430f3ad963308bdf82b1b1cb409fb9ea7ae,9.58,1.61,28.0,28.0,SUSPICIOUS,False,,0.312,1,beneficiary outcome direction,0.87,0,False,jev-1.13.0,fe17135d135904fa744c8db8c5e71abbac00116ceac5aff8630cc567138c3a5e,0.312,,0.312,1,1,1,1,jev-1.13.0,fc70d634a51a395fc7eed90e51a3e9d15d36ac09522235d6cf7b2db2df1f9e0d,3618.0,d4bbfef126c300435b0153e8ed5a6d6a42051bfa36e7086d8fda3ecf289797d0,,True,True,True,11.0,2015.5,0.16,0.98,0.24,0.05,0.1,0.12,0.04,0.08,0.98,other,0.99,0.11,labour_market,1.0,long_run,0.84,0.03,0.04,labor_income,1.0,0.14,0.05,0.09,0.85,migrants_minority,0.59,0.02,0.07,0.02,0.35,-2.7333680090865
apep_0622_v1,apep_0622,v1,-0.06,0.041,-0.112,0.076,,1.854,True,ok,Moderate negative,ln(BEV Registrations),binary,DiD,,,2026-03-13T11:06:00.287828,2016.0,2023.0,400.0,0.0,7.0,7.0,3.0,False,apep_0622/v1/tables/tabF1_sde.tex,Taxing the Transition: Do EV Registration Fees Deter Electric Vehicle Adoption?,True,pass,pass,e8d18a548353e4d0e7ab1a2498c888558e66c652522b384e508b02d86f1dd84d,12.04,1.51,30.0,30.0,SUSPICIOUS,False,,-0.06,1,beneficiary outcome direction,0.59,0,False,jev-1.13.0,36d34a8650d64f21b7ab611be9070bea7ee701596438f00dda7bc8e7cacd4b02,-0.06,,0.06,1,1,1,1,jev-1.13.0,2f7f1bb9539da9fe85a70c3855aa4d1b66eb967d7f363776a7fbd299cda7043a,2850.0,8fd192b59f2af6e7040bedbe5992017f8adc570fc1b130e047906ce797d84265,,True,True,True,11.0,2019.5,0.11,0.41,1.64,0.19,0.33,0.13,0.22,0.05,0.76,price,1.0,0.17,behaviour_compliance,0.5,long_run,0.79,0.05,0.06,taxation_prices,0.83,1.69,0.07,0.13,0.88,general_public,0.88,0.02,0.12,0.48,0.03,-3.1941832122778293
apep_0623_v1,apep_0623,v1,-0.0456,0.0148,-0.0033,,9.243,0.661,True,ok,Small negative,Log ZHVI (continuous),continuous,DiD,,,2026-03-13T11:16:17.209442,2014.0,2026.0,,0.0,8.0,8.0,3.0,False,apep_0623/v1/tables/tabF1_sde.tex,The Symmetric Tax Shock: Housing Capitalization of the SALT Deduction Cap and Its Reversal,True,pass,untestable,c317a95d5471a90b31c8e1c4bee2369d5920bf914e7e0c16c64630456b95ce7d,24.48,1.27,33.0,33.0,SUSPICIOUS,False,,-0.0456,0,insufficient directional evidence,0.33,0,False,jev-1.13.0,8567f98854b04ad19a411c186861f7fa294bb4669414a0483e25a9d38b523684,,,0.0456,1,1,0,0,jev-1.13.0,8dcc1f057afa8b1ddf80efec435d11865b737ab670b36547e9b754f604652046,2881.0,25a9609cef0ff580b0e2d7a927c5b14691ef76071d3d630a0f60efcaee98998c,,True,True,True,11.0,2020.0,0.09,0.27,1.41,0.18,0.25,0.17,0.05,0.04,0.54,price,0.98,0.21,prices_cost,1.0,long_run,0.97,0.63,0.05,taxation_prices,0.98,1.74,0.05,0.1,0.79,working_age,0.68,0.02,0.02,0.07,0.02,-4.213128098212068
apep_0624_v1,apep_0624,v1,-0.0987,0.0197,-0.173,0.0345,,1.754,True,ok,Moderate negative,Total emissions (all sectors),binary,DiD,,,2026-03-13T11:21:22.319114,2004.0,2023.0,15.0,0.0,7.0,7.0,5.0,False,apep_0624/v1/tables/tabF1_sde.tex,"The Regulatory Shadow: Carbon Pricing, Coal Phase-Outs, and the Anatomy of Industrial Emissions Reductions in Canada",True,pass,pass,81dc6c909b775c64ef6464db8f1ca4baef595b73718bcf23743cf9f49d49943f,26.01,1.26,33.0,33.0,CLEAN,False,,-0.0987,-1,beneficiary outcome direction,-0.8899999999999999,0,False,jev-1.13.0,194eb0eee2ea176b2892cd7eef34ef26fb97fc9de26855d62788a8a9b54f796f,0.0987,,0.0987,-1,-1,-1,-1,jev-1.13.0,39d63aca68dc351a7d8f3d997fa5ea17947ea39320a23346150d8abb15140413,2069.0,4482275a2c1670a76c33f3b5014bd085d9fe3817933c151aa782e70687677b96,,True,True,True,11.0,2013.5,0.11,0.96,1.47,0.22,0.58,0.8,0.38,0.04,0.05,price,1.0,0.94,environment,1.0,long_run,0.88,0.04,0.05,environment_energy,0.91,1.94,0.07,0.09,0.69,firms_industry,1.0,0.02,0.03,0.05,0.02,-3.9271366432381942
apep_0625_v1,apep_0625,v1,-0.118,0.038,-0.0227,0.0073,,0.192,True,ok,Moderate negative,Gender Earnings Gap (log),binary,DiD,,,2026-03-13T11:20:06.186658,2013.0,2023.0,,0.0,7.0,7.0,3.0,False,apep_0625/v1/tables/tabF1_sde.tex,The Hidden Wage Floor: How Salary History Bans Reshape the Gender Earnings Gap,True,pass,pass,caf1225a53e6aff971a69066f2497098398360b8f9325ce9c8bdbaaea3c9de09,27.13,1.2,34.0,34.0,SUSPICIOUS,False,,-0.118,-1,beneficiary outcome direction,-0.6699999999999999,0,False,jev-1.13.0,60902984eff0f7043403204f8955be20e701c76e729baf6c30a10e815e2d6007,0.118,,0.118,-1,-1,-1,-1,jev-1.13.0,4b204880245c8b8dbec2f268e51581d42daf22839dac33cc3f7aa7a54062a9ff,3070.0,0f5120e5f08212ab4a4080c2e7b32cff118b16e0018ef83c2d7e42e31859f0a1,,True,True,True,11.0,2018.0,0.1,0.94,2.09,0.17,0.42,0.24,0.22,0.1,0.18,quantity_restriction,0.86,0.85,labour_market,0.78,long_run,0.7,0.55,0.06,labor_income,0.99,1.99,0.06,0.09,0.84,working_age,0.92,0.02,0.02,0.01,0.02,-3.270169119255751
apep_0626_v2,apep_0626,v2,-0.0064,0.0045,-1.3519,0.9471,,9.216,True,ok,Small negative,Delta OCCSCORE,continuous,Event Study,,,2026-04-09T02:39:21.265475,1920.0,1930.0,,0.0,7.0,7.0,6.0,False,apep_0626/v2/tables/tabF1_sde.tex,Closing the Golden Door: The Restrictionist Mirage of the 1924 Johnson-Reed Act (v2),True,untestable,untestable,cd7f131ae14458c8ce402f87c0776da1a1d93f73c8db48690ea7e54ce0b4bf57,28.76,3.05,5.0,5.0,CLEAN,False,,-0.0064,1,beneficiary outcome direction,0.8699999999999999,0,False,jev-1.13.0,9c911f3a8ad671df7100684cbbd0fd24a574430d4db695770a9175a1e2010557,-0.0064,,0.0064,0,0,1,1,jev-1.13.0,0e5afa7f07a8b604ec283c48d86bbb74009e52f76a49b408505025234c6308d7,2183.0,c7fe7ed365d166b4387335cde8158972eff178f1501e95d7bf2525813f6986da,,True,True,True,15.0,1925.0,0.1,0.82,1.96,0.07,0.19,0.18,0.03,0.04,0.94,quantity_restriction,1.0,0.07,labour_market,0.27,long_run,0.88,0.22,0.06,regulation_competition,0.84,1.77,0.07,0.1,0.81,migrants_minority,0.8,0.03,0.02,0.02,0.04,-5.403677882205863
apep_0627_v1,apep_0627,v1,-0.0296,0.021,-0.666,0.473,,22.53,True,ok,Small negative,Total collisions,binary,DiD,,,2026-03-13T11:46:45.257831,2018.0,2024.0,,0.0,7.0,7.0,3.0,False,apep_0627/v1/tables/tabF1_sde.tex,Speed Kills Less at 20: Pedestrian Safety and Wales's Default Speed Limit Reduction,True,pass,pass,619c42ab2a1b3d6440c67646079cac3ebe0f19014e751def02a466591dfd94bc,17.02,1.21,34.0,34.0,SUSPICIOUS,False,,-0.0296,-1,beneficiary outcome direction,-0.93,-1,True,jev-1.13.0,632200f222bbac5f502558b172ab64c0b121afe2ce0c4906e95cc7c6575d30d9,0.0296,0.0296,0.0296,-1,-1,-1,-1,jev-1.13.0,f22f215e15e37b19841f7400ca34ae5d469d3054a35f6229f5f0e08bcb79781d,2636.0,98cba9f5b4a3715b836e690de1097dea217d09e529839e8404dc89f037ecff8e,,True,True,True,11.0,2021.0,0.13,0.96,1.33,0.11,0.25,0.74,0.64,0.02,0.04,enforcement,0.34,0.97,crime_safety,1.0,medium_run,0.52,0.03,0.05,housing_infrastructure,0.99,2.73,0.06,0.1,0.66,general_public,1.0,0.02,0.22,0.29,0.02,-3.863232841258714
apep_0628_v1,apep_0628,v1,0.002,0.053,0.012,0.323,,6.077,True,ok,Null,Log imports (DiD),binary,DiD,,,2026-03-13T11:52:47.485060,2012.0,2022.0,,0.0,7.0,7.0,4.0,False,apep_0628/v1/tables/tabF1_sde.tex,The Invisible Tariff: Nigeria's FX Exclusion List and Product-Level Trade Destruction,True,pass,pass,9589049e395ab8207e0426d98ef8c9ce5ef8488bac78ac3afe7a7932dc9d2f7d,21.73,1.56,25.0,25.0,CLEAN,False,,0.002,0,insufficient directional evidence,0.16,0,False,jev-1.13.0,845f6916cb4f18a5f028527fd09ea6d2ad450c32ce593631aa1f5ca60c2f94ba,,,0.002,0,0,0,0,jev-1.13.0,4018d519558b047ea857e31767eb9e6e76f73b3d6159b096b43c68d0f3baea99,2889.0,58c67b4a7d8f8f58dcbf6f2a2af66b1fd03b78bd282488d5959d7c4edbb12332,,True,True,True,11.0,2017.0,0.13,0.82,1.42,0.59,0.53,0.17,0.47,0.05,0.46,quantity_restriction,0.72,0.3,other,0.73,long_run,0.84,0.71,0.07,regulation_competition,0.65,1.58,0.08,0.18,0.8,firms_industry,1.0,0.02,0.07,0.18,0.03,-2.9374633654300153
apep_0630_v1,apep_0630,v1,0.0081,0.0181,0.33,0.74,,40.77,True,ok,Small positive,ED time to discharge (min.),binary,DiD,,,2026-03-13T16:35:02.820032,2013.0,2018.0,,0.0,7.0,7.0,2.0,False,apep_0630/v1/tables/tabF1_sde.tex,"Fair Bills, Slow Care? The Effect of Surprise Billing Laws on Emergency Department Quality",True,pass,pass,bba39944e681dd89e28eddc9f4df7f900c3567fb085953f3a5f61c6a35e1725f,18.76,1.31,31.0,31.0,CLEAN,False,,0.0081,-1,beneficiary outcome direction,-0.8600000000000001,0,False,jev-1.13.0,570abdc07551a41db5b0d7e4f26d3b95d6314ddac876f5d61bf694daf44bd5e2,-0.0081,,0.0081,-1,-1,-1,-1,jev-1.13.0,02d2f1eb65fe1eebaf0ba2bbb220a1182227f1226cb251d6297f5ac11ed70c36,3043.0,b944fa346f542eee3dcfac07e2bec3e140f46a9f66d93eb042ea2d8a75ae09db,,True,True,True,11.0,2015.5,0.24,0.96,2.02,0.06,0.14,0.22,0.17,0.04,0.07,price,0.89,0.93,administrative_process,0.48,unclear,0.21,0.03,0.11,health_human_capital,0.76,2.05,0.14,0.35,0.8,general_public,0.75,0.02,0.03,0.26,0.02,-4.011843340710357
apep_0631_v1,apep_0631,v1,-0.0391,0.0098,-0.0322,,0.81,0.666,True,ok,Small negative,House Prices (TCJA),continuous,DiD,,,2026-03-13T16:25:29.850660,2012.0,2026.0,,0.0,7.0,7.0,1.0,False,apep_0631/v1/tables/tabF1_sde.tex,Sticky Capitalization: Evidence from the SALT Deduction Cap and Its Reversal,True,pass,untestable,70f951cf917d0550f07acbb9517dacdf01ed5968cb701cb9ca999a9aeb0ee5cf,24.04,1.16,38.0,38.0,CLEAN,False,,-0.0391,0,insufficient directional evidence,0.0199999999999999,0,False,jev-1.13.0,86140de7060a818cd2c4e261b6db445701402012a860924d46b0d88ba63b1df3,,,0.0391,0,0,0,0,jev-1.13.0,829be149fab02c78d7fba35d3acbda6d873319876f0ae5f14a273dd03e2f12e9,3032.0,6e22bcf443f6fa7ee079325f0432caa95e577835a91e6b3feb05c34f9205a083,,True,True,True,11.0,2019.0,0.11,0.32,1.5,0.32,0.13,0.14,0.05,0.07,0.36,price,0.95,0.34,prices_cost,1.0,long_run,0.98,0.56,0.05,taxation_prices,0.99,1.92,0.05,0.11,0.73,working_age,0.56,0.02,0.02,0.1,0.02,-4.62537289330561
apep_0632_v1,apep_0632,v1,-0.1826,0.1708,-0.0224,0.0209,,0.1226,True,ok,Large negative,DeltaRN share 2017--2022,binary,RDD,,,2026-03-13T16:22:58.773575,,,,0.0,8.0,8.0,3.0,False,apep_0632/v1/tables/tabF1_sde.tex,The Green Backlash That Wasn't: Vehicle Bans and Populist Voting at French Low-Emission Zone Boundaries,True,pass,pass,721ac33678eb21b93bdd8b04b3210e060d47e73fc59ee4ecf080d72425dad79f,21.25,1.3,32.0,32.0,CLEAN,False,,-0.1826,0,measurement qualifier: group_composition,-0.09,0,False,jev-1.13.0,1b05309fe187b1e01e011285e7921baf1d7c0cc0532d594fbd474fdd2cb9ac98,,,0.1826,0,0,0,0,jev-1.13.0,19a2fde6b4dd3e52671a9d360e2ecb62a48f7b3cc436c33020b617cae8aaa4eb,2769.0,df57fae743a12b287a2d42852e812c025bdd82bde808edc1fe2ffb4435b632fa,,True,True,True,11.0,,0.13,0.87,2.92,0.83,0.11,0.56,0.05,0.04,0.18,quantity_restriction,0.69,0.27,political_attitudinal,1.0,medium_run,0.71,0.04,0.07,environment_energy,0.79,1.54,0.08,0.13,0.66,general_public,0.72,0.02,0.04,0.06,0.97,-1.7672619976276676
apep_0634_v1,apep_0634,v1,-0.007,0.002,-0.336,0.117,,1.733,True,ok,Small negative,Log total employment,continuous,DiD,,,2026-03-13T16:49:29.184534,,,,0.0,7.0,7.0,3.0,False,apep_0634/v1/tables/tabF1_sde.tex,"The Safety Scapegoat: Mine Regulation, Market Forces, and the Decline of Coal Country",True,untestable,untestable,68cdac8f479a22dcd9c370cfe56392f44dad5a8bc19a8ce8b7dd97ddd74a0ba8,18.71,1.23,34.0,34.0,SUSPICIOUS,False,,-0.007,1,beneficiary outcome direction,0.6699999999999999,0,False,jev-1.13.0,d22ce1ec3b2aa58ba24f2177c28928c791136fcd8c739bd3b5261a3b9e539231,-0.007,,0.007,1,1,1,1,jev-1.13.0,e06b61ff90171717a9f7d3e191a85297e871d795e9cb969087a32de6e1722f13,2405.0,bd7061eaacf5e5703e67c8026d722c7f25248827a7553bcb0599a9186c046f47,,True,True,True,11.0,,0.14,0.96,1.41,0.11,0.22,0.33,0.07,0.03,0.95,enforcement,0.86,0.28,labour_market,1.0,long_run,0.91,0.06,0.07,regulation_competition,0.66,1.71,0.08,0.13,0.85,firms_industry,0.75,0.02,0.03,0.02,0.05,-6.214608098422191
apep_0636_v1,apep_0636,v1,0.0155,0.0484,0.065,0.202,,4.18,True,ok,Small positive,Pharmacies per 100K,binary,DiD,,,2026-03-13T17:07:37.903002,2012.0,2022.0,,0.0,7.0,7.0,2.0,False,apep_0636/v1/tables/tabF1_sde.tex,The Phantom Fix: PBM Spread Pricing Bans and Community Pharmacy Survival,True,pass,pass,5460bfc86ac4850a18a16e72c16efebb97ca681e1f5da711271b7b142a38a543,18.58,1.3,31.0,31.0,SUSPICIOUS,False,,0.0155,1,beneficiary outcome direction,0.78,0,False,jev-1.13.0,b08702150a8ff0f261e881866494996d482ef78c1cc6b256a5b3c0b8c67dbd7f,0.0155,,0.0155,1,1,1,1,jev-1.13.0,2fd092f97cb30213048244ba1a52ec1e574c9e2d13e60d1fed30f575bc3096fa,3133.0,3a6de9c672b1477ff6255fe04a16a15b588c951fd9bcd9f67d317a7f15f2d5fc,,True,True,True,11.0,2017.0,0.21,0.96,1.26,0.12,0.14,0.43,0.39,0.47,0.88,price,0.68,0.1,labour_market,0.41,long_run,0.84,0.04,0.09,regulation_competition,0.95,1.96,0.11,0.18,0.84,firms_industry,0.99,0.02,0.04,0.46,0.08,-3.028255465259551
apep_0637_v1,apep_0637,v1,0.0006,0.0511,0.0008,,,1.407,True,ok,Null,Class filings (1 year),binary,IV,,,2026-03-13T17:56:59.042462,2008.0,2015.0,,0.0,8.0,8.0,3.0,False,apep_0637/v1/tables/tabF1_sde.tex,Does Granting a Patent Trigger a Filing Arms Race? Evidence from Examiner Leniency,True,pass,untestable,413e8c9b2f33ced8b8864031642f34fc578b05fb34b62b79f728204f8a23134d,25.26,1.23,38.0,38.0,CLEAN,False,,0.0006,0,measurement qualifier: gross_activity,-0.06,0,False,jev-1.13.0,cc8b1f1599ec06b61caf4b37c619a8f1b7698b0b53766676c714d8231d246f5d,,,0.0006,0,0,0,0,jev-1.13.0,e20f4ce94a854e8d5ee9353e98ce1d7b911859ebf268727e9ed51194396d4003,3284.0,9b88e3787b1caa7d712edc3b471a486eccaab273f5cd9c73c7392eeaead15186,,True,True,True,11.0,2011.5,0.1,0.97,2.96,0.63,0.11,0.16,0.03,0.05,0.27,quantity_restriction,0.32,0.33,behaviour_compliance,0.99,short_run,0.96,0.03,0.05,regulation_competition,0.96,1.46,0.06,0.1,0.81,firms_industry,1.0,0.04,0.54,0.95,0.02,-2.9739707817724783
apep_0638_v1,apep_0638,v1,0.2739,0.0162,0.1362,0.0081,,0.4972,True,ok,Large positive,Employment,binary,DiD,,,2026-03-13T17:43:24.766020,2018.0,2019.0,835.0,0.0,7.0,7.0,5.0,False,apep_0638/v1/tables/tabF1_sde.tex,The Saturday Soldier: Labor Market Returns to Mexico's Compulsory Military Lottery,True,pass,pass,3c920953a971b95661bb9e6faf09e4ff4de2d995e8dbcd7ea2612b16ca26cf02,24.82,1.1,41.0,41.0,CLEAN,False,,0.2739,1,beneficiary outcome direction,0.78,0,False,jev-1.13.0,96f704d77a10f631fa3b54156914720a2b99e9a7b5f50182a0b9f027d1eef491,0.2739,,0.2739,0,1,1,1,jev-1.13.0,f8342b400523c260aec0758becc8d216e57c2609ecab5e7e18fd0ea2078e6ff9,3047.0,f8fddb6fc76772af8a987e58f47b28143200f575f3f4a373fb6159176e8b82b1,,True,True,True,11.0,2018.5,0.14,0.98,2.35,0.06,0.13,0.39,0.04,0.06,0.97,enforcement,0.23,0.19,labour_market,1.0,unclear,0.48,0.05,0.08,labor_income,1.0,1.29,0.07,0.1,0.67,working_age,0.58,0.05,0.03,0.02,0.17,-4.122744036743799
apep_0639_v1,apep_0639,v1,-0.2554,0.3472,-0.686,0.933,,2.69,True,ok,Large negative,Rx Opioid (T40.2),binary,DiD,,,2026-03-13T17:34:51.014401,2010.0,2023.0,,0.0,7.0,7.0,6.0,False,apep_0639/v1/tables/tabF1_sde.tex,Too Tight a Grip? Opioid Day-Supply Limits and the Dose-Response of Illicit Substitution,True,pass,pass,a8a5118a2035f95020cabfa772ce69f05af59c06fa3e0d3651c19b2622884ea5,22.01,1.36,28.0,28.0,CLEAN,False,,-0.2554,-1,beneficiary outcome direction,-0.81,-1,True,jev-1.13.0,2ecabc60cf5e436d66e124bc421d270106aed4dfbc8aae7c267facfc0d3ca438,0.2554,0.2554,0.2554,-1,-1,-1,-1,jev-1.13.0,398887f97ea2ab4bbb41441feb3285dff12780381ddb1851980e4269691ad08a,4550.0,39230e1d2ba9d04533fc7c864e025878923c179f2c45c8316b282f862d7fbd17,,True,True,True,11.0,2016.5,0.1,0.97,1.87,0.3,0.15,0.11,0.73,0.03,0.11,quantity_restriction,1.0,0.92,health,0.99,long_run,0.66,0.04,0.05,health_human_capital,0.96,1.77,0.1,0.11,0.88,general_public,0.89,0.02,0.04,0.05,0.02,-1.0578542961959418
apep_0640_v1,apep_0640,v1,-0.0364,0.0129,-0.0625,0.0222,,1.7178,True,ok,Small negative,Hispanic log employment,binary,DiD,,,2026-03-13T17:44:01.386131,,,,0.0,7.0,7.0,3.0,False,apep_0640/v1/tables/tabF1_sde.tex,Verify or Vanish? Mandatory E-Verify and the Formal-Sector Displacement of Hispanic Workers,True,pass,pass,28aa037ea8b4f672b3cb817fbc169ef76cc962ce2aff16ce0f59f5b30c2a0106,20.18,1.22,32.0,32.0,SUSPICIOUS,False,,-0.0364,1,beneficiary outcome direction,0.7999999999999999,0,False,jev-1.13.0,d887eead4f0fca0539650f76594100bd06187811785cd983c5ce6aee2830cab6,-0.0364,,0.0364,0,1,1,1,jev-1.13.0,79460ad8c821b91bc2590b64361fa2cc4a81c4b2253170f59bf69b793865bace,2936.0,62fc9ae749237bf880cb45db99a9043b0ea43f2ae07334fa6009fc6bcdbea672,,True,True,True,11.0,,0.15,0.95,2.05,0.11,0.35,0.37,0.14,0.05,0.96,enforcement,0.97,0.16,labour_market,1.0,long_run,0.83,0.14,0.09,labor_income,0.98,1.96,0.07,0.17,0.83,migrants_minority,0.9,0.02,0.03,0.02,0.06,-4.350527967614511
apep_0641_v1,apep_0641,v1,-0.1166,0.0248,-0.0539,0.0115,,0.462,True,ok,Moderate negative,Female new-hire earn (DDD),binary,DiD,,,2026-03-13T17:39:57.471482,2013.0,2025.0,,0.0,7.0,7.0,4.0,False,apep_0641/v1/tables/tabF1_sde.tex,The Hidden Wage Floor: How Salary History Bans Reshape Gender Pay Gaps Across Industries,True,pass,pass,07e02dc01ff6a4475afbf311685f99164d030a43038e9f8bfa65f05606364a1c,26.22,1.31,31.0,31.0,CLEAN,False,,-0.1166,1,beneficiary outcome direction,0.8099999999999999,0,False,jev-1.13.0,f4dbe9bc8acf9e132359c2915fd8838db2c2ae15b0f11241da45902b4e5ef286,-0.1166,,0.1166,0,1,1,1,jev-1.13.0,d0f76acaea58fc6ebbdda06d30492489ca03b414824fe707ac3232cb2322641b,2784.0,60ea3cf4aac3590713e030caafb8725c3d0eb94daa931db5cd0756409596f693,,True,True,True,11.0,2019.0,0.17,0.92,2.01,0.07,0.38,0.36,0.12,0.09,0.97,quantity_restriction,0.91,0.16,labour_market,0.94,long_run,0.39,0.68,0.08,labor_income,0.99,1.96,0.11,0.36,0.82,working_age,0.82,0.02,0.02,0.01,0.03,-3.6969116258112007
apep_0643_v1,apep_0643,v1,0.0233,0.2426,0.0233,0.2426,,1.387,True,ok,Small positive,Log Employment,binary,DiD,,,2026-03-13T17:36:14.727155,,,,0.0,7.0,7.0,6.0,False,apep_0643/v1/tables/tabF1_sde.tex,The Selection Premium: What Border Counties Reveal About Paid Family Leave,True,fail,fail,19603b05654a5fc1d9c7baf835a209183e5a5b1aed04a08a5714f992613872e9,8.46,1.54,28.0,28.0,SUSPICIOUS,False,,0.0233,1,beneficiary outcome direction,0.7000000000000001,0,False,jev-1.13.0,49edce10c1657bf54844d193e01eaa611fca5793aae96cc34468c75a576ca32d,0.0233,,0.0233,0,1,1,1,jev-1.13.0,27b720b8475761608145fdb134643cd73039d0459b9b3fcaa483a613d39c7d2e,2804.0,daa6aa580d2c9330c5f53562552513790e9dcf8822fb847c8f226a59a0b93ef7,,True,True,True,11.0,,0.15,0.93,1.79,0.2,0.19,0.52,0.04,0.1,0.93,direct_transfer,0.73,0.23,labour_market,1.0,unclear,0.71,0.08,0.12,labor_income,1.0,1.88,0.1,0.19,0.75,working_age,1.0,0.02,0.04,0.02,0.07,-1.4163412824721873
apep_0644_v1,apep_0644,v1,0.0022,0.0326,0.0004,0.0054,,0.1649,True,ok,Null,New hire rate,binary,DiD,,,2026-03-13T17:39:46.092256,,,,0.0,7.0,7.0,6.0,False,apep_0644/v1/tables/tabF1_sde.tex,Show Me the Range: Do Pay Transparency Mandates Disrupt Hiring?,True,pass,pass,be21815531ca965b83e13330735ebfdc98beac78092082547d963a4af87b6d20,20.14,1.38,30.0,30.0,CLEAN,False,,0.0022,1,beneficiary outcome direction,0.64,0,False,jev-1.13.0,de0c7a08eab973b2811d7a2ca9914a290346c286f123f27c3faf81073f735bd6,0.0022,,0.0022,0,0,1,1,jev-1.13.0,fbb89eeb8c6f3145f895b1a42ce1d4997719888cd51878f75d3b9da45e1101d6,3156.0,d74dba58fd9e5a67ccf0fdef8f4cc5d2dfbd3e9333402081464f64aba81ec4d0,,True,True,True,11.0,,0.12,0.94,1.91,0.33,0.21,0.3,0.05,0.07,0.85,information,0.98,0.21,labour_market,1.0,long_run,0.4,0.06,0.05,labor_income,0.99,1.94,0.09,0.17,0.84,firms_industry,0.95,0.02,0.06,0.04,0.09,-3.423442990609475
apep_0648_v1,apep_0648,v1,-0.139,0.075,-0.376,0.203,,2.71,True,ok,Moderate negative,Firearm homicide rate,binary,DiD,,,2026-03-13T17:14:08.616480,2019.0,2024.0,,0.0,7.0,7.0,3.0,False,apep_0648/v1/tables/tabF1_sde.tex,"Offsetting Margins: Constitutional Carry Laws, Firearm Homicide, and Firearm Suicide",True,pass,pass,846d6cedd3b9281899774e74b4cb65e2baf78c661f4846648e29e3e6d891c62a,20.54,1.21,31.0,31.0,SUSPICIOUS,False,,-0.139,-1,beneficiary outcome direction,-0.95,0,False,jev-1.13.0,5c91b2c33e32ce6b4ae99c759e6f3c67fd0e2c7629450129548bf1792499b3dd,0.139,,0.139,-1,-1,-1,-1,jev-1.13.0,86d96230d06dacdcc577fbe50d24b783aa8ef47a3b0677b0727029915481d3ca,2324.0,dc8aa07d027a7f4b0ce372843bbb3c4aeed0c6f324542dec0b5b28a0ea68ef1b,,True,True,True,11.0,2021.5,0.14,0.96,1.73,0.13,0.13,0.1,0.09,0.03,0.03,enforcement,0.4,0.98,crime_safety,0.91,medium_run,0.74,0.03,0.06,regulation_competition,0.56,1.98,0.07,0.11,0.89,general_public,0.99,0.02,0.05,0.02,0.02,-2.5902671654458267
apep_0649_v1,apep_0649,v1,0.0299,0.0353,0.025,0.0294,,0.835,True,ok,Small positive,log(Price) --- Pooled,binary,RDD,,,2026-03-13T17:55:12.676910,2018.0,2024.0,,0.0,7.0,7.0,3.0,False,apep_0649/v1/tables/tabF1_sde.tex,The Clean Air Penalty: Property Values at Urban Emission Zone Boundaries,True,pass,pass,0bb97719906044e9d69c5a7ed44abc7e0822382311ea36ca54f91fc5fa996831,18.31,1.22,31.0,30.0,SUSPICIOUS,False,,0.0299,0,insufficient directional evidence,0.13,0,False,jev-1.13.0,7c6d2f3498fe83cfd2528318d7e8a4ba55b78805a8759b1d07b72c08e8651dd3,,,0.0299,0,0,0,0,jev-1.13.0,714e3a005858ce59f2f8860dcabd4fa1ff358a523ac0b262ac314b75569c402f,2778.0,7f4057b1763c0472e1e1f55e822b7dbb8a83bdbdb8a302770e2cdd4119527bfa,,True,True,True,11.0,2021.0,0.13,0.97,2.87,0.12,0.15,0.8,0.08,0.05,0.44,quantity_restriction,0.36,0.31,prices_cost,1.0,long_run,0.66,0.39,0.07,environment_energy,0.86,1.91,0.09,0.16,0.73,general_public,0.77,0.02,0.02,0.1,0.01,-3.343872315042886
apep_0650_v1,apep_0650,v1,0.011,0.0303,0.0889,,0.213,1.728,True,ok,Small positive,Log Employment,continuous,RDD,,,2026-03-13T17:53:56.088641,2001.0,2022.0,,0.0,7.0,7.0,5.0,False,apep_0650/v1/tables/tabF1_sde.tex,"Creative Destruction at the Border: Minimum Wages, Firm Dynamics, and the Anatomy of the Employment Null",True,pass,untestable,992c31cb4a763cce0575009c8d5e40df057e5a19aabbef1d146aeb040328d7df,25.88,1.23,33.0,33.0,SUSPICIOUS,False,,0.011,1,beneficiary outcome direction,0.6400000000000001,0,False,jev-1.13.0,c9ccc8e1d0f5501ee82f42f3ca13252e5ba24ab4d53d68026167bf765e4484da,0.011,,0.011,0,1,1,1,jev-1.13.0,71c0cc099faaad37125f0768b26bdcac31037f97aa2fd944bf8990e19f0467ae,2659.0,60433738010c3643c2c4ae51e2f6ed7784cadd189d38ff02e29b6c1482755bfc,,True,True,True,11.0,2011.5,0.11,0.95,2.16,0.2,0.16,0.25,0.04,0.05,0.93,price,1.0,0.29,labour_market,1.0,long_run,0.58,0.08,0.05,labor_income,1.0,2.02,0.06,0.13,0.7,working_age,0.42,0.02,0.03,0.02,0.04,-3.4966075664668135
apep_0651_v1,apep_0651,v1,0.0183,0.035,0.0153,0.0293,,0.838,True,ok,Small positive,Inspections (90d post),continuous,IV,,,2026-03-13T17:58:40.537747,2000.0,2024.0,,0.0,8.0,8.0,3.0,False,apep_0651/v1/tables/tabF1_sde.tex,The Regulator's Deaf Ear: Mine Safety Enforcement Does Not Respond to News Competition,True,untestable,untestable,035ec0fea848f2404e79ca84cac32f0562a14b8c9a26bdcb96014e3ea593cf65,17.59,1.25,37.0,37.0,CLEAN,False,,0.0183,1,beneficiary outcome direction,0.48,0,False,jev-1.13.0,5eb11df9918250d29fc5507798dc94dc27b76b12b5432b7bc46b197a2d229081,0.0183,,0.0183,1,1,1,1,jev-1.13.0,b3fc59b11eda7069abf9f69a0bbc1cdab3abada5e883880476c2f62f78a4bc6c,2870.0,333a888330cf3031c26319e4261df151c69bd0b9cf296a62dca3d454c8b03ddf,,True,True,True,11.0,2012.0,0.12,0.95,0.85,0.34,0.33,0.25,0.03,0.06,0.75,enforcement,0.57,0.27,administrative_process,0.39,short_run,0.96,0.05,0.04,regulation_competition,0.96,0.49,0.06,0.11,0.78,firms_industry,0.76,0.02,0.96,0.91,0.02,-3.3524072174927233
apep_0652_v1,apep_0652,v1,0.1382,0.3262,0.352,0.832,,2.55,True,ok,Moderate positive,Rx opioid rate (T40.2),binary,DiD,,,2026-03-13T18:05:56.481227,2015.0,2023.0,,0.0,8.0,8.0,5.0,False,apep_0652/v1/tables/tabF1_sde.tex,"Digital Prescriptions, Analog Deaths: No Detectable Mortality Effect of E-Prescribing Mandates",True,pass,pass,b37eed20ba2b2225f5ac64cda2ab2cc8e02f28cde51c775b092c458540f8617f,14.58,1.44,33.0,32.0,CLEAN,False,,0.1382,-1,beneficiary outcome direction,-0.6900000000000001,0,False,jev-1.13.0,e05bfa24f94b3c00f0dc61416be1eb388c74be6452e7073b7aa5ae362c4e7517,-0.1382,,0.1382,0,0,-1,-1,jev-1.13.0,0d36f221a4efb4490b35497b5d95320e279bd6c8e0d75bc225a5a6fb2a5724a7,4347.0,62a8866398a5a21311d051b1d6de245df6a720a76bcfec3f5d17c123c14b3f62,,True,True,True,11.0,2019.0,0.13,0.96,1.92,0.15,0.59,0.15,0.5,0.02,0.1,enforcement,0.42,0.79,health,0.98,long_run,0.71,0.04,0.06,health_human_capital,0.84,2.01,0.09,0.13,0.85,general_public,0.6,0.02,0.15,0.09,0.03,-1.1202445887952235
apep_0653_v1,apep_0653,v1,0.0961,0.0888,0.17,0.157,,1.77,True,ok,Moderate positive,Establishment Entry Rate,binary,DiD,,,2026-03-13T18:03:05.564942,2003.0,2018.0,,0.0,7.0,7.0,5.0,False,apep_0653/v1/tables/tabF1_sde.tex,No Entry Fee: Data Breach Notification Laws and Business Dynamism,True,pass,pass,d5c44c6452a4f175593a7caacd83d7a31b3ce68ac628f3cc15b54e3b9c044bc1,19.74,1.38,29.0,29.0,CLEAN,False,,0.0961,1,beneficiary outcome direction,0.77,0,False,jev-1.13.0,5cd0b5b9d9e1b68a62bd0b21b70c47969ce749f974dfdc7ca0cb1f629221e025,0.0961,,0.0961,1,1,1,1,jev-1.13.0,f0d9a321316f07193475bed543dbdc7ab506be7b97421ad789ded9808c42b6d6,1821.0,b6c8a67b2bcfde29c2b717e8253eaac4efa3bb0caafa66c3aab8d2d6ff411649,,True,True,True,11.0,2010.5,0.1,0.97,2.0,0.13,0.15,0.1,0.05,0.05,0.89,information,0.9,0.12,labour_market,1.0,long_run,0.55,0.04,0.05,regulation_competition,0.87,2.19,0.06,0.11,0.84,firms_industry,1.0,0.02,0.04,0.3,0.12,-2.4213686289840126
apep_0654_v1,apep_0654,v1,0.1622,0.0556,0.0783,0.0268,,0.482,True,ok,Large positive,New-hire earn (DDD),binary,DiD,,,2026-03-13T18:08:03.811078,2014.0,2025.0,,0.0,7.0,7.0,4.0,False,apep_0654/v1/tables/tabF1_sde.tex,Unlock and Hire: Universal License Recognition and the Retention Dividend in Licensed Occupations,True,pass,pass,ba580216a6abcf4299771873d2a0194f31fc0dd03d1da0e75d79f17f13041941,25.06,1.15,41.0,41.0,CLEAN,False,,0.1622,1,beneficiary outcome direction,0.7,0,False,jev-1.13.0,6b22e9caa2cd0f9dbf0e111e2e33c9453995f6b7eb3e79e7e75d8f4191dd858c,0.1622,,0.1622,1,1,1,1,jev-1.13.0,97df4be98d9677785ec9fa0a765ece523d8e747dd737b747703d21d0c436fadf,3454.0,ed01c18359b7712e48e32ab760e076d0d8bdcad262c9ba6f30b4de759e3a835c,,True,True,True,11.0,2019.5,0.13,0.93,1.79,0.09,0.32,0.25,0.05,0.21,0.9,quantity_restriction,0.26,0.2,labour_market,0.94,long_run,0.36,0.67,0.05,regulation_competition,0.84,1.79,0.08,0.15,0.78,firms_industry,0.56,0.02,0.03,0.02,0.04,-2.8895720777256004
apep_0655_v1,apep_0655,v1,0.0763,0.0081,0.1798,0.0192,,2.356,True,ok,Moderate positive,Employment,binary,DiD,,,2026-03-13T18:18:14.867745,2005.0,2015.0,,0.0,7.0,7.0,6.0,False,apep_0655/v1/tables/tabF1_sde.tex,What Employers Report When Enforcement Arrives: Administrative Evidence on Hispanic Labor Market Dynamics Under Secure Communities,True,pass,pass,ba9c5ff7a7dff46e8d3fb50c28cd6c061570fb7b890acdfb3d3638b789bab85e,16.36,1.33,30.0,30.0,CLEAN,False,,0.0763,1,beneficiary outcome direction,0.76,0,False,jev-1.13.0,61e5356027319ac6aa2950ebb81c048390677aea3ec397840ad805b8afd91773,0.0763,,0.0763,1,1,1,1,jev-1.13.0,3da9c87539a762ebb8d7a94c92a81159772320662424a4866920d5f78372806c,3386.0,4c7f5871ca9b04d924df9c912bf6df5ff884bd6aa4a3a6a64613ef02cd05873a,,True,True,True,11.0,2010.0,0.14,0.91,1.85,0.07,0.15,0.05,0.04,0.04,0.97,enforcement,1.0,0.21,labour_market,1.0,long_run,0.91,0.04,0.07,labor_income,0.96,1.81,0.08,0.14,0.79,migrants_minority,0.95,0.02,0.04,0.02,0.18,-4.815891217303744
apep_0658_v1,apep_0658,v1,0.112,0.023,17.277,3.538,,154.625,True,ok,Moderate positive,Building permits,binary,DiD,,,2026-03-13T18:39:41.900871,2020.0,2024.0,,0.0,7.0,7.0,4.0,False,apep_0658/v1/tables/tabF1_sde.tex,"Taxing Vacation Homes, Building New Ones: The Reallocation Effect of Wealth Taxation in Norway",True,pass,pass,6286456a833e5acf06bbd37ea2fb6812109ab5f12601bc1ea02737b2f00823f5,15.52,1.3,30.0,29.0,CLEAN,False,,0.112,1,beneficiary outcome direction,0.6599999999999999,0,False,jev-1.13.0,38d5f8c2f29199fc9c9cecb890dc8aa879d002294b6df237b99f2d11bb58b1a9,0.112,,0.112,0,0,1,1,jev-1.13.0,a6c7d657247ae56aef5430de00b6d5a7c357a43f4824039e11273f51fc460a90,2036.0,522b058135b0a82d564f9ae3d5751f21bf18517a5469914b3ef7dfffe6d97ded,,True,True,True,11.0,2022.0,0.17,0.98,1.26,0.22,0.15,0.04,0.05,0.05,0.82,price,1.0,0.16,other,0.58,medium_run,0.99,0.11,0.08,taxation_prices,0.81,1.8,0.07,0.16,0.8,general_public,0.5,0.02,0.1,0.9,0.02,-3.7722610630529876
apep_0659_v1,apep_0659,v1,-0.001,0.0019,-0.009,0.016,,8.47,True,ok,Null,"Delta Occ. score (bust, pooled)",continuous,Unknown,,,2026-03-13T19:30:04.793857,,,,0.0,7.0,7.0,4.0,False,apep_0659/v1/tables/tabF1_sde.tex,The Enclave Paradox: Ethnic Networks as Boom-Era Traps and Depression-Era Insurance,True,untestable,untestable,8ffd521929c6c2fdf9dff47cb55d9edeb3d12aa7f51e99fe72c568f96326ece0,23.16,1.31,31.0,30.0,CLEAN,False,,-0.001,0,insufficient directional evidence,-0.1,0,False,jev-1.13.0,1d3cdf2a651a6ce8a50f3c4bb36ef4c1a7338106ae0b65a72d2ff485c4366e75,,,0.001,0,-1,0,0,jev-1.13.0,0af3701f314dd79343ceecf2823198da6d65d9713113d3a6862c55b9d2b4acb0,1164.0,3fbcb7e9e8d5122fdca6661020ec7e452d7393682aa65e266c16a81616f24468,,True,True,True,11.0,,0.13,0.89,0.62,0.22,0.11,0.32,0.03,0.03,0.57,other,1.0,0.67,labour_market,1.0,long_run,0.82,0.09,0.05,labor_income,0.98,0.12,0.07,0.13,0.82,migrants_minority,0.98,0.02,0.05,0.04,0.13,-6.2659013928097425
apep_0660_v1,apep_0660,v1,-0.0059,0.0078,-0.0105,0.0138,,1.773,True,ok,Small negative,Log employment,binary,DiD,,,2026-03-13T20:23:00.131219,1986.0,2005.0,62644.0,0.0,7.0,7.0,3.0,False,apep_0660/v1/tables/tabF1_sde.tex,Dial Tone Roulette: The FCC Cellular Lottery and Local Economic Development,True,pass,pass,6a5dad6016cbd70dd54064d2d5042e8f8e18deef93d575cfbee5aad8642da1c8,20.22,1.28,31.0,31.0,CLEAN,False,,-0.0059,1,beneficiary outcome direction,0.74,0,False,jev-1.13.0,9fc3fae85680b029186591923007c95b7c76ebd0ea0b633cea602f0a24baa1a0,-0.0059,,0.0059,1,1,1,1,jev-1.13.0,6d71d2b485021010a269a6577ed0f72e3f7a1dbabcfffacc31e908321e7ef157,3404.0,c22863f406c0f9b8e2a20352c7d14b63075a864aac7d63cac42225245d8d0f42,,True,True,True,11.0,1995.5,0.14,0.96,2.29,0.1,0.09,0.15,0.03,0.06,0.95,infrastructure,0.76,0.21,labour_market,1.0,long_run,0.68,0.09,0.07,regulation_competition,0.53,1.95,0.09,0.17,0.72,firms_industry,0.77,0.24,0.03,0.02,0.02,-4.853631545286591
apep_0661_v1,apep_0661,v1,-0.029,0.0148,-0.315,0.161,,10.905,True,ok,Small negative,Total crime rate,continuous,IV,,,2026-03-13T20:39:32.685111,,,,0.0,7.0,7.0,5.0,False,apep_0661/v1/tables/tabF1_sde.tex,Assigned Neighbors: Asylum Dispersal and Local Crime in England and Wales,True,untestable,untestable,0c91f76a69ce47a58b32639590cb9b79c27f75d0a83d28c382f053e941c6d410,5.14,1.93,32.0,32.0,SUSPICIOUS,False,,-0.029,-1,beneficiary outcome direction,-0.8999999999999999,0,False,jev-1.13.0,8ba2b2b0eedab81a1b805c3cdcc742bec36572fbe9fd5d85f0a7b41e89643928,0.029,,0.029,0,-1,-1,-1,jev-1.13.0,2501f3ea2b1d7d70762a3ea5786bbf392568a6e2a62944a61e957f5e84be2afd,3303.0,265660db048091bd3874a11ac63c31f705c76eabc65b429470f2a0614eb0599f,,True,True,True,11.0,,0.12,0.96,1.04,0.26,0.08,0.13,0.05,0.03,0.05,public_provision,0.51,0.95,crime_safety,1.0,long_run,0.95,0.04,0.05,other,0.54,1.89,0.06,0.11,0.78,migrants_minority,0.98,0.03,0.85,0.19,0.04,-4.213128098212068
apep_0662_v1,apep_0662,v1,0.1711,0.0674,0.3109,0.1225,,1.8166,True,ok,Large positive,Unemployment rate,binary,DiD,,,2026-03-13T23:24:16.379409,2014.0,2025.0,714.0,0.0,8.0,8.0,4.0,False,apep_0662/v1/tables/tabF1_sde.tex,"Unlocking Records, Closing Gaps: Clean Slate Laws and Racial Employment Convergence",True,pass,pass,de90c260a4a2e6f31fd8cf15824d38a9334788d6ebe48403c8026c0e0f3e4ac0,21.09,1.43,27.0,27.0,SUSPICIOUS,False,,0.1711,-1,beneficiary outcome direction,-0.92,0,False,jev-1.13.0,265eee040e7f56e7bc24fd8c3bf8d35218ef6f3fbd584458d13b3d633ed293d0,-0.1711,,0.1711,-1,-1,-1,-1,jev-1.13.0,1ef4ff042ccb5b84b22554e4fba6de790b8d159ae460dfbe90af864e58ce0fb1,2461.0,d70c5846c7397452bee5284cd82091c43c04f2bd35710ab5e340c88e9898e389,,True,True,True,11.0,2019.5,0.15,0.97,1.36,0.12,0.13,0.12,0.25,0.15,0.06,enforcement,0.24,0.98,labour_market,1.0,long_run,0.81,0.03,0.05,labor_income,0.95,1.93,0.08,0.18,0.85,unemployed,0.4,0.02,0.12,0.02,0.28,-2.6971102610638757
apep_0663_v1,apep_0663,v1,0.069,0.028,0.691,0.282,,10.055,True,ok,Moderate positive,New Hire Rate,binary,DiD,,,2026-03-14T00:53:58.708027,,,,0.0,8.0,8.0,5.0,False,apep_0663/v1/tables/tabF1_sde.tex,Breaking Job Lock: Medicaid Expansion and the Reallocation of Workers Across Industries,True,pass,pass,597bfa6a9a232792f1e92e2b3b1870378ea9afd888e97fbd9bc720bb9ab5fbdb,23.31,1.33,30.0,30.0,CLEAN,False,,0.069,1,beneficiary outcome direction,0.45,0,False,jev-1.13.0,2c228e588448e71590d212c09d4cd38aa2adec5886991b971c693a1bbfb82b9b,0.069,,0.069,0,0,1,1,jev-1.13.0,6791a8d1ca2abf7f723c77e431202c3c0933ba44bf5b210208dfc6c1c98274ba,3256.0,bc3e302908d7d329c656fafedb07fa74dd7fc02494721486ec90db1d7efcd135,,True,True,True,11.0,,0.1,0.94,2.3,0.42,0.11,0.13,0.03,0.07,0.67,public_provision,0.91,0.22,labour_market,1.0,long_run,0.77,0.04,0.04,health_human_capital,0.63,2.03,0.07,0.11,0.77,low_income,0.63,0.02,0.06,0.03,0.12,-3.575550768806933
apep_0664_v1,apep_0664,v1,-0.0367,0.0154,-0.0368,0.0154,,1.001,True,ok,Small negative,Log Total Hours,binary,DiD,year panel,Other / not stated,2026-03-14T00:55:30.921823,2008.0,2022.0,660.0,0.0,8.0,8.0,4.0,False,apep_0664/v1/tables/tabF1_sde.tex,The Vanishing Mandate: Finland's Competitiveness Pact and the Absorption of Legislated Working Time,True,pass,pass,91bb372d2e35ba9d687773cb14ac615c23a39bf3cce87785616ca747450363c4,12.99,1.4,33.0,33.0,CLEAN,False,,-0.0367,0,insufficient directional evidence,-0.0899999999999999,1,False,jev-1.13.0,1536227769780020715dbce4406e7b92ad97a03780bb0c1e6e00bc1874b7d7ba,,-0.0367,0.0367,0,0,0,0,jev-1.13.0,c061dcec494a90d27faa75b34931b6ab10820437e7d1018e82ce08841175b09d,2266.0,c34db852118029349a87204c3392458e1feebc8102523d394a4b1fb802602349,,True,True,True,11.0,2015.0,0.1,0.97,1.23,0.65,0.7,0.63,0.04,0.57,0.33,quantity_restriction,0.52,0.42,labour_market,1.0,long_run,0.73,0.09,0.05,labor_income,1.0,2.08,0.06,0.1,0.77,working_age,0.8,0.02,0.03,0.07,0.03,-4.173387769562553
apep_0666_v1,apep_0666,v1,-0.0261,0.02,,0.0265,,1.327,True,ok,Small negative,Log Hosp Emp,binary,DiD,,,2026-03-14T09:08:13.796734,1995.0,2023.0,,0.0,8.0,8.0,2.0,False,apep_0666/v1/tables/tabF1_sde.tex,Smoke-Free Europe and the Hospitality Jobs Myth: Evidence from 18 Staggered Workplace Smoking Bans,True,untestable,pass,3d653f3453172e95bad46eff9a9b6815f0a01454357a001d2c01840c21385822,10.07,1.55,35.0,35.0,CLEAN,False,,-0.0261,1,beneficiary outcome direction,0.6900000000000001,0,False,jev-1.13.0,431da71aab101cb7cb60efae191a1cb2770dfea229e58c07a586f6ac63339d3f,-0.0261,,0.0261,0,0,1,1,jev-1.13.0,6c7e0e550091b37cfb1110b4c98992b42b47ac544929565f02a7691a2e234e25,2681.0,4ae0656c9e5282dfbce019ce0fa5e3b9fd3443ce22cfc985a72cce5acaf7835c,,True,True,True,11.0,2009.0,0.17,0.97,1.57,0.18,0.12,0.78,0.06,0.04,0.91,quantity_restriction,1.0,0.22,labour_market,1.0,long_run,0.83,0.05,0.08,regulation_competition,0.32,2.61,0.09,0.27,0.81,firms_industry,0.98,0.02,0.04,0.03,0.09,-3.912023005428146
apep_0667_v1,apep_0667,v1,-0.0423,0.0839,,0.3707,,4.417,True,ok,Small negative,Drug death rate,binary,DiD,,,2026-03-14T11:04:48.454241,1999.0,2010.0,,0.0,8.0,8.0,2.0,False,apep_0667/v1/tables/tabF1_sde.tex,The Resilient Drug Economy: EBT Implementation and the Limits of Payment-Infrastructure Disruption,True,untestable,pass,f49ad0209f4f59d7ee07152b9898fd3d088c4f97f08099ad8b3cfa32af8a95db,16.79,1.43,27.0,27.0,SUSPICIOUS,False,,-0.0423,-1,beneficiary outcome direction,-0.95,0,False,jev-1.13.0,a363dcdfe24cdb262f2a8daef8bf11941c6fe59c392a8da99bd0e584c308f7ae,0.0423,,0.0423,-1,-1,-1,-1,jev-1.13.0,25250a2b91387ad49d2712a83eaa5bac8618d2682799913658f100cbe9d17f43,2837.0,e02da5b6b04387f1610228bc60328a6e8711b0d809e1c223a53f974fd7780a72,,True,True,True,11.0,2004.5,0.15,0.97,1.7,0.15,0.11,0.11,0.1,0.03,0.03,enforcement,0.57,0.98,health,0.99,long_run,0.81,0.04,0.07,health_human_capital,0.7,1.98,0.08,0.13,0.85,general_public,0.66,0.03,0.05,0.02,0.02,-2.4781296655089764
apep_0668_v1,apep_0668,v1,-0.0111,0.0133,-0.0974,,0.126,1.106,True,ok,Small negative,Log yield,continuous,Event Study,"timescrop, croptimesyear, and countrytimesyear FE; SEs clustered at country level",Other / not stated,2026-03-14T11:08:06.956492,2000.0,2023.0,,0.0,8.0,8.0,3.0,False,apep_0668/v1/tables/tabF1_sde.tex,The Pollinator Penalty? EU Neonicotinoid Restrictions and Crop Yields,True,pass,untestable,6a8e576df74f2c0ea67628e1f8ff3d33081ee7a6943b237acfc0a3916ac31b89,18.01,1.53,23.0,23.0,CLEAN,False,,-0.0111,1,beneficiary outcome direction,0.83,0,False,jev-1.13.0,4416437bfb938b40fa17ff886e27684a1d7e2981e5eaabaf7965b4dbcc8fc224,-0.0111,,0.0111,1,1,1,1,jev-1.13.0,9adbdbeec9dc47a322062c305c2ec8ead63fa6e86cc3d5de8ed84e84f473bc29,2636.0,f0843a720ac5cecf258da9ce3304d0bb3d80127845f3de63602d37a0a3ec3bdf,,True,True,True,11.0,2011.5,0.11,0.97,1.48,0.07,0.27,0.87,0.04,0.06,0.94,quantity_restriction,1.0,0.11,other,0.62,long_run,0.83,0.51,0.05,environment_energy,0.54,2.42,0.06,0.1,0.74,firms_industry,1.0,0.02,0.03,0.05,0.02,-4.319991243754429
apep_0669_v1,apep_0669,v1,0.051,0.0295,0.0292,,,0.5732,True,ok,Moderate positive,log(ZHVI),binary,Event Study,,,2026-03-14T11:34:22.551227,2020.0,2024.0,,0.0,8.0,8.0,1.0,False,apep_0669/v1/tables/tabF1_sde.tex,No Crossing: Reproductive Rights Are Not Capitalized at State Borders,True,pass,untestable,37ae7c8429f6b4f49b71bcda692fd7194c101df0e0077673843fff29820ed47c,16.11,1.32,30.0,30.0,CLEAN,False,,0.051,1,beneficiary outcome direction,0.5800000000000001,0,False,jev-1.13.0,b528eb22b9574b822130903323fdfe48f7859b393191c2435f5a74a14a7596df,0.051,,0.051,1,1,1,1,jev-1.13.0,45c826eac57b7f6214858c18f4658ced345d8c551868c24bedfc2e83d343eecb,3794.0,53871a815eeab9c3c5bd4b678fbd8bc4767fe92afd48e86f6b84655a92f50449,,True,True,True,11.0,2022.0,0.11,0.06,1.98,0.1,0.09,0.26,0.04,0.02,0.76,quantity_restriction,0.99,0.18,prices_cost,1.0,medium_run,0.98,0.53,0.07,regulation_competition,0.55,2.12,0.09,0.13,0.71,general_public,0.82,0.02,0.02,0.06,0.01,-3.523365015636363
apep_0671_v1,apep_0671,v1,0.0227,0.0034,4.2957,0.6418,0.0712,13.4913,True,ok,Small positive,OCCSCORE Change,continuous,DiD,,,2026-03-14T12:33:18.941124,1920.0,1930.0,,0.0,8.0,8.0,5.0,False,apep_0671/v1/tables/tabF1_sde.tex,Closing the Golden Door: Individual-Level Occupational Mobility After the 1924 Immigration Act,True,pass,pass,971c457eed73569d40d460901927945ca72c321a116b4b1208e7436da503cc20,26.0,1.27,29.0,29.0,SUSPICIOUS,False,,0.0227,1,beneficiary outcome direction,0.6699999999999999,0,False,jev-1.13.0,61eebfdc0866f17367d44886cb92bf9a79203a7f184f12538334ffe0976a1e61,0.0227,,0.0227,1,1,1,1,jev-1.13.0,95eccab3991c204afa5f243da415aec17cd63ba1d178a60960e62c6c507a425c,3027.0,ada26e659634e2e2e50be5f29be1a8f725391a699ef2d952e372dd5cae9c4afa,,True,True,True,11.0,1925.0,0.11,0.9,1.34,0.16,0.08,0.14,0.03,0.04,0.86,quantity_restriction,0.99,0.19,labour_market,1.0,long_run,0.92,0.05,0.06,regulation_competition,0.44,2.57,0.07,0.13,0.82,working_age,0.64,0.02,0.03,0.04,0.08,-5.683979847360021
apep_0674_v1,apep_0674,v1,0.0515,0.0387,0.162,0.1216,,3.144,True,ok,Moderate positive,Log Completions,binary,DiD,,,2026-03-14T14:14:33.854045,2009.0,2019.0,,0.0,8.0,8.0,5.0,False,apep_0674/v1/tables/tabF1_sde.tex,Paying for Diplomas? Performance-Based Funding and the Cream-Skimming Margin in U.S.\ Higher Education,True,pass,pass,f0adebf7284e548e99e13e790619b09d4e7f58e03f5d1e49db7b228f35377712,19.21,1.49,27.0,27.0,CLEAN,False,,0.0515,1,beneficiary outcome direction,0.8200000000000001,1,True,jev-1.13.0,290094b43dadf26a44be7042bd4785bf8401192e735dba245e1671ed778fed04,0.0515,0.0515,0.0515,1,1,1,1,jev-1.13.0,eaed9de51cae50a7d0250476050065af3e130639f35b46f365a8c91fb17499e0,4068.0,66da00bbc1876b41798ba75607ca8da70caf79ab9475c4abf38d34fbc9708c7e,,True,True,True,11.0,2014.0,0.14,0.96,1.64,0.1,0.48,0.58,0.05,0.6,0.93,price,0.68,0.11,education,1.0,unclear,0.44,0.07,0.05,health_human_capital,1.0,2.01,0.07,0.15,0.85,children_youth,0.77,0.02,0.08,0.24,0.06,-3.2519156789464008
apep_0675_v1,apep_0675,v1,0.581,0.129,1.3252,0.2954,,0.0333,True,ok,Large positive,Gas price (pass-through),binary,DiD,"+ half-year FE); demand elasticity via IV (tax component instruments for gas price, countr",Other / not stated,2026-03-14T14:13:28.550790,,,,0.0,7.0,7.0,3.0,False,apep_0675/v1/tables/tabF1_sde.tex,Taxing the Thermostat: Carbon Tax Incidence and Heating Fuel Demand Across Europe,True,fail,fail,426362f0b15f14aa8542ab0775059cd309f207609f9134f3a31b1d3510eca407,22.84,1.34,28.0,28.0,SUSPICIOUS,False,,0.581,-1,beneficiary outcome direction,-0.5599999999999999,0,False,jev-1.13.0,4112b7f3a299f5669e315f9c9a5b0572c92c63995335b95f56bc7472d1174fff,-0.581,,0.581,0,-1,-1,-1,jev-1.13.0,3374aae0fe7ab7f176112415b76c9141c9092bcdc6664ccc06f3715dda508250,2627.0,0b61581bc245fad96878ea6d3ee86b5747579b8adaf8cc0cd0255ab76bb17603,,True,True,True,11.0,,0.19,0.96,2.57,0.4,0.6,0.31,0.06,0.04,0.14,price,1.0,0.7,prices_cost,1.0,long_run,0.83,0.72,0.08,environment_energy,0.56,2.19,0.08,0.17,0.79,general_public,0.59,0.02,0.03,0.07,0.04,-2.047942874620465
apep_0677_v1,apep_0677,v1,-0.053,0.044,-0.42,0.353,,7.96,True,ok,Moderate negative,ln(Trade Value) to EU,binary,Event Study,,,2026-03-14T15:08:30.580720,2018.0,2024.0,,0.0,7.0,7.0,4.0,False,apep_0677/v1/tables/tabF1_sde.tex,Deforestation by Regulation? Trade Diversion Effects of the EU Deforestation Regulation,True,pass,pass,f5670c0da2084f2dd7dbf02202296f11339c5006735c23f72ad3ce89bac2188e,11.22,1.48,29.0,29.0,CLEAN,False,,-0.053,1,beneficiary outcome direction,0.49,0,False,jev-1.13.0,6a8942558f1627ba133a991dab3a4fc736b14039ad420978059e08084670c09a,-0.053,,0.053,0,0,1,1,jev-1.13.0,d52df96b2c9ecaed9d49aed4d97e41134217a237729746c843cebcd9cbd0bb6f,2876.0,78c2f505da01259800e3d9ff36469981f09b908e425830a95bfcd6d7cf50f1c7,,True,True,True,11.0,2021.0,0.16,0.91,1.85,0.35,0.35,0.67,0.08,0.04,0.74,quantity_restriction,0.42,0.25,other,0.73,long_run,0.64,0.65,0.06,environment_energy,0.77,1.93,0.17,0.14,0.71,firms_industry,1.0,0.02,0.02,0.94,0.03,-3.123565645063876
apep_0678_v1,apep_0678,v1,-0.54,0.15,-2.1,0.6,,3.9,True,ok,Large negative,Alcohol-specific mortality (regional TWFE),binary,DiD,,,2026-03-14T15:41:24.779776,2013.0,2023.0,121.0,0.0,7.0,7.0,4.0,False,apep_0678/v1/tables/tabF1_sde.tex,Price Floors and Poison: The Effect of Minimum Unit Pricing on Alcohol-Specific Mortality,True,pass,pass,f71a6e16dae758462a2f54813dd8b1c24da1c95de849b431decac3fe5938b7c9,22.6,1.34,26.0,26.0,SUSPICIOUS,False,,-0.54,-1,beneficiary outcome direction,-0.95,0,False,jev-1.13.0,2a9eeb8682ee5ae51347be93abf235b918fe7358bb75c82f2637248168b0be09,0.54,,0.54,-1,-1,-1,-1,jev-1.13.0,ff763f0d2cf7831bcc9b91fa82ca7f44e43ae622c3f6986ca2e4a41bb5c4764b,4431.0,eccdcd17143ab07520ba4ae9eeb74bfa82492770c2082009cfebd6d6b55d8c47,,True,True,True,11.0,2018.0,0.13,0.98,1.82,0.07,0.09,0.97,0.13,0.03,0.03,price,1.0,0.98,health,1.0,long_run,0.53,0.03,0.06,taxation_prices,0.64,1.99,0.07,0.55,0.81,general_public,0.79,0.02,0.03,0.02,0.01,-1.8971199848858813
apep_0679_v1,apep_0679,v1,0.0105,0.0358,3.9407,13.4253,,0.735,True,ok,Small positive,log(Starts),continuous,DiD,,,2026-03-14T16:00:27.211538,,,1230.0,0.0,7.0,7.0,2.0,False,apep_0679/v1/tables/tabF1_sde.tex,The Apprenticeship Levy Did Not Crowd Out Local Training: Evidence from English Local Authorities,True,untestable,untestable,38b2e50aec3867b47895875c5f9817c2a154bb138c4bc2f0fc466e45bd5f5e56,10.66,1.61,27.0,27.0,CLEAN,False,,0.0105,1,beneficiary outcome direction,0.5599999999999999,0,False,jev-1.13.0,742698339dd19e2928a3fe632992fe7ad2b6c1534a79169fe2335e714c76db79,0.0105,,0.0105,0,0,1,1,jev-1.13.0,9a815e2aa60d444172c1c0d49ea9b6e952d3220b2dafe03c1dfd175c394a7245,2549.0,20e94ea5a2d7459b32b78667fabfaebef6a07c1258c24847785f78b03de5c327,,True,True,True,11.0,,0.14,0.72,0.03,0.24,0.19,0.05,0.06,0.12,0.82,other,0.89,0.26,labour_market,0.99,long_run,0.94,0.06,0.09,labor_income,0.56,0.58,0.08,0.13,0.83,firms_industry,0.88,0.03,0.14,0.42,0.05,-3.3298073855754824
apep_0680_v1,apep_0680,v1,-0.2122,0.0858,-0.0975,0.0394,,0.4593,True,ok,Large negative,Log price/m^2,binary,RDD,,,2026-03-14T16:16:26.174046,2022.0,2024.0,,0.0,7.0,7.0,1.0,False,apep_0680/v1/tables/tabF1_sde.tex,The Mobility Tax: How Low-Emission Zone Vehicle Bans Penalize Housing Values,True,pass,pass,dc4f970033b855a7ff795920ef605697c1972e391bc388f8663e3176177835bd,25.64,1.62,24.0,24.0,CLEAN,False,,-0.2122,0,insufficient directional evidence,0.12,0,False,jev-1.13.0,f2487695b980e069cd76b1de015f6f189b6fac6335fc109ac279cb606efdd7d6,,,0.2122,0,0,0,0,jev-1.13.0,02213c8b83052c2f77ee5d557f11edf7d44232a51542023d00420586d90c6372,3282.0,3601e40e1895702412ca2472b9aff0e54d676ab20dafe04f2c4f68bd61b2749b,,True,True,True,11.0,2023.0,0.12,0.88,2.98,0.11,0.15,0.6,0.04,0.04,0.48,quantity_restriction,0.95,0.36,prices_cost,1.0,medium_run,0.73,0.62,0.06,environment_energy,0.82,1.83,0.07,0.08,0.63,general_public,0.8,0.03,0.02,0.12,0.01,-2.4557362724882204
apep_0681_v1,apep_0681,v1,-0.1662,0.0716,-0.193,0.0832,,1.1613,True,ok,Large negative,log(Companies),binary,DiD,,,2026-03-14T16:48:20.383033,2016.0,2024.0,,0.0,7.0,7.0,4.0,False,apep_0681/v1/tables/tabF1_sde.tex,"The Dissolution Tax: How Shifting Compliance Risk Killed 43,000 Companies",True,pass,pass,9666fc5e1941ab64d047ea7261457e37bcb702ffc85b36693ed964b6070a59df,26.53,1.28,34.0,34.0,CLEAN,False,,-0.1662,1,beneficiary outcome direction,0.35,0,False,jev-1.13.0,6827230d3b603afb9c43cefbcc02d1243cb5775e861a4bb4bc7081afa421eb87,-0.1662,,0.1662,0,0,1,1,jev-1.13.0,cd5f8edd8bbf8efe10ff462e04156026e55983eee799e20ad635bad9955cc36a,3857.0,d5c9af226bb4072c54f09bce7b7335301755e3f87a9d4511e0623dfd8decc56b,,True,True,True,11.0,2020.0,0.12,0.95,1.48,0.59,0.58,0.08,0.13,0.03,0.66,price,0.66,0.31,labour_market,1.0,long_run,0.97,0.04,0.05,taxation_prices,0.92,1.73,0.07,0.12,0.71,firms_industry,0.93,0.02,0.07,0.43,0.05,-2.636660205015537
apep_0682_v1,apep_0682,v1,0.0235,0.0069,0.0111,0.0033,,0.4749,True,ok,Small positive,Log price (baseline),binary,DiD,,,2026-03-14T17:36:50.555128,,,20466.0,0.0,7.0,7.0,6.0,False,apep_0682/v1/tables/tabF1_sde.tex,"Dirty Water, Cheap Houses? The Capitalization of Revealed Sewage Pollution into English Property Values",True,pass,pass,f12f43d824ba47a6020df69dbc59a0519639c0deaf277601196fef9465e0baec,23.05,1.33,29.0,29.0,SUSPICIOUS,False,,0.0235,0,insufficient directional evidence,0.1399999999999999,0,False,jev-1.13.0,3545f26d685763312da1699622372811cf03f802b14ca5aa8998c7456ae5b852,,,0.0235,0,0,0,0,jev-1.13.0,02c096f7c4184b322137ace3c68aaf20a7f6c0b4dd7dce71e7d993755e539737,3344.0,1eb395f1271718c62673a8e5a29ba2bb22b22c425ab620bd2e2c983da0b56cbf,,True,True,True,11.0,,0.15,0.73,1.83,0.15,0.14,0.1,0.05,0.04,0.42,information,1.0,0.28,prices_cost,1.0,long_run,0.83,0.63,0.08,environment_energy,0.96,1.86,0.08,0.15,0.81,general_public,0.89,0.02,0.03,0.15,0.02,-4.976233867378923
apep_0683_v1,apep_0683,v1,-0.0157,0.0994,-0.012,0.075,,0.76,True,ok,Small negative,Log(long-term vacants),binary,DiD,,,2026-03-14T17:25:57.524450,2004.0,2025.0,6026.0,0.0,7.0,7.0,4.0,False,apep_0683/v1/tables/tabF1_sde.tex,The Vacancy Paradox: Punitive Property Taxation and Empty Homes in England,True,pass,pass,12227c46f85a7a405e0f3116be489dcc8234f5a529de5f4db44d9982c0a87a93,15.95,1.48,28.0,27.0,SUSPICIOUS,False,,-0.0157,-1,beneficiary outcome direction,-0.6,0,False,jev-1.13.0,d959d848743a362f5bd770cf9dd313510871b180a06522b253447a6e3baa1347,0.0157,,0.0157,-1,-1,-1,-1,jev-1.13.0,0559c1d3a311abc0950df20e36cd3d17c0a03293874a3a43b9fd939492493c67,3358.0,a07473d91a5c16afd3b620f58a3391f9f0ea662676241722a63375299f256e5d,,True,True,True,11.0,2014.5,0.12,0.97,1.22,0.3,0.64,0.1,0.44,0.09,0.1,price,1.0,0.7,other,0.73,long_run,0.94,0.12,0.05,housing_infrastructure,0.8,1.82,0.06,0.1,0.8,general_public,0.53,0.02,0.08,0.42,0.04,-2.308603165319609
apep_0684_v1,apep_0684,v1,0.0458,0.0301,0.0808,0.0532,,0.3082,True,ok,Small positive,Log Price (All),continuous,DiD,,,2026-03-14T18:13:43.823657,2005.0,2022.0,864.0,0.0,8.0,8.0,3.0,False,apep_0684/v1/tables/tabF1_sde.tex,The Cost of Clean Air: How Market Structure Determines Who Pays for Coal Plant Retirements,True,untestable,untestable,fb5dd5d769d77b18b4adbf177d95f031209b54bfd3e7b3de0d6c1736a475315f,24.72,1.42,26.0,26.0,SUSPICIOUS,False,,0.0458,-1,beneficiary outcome direction,-0.59,0,False,jev-1.13.0,736dab9aa9db21d254f566c12c2736dd415b8e57324a50ba0fdd1bbc063a76d5,-0.0458,,0.0458,0,0,-1,-1,jev-1.13.0,f6b0e4b6b574d388aa63631ae8fb2cc4c936bd6a69b5e780def939cf3bcd3f02,2692.0,49535a9228744ff32a06ebb4e2c0eed51134733223eade8405ec81659e425e88,,True,True,True,11.0,2013.5,0.08,0.96,1.29,0.19,0.26,0.08,0.05,0.04,0.13,enforcement,0.54,0.72,prices_cost,1.0,long_run,0.97,0.63,0.05,environment_energy,1.0,1.97,0.05,0.09,0.81,firms_industry,0.92,0.02,0.02,0.06,0.03,-3.503230107227307
apep_0685_v1,apep_0685,v1,-0.0843,0.023,-0.1457,0.0397,,1.7275,True,ok,Mod. neg.,Total CO2e,binary,DiD,,,2026-03-14T18:47:27.736811,2004.0,2023.0,,0.0,7.0,7.0,6.0,False,apep_0685/v1/tables/tabF1_sde.tex,The Price of Federalism: Carbon Backstop Pricing and Industrial Emissions in Canada,True,pass,pass,7baaff8f1a88c0747b3ebc8cecda49daec43acc0d718db4a55450e630a12e32c,27.67,1.44,28.0,28.0,SUSPICIOUS,False,,-0.0843,-1,beneficiary outcome direction,-0.8899999999999999,0,False,jev-1.13.0,eb75c98d833c29293bf3348cfe568f5a747a7a965d429143c51ad7cfa6f6beb4,0.0843,,0.0843,-1,-1,-1,-1,jev-1.13.0,0212b44b03b1de74a374bd86d033f71770a7076cdec07072adc82dd2abae87ce,3931.0,c3a9fa2279fd72d7ba39b14df4d01eab1b26dd391f159bfa6e7552c3a86225c7,,True,True,True,11.0,2013.5,0.14,0.97,1.72,0.24,0.6,0.47,0.25,0.04,0.06,price,1.0,0.95,environment,1.0,long_run,0.62,0.03,0.07,environment_energy,0.74,1.94,0.08,0.15,0.65,firms_industry,1.0,0.02,0.03,0.03,0.02,-3.7722610630529876
apep_0686_v1,apep_0686,v1,0.196,0.44,1.28,2.86,,6.51,True,ok,Large positive,All Applications,binary,RDD,,,2026-03-14T19:28:00.607234,,,,0.0,7.0,7.0,4.0,False,apep_0686/v1/tables/tabF1_sde.tex,The Presumption Paradox: Does Overriding Local Planning Discretion Increase Housing Supply in England?,True,pass,pass,9d7bf1601dea2b3d70176c7c6f2c102aa5a253842f644053904ac306f6960cef,18.03,1.3,29.0,29.0,CLEAN,False,,0.196,1,beneficiary outcome direction,0.4199999999999999,0,False,jev-1.13.0,1308fe5391e26425eeae5586d38e010ccd7a08757d6e73371058e8d3d8e711cc,0.196,,0.196,0,0,1,1,jev-1.13.0,102df428ccbab9092a878e03451d0334f21d12a152ffc418fa71d8303f3a69d0,2763.0,a9d7d10bbe67fc46d152532f4f77d7ee3b047c5b53d016e26c16111b597ca31c,,True,True,True,11.0,,0.21,0.97,2.97,0.33,0.81,0.21,0.05,0.14,0.69,enforcement,0.65,0.27,administrative_process,0.69,medium_run,0.58,0.04,0.09,housing_infrastructure,1.0,1.77,0.1,0.18,0.66,none,0.27,0.03,0.27,0.96,0.12,-0.8209805520698302
apep_0687_v1,apep_0687,v1,-0.054,0.026,-11.88,,,219.93,True,ok,Moderate negative,Applications decided,binary,DiD,,,2026-03-14T20:00:59.948264,2010.0,2025.0,,0.0,7.0,7.0,3.0,False,apep_0687/v1/tables/tabF1_sde.tex,The Habitat Tax: Nutrient Neutrality Regulations and Housing Supply in England,True,pass,untestable,4cd07ae3d6a9370cc7541f42910829ef0d889ac4c85468b008c96d76e6ba04c3,26.77,1.48,32.0,31.0,CLEAN,False,,-0.054,0,measurement qualifier: gross_activity,0.01,0,False,jev-1.13.0,56258337e699e04dbf971fe773c5430a495be9e607958739b1e5235c3a5c5afa,,,0.054,0,0,0,0,jev-1.13.0,6e0b3a0b1abfd7f86d38e3fb83b2cea8020507e1f4b838b8f0b535e427d30dd5,2396.0,75ce1a50df74fb31f9576c2aa876d1be9127c72d0bc629c0c4ecfdbd80a329a4,,True,True,True,11.0,2017.5,0.11,0.97,1.64,0.62,0.73,0.09,0.08,0.06,0.4,information,0.89,0.39,administrative_process,0.66,long_run,0.59,0.04,0.06,housing_infrastructure,0.71,1.28,0.07,0.14,0.85,firms_industry,0.56,0.02,0.38,0.94,0.06,-3.649658740960655
apep_0688_v1,apep_0688,v1,0.047,0.108,1.41,3.25,,30.0,True,ok,Small positive,Knife crime,binary,DiD,,,2026-03-14T20:53:47.805616,2011.0,2025.0,,0.0,7.0,7.0,3.0,False,apep_0688/v1/tables/tabF1_sde.tex,Deterrence Beyond Borders: Violence Reduction Units and Knife Crime Spillovers in England and Wales,True,pass,pass,268fd5b6f6386b2e5e8c8799f28070acac875d8b00f997c4c9d30da1d28a19c0,6.6,1.76,27.0,27.0,SUSPICIOUS,False,,0.047,-1,beneficiary outcome direction,-0.91,-1,True,jev-1.13.0,d0e10b0c64f8afb426424f0cad14e358542abba6ac7167e33e9a9b62b8c03726,-0.047,-0.047,0.047,-1,-1,-1,-1,jev-1.13.0,6599d1247604f41343d4955b5d2ab1e1c32b3bc794fcff6a95e6b8d13e4b7211,3493.0,abc529cb66f097e3e92c995728e4315d76c40358eace882fb3b9120f83595704,,True,True,True,11.0,2018.0,0.16,0.98,1.22,0.21,0.51,0.36,0.81,0.03,0.05,enforcement,0.56,0.96,crime_safety,1.0,long_run,0.91,0.05,0.07,finance_governance,1.0,1.72,0.07,0.12,0.86,general_public,0.9,0.03,0.64,0.16,0.03,-2.2256240518579173
apep_0689_v1,apep_0689,v1,-0.0055,0.0062,-0.0025,0.0028,,0.452,True,ok,Small negative,Mortgage Denial,binary,Unknown,,,2026-03-14T21:51:22.375928,,,,0.0,7.0,7.0,4.0,False,apep_0689/v1/tables/tabF1_sde.tex,Flood Risk Without Credit Friction: Evidence from Florida's Mortgage Market,True,pass,pass,bea2faaf13b9afc63062e3d3e5420405d65fde862f3f9b943c2fad69ce270017,13.6,1.44,24.0,24.0,SUSPICIOUS,False,,-0.0055,-1,beneficiary outcome direction,-0.88,0,False,jev-1.13.0,18c12509d918e28a63e0d0b9265bca4b7a4e49b35778ac8e23d940ce82151a66,0.0055,,0.0055,0,-1,-1,-1,jev-1.13.0,d3a9a4a74a83fefade774535c38177c28b74e62508b391e0b92653f124825323,4186.0,b35b757d91b117059916ca1cedcc0c7c8e6c3ca7b2c85e7ea9a26b0e45c685de,,True,True,True,11.0,,0.16,0.94,0.82,0.21,0.29,0.29,0.07,0.03,0.05,price,0.49,0.93,other,0.4,short_run,0.39,0.04,0.05,finance_governance,0.5,1.78,0.07,0.13,0.8,general_public,0.76,0.02,0.17,0.65,0.05,-5.083205986931091
apep_0690_v1,apep_0690,v1,-0.019,0.0324,-101.836,173.545,,574.83,True,ok,Small negative,Net additions,continuous,DiD,,,2026-03-14T22:30:50.433852,,,3746.0,0.0,7.0,7.0,4.0,False,apep_0690/v1/tables/tabF1_sde.tex,"Planning Without Permission: Housing Supply, Prices, and England's Office-to-Residential Conversion Reform",True,untestable,untestable,08b9f5079b6427b798fd5d50473467f12602f6dcc1845931035ac9b786f7730d,14.59,1.42,25.0,25.0,SUSPICIOUS,False,,-0.019,1,beneficiary outcome direction,0.7,0,False,jev-1.13.0,7702e849dd61f812fcfd484b58fb9d2b5602456f66d29607fe4414ea4a176402,-0.019,,0.019,0,0,1,1,jev-1.13.0,1ffbd25c06008eb3a774ee20fe5192bc2763dde9a7090e2c46d7160d95c547da,3081.0,1cdec37342994b5d282dfee02558b0fe2565d5994a7d6f9857f0791bb057cdb2,,True,True,True,11.0,,0.22,0.78,2.06,0.14,0.62,0.04,0.05,0.12,0.87,other,0.68,0.17,other,0.54,long_run,0.9,0.11,0.1,housing_infrastructure,0.98,2.02,0.11,0.22,0.76,firms_industry,0.76,0.02,0.05,0.07,0.03,-3.4295968561838532
apep_0691_v1,apep_0691,v1,0.0018,0.0275,0.016,0.241,,8.75,True,ok,Null,Dental Decay,continuous,DiD,,,2026-03-14T23:01:30.299076,2007.0,2023.0,2104.0,0.0,7.0,7.0,2.0,False,apep_0691/v1/tables/tabF1_sde.tex,"Sugar Tax Without Sticker Shock: Reformulation, Deprivation, and the Persistent Health Gradient",True,untestable,untestable,5d6022b28809c873466ccc715745168e58f1c0bd2397de70812211e495bbb1fb,18.5,1.42,24.0,24.0,CLEAN,False,,0.0018,-1,beneficiary outcome direction,-0.94,0,False,jev-1.13.0,c43e71dcbb27ff5e6236d433512f1acfec176f78dd8c9e5e1b73958398520ded,-0.0018,,0.0018,-1,-1,-1,-1,jev-1.13.0,d43085c744944e001ef71938e5948d0cec0b3be7b08edefc6b5ab61e361ae796,4102.0,6423978607e7c063d1e0de70cc0e9813144263a4594b0a2ca9c59215159c1647,,True,True,True,11.0,2015.0,0.1,0.96,1.22,0.09,0.07,0.04,0.19,0.02,0.04,price,1.0,0.98,health,1.0,long_run,0.97,0.04,0.05,taxation_prices,0.8,2.14,0.1,0.1,0.66,children_youth,0.74,0.02,0.17,0.02,0.03,-3.5935692743096115
apep_0692_v1,apep_0692,v1,-0.0579,0.0203,-0.162,0.0567,,2.795,True,ok,Moderate negative,Log Employment (base),binary,DiD,,,2026-03-15T00:24:29.901747,2004.0,2024.0,,0.0,7.0,7.0,4.0,False,apep_0692/v1/tables/tabF1_sde.tex,The Chilling Effect: How E-Verify Mandates Reduce Hispanic Employment Across State Lines,True,pass,pass,068b14d772d1e168f8c623bc79eb3ef2a76ce993aaf2a556baf4285c131f87e1,25.91,1.26,31.0,31.0,CLEAN,False,,-0.0579,1,beneficiary outcome direction,0.75,0,False,jev-1.13.0,6ffca4cbbc71c03760a349bbb93da18aef5638338abef41dd101c0b018a1f318,-0.0579,,0.0579,0,1,1,1,jev-1.13.0,ac6c7cce2bbb98a7d64b2f8dc779fb6b5e58087b6d1c8c289fef522bb62f09fc,3656.0,43369eecc05683afa49617b87c7b513a19c30f3204dd24f2553f27d52d805e08,,True,True,True,11.0,2014.0,0.11,0.93,2.16,0.12,0.24,0.18,0.06,0.04,0.94,enforcement,0.94,0.19,labour_market,1.0,long_run,0.78,0.04,0.07,labor_income,0.96,1.85,0.08,0.14,0.79,migrants_minority,0.85,0.02,0.04,0.02,0.05,-3.8971343929343956
apep_0693_v1,apep_0693,v1,-0.0103,0.0164,-0.0113,0.0179,,1.096,True,ok,Small negative,log(Total Applications),binary,DiD,,,2026-03-15T15:07:40.577675,2006.0,2026.0,4131.0,0.0,7.0,7.0,4.0,False,apep_0693/v1/tables/tabF1_sde.tex,The Price of Privacy: State Data Privacy Laws and New Business Formation,True,pass,pass,e58f6b2d7313426d90492b9133375a7641d9ea8b6b3d32d0deb31a3ee1efec99,18.49,1.51,24.0,24.0,CLEAN,False,,-0.0103,1,beneficiary outcome direction,0.5900000000000001,0,False,jev-1.13.0,7cd2b330dff7afd774271a341813991c13150c89e0e381d5aa93569f668db7e3,-0.0103,,0.0103,0,0,1,1,jev-1.13.0,b0659d1a443649a1a2fe3838f6e045f945119a08ee941c94fd0929a61d494de9,3026.0,2e8358673941d55864d022891e89d9ba80683228175725ac0497122198e852df,,True,True,True,11.0,2016.0,0.11,0.96,1.83,0.25,0.2,0.28,0.04,0.03,0.79,enforcement,0.52,0.2,labour_market,0.92,long_run,0.51,0.04,0.1,regulation_competition,0.92,2.0,0.11,0.18,0.85,firms_industry,0.96,0.02,0.04,0.95,0.02,-4.110473944151984
apep_0694_v1,apep_0694,v1,1.6688,0.3406,0.309,0.0631,,0.185,True,ok,Large positive,log(Houses) --- ITS,binary,DiD,,,2026-03-15T15:25:40.335767,2018.0,2023.0,,0.0,7.0,7.0,3.0,False,apep_0694/v1/tables/tabF1_sde.tex,Pulling Construction Forward or Creating It? Net Additionality of Australia's HomeBuilder Grant,True,pass,pass,fa3ada9dce254552533f47e8294563128c1e64361ff0cc6aee1a6ae23689cf77,17.97,1.58,25.0,25.0,SUSPICIOUS,False,,1.6688,1,beneficiary outcome direction,0.5900000000000001,0,False,jev-1.13.0,35391a3bb5594a7b500ed962f1fc05d6b416938c209dc19bc7d8d6b0e8732271,1.6688,,1.6688,1,1,1,1,jev-1.13.0,c66708417ca309e0b6268f9b23b9e88108216a5a7f1a50bafd76e72b1cd34583,3001.0,835aafc4ebc129402c897d460bf5d1caee35937921d1623f789c7812ad318b1a,,True,True,True,11.0,2020.5,0.13,0.98,1.58,0.13,0.67,0.73,0.03,0.35,0.77,direct_transfer,0.9,0.18,other,0.94,medium_run,0.67,0.04,0.1,housing_infrastructure,0.99,1.76,0.2,0.34,0.56,firms_industry,0.36,0.02,0.07,0.64,0.03,-1.0770465107535492
apep_0695_v1,apep_0695,v1,-0.673,0.254,-1.116,0.422,,1.659,True,ok,Large negative,Vulnerable employment,binary,DiD,Dominican Republic,Latin America,2026-03-15T16:09:24.915454,2014.0,2023.0,,0.0,8.0,8.0,6.0,False,apep_0695/v1/tables/tabF1_sde.tex,Erased from the Nation: Mass Denationalization and the Aggregate Labor Market in the Dominican Republic,True,pass,pass,ac11ddbe1eb6498951a189186d66a727b768ec4e79cd22ac481393650a341d40,9.52,2.45,21.0,0.0,SEVERE,True,,-0.673,-1,beneficiary outcome direction,-0.84,0,False,jev-1.13.0,6e15eb5a7f1b2e49fa54501f04d177793fd642ab09837551bdc8edb6233b7513,0.673,,0.673,0,-1,-1,-1,jev-1.13.0,c07664c965996d1ca7b9f11b249cd6143ce34221b6433ea4f42a2c4638bb2df7,2785.0,88f1996958305453f2b332d0b45aedc3108cb7b7abced68570c7524c38ee9c8f,,True,True,False,11.0,2018.5,0.14,0.84,0.47,0.31,0.28,0.92,0.05,0.02,0.1,public_provision,0.45,0.94,labour_market,1.0,long_run,0.98,0.04,0.07,labor_income,0.97,1.51,0.06,0.11,0.39,migrants_minority,1.0,0.02,0.03,0.02,0.48,-1.3704210119636004
apep_0696_v1,apep_0696,v1,-0.1232,0.0806,-0.2237,0.1465,,1.8166,True,ok,Moderate negative,"Log Crop Area (Full Sample, RDD)",binary,RDD,Brazil,Latin America,2026-03-15T17:21:30.889187,2005.0,2015.0,,0.0,7.0,7.0,5.0,False,apep_0696/v1/tables/tabF1_sde.tex,Windfall Revenue and Agricultural Land Use: Evidence from Brazil's FPM Transfer Formula,True,pass,pass,6e9f34ea91b295841ed2337b5e00f7eb0d9a6ae10c2352cb60841387f5c26570,13.59,1.32,24.0,24.0,CLEAN,False,,-0.1232,1,beneficiary outcome direction,0.41,0,False,jev-1.13.0,9ecb90cddd2bcf182a39c2e2366b49d7f6dc319722beb42333bef4fceb5d7545,-0.1232,,0.1232,0,0,1,1,jev-1.13.0,b1b21f3044e3feb3ec66a3736eb2e75f5532eb4f49128baf09d37922065cb39c,1409.0,38ee178c8ee506940a6b66a9715494146e1000345d4583c29893af70aa24480d,,True,True,True,11.0,2010.0,0.13,0.98,2.97,0.39,0.11,0.09,0.02,0.07,0.64,direct_transfer,0.99,0.23,environment,0.54,long_run,0.83,0.03,0.07,finance_governance,0.43,1.86,0.09,0.63,0.62,firms_industry,0.35,0.02,0.03,0.05,0.02,-2.5182566294695543
apep_0697_v1,apep_0697,v1,-0.523,0.017,-0.5,,3.37,3.22,True,ok,Large negative,Foreign Buyer Share (%),continuous,DiD,New Zealand,Oceania,2026-03-15T17:10:45.437671,,,,0.0,7.0,7.0,1.0,False,apep_0697/v1/tables/tabF1_sde.tex,When Bans Replace Taxes: The Domestic Substitution Response to New Zealand's Foreign Buyer Prohibition,True,pass,untestable,19c93e118a655c22b767b4cd4e8467eec38fafa8b2ca12c8fd01a16ebcb69e90,17.2,1.26,32.0,32.0,SUSPICIOUS,False,,-0.523,0,measurement qualifier: group_composition,-0.0999999999999999,0,False,jev-1.13.0,a42cf6b9e8b153cb59287cdc0fe56a269691fa542d54b65cda830412920425bf,,,0.523,0,0,0,0,jev-1.13.0,878340d25107cdd93c61d6aeb861cf7829b9f6e5d4652da360dc307a8d94b7fb,3052.0,ac50fa41aff695170c6e2b65c2308b0176fdc67adda71f9583bf1c13a47b054b,,True,True,True,11.0,,0.13,0.98,1.65,0.78,0.88,0.1,0.39,0.03,0.31,quantity_restriction,1.0,0.41,behaviour_compliance,0.61,medium_run,0.87,0.03,0.05,regulation_competition,0.49,2.99,0.06,0.09,0.74,migrants_minority,0.96,0.02,0.06,0.55,0.96,-4.074541934925921
apep_0700_v1,apep_0700,v1,-0.072,0.056,-0.046,0.036,,0.508,True,ok,Moderate negative,Acceptance rate,continuous,DiD,United Kingdom . item,Western Europe,2026-03-16T01:31:23.713442,2016.0,2020.0,,0.0,7.0,7.0,2.0,False,apep_0700/v1/tables/tabF1_sde.tex,Frozen Out: The Local Housing Allowance Freeze and Temporary Accommodation in England,True,untestable,untestable,e6877f8d9bff0381e67599acce4afb5618091af77dfc3885043158335ec1f39e,15.88,1.39,26.0,26.0,SUSPICIOUS,False,,-0.072,0,measurement qualifier: gross_activity,-0.08,0,False,jev-1.13.0,28e74b29812298d074e97c5a15cb8471da45616a92c706e4448b60de690bad07,,,0.072,-1,-1,0,0,jev-1.13.0,1a52d374d97cd4bf717ef46a9fc0d7027ba0cc1bed5d765dc3398b02a562c99c,3398.0,98def7337f40868e44ef014e0f7eb1edffb84632a975dfa4ef5245500fbdd448,,True,True,True,12.0,2018.0,0.12,0.97,1.74,0.47,0.13,0.04,0.08,0.03,0.6,price,0.59,0.68,other,0.52,medium_run,0.91,0.04,0.09,housing_infrastructure,0.93,2.27,0.08,0.11,0.77,low_income,1.0,0.02,0.52,0.82,0.11,-2.8824035882469876
apep_0701_v1,apep_0701,v1,0.0884,0.0264,0.1287,0.0385,,1.4567,True,ok,Moderate positive,Log edu spending (main),binary,DiD,Brazil,Latin America,2026-03-16T02:21:12.178733,2002.0,2011.0,,0.0,7.0,7.0,4.0,False,apep_0701/v1/tables/tabF1_sde.tex,Fiscal Equalization and Municipal Education Expenditure: Evidence from Brazil's FUNDEB Reform,True,pass,pass,c9413528a306e4002fd9c1a8783cc36ccb9a8f5142e5209b9a87afc4a00560b9,17.76,1.44,25.0,25.0,SUSPICIOUS,False,,0.0884,1,beneficiary outcome direction,0.6799999999999999,0,False,jev-1.13.0,01d2624c22973118b855c6e2f029d1a5e3322c67019aa341a77a5a8671676b20,0.0884,,0.0884,1,1,1,1,jev-1.13.0,952195767ea1fbf2eecff692e696f5f604c70459d5d48566743a8880308405ab,2262.0,40e5031a0a1ee19e3d6eead55cf89052010f58f6bc2496980203588c893af71a,,True,True,True,12.0,2006.5,0.11,0.95,1.43,0.21,0.46,0.67,0.05,0.32,0.82,direct_transfer,0.76,0.14,prices_cost,0.76,long_run,0.9,0.8,0.61,health_human_capital,1.0,2.17,0.94,0.2,0.56,children_youth,0.97,0.02,0.02,0.3,0.05,-3.6343912688298667
apep_0702_v1,apep_0702,v1,-0.093,0.214,-0.721,1.671,,7.795,True,ok,Moderate negative,Credit/GDP (%),binary,DiD,,,2026-03-16T02:08:48.952561,,,,0.0,7.0,7.0,4.0,False,apep_0702/v1/tables/tabF1_sde.tex,"When the Cap Bites Back: Interest Rate Ceilings, Credit Rationing, and the Digital Lending Escape Valve",True,pass,pass,9baf8b16789a6dd24056545a59eb1a5f49daba872b4a2e82d72ea4bea1aa1b0e,21.16,1.39,25.0,25.0,SUSPICIOUS,False,,-0.093,1,beneficiary outcome direction,0.45,0,False,jev-1.13.0,b2fb012b356975bdbc3e8b2f58b837c447000188c2348a1a51e1c9b642092f67,-0.093,,0.093,0,0,1,1,jev-1.13.0,5a59daeabfd3fb16dfee229aa6d8268b790c4731bfc26b2f61de4660a298c513,3026.0,3fa8b33ef91d51e0a62bfd250fecbb8308798dc73f28af73cd899af931b5bfc3,,True,True,True,12.0,,0.08,0.53,0.0,0.39,0.2,0.46,0.08,0.09,0.76,other,0.8,0.31,other,0.94,unclear,0.99,0.09,0.07,finance_governance,0.99,0.08,0.05,0.07,0.75,none,0.8,0.08,0.04,0.09,0.22,-1.5417792639602856
apep_0703_v1,apep_0703,v1,0.0248,0.0113,0.0249,,,1.0043,True,ok,Small positive,Log(Employment),binary,DiD,United States,North America,2026-03-16T02:28:25.654335,2014.0,2024.0,,0.0,8.0,8.0,5.0,False,apep_0703/v1/tables/tabF1_sde.tex,Green Rush or Fools' Gold? Firm Dynamics and Labor Reallocation under Recreational Marijuana Legalization,True,pass,untestable,43ac7e64cbfa131d22097830f2cb8d977c984db252ab1a5b5904e9458b667310,15.34,1.5,22.0,22.0,SUSPICIOUS,False,,0.0248,1,beneficiary outcome direction,0.7899999999999999,0,False,jev-1.13.0,08b693b675363c12515f3f9fea129f02b7febdf9db7ba530cdca4c30d7913702,0.0248,,0.0248,0,1,1,1,jev-1.13.0,f22c6c3b31e4c36b008ecf0f628d70a1321b7ae5fe7eb16817e6c3ea63cd7d92,3146.0,91a3b9be4bdbbf0c4945a5203d2b3cdd581b5d1a7fa1711eecf88596c869f17c,,True,True,True,12.0,2019.0,0.11,0.98,2.06,0.1,0.11,0.42,0.03,0.06,0.95,price,0.46,0.16,labour_market,1.0,long_run,0.67,0.09,0.06,labor_income,0.53,1.96,0.09,0.14,0.85,firms_industry,0.5,0.02,0.03,0.02,0.03,-4.482952553263842
apep_0704_v1,apep_0704,v1,-0.04,0.031,-0.338,0.266,,8.458,True,ok,Small negative,Separation Rate (All High-Exp.),binary,DiD,United States,North America,2026-03-16T03:39:15.567551,2005.0,2023.0,19075.0,0.0,7.0,7.0,6.0,False,apep_0704/v1/tables/tabF1_sde.tex,Calling In Sick Without Calling It Quits: Paid Sick Leave Mandates and the Retention Dividend,True,pass,pass,1d083ba69a9664a385fa34bba43b9e3bdf7a8eeadff9d93f14ac5f2c7506064b,24.37,1.4,29.0,29.0,SUSPICIOUS,False,,-0.04,-1,beneficiary outcome direction,-0.65,0,False,jev-1.13.0,225a436fd6c8d16e39735fff0d40916585b7dfdff1b70a64651376ac44b7cfc8,0.04,,0.04,-1,-1,-1,-1,jev-1.13.0,a6de49eef52624d477a4a074ae62cddee1b00a86ac6abf435bc871f26b743380,3599.0,a89b625a4e23424328338d8b747f29dc43acecbf41508e1ddf1fed15036abcf7,,True,True,True,12.0,2014.0,0.15,0.97,2.01,0.31,0.17,0.25,0.26,0.11,0.09,price,0.32,0.74,labour_market,1.0,long_run,0.62,0.03,0.07,labor_income,1.0,1.96,0.08,0.15,0.79,working_age,0.69,0.02,0.06,0.06,0.12,-3.473768074496991
apep_0705_v1,apep_0705,v1,0.038,0.0092,0.0091,0.0022,,0.239,True,ok,Small positive,Log mean income (baseline),continuous,DiD,,,2026-03-16T20:09:00.742631,1999.0,2024.0,,0.0,7.0,7.0,3.0,False,apep_0705/v1/tables/tabF1_sde.tex,Taxing Away the Shadow: Sweden's Household Services Deduction and the Formalization of Domestic Work,True,untestable,untestable,9b5a9f3aee3fb1d1c70bedfd24b999a280d8c6bb47a9c0e25fe15d9fc5d3893c,18.78,1.46,25.0,24.0,SUSPICIOUS,False,,0.038,1,beneficiary outcome direction,0.86,0,False,jev-1.13.0,b17ac8899f3a2877592135e4edcbe0b4528b9fdd475629d7e2bb5eeb5495f02d,0.038,,0.038,1,1,1,1,jev-1.13.0,2b9e259085413efae456e0e2c3ff112cf2f20b178b47e627d6f2966849b72b56,2111.0,0f7279e0c8b916638bcf764012cb044e0e1e7357ee5bcf74c70df94c82b1fb14,,True,True,True,12.0,2011.5,0.12,0.96,1.26,0.09,0.16,0.05,0.03,0.12,0.95,price,0.99,0.09,income_distribution,0.99,long_run,0.92,0.36,0.09,taxation_prices,0.85,2.05,0.07,0.11,0.83,working_age,0.76,0.02,0.04,0.02,0.03,-4.688551794927142
apep_0706_v1,apep_0706,v1,-0.0055,0.0471,-0.286,2.473,,52.51,True,ok,Small negative,Homicide rate (level),binary,RDD,Brazil,Latin America,2026-03-16T21:15:50.332452,2001.0,2021.0,,0.0,7.0,7.0,2.0,False,apep_0706/v1/tables/tabF1_sde.tex,Does Money Buy Safety? Fiscal Windfalls and Homicide Rates in Brazilian Municipalities,True,pass,pass,458dbb8a9679cbd92575594bd9311c8b52392fb722609882cd5293217b0928bc,21.14,1.44,27.0,27.0,CLEAN,False,,-0.0055,-1,beneficiary outcome direction,-0.95,0,False,jev-1.13.0,804760cba129e68e34a7e6878f90899a7186c606cd0d784a701522ac7952bab6,0.0055,,0.0055,-1,-1,-1,-1,jev-1.13.0,cd1aa22b5a2414a966779b86c82ea0187cfece20ccc0e6737c310e21e8881277,1296.0,d8a5f775ec3f9c41ff39669d1529f2d6979b7989d518eafce43b572e9da845b9,,True,True,True,12.0,2011.0,0.08,0.98,3.0,0.09,0.07,0.2,0.11,0.04,0.03,direct_transfer,0.62,0.98,crime_safety,1.0,long_run,0.74,0.03,0.05,finance_governance,0.54,1.84,0.06,0.11,0.44,general_public,0.94,0.04,0.06,0.02,0.02,-3.055482277959765
apep_0708_v1,apep_0708,v1,-0.0277,0.0026,-0.011,0.001,,0.397,True,ok,Small negative,Delta LFP (all women),continuous,DiD,United States,North America,2026-03-16T23:05:19.578453,1920.0,1930.0,,0.0,7.0,7.0,5.0,False,apep_0708/v1/tables/tabF1_sde.tex,Who Keeps House? The 1924 Immigration Act and the Domestic Servant Channel in Women's Labor Supply,True,untestable,untestable,36dec136e4843ed8cc40f232dd10497e29d5ef426f862278c13b57e19d2311b6,28.69,1.4,29.0,29.0,CLEAN,False,,-0.0277,1,beneficiary outcome direction,0.65,0,False,jev-1.13.0,4fdb5563f1ffef8ee6b17da7272d72605264e16c14d469a32ed9f2809a7845c9,-0.0277,,0.0277,0,0,1,1,jev-1.13.0,ae0046e0496beaaad37c9b54fc43084735805f1c82ce77182b2dc6245c666cb1,2636.0,65bc786d5a94d9559d69e74acd901bb6b263576775c7e8185d7e0cfcb67592eb,,True,True,True,12.0,1925.0,0.08,0.9,2.19,0.19,0.07,0.03,0.05,0.03,0.93,quantity_restriction,1.0,0.28,labour_market,1.0,long_run,0.96,0.03,0.05,regulation_competition,0.84,2.5,0.06,0.1,0.74,migrants_minority,0.88,0.02,0.04,0.02,0.09,-5.952243833954701
apep_0709_v1,apep_0709,v1,0.0767,0.0984,0.0219,0.028,,0.285,True,ok,Moderate positive,Log food price (all),binary,DiD,Burkina Faso,Other / not stated,2026-03-16T23:27:47.703834,2012.0,2023.0,,0.0,8.0,8.0,4.0,False,apep_0709/v1/tables/tabF1_sde.tex,Markets Under Fire: The Conflict Tax on Calories in Burkina Faso,True,pass,pass,2b9b34943b5193cf72bdaf5d61c350aab7a8b2cc1e635d76ed252eb188e990c7,13.78,1.61,25.0,25.0,SUSPICIOUS,False,,0.0767,-1,beneficiary outcome direction,-0.7,0,False,jev-1.13.0,8e136693d2768cc7b0d4ae6aa68d74269b035885ca29e29626d98bfb38dc2904,-0.0767,,0.0767,0,-1,-1,-1,jev-1.13.0,ad608c30bc20376ebd2ab0fb4ba07f8c5d11d604350b6ac6d39f0d90db2765c7,3307.0,c54da5829f8ad9114dbed56dd7241b28e11587628fd0003f11cbc6c1765dd36c,,True,True,True,12.0,2017.5,0.09,0.27,1.98,0.29,0.31,0.08,0.03,0.02,0.12,other,0.56,0.82,prices_cost,1.0,long_run,0.82,0.87,0.06,other,0.71,1.04,0.06,0.09,0.86,low_income,0.59,0.02,0.03,0.09,0.02,-2.3187144749239295
apep_0711_v1,apep_0711,v1,-0.0125,0.0184,-0.222,0.327,,17.771,True,ok,Small negative,Weekly Suicide Deaths,binary,DiD,United States,North America,2026-03-17T00:57:47.881509,2016.0,2021.0,,0.0,7.0,7.0,1.0,False,apep_0711/v1/tables/tabF1_sde.tex,Does Legal Gambling Kill? Online Sports Betting and Suicide Mortality in the United States,True,pass,pass,4d1558d3c8e39554dcc08cc36a3433c118ea5169c2fcdc26b128efdb77f8103d,15.97,1.51,26.0,26.0,SUSPICIOUS,False,,-0.0125,-1,beneficiary outcome direction,-0.95,0,False,jev-1.13.0,129ac401325b52f75762c3dd06d8635022d83cc2f52deeed6beedfd1332b7fd7,0.0125,,0.0125,-1,-1,-1,-1,jev-1.13.0,41d22ddd7e60d5802e1b0943229bf668dd15eadb4a0e11b2c4a076bc08746a62,2453.0,6131eb8be79959a86bc11ce1ae77297096d974f72a45ed62a0c04d1928c7f33c,,True,True,True,12.0,2018.5,0.13,0.95,1.58,0.11,0.06,0.37,0.04,0.02,0.03,infrastructure,0.93,0.98,health,1.0,medium_run,0.84,0.03,0.06,regulation_competition,0.84,1.97,0.07,0.14,0.85,general_public,0.99,0.02,0.07,0.04,0.02,-3.9954046143671973
apep_0712_v1,apep_0712,v1,-0.081,0.03,-0.055,0.02,,0.676,True,ok,Mod. negative,Log(price) --- RDD,binary,RDD,United Kingdom,Western Europe,2026-03-17T15:55:45.962016,2021.0,2024.0,,0.0,7.0,7.0,3.0,False,apep_0712/v1/tables/tabF1_sde.tex,The Missing Premium: Ground Rent Abolition and the Limits of Tenure Reform Capitalization in England,True,pass,pass,cfcbbaba1a3a2a5a73bccbccffd58e2ff2aa64d8a3503718a513fc0d49a00fa6,20.4,1.52,25.0,25.0,CLEAN,False,,-0.081,0,insufficient directional evidence,-0.2099999999999999,0,False,jev-1.13.0,262846bac2c313733699988b3645bf0daed15475a6e7679dc160c6b2e8e42e25,,,0.081,0,0,0,0,jev-1.13.0,89345bc8c16e4191b9d376b608596711f56514dff57eb0ae5f141ed510163563,3039.0,3aa66c730ece361d5baffded174f1572ebbc2cf26202189e1a10baa7ae02b3a3,,True,True,True,12.0,2022.5,0.12,0.98,2.99,0.44,0.21,0.2,0.06,0.08,0.2,price,0.97,0.41,prices_cost,1.0,medium_run,0.85,0.56,0.09,housing_infrastructure,0.99,2.75,0.13,0.84,0.43,general_public,0.62,0.02,0.02,0.11,0.01,-3.506557897319982
apep_0713_v1,apep_0713,v1,-0.0185,0.0106,-0.457,0.2613,,24.6526,True,ok,Small negative,Broadband penetration (pct pt),binary,DiD,United States,North America,2026-03-17T17:37:30.970978,2015.0,2023.0,,0.0,7.0,7.0,2.0,False,apep_0713/v1/tables/tabF1_sde.tex,The Startup Tax: Municipal Broadband Preemption Laws and Firm Formation in the United States,True,pass,pass,70c11f99d6d37887849f2ffa02b8ba51eeadb0398c1844040ed235bd155f7856,17.24,1.72,22.0,22.0,SUSPICIOUS,False,,-0.0185,1,beneficiary outcome direction,0.8899999999999999,0,False,jev-1.13.0,ef2644cfa7ffa44a64ece8d27342c1214a687150353555aff1455a1781376031,-0.0185,,0.0185,1,1,1,1,jev-1.13.0,c7c38a532472a7f4f3af394db9a1aa708b41c1db556d5a3dc961288705ed5a48,3081.0,ccc6f98ca030541d0b1a7e65ab7713208170c9d3f6885e44f0e31cf722792568,,True,True,True,12.0,2019.0,0.12,0.98,1.88,0.07,0.16,0.21,0.26,0.1,0.96,public_provision,0.47,0.07,behaviour_compliance,0.67,long_run,0.79,0.03,0.07,housing_infrastructure,0.68,2.03,0.07,0.13,0.85,general_public,0.55,0.02,0.05,0.05,0.16,-4.546901277864116
apep_0714_v1,apep_0714,v1,0.2516,0.0419,0.0676,0.0113,,0.2686,True,ok,Large positive,Log Black Earnings,binary,DiD,United States,North America,2026-03-17T17:53:25.988085,,,,0.0,7.0,7.0,3.0,False,apep_0714/v1/tables/tabF1_sde.tex,The Expungement Dividend: Automatic Marijuana Record Clearing and Black Labor Market Outcomes,True,pass,pass,f428fc032083b7379c8754acd4be504b277128ef07f0404d05b8b76a2a0f78d5,21.47,1.67,23.0,23.0,SUSPICIOUS,False,,0.2516,1,beneficiary outcome direction,0.7999999999999999,0,False,jev-1.13.0,967f4f4e13e73da8bf6d3cc3749b1d68132d5a333839a2fabe3440758d69eb7a,0.2516,,0.2516,1,1,1,1,jev-1.13.0,ab5dbc27ec9524500b20a8b77a1856b72918cb430e7b5ab5a3ed8f3b74bedfd5,1820.0,35ce866316cfe8b64f649bb2645aeebb2a40186ec95ed953cd39b12d132093ee,,True,True,True,12.0,,0.13,0.96,1.77,0.08,0.14,0.75,0.09,0.39,0.96,enforcement,0.22,0.16,labour_market,0.99,long_run,0.41,0.7,0.06,labor_income,0.93,1.94,0.07,0.12,0.8,migrants_minority,0.97,0.02,0.04,0.02,0.04,-3.172469452054045
apep_0715_v1,apep_0715,v1,-0.311,0.086,-0.237,0.065,,0.763,True,ok,Large negative,Log GGY (sector DiD),binary,DiD,United Kingdom,Western Europe,2026-03-17T23:32:24.189793,2009.0,2020.0,,0.0,7.0,7.0,2.0,False,apep_0715/v1/tables/tabF1_sde.tex,Stake in the Ground: Product Regulation and the Restructuring of British Gambling,True,pass,pass,72abd26d9e7d0adf832fe5ead88438d11868045690160bb91d5e77a398d2473b,14.67,1.65,21.0,21.0,SUSPICIOUS,False,,-0.311,-1,beneficiary outcome direction,-0.3199999999999999,0,False,jev-1.13.0,ddbf1d8dc2496b3a81f92ae3ab0ee091338127d0a5b3cf8abe21730ad0e430fa,0.311,,0.311,0,0,0,-1,jev-1.13.0,fa49f4e5f3ff533939228ee9dee6617fb572aedfe3868feb5df26c6329be62ce,2837.0,e59ac273bbf790a7b7f673e62fb60cdc16bb99949b9a55a885095f419e02dedc,,True,True,True,12.0,2014.5,0.13,0.98,1.33,0.64,0.23,0.92,0.27,0.03,0.28,quantity_restriction,0.62,0.6,other,0.64,short_run,0.4,0.43,0.05,regulation_competition,1.0,2.64,0.06,0.08,0.72,firms_industry,0.92,0.02,0.03,0.5,0.04,-2.4534079827286295
apep_0717_v1,apep_0717,v1,0.1418,0.0804,0.312,0.177,,2.2,True,ok,Moderate positive,"TA per 1,000",continuous,DiD,United Kingdom,Western Europe,2026-03-18T08:40:06.404515,2013.0,2018.0,1592.0,0.0,7.0,7.0,2.0,False,apep_0717/v1/tables/tabF1_sde.tex,"Capped but Not Crowded Out: The Benefit Cap, Housing Markets, and the Parallel Trends Trap",True,untestable,untestable,271d8511b04fc727642de4691c60c0e310ef662d161ee4a64764f932bc4af4c6,11.08,1.52,28.0,28.0,SUSPICIOUS,False,,0.1418,-1,beneficiary outcome direction,-0.7100000000000001,0,False,jev-1.13.0,2fc61a03b0e0d897df7083ef55153f75a74fbea0c18535eb26b02676576508c3,-0.1418,,0.1418,-1,-1,-1,-1,jev-1.13.0,3ed164bfb53d8916a2a3233fdcd0bd89a8c8d764f44a9478b9c3e4aa200fb62f,3112.0,75df8fff2be427d474476dfea8e86198aac737ae7bf8ee570b3f388597ddaa8e,,True,True,True,12.0,2015.5,0.11,0.98,1.33,0.33,0.12,0.05,0.05,0.02,0.1,quantity_restriction,0.41,0.81,other,0.55,medium_run,0.65,0.03,0.05,labor_income,0.71,2.01,0.06,0.1,0.77,low_income,0.74,0.02,0.11,0.33,0.09,-2.520741102797216
apep_0718_v1,apep_0718,v1,0.037,0.035,0.432,0.413,,11.76,True,ok,Small pos.,Mobile Home Share,binary,RDD,United States,North America,2026-03-18T00:52:06.415827,1950.0,2023.0,,0.0,7.0,7.0,3.0,False,apep_0718/v1/tables/tabF1_sde.tex,The Replacement Problem: Tornado Destruction and the Permanent Loss of Manufactured Housing,True,pass,pass,d0d5d2051b9552d359823dac2c6c7dc6fbfa56539576483c070fb54eed3f48ae,13.65,1.59,25.0,25.0,SUSPICIOUS,False,,0.037,1,beneficiary outcome direction,0.33,0,False,jev-1.13.0,258faa9a51043e7705cd6408ce9a427ee794feb5a9e98b4b790e448f6b050ce0,0.037,,0.037,0,0,1,1,jev-1.13.0,14fa6cbfefe5b435eee1364d2513d9f7e0304fd56f31e06e2ef4444cc6dc8280,4569.0,5796b2cec26aba29656094f46a5295d9092f67a845d8ca1668f6b4ca9cfa96fe,,True,True,True,12.0,1986.5,0.12,0.94,2.97,0.34,0.22,0.35,0.06,0.03,0.64,infrastructure,0.54,0.31,other,0.33,unclear,0.88,0.52,0.07,housing_infrastructure,0.99,0.86,0.08,0.14,0.62,low_income,1.0,0.03,0.04,0.04,0.44,-3.3524072174927233
apep_0719_v1,apep_0719,v1,0.369,0.123,0.179,0.06,,0.484,True,ok,Large positive,Farm Exit,binary,DiD,United States,North America,2026-03-17T23:49:23.968257,1921.0,1923.0,,0.0,7.0,7.0,2.0,False,apep_0719/v1/tables/tabF1_sde.tex,"Banned from the Land, Pushed Up the Ladder: Alien Land Laws and Japanese Occupational Sorting in the United States",True,pass,pass,231cd95c3387b76b78af745ef0cdba718fa8a54ae1129cb8706a8f9db660dcf2,22.59,1.48,26.0,26.0,CLEAN,False,,0.369,-1,beneficiary outcome direction,-0.47,0,False,jev-1.13.0,bdea37a12eeda684c2be9f4f2dbc74b50f8e1b36c6724a9c3611cc94d9bdd962,-0.369,,0.369,0,0,0,-1,jev-1.13.0,7f91704540739c7c81762bc7aa2e74cd2bce3b8f6f9d12336f1ad2eb1a30b48d,2274.0,f8674321389f5f8a4fd4f8059f6e56d53431c5059a4541ee72bb33f6f3836366,,True,True,True,12.0,1922.0,0.13,0.9,1.94,0.69,0.44,0.76,0.25,0.13,0.13,quantity_restriction,0.99,0.6,labour_market,1.0,long_run,0.92,0.03,0.85,regulation_competition,0.77,1.88,0.93,0.48,0.8,migrants_minority,1.0,0.02,0.04,0.03,0.08,-2.0955709236097197
apep_0720_v1,apep_0720,v1,0.228,0.127,0.662,0.369,,2.901,True,ok,Large positive,Log gambling tax (T11),binary,DiD,United States,North America,2026-03-18T00:43:22.696036,2012.0,2022.0,,0.0,7.0,7.0,2.0,False,apep_0720/v1/tables/tabF1_sde.tex,Your Bet Ate My Lottery? Sports Betting Legalization and the Fiscal Cannibalization Hypothesis,True,pass,pass,df59a39ac9271e678d5348922eef89b47065c9a2829412dc80fcac2352f6df25,12.81,1.54,26.0,26.0,SUSPICIOUS,False,,0.228,0,insufficient directional evidence,0.01,0,False,jev-1.13.0,c5698af32dab019d12a77f36f9c0a4ebc2d6ddf82aad4f5aa5e08de9fac0a5c6,,,0.228,0,0,0,0,jev-1.13.0,ba7ea73b79ad405333a60118eca779d46716af276951ddb94f1e15698273cb72,2145.0,6120577b58d2400e533b3accd9d96d751ce50653f6ea3ced6e582f5e8c1fc1d5,,True,True,True,12.0,2017.0,0.12,0.96,1.86,0.39,0.24,0.11,0.04,0.13,0.26,quantity_restriction,0.41,0.25,other,0.83,long_run,0.84,0.52,0.07,taxation_prices,0.59,2.01,0.09,0.25,0.88,firms_industry,0.77,0.02,0.05,0.09,0.02,-2.0635681925235456
apep_0721_v1,apep_0721,v1,0.099,0.009,0.194,0.017,,0.157,True,ok,Moderate positive,Log p10,continuous,DiD,United Kingdom,Western Europe,2026-03-18T03:02:19.108855,2013.0,2023.0,,0.0,8.0,8.0,3.0,False,apep_0721/v1/tables/tabF1_sde.tex,The Compression Dividend: How Britain's National Living Wage Reshaped the Bottom of the Distribution,True,untestable,untestable,defcf65d15a6fba3f5b94e4a980bc399397d583b1ab80366cca8e305102123a8,20.67,1.58,23.0,23.0,SUSPICIOUS,False,,0.099,1,beneficiary outcome direction,0.8099999999999999,0,False,jev-1.13.0,afb6d6023edd8d25ff633d7a355719372a78c14fae7ec365309cba507edd01b1,0.099,,0.099,1,1,1,1,jev-1.13.0,c7f3810d0391bd6047453143c51c057df5b333a37ac904d6e74ddb1e19700f3c,3313.0,0cc3de78404b7d0a8e3e6c876d4da01da22c78f653c73192438749c92b95cec6,,True,True,True,12.0,2018.0,0.09,0.98,1.54,0.07,0.28,0.03,0.05,0.1,0.94,price,0.98,0.13,labour_market,0.86,long_run,0.97,0.26,0.05,labor_income,1.0,2.53,0.06,0.08,0.7,low_income,0.59,0.02,0.02,0.01,0.02,-4.710530701645918
apep_0722_v1,apep_0722,v1,1.351,0.387,0.018,0.005,,0.013,True,ok,Large positive,Restaurant CPI (CP11 vs. CP01),binary,DiD,Japan,East Asia,2026-03-18T02:34:13.957499,2012.0,2020.0,,0.0,7.0,7.0,2.0,False,apep_0722/v1/tables/tabF1_sde.tex,"Eating In, Taking Out: Price Divergence Under Japan's Dual-Rate Consumption Tax",True,pass,pass,4ad38c6e4db892db4dd35f5d2ad2fb322cd3300f226a53620e7bb8f6fe8be735,14.07,1.58,22.0,22.0,CLEAN,False,,1.351,0,insufficient directional evidence,-0.36,0,False,jev-1.13.0,9c33a9e252b06653a30d510c7c8b68e7e63f02b753346779c70402956a971e6a,,,1.351,0,0,0,0,jev-1.13.0,f4bd622b8ead11e3e1480c4c6fd4b0f75ec0c899fe5ac854812406d464936c6e,1351.0,cc09d33d91e0218a8c93211e7e6663aba4011f17bbeb304d777ce054e8744182,,True,True,True,12.0,2016.0,0.1,0.92,1.51,0.43,0.88,0.88,0.08,0.09,0.16,price,1.0,0.52,prices_cost,1.0,short_run,0.44,0.47,0.06,taxation_prices,1.0,2.19,0.06,0.1,0.66,general_public,0.93,0.02,0.03,0.08,0.03,-0.9493305859523552
apep_0723_v1,apep_0723,v1,0.003,0.195,0.026,1.558,,8.0,True,ok,Null,Delta NEET rate,binary,RDD,European Union,Western Europe,2026-03-18T03:36:52.254715,2014.0,2020.0,,0.0,7.0,7.0,2.0,False,apep_0723/v1/tables/tabF1_sde.tex,The 25 Percent Line: Did the EU's Youth Employment Initiative Reduce NEETs?,True,pass,pass,0febbb3794782112b0c11a4e366144f6ad5f92d473687ab93d80c6f56a6fd99c,20.93,1.31,25.0,25.0,SUSPICIOUS,False,,0.003,-1,beneficiary outcome direction,-0.8999999999999999,-1,True,jev-1.13.0,310aa8a22705d09effa93acdefe2df381edbac4cc8146b7f95d8ae048e423fbc,-0.003,-0.003,0.003,-1,-1,-1,-1,jev-1.13.0,d0ede07f525cfcadd015dc47ac15052dbd81f5b102174d8f24d93e178a257725,3416.0,99f9f8a8e13ece9a53ad69ddea7ae6ce05826fac0d0e2a71b617bacb28dc2d6e,,True,True,True,12.0,2017.0,0.1,0.98,2.98,0.1,0.56,0.43,0.62,0.08,0.07,price,0.38,0.97,labour_market,1.0,medium_run,0.45,0.04,0.06,labor_income,1.0,1.99,0.07,0.11,0.62,children_youth,0.41,0.02,0.05,0.02,0.51,-1.6347557204183902
apep_0726_v1,apep_0726,v1,0.0034,0.079,0.014,0.328,,4.2,True,ok,Null,DV notifications per 100K,binary,RDD,Brazil,Latin America,2026-03-20T20:33:31.358805,2009.0,2022.0,,0.0,7.0,7.0,2.0,False,apep_0726/v1/tables/tabF1_sde.tex,"The Gendered Transfer Multiplier: Fiscal Windfalls, Female Employment, and Violence Against Women in Brazil",True,pass,pass,665b739927acd87734f7cdfec917806295f0abd0fe522b17b4d685e0420a2c29,12.96,1.61,24.0,24.0,SUSPICIOUS,False,,0.0034,0,measurement qualifier: administrative_detection,-0.49,0,False,jev-1.13.0,62f00ce0cb2b7c1d607d575a43f28084846de5911efe5cf0a88648e43f3b4ea4,,,0.0034,0,-1,0,0,jev-1.13.0,3a1e79ec2da5f536edf02ae5fc805beb80973522ffa0ef885e9036bd01074317,2131.0,46dffe335218817b4873aad7bb7fb836d45f31188e336243d57257f6f0fa8ff3,,True,True,True,12.0,2015.5,0.1,0.98,3.0,0.75,0.08,0.46,0.13,0.06,0.19,public_provision,0.94,0.68,crime_safety,0.99,long_run,0.93,0.03,0.06,health_human_capital,0.46,1.92,0.09,0.13,0.44,low_income,0.28,0.03,0.91,0.52,0.05,-2.5383074265151158
apep_0728_v1,apep_0728,v1,-0.2438,0.0051,-1.2535,0.0264,,0.533,True,ok,Large negative,Log Monthly Earnings,continuous,Event Study,United States,North America,2026-03-20T19:48:32.902800,1995.0,2010.0,,0.0,7.0,7.0,4.0,False,apep_0728/v1/tables/tabF1_sde.tex,The Racial Trade Deficit: How China's PNTR Widened the Black-White Manufacturing Earnings Gap,True,untestable,untestable,f1dee90a0a3bde69d15dc92d813f4a44dcf5fa9d848057946e335df25e62708b,28.07,1.29,31.0,31.0,CLEAN,False,,-0.2438,1,beneficiary outcome direction,0.85,0,False,jev-1.13.0,1d8c0ec6afa6cc7b07a1986cd3613a6da0f132ef030f0f387f46651a98e2a416,-0.2438,,0.2438,0,1,1,1,jev-1.13.0,347e7c85e911057058f255bb21b1262c273b0593e758ff0e828f8b9229755efe,3594.0,d48ead9bcc6de6b31dce16b9e1fa2f323db61fdedd886e27422095ab597230f2,,True,True,True,12.0,2002.5,0.08,0.93,2.28,0.06,0.1,0.16,0.03,0.03,0.97,price,0.95,0.12,labour_market,0.66,long_run,0.95,0.54,0.05,regulation_competition,0.68,2.36,0.06,0.1,0.73,migrants_minority,0.78,0.02,0.03,0.01,0.02,-5.2785147392518565
apep_0730_v1,apep_0730,v1,-0.0056,0.0829,-0.5356,7.9813,,96.305,True,ok,Small negative,Morning fatality rate,binary,RDD,United States,North America,2026-03-22T13:11:19.759466,2010.0,2023.0,,0.0,7.0,7.0,2.0,False,apep_0730/v1/tables/tabF1_sde.tex,Does the Clock Kill? Time Zone Boundaries and Morning Traffic Fatalities in the United States,True,pass,pass,af1b51d3de7c82e935f2a0d1330df7b390e4609af1a546566864eb69e5316477,16.5,1.81,23.0,23.0,CLEAN,False,,-0.0056,-1,beneficiary outcome direction,-0.95,0,False,jev-1.13.0,c4125c425acbcc5f2af27489b8c2f36803f3a3d56dc62148ef28471308936c7c,0.0056,,0.0056,-1,-1,-1,-1,jev-1.13.0,7460c7425d54467aafc47d639169786402674e3fffcf009f3850d4ae6e685d7e,2720.0,978ba962418a7edf6fc6dd83af5c3fbcaa3679df0101ff2086b34e91cac743fa,,True,True,True,12.0,2016.5,0.11,0.97,2.98,0.12,0.09,0.39,0.05,0.02,0.03,other,0.86,0.98,crime_safety,0.99,long_run,0.88,0.02,0.06,health_human_capital,0.64,2.18,0.09,0.16,0.52,general_public,0.94,0.02,0.07,0.05,0.02,-2.4901202168408876
apep_0732_v1,apep_0732,v1,-0.0386,0.0641,-13.57,22.56,,2812.5,True,ok,Small negative,Late Sunset times Temp to YPLL,binary,RDD,United States,North America,2026-03-22T13:48:58.429288,2019.0,2024.0,,0.0,7.0,7.0,3.0,False,apep_0732/v1/tables/tabF1_sde.tex,Does the Clock Kill? Time Zone Boundaries and the Mortality Cost of Extreme Heat,True,fail,fail,acd4583cd0b5d8469bc7d8f1194c99db4fdf446c8fcae9088606869e46fef46d,19.94,1.42,28.0,28.0,CLEAN,False,,-0.0386,-1,beneficiary outcome direction,-0.91,0,False,jev-1.13.0,bab1bb4c94528f3c4125cefd8637d4b4c43080f30cecfd2e5c572b5c896dd940,0.0386,,0.0386,-1,-1,-1,-1,jev-1.13.0,e8593eee3a12f11240c4560ed332af8b41052faaafde03bafdde369a164ec59d,2623.0,6802039879e6324488b4dc7b71f0029418530f8243b5c1e485f665203fd4f6bc,,True,True,True,12.0,2021.5,0.11,0.88,2.79,0.09,0.07,0.31,0.04,0.02,0.07,other,0.84,0.98,health,1.0,medium_run,0.49,0.02,0.1,health_human_capital,0.55,2.21,0.1,0.65,0.69,general_public,0.84,0.02,0.04,0.02,0.02,-2.747310915055513
apep_0733_v1,apep_0733,v1,-0.203,0.025,-0.279,0.035,,1.374,True,ok,Large negative,Log overnight stays (aggregated),binary,DiD,Switzerland,Western Europe,2026-03-22T13:50:25.036842,2005.0,2019.0,,0.0,7.0,7.0,2.0,False,apep_0733/v1/tables/tabF1_sde.tex,The Fortress Premium: Exchange Rate Pass-Through and Tourism Demand after Switzerland's Franc Shock,True,pass,pass,f7214744348fc638abb96db3bef5df7060b192c63e0c9ea174f02b93b6226bc7,19.01,1.54,24.0,24.0,CLEAN,False,,-0.203,1,beneficiary outcome direction,0.51,0,False,jev-1.13.0,a0dcb22ff08b41b037699f1e02346692170c589c94b6b08a118d093514ee171c,-0.203,,0.203,1,1,1,1,jev-1.13.0,8acaf391a20b36ac0bcd9244148d94e07603b43ea547656d4ff411d1fc8f8156,2917.0,acccd0c291e37608a8eff9543ef1f58744f21692094ef51bcc4196751459dfcd,,True,True,True,12.0,2012.0,0.09,0.98,2.15,0.24,0.27,0.96,0.04,0.04,0.76,price,1.0,0.25,other,0.83,long_run,0.81,0.04,0.05,finance_governance,0.74,2.85,0.06,0.13,0.68,firms_industry,0.78,0.02,0.06,0.27,0.04,-3.6888794541139363
apep_0734_v1,apep_0734,v1,-0.145,0.052,-0.179,0.064,,1.234,True,ok,Moderate negative,Total casualties (restricted),binary,DiD,United Kingdom (Wales vs,Western Europe,2026-03-22T13:41:58.904759,2019.0,2024.0,,0.0,8.0,8.0,4.0,False,apep_0734/v1/tables/tabF1_sde.tex,Does the Default Kill? Speed Limit Reclassification and Road Casualties in Wales,True,pass,pass,5ac148c0bb52368970542d88f71b038c7eacf4040268c75167e878b937fd858d,25.67,2.15,21.0,21.0,CLEAN,False,,-0.145,-1,beneficiary outcome direction,-0.92,0,False,jev-1.13.0,238cd76c4bd7ad4e4a773bf6a954ab9f1fcefca6c599ff2b29b587151f8f784a,0.145,,0.145,-1,-1,-1,-1,jev-1.13.0,8e87c22fe2b83de87b50525940a46d523c1417211201c34de32a5da450800c88,2513.0,d4937ac0d7a4cc3a8cba1506242590497bf1486c600cd45c31fbbfda1c55b350,,True,True,True,12.0,2021.5,0.2,0.98,1.71,0.1,0.21,0.87,0.48,0.03,0.05,enforcement,0.42,0.97,crime_safety,1.0,medium_run,0.9,0.03,0.05,housing_infrastructure,0.99,2.27,0.09,0.29,0.6,general_public,1.0,0.02,0.11,0.07,0.02,-2.9565115604007097
apep_0735_v1,apep_0735,v1,0.032,0.004,0.0262,0.0035,,0.815,True,ok,Small positive,Log Price/m^2,binary,RDD,France,Western Europe,2026-03-22T14:18:46.415133,2020.0,2024.0,,0.0,7.0,7.0,1.0,False,apep_0735/v1/tables/tabF1_sde.tex,The Price of Beauty: How Heritage Protection Shapes Property Values at France's 500-Meter Monument Boundaries,True,pass,pass,eddbd6afee6916c0a7a4c9af8ea5a4cf9fb08cad1cf053383353b415273243c3,28.5,1.65,20.0,20.0,CLEAN,False,,0.032,0,insufficient directional evidence,0.07,0,False,jev-1.13.0,97414151d6eda306f2c25276d38469556fcb5a9173c22b77056a5b183f6701a5,,,0.032,0,0,0,0,jev-1.13.0,9d6a0ee1b15cc3aa08eeac3734d03a3e02c6a701c5635782991b519edffb2a1b,3659.0,61cd1bc1dcc9378d7a3b1e5abaf87fff4547fa840f0d1ad2b43e3e5db9ed1eb5,,True,True,True,12.0,2022.0,0.12,0.93,2.98,0.13,0.15,0.16,0.04,0.04,0.45,quantity_restriction,0.6,0.38,prices_cost,1.0,medium_run,0.82,0.77,0.05,housing_infrastructure,0.84,2.06,0.07,0.2,0.63,firms_industry,0.41,0.02,0.02,0.08,0.02,-5.521460917862246
apep_0736_v1,apep_0736,v1,-0.447,0.119,-2.582,0.685,,5.77,True,ok,Large negative,Drug OD rate (full panel),binary,Unknown,United States,North America,2026-03-22T14:07:28.075338,2003.0,2021.0,,0.0,7.0,7.0,2.0,False,apep_0736/v1/tables/tabF1_sde.tex,Who Counts the Dead? Medicolegal Death Investigation Systems and the Measurement of the Opioid Epidemic,True,pass,pass,c09e0b8b9d7a07ec1604c426d55acd7c1bc8e0f0eab9bf195753110b90192bcb,27.14,1.56,23.0,23.0,CLEAN,False,,-0.447,0,measurement qualifier: administrative_detection,-0.8899999999999999,0,False,jev-1.13.0,4a64a583d4aad7d0a9249f60138a002eb5746a8e4b32e743ecc808d28a867a2d,,,0.447,0,0,0,-1,jev-1.13.0,6bb6ce5de3998d552aff289488a3a09249b1dbb8f76f3f772d34fd7969fd3efe,2653.0,47d4bdf7778ca706e1e4f5b1492454e5a15f41666b2554a454a507de90a33d05,,True,True,True,12.0,2012.0,0.18,0.95,1.58,0.5,0.16,0.17,0.05,0.03,0.05,other,0.5,0.94,health,1.0,unclear,0.4,0.02,0.06,health_human_capital,0.86,0.61,0.11,0.85,0.85,general_public,0.79,0.02,0.79,0.05,0.02,-2.1286317858706076
apep_0738_v1,apep_0738,v1,-0.0089,0.0074,-0.028,0.0232,,1.155,True,ok,Small negative,Log retail establishments,continuous,DiD,Switzerland,Western Europe,2026-03-22T14:27:18.125930,2011.0,2023.0,,0.0,7.0,7.0,3.0,False,apep_0738/v1/tables/tabF1_sde.tex,The Shopping Cart Exodus: Exchange Rate Shocks and Retail Desertification in Swiss Border Communities,True,untestable,untestable,091a833bc21a2e6fe3b82c42b5d38657d522db8bd1bc1aa686e84a6b3aad300d,23.15,1.64,24.0,24.0,CLEAN,False,,-0.0089,1,beneficiary outcome direction,0.5499999999999999,0,False,jev-1.13.0,8adc0fca9cef42f31ee75b497b6387b002c84491a9a37cc3e8e402df33220c50,-0.0089,,0.0089,0,1,1,1,jev-1.13.0,2c76d85bf3698f8d3d289372ab56ae323cdea93e4a88ed8c630c6fdf99534ca1,3021.0,9dccb660b1694fcaa99df05e93dd4bce9567b8a619493880f8c74bb8c7d2e90a,,True,True,True,12.0,2017.0,0.15,0.98,1.96,0.35,0.11,0.96,0.03,0.03,0.82,price,0.99,0.27,labour_market,1.0,long_run,0.99,0.04,0.06,finance_governance,0.46,2.95,0.07,0.3,0.76,firms_industry,1.0,0.02,0.06,0.19,0.34,-4.9062752787720125
apep_0739_v1,apep_0739,v1,0.0099,0.0219,165.5,365.2,,16712.1,True,ok,Small positive,Type 1 A&E (levels),binary,DiD,United Kingdom,Western Europe,2026-03-22T14:46:17.169314,2018.0,2025.0,,0.0,7.0,7.0,2.0,False,apep_0739/v1/tables/tabF1_sde.tex,The Gatekeeper Deficit That Wasn't: GP Practice Closures and Emergency Department Utilization in England,True,pass,pass,44c0341607719adda5040526f8807cc68b2c04a82e7422db47ea105b6fd792e7,16.7,1.39,30.0,30.0,CLEAN,False,,0.0099,-1,beneficiary outcome direction,-0.7,0,False,jev-1.13.0,295425e84f2fe9f7ea58061133b285175924bee1d481b7205c618fe24f2c7e9a,-0.0099,,0.0099,0,0,-1,-1,jev-1.13.0,4376237afbd488ad270e754a44432ce5f78aa25e7055c1a2a6dd3f4abb3fe45b,2818.0,e44dc02d75db21312c4e7e3c1fb0501acf009b3150d7333d3e97b4fc0776b7cc,,True,True,True,12.0,2021.5,0.08,0.97,1.36,0.32,0.1,0.07,0.04,0.02,0.16,infrastructure,0.55,0.86,health,1.0,long_run,0.9,0.04,0.07,health_human_capital,1.0,1.46,0.06,0.94,0.84,general_public,0.96,0.02,0.11,0.51,0.03,-3.8212686421596818
apep_0740_v1,apep_0740,v1,-0.2243,0.029,-0.154,0.0199,,0.6865,True,ok,Large negative,Log price/m^2,binary,RDD,France,Western Europe,2026-03-22T15:35:25.467615,2020.0,2024.0,,0.0,7.0,7.0,1.0,False,apep_0740/v1/tables/tabF1_sde.tex,The Designation Discount: Priority Neighborhood Boundaries and Property Values in France,True,pass,pass,ba31a014fa79a4f83ed33734c63dbdae24b65b73dbdc255bfac216bef0bee45a,27.29,1.52,25.0,25.0,CLEAN,False,,-0.2243,0,insufficient directional evidence,0.31,0,False,jev-1.13.0,a03246db05592d56c8cecbacf1e3bb2ae1688e4dfb3d630b18c1eb219d3e6b05,,,0.2243,0,1,0,0,jev-1.13.0,6bd4d92ef572ccedc418bbdf22161ded78b11248fcac5307af830b6700c0407f,3715.0,3254dce5abda44cc139806786fef47efeeaebb88cb75befbcccbca947d9a5e00,,True,True,True,12.0,2022.0,0.17,0.93,2.97,0.1,0.22,0.2,0.06,0.14,0.51,price,0.99,0.2,prices_cost,1.0,medium_run,0.77,0.55,0.04,housing_infrastructure,0.85,2.0,0.06,0.1,0.6,low_income,0.93,0.03,0.02,0.11,0.02,-3.540459448995663
apep_0741_v1,apep_0741,v1,0.1361,0.182,0.2052,0.2743,,1.5071,True,ok,Moderate positive,All fatal crashes,binary,RDD,United States,North America,2026-03-22T15:00:15.877784,2017.0,2021.0,,0.0,7.0,7.0,3.0,False,apep_0741/v1/tables/tabF1_sde.tex,The Enforcement Mirage: Handheld Cellphone Bans and the Absence of a Border Discontinuity in Fatal Crashes,True,pass,pass,bdfdf9a16794cbc9f5408696daa900147522f09e49ef343e13984436fa6833de,18.31,1.56,26.0,26.0,CLEAN,False,,0.1361,-1,beneficiary outcome direction,-0.92,-1,True,jev-1.13.0,c5a5d301f90ae56de0ec41272707ab93401c54a4ba130a4083fdcc7dacccb9f1,-0.1361,-0.1361,0.1361,-1,-1,-1,-1,jev-1.13.0,468374a871f5ddd7d58de51a06f70163b6fae75d400ed81de3c48e4a20d9bb5c,3017.0,4d34ec4af9ed4ec0d67cdc9437bd7663d1ac3630c5fc2bba0dd8cbeff2195e36,,True,True,True,12.0,2019.0,0.17,0.98,2.92,0.12,0.29,0.67,0.66,0.02,0.05,quantity_restriction,0.66,0.97,crime_safety,1.0,long_run,0.53,0.03,0.11,regulation_competition,0.57,2.0,0.12,0.97,0.71,general_public,0.98,0.02,0.05,0.14,0.02,-1.7037485919053417
apep_0742_v1,apep_0742,v1,-0.1312,0.0622,-5.764,2.734,,43.9,True,ok,Moderate negative,Theft offences,continuous,DiD,United Kingdom,Western Europe,2026-03-22T15:28:00.603248,2016.0,2018.0,,0.0,7.0,7.0,4.0,False,apep_0742/v1/tables/tabF1_sde.tex,The Gambling Recomposition: How Stake Limits Reshuffle Crime Without Reducing It,True,untestable,untestable,e3476f9ac4a51ba36afee1c6145b2be1013fa1a755b62fe4846b689a77a8e833,19.16,1.69,23.0,23.0,CLEAN,False,,-0.1312,-1,beneficiary outcome direction,-0.91,0,False,jev-1.13.0,c61700817fa9c6ddd9b80adbe74b410a65498c91c0d6110f95e8d292276fb431,0.1312,,0.1312,-1,-1,-1,-1,jev-1.13.0,e3166729d4f909d7a0157b532565ed36e32cf301086c7f0f3e6f55bd4624bc7c,3096.0,5b56e8b2579845ea47039ba1ddb0c5b6db5a2c995f8e13bf8ea8f8ae47d4ca51,,True,True,True,12.0,2017.0,0.15,0.98,1.71,0.22,0.07,0.07,0.17,0.02,0.05,quantity_restriction,0.55,0.96,crime_safety,1.0,long_run,0.65,0.03,0.06,regulation_competition,0.95,2.84,0.07,0.15,0.74,firms_industry,0.67,0.02,0.9,0.29,0.03,-2.7774002792370034
apep_0743_v1,apep_0743,v1,0.0888,0.1052,0.093,0.111,,1.052,True,ok,Mod. positive,Estab./10K,binary,Unknown,United States,North America,2026-03-22T15:33:07.113502,2017.0,2022.0,,0.0,7.0,7.0,5.0,False,apep_0743/v1/tables/tabF1_sde.tex,Licensing the Last Rites: Funeral Director Mandates and the Absence of Market Distortion at State Borders,True,pass,pass,13ef53c5a61f8aa8578e417a673e4d01adaa8c510e949bc226bc4d3b4fb3bae3,11.34,1.83,23.0,23.0,SUSPICIOUS,False,,0.0888,0,insufficient directional evidence,0.1499999999999999,0,False,jev-1.13.0,e34b1ece4f6e16c2baa799fd2bdf97f883feba05d8d1daf351fc5cf212887c70,,,0.0888,0,0,0,0,jev-1.13.0,a64fc8bf1d0f3bfe3783c51a16035428619daf199c422612c770ef293e1c931a,3131.0,86e956ce32d1ef81d22cad5d3bdf538f8a450dd5f3d83b8e03543424ae7a143a,,True,True,True,12.0,2019.5,0.11,0.98,2.53,0.62,0.24,0.85,0.04,0.04,0.49,quantity_restriction,0.87,0.34,labour_market,0.99,medium_run,0.5,0.08,0.04,regulation_competition,1.0,2.01,0.07,0.12,0.62,firms_industry,0.69,0.02,0.07,0.27,0.06,-2.2518919786785276
apep_0744_v1,apep_0744,v1,-0.067,0.017,-3.975,1.024,,59.054,True,ok,Moderate negative,Collisions,binary,DiD,United Kingdom (Wales vs,Western Europe,2026-03-22T15:53:32.032253,2020.0,2024.0,,0.0,8.0,8.0,2.0,False,apep_0744/v1/tables/tabF1_sde.tex,The Speed Penalty: Causal Evidence from Wales's Default 20mph Limit,True,pass,pass,dcdd16829ccc93c2c63fc00116210580198e3c1cacf6c9549daae0defc25ac2f,17.48,1.81,22.0,22.0,CLEAN,False,,-0.067,-1,beneficiary outcome direction,-0.91,0,False,jev-1.13.0,a75ae7cd30f52c6481ac22d79817dd740b6cd3f319208595c0574d7c09146abd,0.067,,0.067,-1,-1,-1,-1,jev-1.13.0,720f85a056ddcfa5cae81f7870c147d0b42fd1f47678b588411376605129e557,3280.0,6e5dde378aa9102bbf3d78bb48acba3634422c208e2588735d8becc6b23d40f1,,True,True,True,12.0,2022.0,0.16,0.98,1.8,0.13,0.25,0.31,0.54,0.03,0.05,quantity_restriction,0.75,0.96,crime_safety,1.0,medium_run,0.93,0.03,0.07,housing_infrastructure,0.99,2.52,0.09,0.75,0.6,general_public,1.0,0.03,0.29,0.23,0.03,-4.074541934925921
apep_0745_v1,apep_0745,v1,0.0772,0.0436,0.0496,0.028,,0.643,True,ok,Moderate positive,All incorporations (log),binary,DiD,United Kingdom,Western Europe,2026-03-22T17:22:06.871524,2021.0,2022.0,35520.0,0.0,7.0,7.0,3.0,False,apep_0745/v1/tables/tabF1_sde.tex,The Freeport Gamble: Tax Zones and the Geography of Firm Birth in England,True,pass,pass,633427bd7f7ec472e07822e5f2f9622d671eea2647b7ac21ee7843829437122e,11.78,1.81,24.0,24.0,CLEAN,False,,0.0772,1,beneficiary outcome direction,0.58,0,False,jev-1.13.0,584ebafcadabbb0abc9c00a47e2f46424735c01ff129ca1527a82d87116f633c,0.0772,,0.0772,0,0,1,1,jev-1.13.0,575b41289c24058b9f7439682ba779d91af9afd2c39a12e72f0c65d6def7a5cb,3238.0,497848eadad7970922ee4b8b724cf10e16c9058934ec543f4be98736c44ded43,,True,True,True,12.0,2021.5,0.1,0.97,1.57,0.18,0.31,0.26,0.03,0.48,0.75,price,1.0,0.17,labour_market,0.99,medium_run,0.37,0.03,0.06,taxation_prices,1.0,1.49,0.07,0.87,0.84,firms_industry,1.0,0.02,0.12,0.8,0.02,-3.1326981286271485
apep_0746_v1,apep_0746,v1,0.0521,0.0083,0.0382,0.0061,,0.7326,True,ok,Moderate positive,Log price (all),binary,RDD,France,Western Europe,2026-03-22T16:46:23.347459,2020.0,2024.0,,0.0,7.0,7.0,3.0,False,apep_0746/v1/tables/tabF1_sde.tex,The Stigma of Priority: School Catchment Boundaries and the Housing Price Penalty of Education Zones in France,True,pass,pass,5355f537f1942ef2012b9dd0e27f06dd363b6b6833756f154214b1c4f05aa88b,28.62,1.23,32.0,32.0,SUSPICIOUS,False,,0.0521,0,insufficient directional evidence,0.1699999999999999,0,False,jev-1.13.0,1dd9d7b40c830bf7ed58361a0b1f4241122b9560f126bd9d55971355ad02ffb3,,,0.0521,0,0,0,0,jev-1.13.0,fba034e094abc94e9e8e82b04c987b125de0848e985d1850f7239d35c346db4d,3370.0,8e50bccd21a13a37e57dfa5269c01a34abf99025ee5f02e04a69a2da4de9101b,,True,True,True,12.0,2022.0,0.15,0.94,3.0,0.1,0.08,0.1,0.04,0.07,0.43,public_provision,0.97,0.26,prices_cost,1.0,medium_run,0.73,0.71,0.05,health_human_capital,1.0,1.96,0.06,0.12,0.61,children_youth,0.98,0.03,0.02,0.21,0.02,-4.7914997641795845
apep_0747_v1,apep_0747,v1,0.0154,0.0079,0.0029,0.0015,,0.1912,True,ok,Small positive,Hispanic Share,binary,Event Study,United States,North America,2026-03-22T16:06:55.449092,2012.0,2021.0,,0.0,7.0,7.0,4.0,False,apep_0747/v1/tables/tabF1_sde.tex,Coming to the Nuisance: CAFO Shield Laws and Environmental Justice Sorting in Rural America,True,pass,pass,a84c4eee0fdb4c0499aee472c042e3b6cd1a77131a077a43915283d74897cf48,19.1,1.5,23.0,23.0,CLEAN,False,,0.0154,0,measurement qualifier: group_composition,-0.1,0,False,jev-1.13.0,bb6c32ea090925a39feb871488b9992f9703b11f16fb6471c3119f5705f8ec1e,,,0.0154,0,0,0,0,jev-1.13.0,d86a90501b1cf0df386334509ebab142e2c9f69408e79c7b2af860d253e00a8d,2800.0,115a6ac4b9b8a7a13fd2c8ee74088e6bd6e641c78e7661ac86a543b4ea2eb2bc,,True,True,True,12.0,2016.5,0.14,0.97,2.12,0.84,0.07,0.63,0.04,0.03,0.17,enforcement,0.69,0.27,other,0.82,long_run,0.92,0.05,0.09,regulation_competition,0.78,1.79,0.1,0.17,0.8,firms_industry,0.71,0.02,0.03,0.03,0.97,-4.840892519509161
apep_0748_v1,apep_0748,v1,0.1126,0.0911,321.4,259.9,,2853.8,True,ok,Moderate positive,Type 1 A&E (full sample),binary,DiD,United Kingdom,Western Europe,2026-03-22T16:41:23.449140,,,,0.0,7.0,7.0,3.0,False,apep_0748/v1/tables/tabF1_sde.tex,The Missing Emergency Room Tax: GP Practice Closures and A\&E Utilization in England,True,pass,pass,a6efe40470cd217d96eda5d132750b33ee4a1dc37fba89676881de124d40556c,13.21,1.57,24.0,24.0,SUSPICIOUS,False,,0.1126,-1,beneficiary outcome direction,-0.64,0,False,jev-1.13.0,b046deec1d9e384a2cd317d149da7db71743943e83a5950d328402ea4d471ab0,-0.1126,,0.1126,0,0,-1,-1,jev-1.13.0,d960a9f8dc48c2307a434f2fb3b431353a6270a5b045ec55a6ba7dd76bf66e13,3493.0,bf8158359aa9cfc5b7231154b65826b021429ca7f5ff14eac54c4080e8e8bccf,,True,True,True,12.0,,0.15,0.97,1.72,0.56,0.12,0.07,0.06,0.02,0.16,infrastructure,0.61,0.8,health,1.0,long_run,0.95,0.03,0.13,health_human_capital,1.0,1.89,0.23,0.82,0.81,general_public,0.98,0.03,0.13,0.58,0.02,-2.3957974747162245
apep_0750_v1,apep_0750,v1,0.15,0.502,0.088,0.296,,0.59,True,ok,Moderate positive,All sectors,binary,DiD,European Union,Western Europe,2026-03-22T17:12:23.020275,,,,0.0,7.0,7.0,4.0,False,apep_0750/v1/tables/tabF1_sde.tex,Rescue or Ruin? The EU Preventive Restructuring Directive and Business Failure Across Europe,True,pass,pass,434f9ba55bf4f356d38c3bcccaf671395b12ea4b0890d245775749d8281c95aa,12.82,1.9,22.0,22.0,CLEAN,False,,0.15,-1,beneficiary outcome direction,-0.62,0,False,jev-1.13.0,e20507a17acc5f92e2f26f84ed3d91bac7f2063f187ea5b8a6939f9ff393b6a7,-0.15,,0.15,0,0,-1,-1,jev-1.13.0,05fe704fb945625cb1d54c322523bcb5b8c86e8d68925e0ac0d1e10fefd3a509,3403.0,d3d4acd82a95e37e4a2821d711198610c00fec201d79420237309e2bfdfa2df3,,True,True,True,12.0,,0.2,0.97,1.31,0.36,0.7,0.93,0.44,0.11,0.16,enforcement,0.93,0.78,labour_market,0.5,long_run,0.84,0.04,0.04,finance_governance,0.98,2.42,0.05,0.1,0.64,firms_industry,1.0,0.02,0.71,0.79,0.04,-0.6891551592904078
apep_0751_v1,apep_0751,v1,-0.0872,0.0728,-0.1126,0.0941,,1.2917,True,ok,Moderate negative,Convenience stores,continuous,DiD,United States,North America,2026-03-22T21:51:49.654487,2010.0,2021.0,,0.0,7.0,7.0,3.0,False,apep_0751/v1/tables/tabF1_sde.tex,When the Corner Store Closes: SNAP Stocking Requirements and Food Retail Access,True,untestable,untestable,f41b973f3bbd853b61735e7f05bbe8ab54b143f32c32ee1860fb6dfec82c1650,9.18,2.35,24.0,24.0,SUSPICIOUS,False,,-0.0872,1,beneficiary outcome direction,0.63,0,False,jev-1.13.0,1106295f4d0142807aefb20db01d9d39a2b2135f2e341852f412a42517d9d110,-0.0872,,0.0872,0,1,1,1,jev-1.13.0,e93842c568dd572b54fa322206f88249199ca6557761130b4dcbc9da35eba374,4039.0,7f7713b07ca5506ce30e13fb0e9c88e6173094330b5e514e6ff7b254c6635cc1,,True,True,True,12.0,2015.5,0.13,0.97,1.64,0.17,0.41,0.26,0.07,0.03,0.86,quantity_restriction,0.63,0.23,labour_market,0.58,long_run,0.67,0.03,0.06,regulation_competition,0.92,2.1,0.07,0.15,0.76,firms_industry,0.92,0.02,0.04,0.35,0.04,-2.6200393237794968
apep_0752_v1,apep_0752,v1,-0.231,0.098,-1.8,0.76,,7.79,True,ok,Large negative,Gaming State (baseline),binary,DiD,United States,North America,2026-03-22T21:10:27.332835,1999.0,2019.0,,0.0,7.0,7.0,4.0,False,apep_0752/v1/tables/tabF1_sde.tex,Jackpots Against Despair: Does Tribal Casino Income Buffer or Enable the Opioid Epidemic?,True,pass,pass,2424847808ead8fb0b761083455cc0f9f829aaa32c212edce23717d117acf5f5,11.85,1.69,24.0,24.0,CLEAN,False,,-0.231,-1,beneficiary outcome direction,-0.84,0,False,jev-1.13.0,a81d6fe5cb25f3daef5f411f04f870a7ec02016b243b501f6d305c4317e1a5db,0.231,,0.231,-1,-1,-1,-1,jev-1.13.0,a22efc1720ad874eeb2412645d0126c143cc30af24c04bc918e1c5c616ffeb08,2227.0,961747f869bf99879303735eab9d65527f193880951c8c028c13d938def86350,,True,True,True,12.0,2009.0,0.14,0.97,1.84,0.27,0.07,0.23,0.07,0.03,0.12,direct_transfer,0.41,0.96,health,1.0,long_run,0.99,0.03,0.08,health_human_capital,0.61,1.94,0.1,0.16,0.84,migrants_minority,0.98,0.02,0.05,0.03,0.02,-2.322787800311565
apep_0753_v1,apep_0753,v1,-0.28,0.186,-4.188,2.777,,14.93,True,ok,Large negative,Conv. store exit rate,binary,DiD,United States,North America,2026-03-22T21:54:16.294665,2005.0,2025.0,,0.0,7.0,7.0,4.0,False,apep_0753/v1/tables/tabF1_sde.tex,The Retail Floor: SNAP Emergency Allotment Expiration and the Resilience of Food Retail Infrastructure,True,pass,pass,10d0d91fdac13d2d6872b81d3db75ec98dbabf710ed5323931ac08c4d13d2fad,18.41,1.58,25.0,25.0,CLEAN,False,,-0.28,0,measurement qualifier: gross_activity,-0.79,0,False,jev-1.13.0,eb4e4604fad9e27bd3d4da99c17d2a1d1e59e1aaded1043a734458351a33386c,,,0.28,0,0,0,-1,jev-1.13.0,94850402d3d3d25f691b1411ecd0731e374564bcea00faa3452b9a19ab67e3b0,3532.0,1e6260b78793c7b948a96c0f99e51c3d2101802a26414a56bfbb6027548bf078,,True,True,True,12.0,2015.0,0.1,0.86,2.12,0.43,0.12,0.27,0.05,0.03,0.1,direct_transfer,0.98,0.89,labour_market,0.76,medium_run,0.71,0.04,0.05,labor_income,0.85,2.43,0.07,0.1,0.81,low_income,0.66,0.02,0.26,0.77,0.15,-1.6820086052689358
apep_0754_v1,apep_0754,v1,0.749,0.68,0.01304,0.01183,,0.0174,True,ok,Large positive,Exit Rate (CS-DiD),binary,DiD,United States,North America,2026-03-22T22:24:11.678863,2019.0,2021.0,,0.0,7.0,7.0,4.0,False,apep_0754/v1/tables/tabF1_sde.tex,From Clicks to Closures? The SNAP Online Purchasing Pilot and Convenience Store Survival,True,pass,pass,4bc1eab6790fc5f824ec4e84f49fb65e74287f85745cd34be8099c156104c846,23.76,1.5,25.0,25.0,CLEAN,False,,0.749,-1,beneficiary outcome direction,-0.74,0,False,jev-1.13.0,379c8f126808befff546856d2542e502d407823be06d10380b67e271ddf75f31,-0.749,,0.749,0,-1,-1,-1,jev-1.13.0,5caf312329f4ba717677346edf67acfaaa7ba0ebff74da17167d5f866899648d,3879.0,2e0e888d183a22b134f3d35c998623b389935daedbfd498450c31d3840caae08,,True,True,True,12.0,2020.0,0.11,0.97,2.1,0.33,0.15,0.11,0.04,0.03,0.11,infrastructure,0.9,0.85,behaviour_compliance,0.49,long_run,0.55,0.04,0.08,labor_income,0.41,2.29,0.09,0.15,0.74,firms_industry,0.49,0.02,0.41,0.71,0.2,-0.3856624808119846
apep_0755_v1,apep_0755,v1,0.297,0.023,12.89,0.99,,43.3,True,ok,Large positive,Global Score (Boundary 1|2),binary,RDD,Colombia,Latin America,2026-03-22T23:10:45.405364,2014.0,2022.0,,0.0,7.0,7.0,5.0,False,apep_0755/v1/tables/tabF1_sde.tex,Does Your Block Determine Your Score? Estrato Boundaries and Educational Sorting in Colombia,True,pass,pass,c7efab206961c5d25b7379ca6e7ade99b1e7b33ec5e6e38712665f24c6fdae4f,19.53,1.58,25.0,25.0,SUSPICIOUS,False,,0.297,1,beneficiary outcome direction,0.84,0,False,jev-1.13.0,d4e25242072b0a5ba3cf44f1a08246e165243516d4c72f614b208762fac63d7a,0.297,,0.297,1,1,1,1,jev-1.13.0,812df21e1185fb352f5d1f5bc0bd48aed173f4ff9c40bf41e0ed29b948dc9c25,3453.0,3ff81ba0cc1824f33dffc76345dda9e8d1d7251d58e5a95829d6fc34148c9dc0,,True,True,True,12.0,2018.0,0.11,0.9,2.8,0.05,0.11,0.68,0.05,0.06,0.97,price,0.95,0.13,education,1.0,long_run,0.68,0.03,0.06,housing_infrastructure,0.67,2.68,0.08,0.13,0.82,low_income,0.43,0.03,0.02,0.02,0.02,-3.7722610630529876
apep_0756_v1,apep_0756,v1,-0.073,0.041,-0.0086,0.0048,,0.1175,True,ok,Moderate negative,Separation Rate,binary,DiD,United States,North America,2026-03-22T22:19:11.508586,2015.0,2020.0,,0.0,7.0,7.0,4.0,False,apep_0756/v1/tables/tabF1_sde.tex,"The Predictability Premium: Fair Workweek Laws, Worker Retention, and the Hiring Freeze",True,pass,pass,841dbed03181b11ea992713405c9e0ba72707c2aa32cace114d66a13088cdf91,28.29,1.52,27.0,27.0,CLEAN,False,,-0.073,-1,beneficiary outcome direction,-0.81,-1,True,jev-1.13.0,85fd56d5362b46feb7795918c54ead51214ff0b2ed14f428bc54b12f3d1a870e,0.073,0.073,0.073,-1,-1,-1,-1,jev-1.13.0,bc671c6a0db78ddd1324b2588d7a5a7ecf698fd391e02874cac42381efcb1eb4,2144.0,fce7190e6430b6d5acf0d5ba33cce5da83da1c8f4556b006d0fd801d1346d6d4,,True,True,True,12.0,2017.5,0.13,0.97,2.16,0.27,0.21,0.15,0.7,0.08,0.09,price,0.78,0.9,labour_market,1.0,long_run,0.48,0.09,0.06,labor_income,1.0,1.63,0.12,0.15,0.81,working_age,0.47,0.02,0.05,0.05,0.11,-3.1941832122778293
apep_0757_v1,apep_0757,v1,0.105,0.019,0.024,0.004,,0.233,True,ok,Moderate positive,Black sep. rate (diff.),binary,DiD,United States,North America,2026-03-22T22:17:37.646047,2010.0,2024.0,,0.0,7.0,7.0,2.0,False,apep_0757/v1/tables/tabF1_sde.tex,The Racial Anatomy of Food Desert Formation: Supermarket Exit and the Disproportionate Displacement of Black Food Retail Workers,True,pass,pass,51ea479b474a6a315ec7326b3d956bb225f817836f3bf60619a3eb48e34d856d,22.79,1.6,25.0,25.0,CLEAN,False,,0.105,-1,beneficiary outcome direction,-0.85,0,False,jev-1.13.0,8efabba2163af23dcb4e8f563df8b7f08ff985e43383fb99b7a9561ba1fe536c,-0.105,,0.105,-1,-1,-1,-1,jev-1.13.0,addba3311651b8f8db411e183e28370b87e519910b8ee47645ac46dc2d3fb84a,3510.0,b99025273e6560816af871c8ffbd54c0bc5d61f18bdaf262edef351f7aed8c3f,,True,True,True,12.0,2017.0,0.1,0.88,1.92,0.16,0.12,0.04,0.04,0.02,0.1,enforcement,0.72,0.95,labour_market,1.0,long_run,0.74,0.04,0.06,labor_income,0.94,1.94,0.07,0.1,0.8,migrants_minority,0.76,0.02,0.06,0.04,0.11,-3.9633162998156966
apep_0758_v1,apep_0758,v1,0.273,0.1141,0.0095,0.004,,0.0347,True,ok,Large positive,SNAP participation rate,binary,DiD,United States,North America,2026-03-22T22:37:35.453199,2005.0,2022.0,,0.0,7.0,7.0,1.0,False,apep_0758/v1/tables/tabF1_sde.tex,Loosening the Gate: SNAP Broad-Based Categorical Eligibility and the Access--Work Effort Tradeoff,True,pass,pass,6771ee8f64914435a03a375e4b64a17e12863540b587670a62392b2daf706cc4,15.64,1.53,25.0,25.0,SUSPICIOUS,False,,0.273,1,beneficiary outcome direction,0.7,0,False,jev-1.13.0,4e382319c50a194612eb1c3aa607654bf2dabd4f1f6b76f14152ca9995608183,0.273,,0.273,1,1,1,1,jev-1.13.0,592c2e690ab518cdfdc66987595cff46a0c14014cdd604d53531daaa75404b20,4561.0,6e3449a8ac36b9ed2bd11a30ffa30def0f99e3eb6c5e87b4f52b345326ede628,,True,True,True,12.0,2013.5,0.11,0.97,1.3,0.3,0.74,0.07,0.03,0.37,0.87,public_provision,0.97,0.17,behaviour_compliance,0.83,long_run,0.58,0.03,0.05,labor_income,0.98,1.84,0.06,0.11,0.83,low_income,1.0,0.02,0.12,0.06,0.52,-2.1706800221141074
apep_0759_v1,apep_0759,v1,-0.1114,0.0949,-10.4096,,,93.484,True,ok,Moderate negative,Offers received,binary,DiD,United States,North America,2026-03-23T01:17:49.584337,,,,0.0,8.0,8.0,4.0,False,apep_0759/v1/tables/tabF1_sde.tex,The Simplification Dividend: Evidence from Federal Procurement Threshold Reform,True,pass,untestable,3d28e93364d53686f4f144ac241358be189aa314555fdd8e2fe91cf59f578ea2,19.19,1.61,24.0,24.0,SUSPICIOUS,False,,-0.1114,1,beneficiary outcome direction,0.59,0,False,jev-1.13.0,181d6b728f0a14f280eca3b1cdeb41f43c8b55f30155720eb81cb1448df65885,-0.1114,,0.1114,0,1,1,1,jev-1.13.0,5b702b34cd0e283bc4bf6f5145445ae3c1209d85384f4e60817bc21cec192cc5,3360.0,1117551c73ec313caa42487f7f3f6b542509bc45c8ea11dbbdffc950ae72db12,,True,True,True,13.0,,0.08,0.97,1.52,0.21,0.33,0.21,0.05,0.09,0.83,other,0.73,0.24,administrative_process,0.48,medium_run,0.88,0.04,0.05,regulation_competition,0.92,1.59,0.06,0.11,0.67,firms_industry,1.0,0.02,0.16,0.9,0.03,-2.354931573366255
apep_0760_v1,apep_0760,v1,-1.574,0.787,-18.551,,,11.79,True,ok,Large negative,FY enforcement Delta%,binary,Event Study,United States,North America,2026-03-22T22:51:40.046044,2012.0,2025.0,,0.0,7.0,7.0,3.0,False,apep_0760/v1/tables/tabF1_sde.tex,"Clearing the Deck: SEC Chair Transitions, Enforcement Vacuums, and the Resilience of Capital Markets",True,pass,untestable,c32cb1c9857514ec22195f700c6219cdff936daf18fa8b1d8a4d2c82314da38d,10.47,1.79,22.0,22.0,SUSPICIOUS,False,,-1.574,0,measurement qualifier: administrative_detection,0.09,0,False,jev-1.13.0,019d5a47aa848038fae63fe5cf4d4202abc84691d5c1bc60fc6162fee6889ac0,,,1.574,0,0,0,0,jev-1.13.0,4b8ab054a0c77fcf29f006a5a35bf9a22527f86d38569edc3d9c434e6479dec7,2227.0,055c62ff6e9cdbf8cc1e990eeb51dd584913721f4308ba6ed7a70a2ca891c515,,True,True,True,12.0,2018.5,0.09,0.34,1.09,0.69,0.7,0.91,0.05,0.04,0.4,enforcement,0.99,0.31,administrative_process,0.57,short_run,0.18,0.09,0.07,finance_governance,0.99,0.96,0.13,0.19,0.74,firms_industry,0.94,0.03,0.97,0.92,0.04,-0.2395270305647338
apep_0761_v1,apep_0761,v1,-0.006,0.123,-0.008,0.161,,1.312,True,ok,Small neg.,FP Emp (Ban),binary,DiD,United States,North America,2026-03-22T23:00:17.178173,,,,0.0,8.0,8.0,4.0,False,apep_0761/v1/tables/tabF1_sde.tex,The Receiving-State Dividend: Healthcare Labor Reallocation After Dobbs,True,pass,pass,8b82030cac50ac7f14ded74f38a4d7d40ff5016921bb1708d72d2cb3d8e1710f,15.41,1.63,22.0,22.0,SUSPICIOUS,False,,-0.006,0,insufficient directional evidence,0.1,0,False,jev-1.13.0,aa84129d6f418f069ac0859ef56173ab992f52291d2fff525a91171303acf51f,,,0.006,0,0,0,0,jev-1.13.0,77d28dec350715ab1d2508d9d58f74406dfcad095deadf7286201398fdb6fbc3,1771.0,2d8c1b211039518d9de3cafea651c9ac9b3f2683710362712bd5f4f82eba0b69,,True,True,True,12.0,,0.12,0.96,1.76,0.43,0.19,0.26,0.08,0.04,0.79,quantity_restriction,1.0,0.69,labour_market,1.0,long_run,0.54,0.04,0.06,health_human_capital,0.44,2.09,0.07,0.09,0.8,firms_industry,0.61,0.02,0.04,0.03,0.07,-2.0955709236097197
apep_0762_v1,apep_0762,v1,-0.1186,0.0705,-0.0649,0.0386,,0.5472,True,ok,Moderate negative,log(ZHVI),binary,DiD,United States,North America,2026-03-22T23:06:07.304443,2000.0,2024.0,,0.0,7.0,7.0,1.0,False,apep_0762/v1/tables/tabF1_sde.tex,Into the Dark: Light Pollution Regulation and the Missing Amenity Premium,True,pass,pass,222e632246bbd6064e0e1e05d6c0e5359f895e6ba6fa853834bb41dbc254a2c7,10.86,1.74,24.0,24.0,CLEAN,False,,-0.1186,1,beneficiary outcome direction,0.61,0,False,jev-1.13.0,2b547b5c517d5b1a749a440cf8c60164eafa5f79401b90f61f86db3d7af13f3e,-0.1186,,0.1186,1,1,1,1,jev-1.13.0,c5019f6c4cfddafbe3d818ae876ec3db56752e428fbd69751414a52f7e9bc880,3045.0,fddf0eea03356e8514ae37f14e35fbcdbf9016a3ed616e2f3323a5a8437cc7f7,,True,True,True,12.0,2012.0,0.1,0.07,1.74,0.08,0.09,0.24,0.04,0.08,0.75,quantity_restriction,0.72,0.14,prices_cost,0.99,long_run,0.98,0.75,0.07,environment_energy,0.67,1.34,0.07,0.15,0.81,general_public,0.98,0.02,0.02,0.05,0.01,-2.652142569163914
apep_0763_v1,apep_0763,v1,-0.0044,0.0085,-0.0046,0.0088,,1.0346,True,ok,Null,New hires (all workers),binary,DiD,United States,North America,2026-03-22T23:26:18.504550,,,,0.0,7.0,7.0,1.0,False,apep_0763/v1/tables/tabF1_sde.tex,When the Safety Net Frays: SNAP Emergency Allotment Expiration and the Labor Supply of Low-Income Workers,True,pass,pass,0812618dedc95d4e2cbb10def97ff5c8eff2f094682bb1fe42838a3b9900eda1,13.28,1.66,21.0,21.0,SUSPICIOUS,False,,-0.0044,1,beneficiary outcome direction,0.68,0,False,jev-1.13.0,c06e012f3997534f450a8d8cfa3446597868df7629c4a9b30e3aab931145cc31,-0.0044,,0.0044,1,1,1,1,jev-1.13.0,f72c76d857e6a09916b45930c9512c25e3b4b0def19a3767159c747844827113,4067.0,37dd8deb9d2ea47e5f3bac2452b4b6986ed3434fae59f2a87905f731d5da38f3,,True,True,True,12.0,,0.14,0.96,1.45,0.26,0.09,0.36,0.04,0.07,0.9,direct_transfer,0.95,0.22,labour_market,1.0,medium_run,0.89,0.05,0.05,labor_income,1.0,1.75,0.07,0.13,0.83,low_income,1.0,0.02,0.05,0.05,0.04,-4.767689115485866
apep_0764_v1,apep_0764,v1,-0.0387,0.0114,-3.5386,1.0463,,0.2495,True,ok,Small negative,Average formal wage (log),continuous,DiD,Brazil,Latin America,2026-03-22T23:27:57.758076,2012.0,2022.0,,0.0,7.0,7.0,3.0,False,apep_0764/v1/tables/tabF1_sde.tex,"The Formalization Paradox: Intermittent Contracts, Wage Compression, and Brazil's 2017 Labor Reform",True,untestable,untestable,e82a263ecbd192e267ce9b63195a9cd57fa58024b5f64a4a75cac36913e6c890,17.93,1.54,25.0,25.0,SUSPICIOUS,False,,-0.0387,1,beneficiary outcome direction,0.87,0,False,jev-1.13.0,9eb94345e6b7421d1e77ae14ba9f2da74f66e8374672efc05ea6acdbdaa12258,-0.0387,,0.0387,0,1,1,1,jev-1.13.0,da320ee2fc588ec6645fb8d2cd77b44d69469a0ed1a91a1af9a6b0c9763c5c43,2413.0,c9165a1584ddbfd64bc4808a548ebb58cc21c910a536d0ad7750ced6068bcb52,,True,True,True,12.0,2017.0,0.09,0.97,2.06,0.06,0.36,0.84,0.09,0.06,0.96,price,0.73,0.09,labour_market,1.0,long_run,0.7,0.67,0.05,labor_income,1.0,2.09,0.06,0.1,0.79,working_age,0.56,0.02,0.02,0.01,0.02,-4.474141923581687
apep_0765_v1,apep_0765,v1,-0.014,0.015,-0.0018,0.0021,,0.135,True,ok,Small negative,Denial rate,binary,DiD,United States,North America,2026-03-22T23:59:52.595020,2018.0,2023.0,,0.0,7.0,7.0,2.0,False,apep_0765/v1/tables/tabF1_sde.tex,Grocery Stores Are Not Lending Signals: Supermarket Exit and the Null Effect on Neighborhood Mortgage Markets,True,pass,pass,6c7b7fe6e4f130f62d322e87047e7641f59447755cfa6d64d52b00b647beb613,10.79,1.6,25.0,25.0,CLEAN,False,,-0.014,-1,beneficiary outcome direction,-0.8999999999999999,0,False,jev-1.13.0,a0239208b952203fc15ea0c1c048d65c00e685dc177b4c38f39eb133f7c5ee9d,0.014,,0.014,-1,-1,-1,-1,jev-1.13.0,6baa62eeae117234e73867a8681041b34eef9a37e7e532f877957023b9d66bec,2354.0,02c2b557a4c5fa43146cc009bd0c38173fd2eb383e0ec7b9b498036b74b269e6,,True,True,True,12.0,2020.5,0.13,0.91,1.19,0.15,0.08,0.04,0.04,0.03,0.06,quantity_restriction,0.28,0.96,other,0.34,long_run,0.43,0.05,0.06,regulation_competition,0.29,1.57,0.09,0.9,0.83,low_income,0.94,0.02,0.22,0.81,0.12,-4.199705077879927
apep_0766_v1,apep_0766,v1,-0.0237,0.0305,-0.321,0.413,,13.53,True,ok,Small negative,"IMR (pooled, 5 cutoffs)",binary,RDD,Brazil,Latin America,2026-03-22T23:43:42.345445,2001.0,2020.0,,0.0,7.0,7.0,6.0,False,apep_0766/v1/tables/tabF1_sde.tex,The Oversight Illusion: Council Size Thresholds and Infant Mortality in Brazil,True,pass,pass,a6c5aa9896f39752ec77a038ee4e0fc8db41996eb8f05bb1a28a4700357e9ee2,20.54,1.35,25.0,25.0,SUSPICIOUS,False,,-0.0237,-1,beneficiary outcome direction,-0.92,0,False,jev-1.13.0,64504ed977895ef9ff731e6b0f65dfd2c43955189a60f9884de2bd3c5d8a91d2,0.0237,,0.0237,-1,-1,-1,-1,jev-1.13.0,3b551d5e30f7cca14709866d710ad291eb1538a59183df503ee9030f6c4f732c,3391.0,11a85e3d7bd4706a38a81aa43a2e385e1dd24ff88e3bbac3fff08f22a3ec3e90,,True,True,True,12.0,2010.5,0.11,0.98,3.0,0.06,0.08,0.07,0.14,0.07,0.06,enforcement,0.61,0.98,health,1.0,long_run,0.39,0.03,0.06,health_human_capital,0.64,1.51,0.07,0.14,0.5,children_youth,0.78,0.02,0.04,0.02,0.02,-3.4900285953687713
apep_0767_v1,apep_0767,v1,0.0229,0.0889,0.001,0.004,,0.0454,True,ok,Small positive,Turnover Rate,binary,DiD,United States,North America,2026-03-22T23:56:09.809599,2000.0,2019.0,,0.0,7.0,7.0,4.0,False,apep_0767/v1/tables/tabF1_sde.tex,The Missing Reporting Tax: SNAP Simplified Reporting and Low-Wage Labor Market Fluidity,True,pass,pass,90fb07fef7aedaa1afd4dfe17c06bd702bd6d513be5df4dace2ed87b46697efd,20.15,1.55,24.0,24.0,SUSPICIOUS,False,,0.0229,1,beneficiary outcome direction,0.2499999999999999,0,False,jev-1.13.0,de4d3ea463ceddb1cb3c80e1bdb056a34f71dacc1708dbac2d0978d2cdf8694a,0.0229,,0.0229,0,0,0,1,jev-1.13.0,62f9bcaab5c25cbb358fe001842314309009700458fb6e3c8ed272edfb98431f,3230.0,cbe94f294661d4db3227c0c1804df8a9ed9ff8027cd05a0087e16235a3d9bc69,,True,True,True,12.0,2009.5,0.12,0.97,1.78,0.7,0.1,0.08,0.08,0.1,0.59,price,0.34,0.34,labour_market,1.0,long_run,0.32,0.27,0.16,labor_income,1.0,1.88,0.08,0.9,0.8,low_income,1.0,0.02,0.05,0.03,0.13,-2.420243136462278
apep_0768_v1,apep_0768,v1,0.119,0.044,0.22,0.082,,1.856,True,ok,Moderate positive,Log emp. (all),binary,DiD,United States,North America,2026-03-23T03:01:17.903618,2001.0,2024.0,,0.0,7.0,7.0,4.0,False,apep_0768/v1/tables/tabF1_sde.tex,"Lights, Camera, Bias: Film Production Tax Credits and the TWFE Sign Flip",True,pass,pass,1c7da1370c0bb93c65bf15742187c4048a4b65f2cadc5601f22c7dcbfba34bd9,23.93,1.61,22.0,22.0,SUSPICIOUS,False,,0.119,1,beneficiary outcome direction,0.79,0,False,jev-1.13.0,f337e66cf93636ab081b7f528ce36088752073d00de0527d37d26670b5095ca5,0.119,,0.119,1,1,1,1,jev-1.13.0,61d829ed36588306a67049908cddecaaefca42d4acfb7adea079f095024e3556,2023.0,e1e105512d3f71d5bb1b96fe1860bb95f9bfb52de9015f76f2920c3cb3c2868a,,True,True,True,13.0,2012.5,0.15,0.96,1.94,0.09,0.16,0.1,0.03,0.26,0.93,price,1.0,0.14,labour_market,1.0,long_run,0.81,0.05,0.07,taxation_prices,0.86,2.0,0.08,0.19,0.87,firms_industry,0.99,0.02,0.04,0.02,0.05,-3.123565645063876
apep_0771_v1,apep_0771,v1,-0.0006,0.0009,-0.00102,0.00176,,1.853,True,ok,Null,Education Emp.,continuous,DiD,United States,North America,2026-03-23T00:48:57.784067,2013.0,2018.0,,0.0,7.0,7.0,6.0,False,apep_0771/v1/tables/tabF1_sde.tex,When the Campus Goes Dark: For-Profit College Closures and Local Labor Market Adjustment,True,untestable,untestable,6ffcd41e9a331c0ce5855eb469fe0842d95407766c361c30e3c9190b2e72b780,15.94,1.54,24.0,24.0,SUSPICIOUS,False,,-0.0006,1,beneficiary outcome direction,0.7,0,False,jev-1.13.0,76d590d6072c4dd00768284eb791ade0dab5430d0743a78b10633b4422c06a05,-0.0006,,0.0006,0,1,1,1,jev-1.13.0,64fc7b8eedc5f456d5dc85d48450004d6951c2224b262d4f868b96021628fae6,3600.0,39072d2c8c1cbafae45c8ec6baa6ff6ef5089f3c4d388cb1b617d4b99babd674,,True,True,True,13.0,2015.5,0.09,0.97,2.56,0.12,0.14,0.04,0.05,0.04,0.94,enforcement,1.0,0.24,labour_market,1.0,long_run,0.89,0.87,0.07,regulation_competition,0.81,2.2,0.07,0.41,0.81,firms_industry,0.79,0.02,0.03,0.02,0.06,-7.013115794639964
apep_0772_v1,apep_0772,v1,0.0364,0.0204,0.0854,0.0479,,2.3486,True,ok,Small positive,ln(Employment),binary,Event Study,United States,North America,2026-03-23T01:23:07.799552,,,,0.0,7.0,7.0,4.0,False,apep_0772/v1/tables/tabF1_sde.tex,The Progressive Bundle: Fair Workweek Laws and Racial Employment Convergence in Food Service,True,pass,pass,b019af189f774a91f0855c4ea85fba7d925cb001744407d2accdf981f2bb3f34,15.62,1.61,22.0,22.0,SUSPICIOUS,False,,0.0364,1,beneficiary outcome direction,0.84,0,False,jev-1.13.0,7bdc1645d35c1850b32dbf8b1e12cf0649847efc765ede8f242ee405eec185cf,0.0364,,0.0364,1,1,1,1,jev-1.13.0,64a58e148d4f8e3e312f4f2a9403ff0fe0382eb77589b615d21ca843a8fdf8fb,3284.0,e2cd2e2a040fc65fd52a67ce2a7e718a4fde3d7effeea2105d7cf42eaf5a84ed,,True,True,True,13.0,,0.33,0.96,2.65,0.16,0.45,0.28,0.08,0.32,0.95,price,0.63,0.11,labour_market,1.0,long_run,0.48,0.09,0.9,labor_income,1.0,1.75,0.94,0.97,0.81,migrants_minority,0.91,0.03,0.03,0.02,0.04,-3.892220378131966
apep_0774_v1,apep_0774,v1,-0.0628,0.0031,-0.0878,0.0043,,1.4,True,ok,Moderate negative,Log employees,binary,DiD,United States,North America,2026-03-23T04:40:22.102307,,,,0.0,7.0,7.0,2.0,False,apep_0774/v1/tables/tabF1_sde.tex,Do Miners Vote with Their Feet? Safety Inspections and the Worker Information Channel in U.S.\ Mining,True,pass,pass,c1878b42a20ac9c1abd0176a8a00afb827b1c9564725fb4b7e7bfafdb26e5ad0,24.0,1.59,25.0,25.0,SUSPICIOUS,False,,-0.0628,1,beneficiary outcome direction,0.35,0,False,jev-1.13.0,1c73c957707004820ab3bf9e9a35bb64d691a4c4ebb082368d5d1ea4fac9355d,-0.0628,,0.0628,0,0,0,1,jev-1.13.0,30ea698ec0ca27108a04f8bb2247fde0033e5d21961f89a20ee45eb079b1ca98,3860.0,45bbc439546165ea069dc340dbefba5f1451faaf85e5ca2e0242a01ccbb8ce67,,True,True,True,13.0,,0.1,0.98,1.6,0.42,0.11,0.03,0.04,0.04,0.88,information,0.99,0.53,labour_market,1.0,long_run,0.36,0.03,0.17,labor_income,0.68,2.39,0.07,0.11,0.78,working_age,0.82,0.03,0.05,0.04,0.02,-5.7763531674910364
apep_0775_v1,apep_0775,v1,-0.024,0.0142,-0.0253,0.015,,1.05,True,ok,Small negative,Employment (<HS),binary,Event Study,United States,North America,2026-03-23T07:40:22.971462,2015.0,2019.0,,0.0,7.0,7.0,3.0,False,apep_0775/v1/tables/tabF1_sde.tex,Feeding Reentry: SNAP Drug Felon Ban Rollbacks and the Income Effect on Low-Education Employment,True,pass,pass,eeaa3792dd62dd517bc0b524e0332b2d186a825ff2468f62e8f5aafbc58cf909,18.19,1.39,25.0,25.0,CLEAN,False,,-0.024,1,beneficiary outcome direction,0.55,0,False,jev-1.13.0,bcd4d9bbaf0864d899f8bfbd8c3f1b49afd35efce67a95f583ad2ac8e547d0ac,-0.024,,0.024,0,1,0,1,jev-1.13.0,d849e112a094d4610bccc17d6e0e6ab6a86ab6bdade16cb09b8eaadc28e2c353,4004.0,ef330d9190efbcf3b680fc4d451f5e346618843eadf1fd75f18fc6e315cc65c2,,True,True,True,13.0,2017.0,0.14,0.96,2.03,0.08,0.11,0.34,0.06,0.28,0.96,direct_transfer,0.52,0.41,labour_market,1.0,long_run,0.54,0.04,0.73,labor_income,1.0,1.64,0.9,0.4,0.83,low_income,0.39,0.02,0.04,0.02,0.07,-4.254513314374922
apep_0776_v1,apep_0776,v1,-0.0468,0.0259,-0.01496,0.00828,,0.32,True,ok,Small negative,All-cause mortality (55--64),continuous,DiD,Italy,Western Europe,2026-03-23T05:16:32.483721,2010.0,2014.0,,0.0,7.0,7.0,4.0,False,apep_0776/v1/tables/tabF1_sde.tex,Working Themselves to Death? Italy's Fornero Pension Reform and Age-Specific Mortality,True,untestable,untestable,3375e902e09696608ee07dfc95fe70ed8f4cdaa309de2f978080885f2c01b5b3,23.8,1.72,22.0,22.0,SUSPICIOUS,False,,-0.0468,-1,beneficiary outcome direction,-0.91,0,False,jev-1.13.0,a619508bac7b9099cd79ac6e23b3f657cbd99cb33e64f84cfc82f33746629259,0.0468,,0.0468,-1,-1,-1,-1,jev-1.13.0,884ca58cf45dabf4be9bb3f5c6df0def9d151510b82b748024581c9fd1e2536b,3393.0,440e74d1e709697bc0a65dd1bf52024c98e482c98f68370f5ae8c54d90d0c63a,,True,True,True,13.0,2012.0,0.1,0.97,1.57,0.11,0.08,0.97,0.04,0.02,0.07,public_provision,0.63,0.98,health,1.0,long_run,0.98,0.03,0.06,labor_income,1.0,2.26,0.07,0.09,0.83,elderly_retired,0.75,0.02,0.03,0.01,0.02,-3.653512310276645
apep_0777_v1,apep_0777,v1,0.092,0.187,0.0095,0.0191,,0.102,True,ok,Moderate positive,Enrollment (pooled DiD),binary,DiD,United States,North America,2026-03-23T07:41:54.810360,2023.0,2024.0,,0.0,7.0,7.0,2.0,False,apep_0777/v1/tables/tabF1_sde.tex,The SNAP Buffer: Cross-Program Data Coordination and Medicaid Enrollment Resilience During the 2023--2024 Unwinding,True,pass,pass,99ae4a2cd4cf86b8d805d5c910934a541858e25028a6d72f46297bde0c1aa14d,12.67,1.63,20.0,20.0,CLEAN,False,,0.092,1,beneficiary outcome direction,0.84,1,True,jev-1.13.0,886ab646ca042646c30cf35ee6c8a583e0a69de080d97685c775e3f9b11d3e63,0.092,0.092,0.092,1,1,1,1,jev-1.13.0,9affdcba99daff7331b2087d8737249e3e0c0b1a3065a313f395de76aa6f4e0f,3450.0,3988e224236655a778eb95423be98214528ee7ba256336338e984225de9a8e1d,,True,True,True,13.0,2023.5,0.08,0.98,1.34,0.06,0.84,0.12,0.19,0.61,0.94,infrastructure,0.5,0.1,behaviour_compliance,0.45,long_run,0.46,0.03,0.05,health_human_capital,0.96,1.65,0.05,0.08,0.82,low_income,1.0,0.02,0.06,0.08,0.11,-1.6766466621275504
apep_0778_v1,apep_0778,v1,0.1512,0.1615,0.0052,0.0056,,0.0346,True,ok,Large positive,SNAP rate,binary,DiD,United States,North America,2026-03-23T07:50:54.369478,2005.0,2023.0,,0.0,7.0,7.0,1.0,False,apep_0778/v1/tables/tabF1_sde.tex,The SNAP Bridge: Transitional Benefits and the Welfare Cliff,True,pass,pass,324d9c6f027bf1893724e5964834cad896faed941780dc9a245ca543e6970f1a,9.14,1.65,28.0,28.0,SUSPICIOUS,False,,0.1512,1,beneficiary outcome direction,0.8300000000000001,1,True,jev-1.13.0,19af23f474e30576accefca4a549cb6c508cf0e9633fe66ea5e2c91f193a0f07,0.1512,0.1512,0.1512,1,1,1,1,jev-1.13.0,7dbd6bc52fa23f6b77cf888d873c1c173a5166df91e551e059680859e73ccf84,3546.0,1e5a1c9d7f9bf4f817a4edb2c8eb8d36b0ea45278320c4ed5a8ea142c62dca9b,,True,True,True,13.0,2014.0,0.12,0.96,1.82,0.09,0.68,0.34,0.05,0.63,0.93,public_provision,0.98,0.1,behaviour_compliance,0.93,short_run,0.56,0.03,0.07,labor_income,0.83,1.26,0.08,0.17,0.84,low_income,1.0,0.02,0.12,0.06,0.47,-1.8232501363194258
apep_0779_v1,apep_0779,v1,0.027,0.022,0.0016,0.0013,,0.0596,True,ok,Small positive,Separation rate,binary,Event Study,United States,North America,2026-03-23T08:03:38.316186,1995.0,2022.0,,0.0,7.0,7.0,4.0,False,apep_0779/v1/tables/tabF1_sde.tex,Pumping the Pipeline: State Lactation Accommodation Laws and Maternal Employment Retention,True,pass,pass,c657dd65523f5087dca0547a6f2906fd839ac33c59b3f5c3c7093e8a4fba4db0,13.4,1.53,26.0,26.0,SUSPICIOUS,False,,0.027,-1,beneficiary outcome direction,-0.8400000000000001,-1,True,jev-1.13.0,f27a05b19ff0e821559b31fa65b8f5ea16d7850ebca1e086a2f3490b3fb1cb2e,-0.027,-0.027,0.027,-1,-1,-1,-1,jev-1.13.0,1d450a68952d7b26bd59b02c67e16d1ee750ff29fb4284282d9dc390640d85bf,3638.0,9482eefb475227837f6351e0909b7bcfc6eb0fc9bf9bd0a4aed46c9558609bef,,True,True,True,13.0,2008.5,0.11,0.97,2.1,0.25,0.22,0.12,0.63,0.13,0.08,other,0.34,0.92,labour_market,1.0,long_run,0.75,0.06,0.08,labor_income,0.97,1.81,0.12,0.17,0.76,working_age,1.0,0.02,0.06,0.07,0.13,-3.816712825623821
apep_0780_v1,apep_0780,v1,0.0548,0.089,0.0489,,,0.892,True,ok,Moderate positive,Log violent crime,binary,DiD,United Kingdom,Western Europe,2026-03-23T08:48:18.972227,2014.0,2023.0,,0.0,8.0,8.0,4.0,False,apep_0780/v1/tables/tabF1_sde.tex,Last Orders for Crime? Cumulative Impact Assessments and Alcohol-Related Violence in England,True,pass,untestable,e20f862028d31e5aa4528cb761484b5bb0f91f5a8399a06e85540e0509984f9b,7.53,1.99,21.0,21.0,SUSPICIOUS,False,,0.0548,0,measurement qualifier: administrative_detection,-0.8700000000000001,-1,False,jev-1.13.0,b914144b367077f270a6f812fea2858677d8621a377c6ca0d05240bee2ab986b,,-0.0548,0.0548,-1,-1,0,-1,jev-1.13.0,6487e644f9b8c3fed4c979839f27bd25b2be215bfd6dd7a368663770557efa25,3639.0,ee54083f712d678d6cab5eb84ad912549db441a7365e791e443c1c2a9adc0c24,,True,True,True,13.0,2018.5,0.12,0.96,1.21,0.43,0.12,0.09,0.57,0.03,0.06,quantity_restriction,0.99,0.93,crime_safety,1.0,long_run,0.9,0.03,0.06,regulation_competition,0.87,1.84,0.08,0.12,0.84,firms_industry,0.73,0.02,0.81,0.23,0.02,-2.419118909249997
apep_0781_v1,apep_0781,v1,0.0027,0.0188,0.0026,0.018,,0.9554,True,ok,Null,Separations (Low-Wage),binary,Event Study,United States,North America,2026-03-23T09:07:20.820842,,,,0.0,8.0,8.0,4.0,False,apep_0781/v1/tables/tabF1_sde.tex,The Layoff Tax That Doesn't Bite: UI Wage Base Increases and the Employer Separation Margin,True,pass,pass,620394977d027bf1e0c7e9b973beb23d1be2d75edbdf45bb1e3be10afdbb0408,17.04,1.53,26.0,26.0,SUSPICIOUS,False,,0.0027,-1,beneficiary outcome direction,-0.59,0,False,jev-1.13.0,5a754e41753aeefcbf5323084ab06c521c08c2b7a0d3a2c5cabcfccfdc52f6d5,-0.0027,,0.0027,0,0,-1,-1,jev-1.13.0,79543c8004bfbca82480662aefcef596407c1735e3b6ea4936e9d7f22d00c024,916.0,3492551a22a3df7fc649882ac36918651c786e7691164ea45fde19a87892a5ef,,True,True,True,13.0,,0.13,0.95,1.86,0.52,0.33,0.4,0.2,0.09,0.11,price,1.0,0.7,labour_market,1.0,long_run,0.75,0.05,0.08,labor_income,0.97,1.88,0.12,0.27,0.78,firms_industry,0.82,0.02,0.05,0.15,0.07,-3.9738984091462335
apep_0782_v1,apep_0782,v1,-0.0103,0.0041,-0.0367,,9.47,33.58,True,ok,Small negative,Injury rate,continuous,DiD,United States,North America,2026-03-23T10:04:25.375975,2004.0,2006.0,,0.0,8.0,8.0,2.0,False,apep_0782/v1/tables/tabF1_sde.tex,The Price of Safety: MSHA's 2007 Penalty Reform and Mine Injury Deterrence,True,pass,untestable,5076e3ff6330720b04835ae8a36dc379bb079f82f89efab0cdc10b74fb64d693,26.15,1.43,26.0,26.0,SUSPICIOUS,False,,-0.0103,-1,beneficiary outcome direction,-0.93,-1,True,jev-1.13.0,fdc2dc61f5fdf40c48d55c5edb73859b6548cec2cf8e815a0e199115e7b48429,0.0103,0.0103,0.0103,-1,-1,-1,-1,jev-1.13.0,6194b9011776ab0d6fe7112ce3cc89a11cf9ae519309ad242357b86815f2cbfe,3211.0,c2cd459e81d0a43029f62c31bc989eef933b79e4e49dcb30758dee178bb1dd2b,,True,True,True,13.0,2005.0,0.11,0.98,1.55,0.08,0.33,0.04,0.58,0.03,0.04,enforcement,1.0,0.97,crime_safety,0.99,medium_run,0.43,0.03,0.05,regulation_competition,0.82,2.83,0.06,0.11,0.74,firms_industry,0.93,0.02,0.06,0.04,0.02,-5.496768305271875
apep_0783_v1,apep_0783,v1,-0.0496,0.0113,-0.0771,0.0176,,1.554,True,ok,Small negative,Binary DiD,binary,DiD,United States,North America,2026-03-23T10:23:16.316502,2012.0,2015.0,,0.0,7.0,7.0,4.0,False,apep_0783/v1/tables/tabF1_sde.tex,When the Window Closes: Post Office Hours Reductions and Rural Business Formation,True,pass,pass,7ad759369fff0851fe614595fa36f4a514d8ce77a73c063003329fe9d6c9bf6f,25.8,1.54,23.0,23.0,SUSPICIOUS,False,,-0.0496,1,beneficiary outcome direction,0.49,0,False,jev-1.13.0,e70424e55f42ee4d456cfb11c00f6cd911193051d0ad9a503dff35f55e57b835,-0.0496,,0.0496,0,0,1,1,jev-1.13.0,46eb9ffe481c502d9a8317262f85873bbcc047f5b2691f91d1f4ee28466fc251,2820.0,95a6bb492082d6f9acfc821ab58b9687fa73ed11dcd60c936e34b0ed54657fb5,,True,True,True,13.0,2013.5,0.11,0.97,1.43,0.14,0.09,0.08,0.06,0.03,0.84,quantity_restriction,0.39,0.35,labour_market,1.0,long_run,0.69,0.04,0.05,housing_infrastructure,0.77,2.05,0.06,0.16,0.77,firms_industry,0.79,0.03,0.07,0.88,0.03,-4.482952553263842
apep_0784_v1,apep_0784,v1,-0.0498,0.0136,-0.348,0.095,,6.991,True,ok,Small negative,TRC Rate,binary,DiD,United States,North America,2026-03-23T10:23:28.010854,2016.0,2023.0,,0.0,8.0,8.0,3.0,False,apep_0784/v1/tables/tabF1_sde.tex,The Climate Enforcement Gap: Evidence from OSHA's Heat National Emphasis Program,True,pass,pass,c0fc74ed6ffd50efedf8b9dfc13da5b3447f7d8173546645e4d094f89c8bd085,21.06,1.47,23.0,23.0,CLEAN,False,,-0.0498,-1,beneficiary outcome direction,-0.91,0,False,jev-1.13.0,fa57e295958565a72d40847aac92d8c506d7340333b1f7f9af0ce165a146c7cc,0.0498,,0.0498,-1,-1,-1,-1,jev-1.13.0,19d028f2f20844db4501166a64c68c0dc9be6affbfd24d89188a59c9500d6fb3,4095.0,4d44c17e2c424dbfde18dc5b850d275044790e3a774b1151af9fd544d2244ce8,,True,True,True,13.0,2019.5,0.14,0.98,1.39,0.09,0.5,0.07,0.42,0.05,0.06,enforcement,1.0,0.97,crime_safety,0.91,medium_run,0.46,0.05,0.06,regulation_competition,0.53,1.97,0.07,0.12,0.77,firms_industry,0.74,0.02,0.1,0.06,0.02,-4.29768548624013
apep_0785_v1,apep_0785,v1,0.0186,0.0257,0.012,0.0165,,0.6417,True,ok,Small positive,Log ZHVI (CS-DR),binary,DiD,United States,North America,2026-03-23T10:28:21.293897,2000.0,2024.0,,0.0,7.0,7.0,3.0,False,apep_0785/v1/tables/tabF1_sde.tex,The Silence That Didn't Pay: Quiet Zone Designations and the Missing Noise Capitalization,True,pass,pass,85ab3183b42e8d2a1487e9eac6ce002bef4ad249a5bb92589f73573fa0be1b64,16.62,1.81,21.0,21.0,SUSPICIOUS,False,,0.0186,1,beneficiary outcome direction,0.6599999999999999,0,False,jev-1.13.0,b24a92b4017f693cfea4d0b73ba940251254e5667898833a42442b9056e087d9,0.0186,,0.0186,1,1,1,1,jev-1.13.0,177632c4aedfcdcd5e5ec788fc895032d1abe4c262705ac3fbf6ecceb2167426,4085.0,e0223ede9216f89004f18ac8208e8d6cb08cde5ae8a7524799be6ca14e840c05,,True,True,True,13.0,2012.0,0.08,0.76,1.67,0.07,0.11,0.03,0.05,0.09,0.85,quantity_restriction,0.55,0.19,prices_cost,0.98,long_run,0.89,0.61,0.06,housing_infrastructure,0.94,1.41,0.06,0.1,0.87,general_public,0.99,0.02,0.02,0.05,0.02,-3.661264287080963
apep_0786_v1,apep_0786,v1,0.122,0.075,0.0181,0.0111,,0.1482,True,ok,Moderate positive,Black--White denial gap,binary,DiD,United States,North America,2026-03-23T10:50:31.048717,2018.0,2022.0,,0.0,7.0,7.0,3.0,False,apep_0786/v1/tables/tabF1_sde.tex,The Detection Gap: Reporting Exemptions and Racial Disparities in Mortgage Lending,True,pass,pass,ef757dd84b8e529fb9e521917151c20207a974e4f07a823ea6e045b8d4ed2b29,15.54,1.67,25.0,25.0,SUSPICIOUS,False,,0.122,-1,beneficiary outcome direction,-0.8200000000000001,0,False,jev-1.13.0,5605d946fa1a1dc422aed4e46b0d0fe726efcdac4119b91872dfc3d220673346,-0.122,,0.122,-1,-1,-1,-1,jev-1.13.0,c4eae4fd67fca172786c20a8abe96460a4936d68811f07667985055efee78584,3352.0,eeae29b8907f0a587ea80a5ab31f34d5e2b9d40413b85d77a879e3ddfacf01cc,,True,True,True,13.0,2020.0,0.11,0.98,1.3,0.09,0.18,0.12,0.08,0.03,0.11,information,0.7,0.93,other,0.4,medium_run,1.0,0.04,0.06,finance_governance,0.97,1.67,0.06,0.1,0.78,firms_industry,0.76,0.02,0.07,0.35,0.1,-2.5902671654458267
apep_0787_v1,apep_0787,v1,-0.3106,0.4264,-0.2619,0.3595,,0.8433,True,ok,Large negative,Total case rate,binary,DiD,United States,North America,2026-03-23T10:39:00.617851,2017.0,2023.0,,0.0,7.0,7.0,3.0,False,apep_0787/v1/tables/tabF1_sde.tex,"Working Sick, Getting Hurt? Paid Sick Leave Mandates and Workplace Injury Rates",True,pass,pass,ea2d23f147f422bb997a56c2df0b1a65ead5fbf51cf0aed6c9962520a0d9b861,14.42,1.51,24.0,24.0,CLEAN,False,,-0.3106,-1,beneficiary outcome direction,-0.8999999999999999,0,False,jev-1.13.0,b9a963e2429b26a2893ec7afe07927a86c7d053a39ce484b9b7ee89ff3290130,0.3106,,0.3106,-1,-1,-1,-1,jev-1.13.0,2d52f971978cdd8be6cd3bce358c6392e0cb081e58d292152511042dc406e90b,2342.0,2f10a52f2fbfb6d8abe6c5ffca9f9285075be640572e81bd3bbcdc8526c5bd10,,True,True,True,13.0,2020.0,0.13,0.97,2.0,0.15,0.14,0.17,0.32,0.07,0.06,price,0.48,0.96,crime_safety,0.93,long_run,0.57,0.03,0.07,labor_income,0.97,1.97,0.09,0.12,0.85,working_age,0.85,0.02,0.38,0.27,0.02,-0.8523774061305023
apep_0788_v1,apep_0788,v1,0.15,0.154,0.396,0.405,,2.632,True,ok,Large positive,CBAM Deflection (DDD),binary,DiD,European Union and non-EU destinations,North America,2026-03-23T10:49:22.437904,,,,0.0,7.0,7.0,3.0,False,apep_0788/v1/tables/tabF1_sde.tex,Where Did the Carbon Go? No Evidence of Trade Deflection from the EU's Carbon Border Adjustment Mechanism,True,pass,pass,e5f3ca801e1b853252ce348626106e3311b335f0a446ef174afb9b3778447ae3,18.38,1.44,23.0,23.0,CLEAN,False,,0.15,0,measurement qualifier: gross_activity,0.1499999999999999,0,False,jev-1.13.0,7a7dcaaddfd2676a292f567d79e8dd298ead8df04e580dd78db1185b9f862f11,,,0.15,0,0,0,0,jev-1.13.0,b80cd44bdb91c19af2a8786359a98f05d13f2b37f409e0000954281719726fb0,2114.0,5586cf9720e61a96f1709638315251c2780fda0498b99559f63367cadb445fe4,,True,True,True,13.0,,0.11,0.88,2.15,0.52,0.33,0.81,0.14,0.09,0.57,information,0.93,0.42,other,0.77,medium_run,0.93,0.54,0.55,environment_energy,0.56,1.3,0.81,0.23,0.7,firms_industry,1.0,0.02,0.04,0.91,0.08,-1.870802676568508
apep_0789_v1,apep_0789,v1,-0.301,0.145,-0.597,0.288,,1.981,True,ok,Large negative,Mean price,binary,DiD,Japan,East Asia,2026-03-23T10:41:11.540726,,,,0.0,7.0,7.0,4.0,False,apep_0789/v1/tables/tabF1_sde.tex,The Restart Deficit: Asymmetric Price Effects of Nuclear Reactor Restarts in Japan,True,pass,pass,63790e3449465a02b2ea4a90aef0e59d844252037bf866f383db40f5dda9e453,23.48,1.33,27.0,27.0,SUSPICIOUS,False,,-0.301,-1,beneficiary outcome direction,-0.5299999999999999,0,False,jev-1.13.0,8d584613a47c1649311964a3f7a7e00d6ba2ffda499eac625caf1eaabbfdd2b3,0.301,,0.301,-1,-1,-1,-1,jev-1.13.0,39657668df4d48ec12acca6ef2cffe9cc81c13b1bf662f691e99804adf42bd2a,3614.0,3363fc40ba0627aa1cfe53f7ce26c6efe732c0bcb1222ff36ca0470e84853d93,,True,True,True,13.0,,0.17,0.37,2.04,0.12,0.43,0.94,0.11,0.04,0.17,infrastructure,0.49,0.7,prices_cost,1.0,long_run,0.94,0.94,0.06,environment_energy,0.97,1.83,0.07,0.14,0.79,general_public,0.61,0.02,0.02,0.1,0.01,-1.9310215365615626
apep_0790_v1,apep_0790,v1,0.333,0.27,1.88,1.523,,5.644,True,ok,Large positive,Excess PM2.5,binary,DiD,United States,North America,2026-03-23T11:15:15.486990,2003.0,2023.0,,0.0,7.0,7.0,1.0,False,apep_0790/v1/tables/tabF1_sde.tex,Sparks and Smog: The Air Quality Cost of Fireworks Deregulation,True,pass,pass,0f0e351dc48ffd59df04720672cd56a30686595911944bb84de3a00abcfeb0ca,10.63,1.99,26.0,26.0,SUSPICIOUS,False,,0.333,-1,beneficiary outcome direction,-0.93,0,False,jev-1.13.0,3a5d582a699b1908b76d36cac14a8e5de233828969d2328a90773fe51aa0b258,-0.333,,0.333,-1,-1,-1,-1,jev-1.13.0,a0f55b4b84e9484ad7e2fc8dc90af74b62796674da7e4d3e3a15639f531ca73f,2632.0,803165c2fe79b894867697e3ac51b0bbfa6b61e928509003b57c294367155e8f,,True,True,True,13.0,2013.0,0.13,0.97,2.07,0.19,0.09,0.66,0.07,0.03,0.05,quantity_restriction,0.82,0.98,environment,1.0,short_run,0.69,0.02,0.08,environment_energy,0.61,1.93,0.09,0.21,0.81,general_public,0.99,0.02,0.02,0.04,0.01,-1.3093333199837622
apep_0791_v1,apep_0791,v1,0.023,0.0072,0.007,0.0022,,0.3024,True,ok,Small positive,Minority Share,binary,DiD,United States,North America,2026-03-23T11:02:08.283684,2015.0,2018.0,,0.0,7.0,7.0,3.0,False,apep_0791/v1/tables/tabF1_sde.tex,The Credential Equity Trap That Wasn't: For-Profit Regulation and Minority Attainment,True,pass,pass,d5fd23dcdba36de9532144c7f784102fa24314e48aa8dda1392533ad0ecc4fbd,18.03,1.36,30.0,30.0,SUSPICIOUS,False,,0.023,0,measurement qualifier: group_composition,0.41,0,False,jev-1.13.0,20ef9c6adec0223ecf13c67024d48696416ff8ea788c2d8b06cd6f5a791246dd,,,0.023,0,0,0,1,jev-1.13.0,2ededb84f1da3c89053f47b9be9516e4d037c21cf873c8fcfc1607d0ce4d6ebe,3341.0,c3efd5eb142a9770075da902274948841d82cd53e9475b98a14d69ed880da08b,,True,True,True,13.0,2016.5,0.34,0.97,1.37,0.43,0.16,0.04,0.07,0.05,0.65,public_provision,0.7,0.24,education,1.0,long_run,0.82,0.03,0.22,health_human_capital,0.64,2.02,0.08,0.29,0.82,migrants_minority,0.47,0.02,0.05,0.18,0.96,-4.933674252960127
apep_0792_v1,apep_0792,v1,-1.01,0.404,-1.217,0.488,,1.206,True,ok,Large negative,Total exports,continuous,DiD,Colombia,Latin America,2026-03-23T11:01:26.977314,2010.0,2014.0,,0.0,7.0,7.0,4.0,False,apep_0792/v1/tables/tabF1_sde.tex,No New Customers: Export Collapse Without Diversification in the Colombia--Venezuela Trade Crisis,True,untestable,untestable,d8eef35eb3bbb7b4f6be53d4fadfd4cadc6fc7fb1bec5d9a699764988b912906,16.1,1.5,26.0,26.0,CLEAN,False,,-1.01,1,beneficiary outcome direction,0.78,0,False,jev-1.13.0,930d2412e98cd0468f9c0d89a1e69c53c60bc239bd45d9f2ae67967a8b125c06,-1.01,,1.01,0,1,1,1,jev-1.13.0,bddd0a547be6c0cb32689cced37ea9c23292f399c8f45e8e880450bcdbc4f27a,2392.0,9bb499b417b92dcd2818a8b0d261ad50e685604d5a9b03622154176b76d4214d,,True,True,True,13.0,2012.0,0.1,0.78,1.69,0.1,0.23,0.97,0.03,0.04,0.9,quantity_restriction,0.38,0.12,other,0.98,long_run,1.0,0.55,0.05,regulation_competition,0.91,2.81,0.06,0.09,0.76,firms_industry,1.0,0.02,0.03,0.34,0.06,-0.9063404010209869
apep_0793_v1,apep_0793,v1,1.991,0.69,1.662,0.576,2.16,1.8,True,ok,Large positive,Info Sector Employment,continuous,IV,United States,North America,2026-03-23T11:02:13.273868,2009.0,2022.0,,0.0,8.0,8.0,4.0,False,apep_0793/v1/tables/tabF1_sde.tex,The Innovation Supply Chain: STEM Degree Expansion and Local Technology Sector Dynamics,True,pass,pass,b664b4dc8dcbbde8fd9f5fa355b5d16add54ef8aeaa3607c1de05ef0a4276673,17.73,1.5,28.0,28.0,SUSPICIOUS,False,,1.991,1,beneficiary outcome direction,0.7000000000000001,0,False,jev-1.13.0,65c9d9223fddcf20e8a6eeba3a0fb0aa7de3b258f3dad20b123c29c9bc19c96b,1.991,,1.991,1,1,1,1,jev-1.13.0,a05354ff0c92debaea42cce950d455459f20bfd0393263c1f02dcd5f57f091cc,3033.0,e5eff376626a45684775e002bf0376dda752b899c948e8e1a3fe15d6f47f2b05,,True,True,True,13.0,2015.5,0.09,0.95,2.94,0.16,0.09,0.17,0.02,0.08,0.91,public_provision,0.42,0.21,labour_market,1.0,long_run,0.95,0.64,0.04,health_human_capital,0.52,1.48,0.05,0.1,0.81,working_age,0.54,0.02,0.03,0.02,0.3,-0.37106368139083207
apep_0794_v1,apep_0794,v1,0.016,0.006,0.0029,0.0011,,0.1774,True,ok,Small positive,Black enrollment share,continuous,DiD,United States,North America,2026-03-23T11:11:20.238476,2014.0,2023.0,,0.0,7.0,7.0,4.0,False,apep_0794/v1/tables/tabF1_sde.tex,The Application Illusion: Test-Optional Admissions and the Persistence of Enrollment Inequality,True,untestable,untestable,ce2c8d8ba1e80321070be232b8a4b7b5f706119ed6d84209da21a935732cc0f0,26.6,1.51,24.0,24.0,SUSPICIOUS,False,,0.016,0,measurement qualifier: group_composition,0.77,0,False,jev-1.13.0,e7ae045a364cff9f354935c83f79945091648e8679101f60c72166682dee3de2,,,0.016,0,0,0,1,jev-1.13.0,6d8709da6464e56e955529c7977434e67b8f9d6d9f613737a88c8b99af23e113,3339.0,2e979ccd9e223f2bb355157583350e06b779240294e7a523df556cdfefdb9069,,True,True,True,13.0,2018.5,0.11,0.97,1.31,0.3,0.33,0.05,0.05,0.1,0.85,other,0.61,0.08,education,1.0,long_run,0.78,0.03,0.06,health_human_capital,1.0,2.89,0.07,0.1,0.75,migrants_minority,0.68,0.02,0.07,0.09,0.98,-5.115995809754082
apep_0795_v1,apep_0795,v1,0.0543,0.0309,0.0246,0.014,,0.4534,True,ok,Moderate positive,Switch to covered (all excluded),binary,DiD,United States,North America,2026-03-23T12:11:00.645461,1930.0,1940.0,123.0,0.0,7.0,7.0,5.0,False,apep_0795/v1/tables/tabF1_sde.tex,"Insured Escape: Social Security Exclusion and Black Occupational Sorting, 1935--1940",True,pass,pass,968989ccdd75c57a60c8db7a1565b11fcce2f7e73178a2ae131eee6c52cce3a5,26.35,1.71,22.0,22.0,CLEAN,False,,0.0543,1,beneficiary outcome direction,0.4599999999999999,0,False,jev-1.13.0,b5cd4a0f731bbc049a1e9de3358411047b9a26bd617821fdca8dff6874615444,0.0543,,0.0543,1,1,1,1,jev-1.13.0,38d6b2b6c29823c0aefeefa8eceade466a58838dfaa4d23b877aad2b83e1137b,3278.0,1b4a0795f19b8b90ada1230f788fb1b6d7199b8b80959a88bd67588c70370656,,True,True,True,13.0,1935.0,0.1,0.86,1.38,0.18,0.26,0.24,0.06,0.08,0.86,public_provision,0.73,0.4,labour_market,1.0,long_run,0.96,0.03,0.1,labor_income,1.0,2.26,0.08,0.09,0.8,migrants_minority,0.63,0.02,0.04,0.04,0.16,-3.4769990950784373
apep_0796_v1,apep_0796,v1,0.582,0.576,1.581,1.565,,2.718,True,ok,Large positive,Delta Primary share,binary,RDD,Switzerland,Western Europe,2026-03-23T11:25:23.431573,2017.0,2025.0,,0.0,7.0,7.0,3.0,False,apep_0796/v1/tables/tabF1_sde.tex,Building Around the Ban: Supply Restrictions and the Elusive Conversion of Vacation Housing in Switzerland,True,pass,pass,18996a419d12a6f9774cbe76ffe1501431f89cffe134234908ba3077f8a417e3,22.53,1.45,24.0,24.0,CLEAN,False,,0.582,0,measurement qualifier: group_composition,0.4299999999999999,0,False,jev-1.13.0,c3a61d4ab185f34654e234557e0e8002908234b67bf1ffb9b05cc11ef6e761f5,,,0.582,0,0,0,1,jev-1.13.0,ccfdd6bdf637c46916706c51c0a72410857ed6f4418ab034e81e656c8e91944e,2300.0,c079162ef1db11826412b49b3e6dc430f61f74a47bd9c3765e253740ceb120c3,,True,True,True,13.0,2021.0,0.1,0.96,2.98,0.27,0.3,0.1,0.22,0.37,0.69,quantity_restriction,1.0,0.26,other,0.98,long_run,0.71,0.03,0.06,housing_infrastructure,0.99,1.96,0.07,0.16,0.61,general_public,0.61,0.02,0.04,0.05,0.65,-0.5516476182862459
apep_0797_v1,apep_0797,v1,0.45,0.08,0.142,0.025,,0.316,True,ok,Large positive,"Rice (imported), log price",binary,Event Study,Niger and Burkina Faso,Other / not stated,2026-03-23T11:15:42.097122,,,,0.0,7.0,7.0,3.0,False,apep_0797/v1/tables/tabF1_sde.tex,The Tradability Tax: How Trade Sanctions Fragment Food Markets,True,pass,pass,2da90477892705958842ec06ddd866449f9ab6b96bbe564289a234e6314d0de2,26.95,1.44,27.0,27.0,CLEAN,False,,0.45,-1,beneficiary outcome direction,-0.67,0,False,jev-1.13.0,786b731b072d59aab33ed3613aa4c095df4425fff1f4b046b1481debbd31faee,-0.45,,0.45,0,-1,-1,-1,jev-1.13.0,ffcb0c3df3c7ca37b75ec0bc6877b7c71d395dea1ac0330fb873f4b03021928d,3340.0,e9ef3c3977158c49a88344588f10676b85fd777d72e98ffd99c178d646a5aabe,,True,True,True,13.0,,0.12,0.42,2.22,0.3,0.64,0.08,0.04,0.03,0.13,quantity_restriction,0.97,0.8,prices_cost,1.0,medium_run,0.96,0.82,0.06,regulation_competition,1.0,2.94,0.09,0.14,0.67,general_public,0.6,0.02,0.02,0.05,0.02,-2.5257286443082556
apep_0798_v1,apep_0798,v1,-0.0642,0.0366,-1.696,0.967,,26.4,True,ok,Moderate negative,Transit stations,binary,DiD,India,South Asia,2026-03-23T11:47:39.769016,,,,0.0,7.0,7.0,4.0,False,apep_0798/v1/tables/tabF1_sde.tex,Frictionless Highways? No District-Level Spillovers from India's Electronic Toll Mandate,True,pass,pass,456e80b6b2f82ea129f1d24db22d906563698cd6133a8edf2cc5b527fa866f52,15.53,1.4,24.0,24.0,SUSPICIOUS,False,,-0.0642,1,beneficiary outcome direction,0.41,0,False,jev-1.13.0,77d7d01913f380815dc601678636815bd1f2c97ba0ece901aac1517bf5ffab4f,-0.0642,,0.0642,0,0,1,1,jev-1.13.0,f535682b7da56e8c0de36069df6397db206d373862147ab178f40803a5f0a676,3919.0,b8ac2051a0ca8a958d2502609636a123b8e2c38ae50b3b1da7a6dbfbf51a9e40,,True,True,True,13.0,,0.11,0.09,1.32,0.39,0.08,0.43,0.04,0.06,0.66,enforcement,0.66,0.25,other,0.79,medium_run,0.71,0.03,0.06,housing_infrastructure,0.85,2.99,0.07,0.11,0.73,general_public,0.87,0.02,0.04,0.08,0.04,-3.3077070385748164
apep_0799_v1,apep_0799,v1,-0.0075,0.0085,-0.0102,0.0116,,1.36,True,ok,Small negative,Log nighttime lights (any shutdown),binary,DiD,India,South Asia,2026-03-23T12:14:27.057505,2014.0,2022.0,,0.0,7.0,7.0,4.0,False,apep_0799/v1/tables/tabF1_sde.tex,Darkness by Decree: The Economic Cost of Internet Shutdowns in India,True,pass,pass,30559089081072d3cd0ce1aba517803dc5efb6d2544326cb12efb4fb37ac517a,12.06,1.41,26.0,26.0,SUSPICIOUS,False,,-0.0075,1,beneficiary outcome direction,0.1899999999999999,0,False,jev-1.13.0,786ae4669aa8f413b1461d41dab15846bbf5189019c6014e68af8eaec3a1d84e,-0.0075,,0.0075,0,1,0,1,jev-1.13.0,6de5060ceb2aa82dba53518768ae2cd3c688e70146bcd00e3dc8830a32d6409a,3402.0,696a641508fc1347cb872310666015aa70c4a5821e19566d73aec498e17def73,,True,True,True,13.0,2018.0,0.13,0.17,1.96,0.6,0.08,0.08,0.07,0.03,0.7,infrastructure,0.76,0.51,environment,0.5,short_run,0.41,0.04,0.13,regulation_competition,0.49,1.93,0.1,0.41,0.86,general_public,0.92,0.02,0.05,0.1,0.02,-4.767689115485866
apep_0800_v1,apep_0800,v1,0.0844,0.0099,0.19,0.0224,,2.251,True,ok,Moderate positive,New Hires (asinh),binary,DiD,United States,North America,2026-03-23T11:44:01.473769,2007.0,2013.0,,0.0,7.0,7.0,3.0,False,apep_0800/v1/tables/tabF1_sde.tex,The Screening Dividend: Credit Check Bans and Black Employment in Finance,True,pass,pass,2323196717272ea81c5e69702a5b285f71515ddfb5b5df8b586b5184719af0e6,26.35,1.51,25.0,25.0,SUSPICIOUS,False,,0.0844,1,beneficiary outcome direction,0.6,0,False,jev-1.13.0,a518232c331b3070f81976709b9199330c8086aa323b4701fc6b69e10d800a6b,0.0844,,0.0844,0,0,1,1,jev-1.13.0,e089cd710cc5ad833c3e1a25e021cc332117ae67db5d84698c4e0c3a0488a6b9,2675.0,365bd68ef4b3076b43829ada930292fd6b637131802b54693d8da43a4f853c18,,True,True,True,13.0,2010.0,0.11,0.98,2.14,0.12,0.73,0.8,0.18,0.23,0.85,quantity_restriction,0.99,0.25,labour_market,1.0,long_run,0.77,0.15,0.07,labor_income,0.77,1.88,0.09,0.14,0.81,migrants_minority,0.81,0.02,0.07,0.07,0.08,-4.615220521841593
apep_0802_v1,apep_0802,v1,0.18,0.065,49.62,17.88,,274.89,True,ok,Large positive,Multi-unit consents (treatment period),binary,DiD,New Zealand,Oceania,2026-03-23T12:05:30.151611,,,,0.0,7.0,7.0,3.0,False,apep_0802/v1/tables/tabF1_sde.tex,Building the Exemption: Tax Incentives and the Composition of Housing Supply in New Zealand,True,pass,pass,30ae2569ffb5b5b7afc126f2afcf1d032fda26013e30ddedd9c6f4f33ec55f39,23.47,1.51,28.0,28.0,CLEAN,False,,0.18,0,measurement qualifier: gross_activity,0.36,0,False,jev-1.13.0,5d888114e63a11a96bbcbf773a892caa6026fc96301cd3115483e162806c7f3b,,,0.18,0,0,0,1,jev-1.13.0,cf73cbfdea2207039346da918a595e000d853b77b1f90c053968d4cf705ae635,2579.0,515eb14b6748d6c35b8f4ae82379d11ccb123b30b75a09c893dba5251cb4de04,,True,True,True,13.0,,0.1,0.98,1.6,0.43,0.26,0.95,0.05,0.24,0.66,price,1.0,0.3,other,0.84,medium_run,0.87,0.03,0.05,taxation_prices,0.6,2.56,0.06,0.09,0.65,firms_industry,0.98,0.02,0.11,0.89,0.12,-2.7333680090865
apep_0803_v1,apep_0803,v1,0.0451,0.0231,0.0061,0.0031,,0.1353,True,ok,Small positive,Black share of HC emp.,binary,DiD,United States,North America,2026-03-23T12:35:41.510161,2001.0,2023.0,,0.0,7.0,7.0,4.0,False,apep_0803/v1/tables/tabF1_sde.tex,Who Gets the New Jobs? Racial Inclusion in Medicaid-Driven Healthcare Employment Growth,True,pass,pass,5f1c15bb0800d88fdaaffe100884a004e3b2e4e6813dfa83aaac20074b590092,20.34,1.66,23.0,23.0,CLEAN,False,,0.0451,0,measurement qualifier: group_composition,0.52,0,False,jev-1.13.0,8ce003f6e811353041a6c05fef65141997316e14d2b5cbbfc9ca085f02a48c59,,,0.0451,0,0,0,1,jev-1.13.0,6d113fb9314ea37569c8f7f697d8de9a9f7fced664d6bae0621548d5e1418a5d,1955.0,a59da6c6f88ebdface385dff6cd120e2f22ff4234443402978d08388b8d0030c,,True,True,True,13.0,2012.0,0.13,0.95,2.11,0.38,0.1,0.13,0.03,0.06,0.75,public_provision,0.99,0.23,labour_market,1.0,long_run,0.97,0.03,0.07,health_human_capital,0.71,2.05,0.06,0.26,0.84,low_income,0.75,0.02,0.05,0.02,0.97,-3.767922661454389
apep_0804_v1,apep_0804,v1,0.0027,0.0103,0.0013,,,0.459,True,ok,Null,Employment,binary,DiD,United States,North America,2026-03-23T12:44:13.590068,2001.0,2015.0,,0.0,7.0,7.0,3.0,False,apep_0804/v1/tables/tabF1_sde.tex,The Caregiving Tax: Autism Insurance Mandates and Maternal Labor Supply,True,pass,untestable,92a19e0c9389d686d7f6da3722dd29d55afb39610cef6bd37b60c4527c8bdebe,21.6,1.51,24.0,24.0,CLEAN,False,,0.0027,1,beneficiary outcome direction,0.73,0,False,jev-1.13.0,50c6815f581612f4417ba408bad149270a0759f7a6dad2edc5025e423ab69513,0.0027,,0.0027,1,1,1,1,jev-1.13.0,649de8fd2fb83e89f7ba042011f69693c7cf5bb39fe67dfe7068ace114558d2b,4197.0,2274f04d4b07e0f1df95540018383d285ccaa265341d867aaf04cb5ea502d6a0,,True,True,True,13.0,2008.0,0.13,0.97,2.23,0.11,0.08,0.35,0.06,0.2,0.95,price,0.9,0.22,labour_market,1.0,long_run,0.48,0.03,0.06,health_human_capital,0.77,2.06,0.11,0.17,0.75,children_youth,0.83,0.02,0.03,0.01,0.09,-4.575611383746547
apep_0805_v1,apep_0805,v1,-0.0413,0.127,-0.0866,0.266,,2.095,True,ok,Small negative,Log(1+fires),binary,DiD,United States,North America,2026-03-23T12:20:28.959029,1992.0,2015.0,,0.0,7.0,7.0,3.0,False,apep_0805/v1/tables/tabF1_sde.tex,Burning by Permission? No Wildfire Reduction from Prescribed Fire Liability Reform,True,pass,pass,da6957cc70130076f7c4fbfbf3aa6ba4f0f5bbbfc61fe5bbc3044b0a1f7abd54,18.17,1.31,26.0,26.0,SUSPICIOUS,False,,-0.0413,-1,beneficiary outcome direction,-0.8,0,False,jev-1.13.0,95e9c868b1b4af7112644e9d7c739e170313b6b32977dde91fc76fb9cad5d886,0.0413,,0.0413,-1,-1,-1,-1,jev-1.13.0,7de5b2431e313631f76e0822fcee3a3bbbb831f5e12c8aa0cde0b6741086c581,4212.0,c5b8790452cbe113d44696d8b733f388af886beb7d088326b85c3c94981e5f8a,,True,True,True,13.0,2003.5,0.15,0.93,1.96,0.23,0.31,0.31,0.32,0.05,0.07,enforcement,0.78,0.87,environment,1.0,long_run,0.87,0.03,0.1,environment_energy,0.61,1.98,0.1,0.32,0.87,firms_industry,0.89,0.02,0.23,0.34,0.01,-2.0635681925235456
apep_0806_v1,apep_0806,v1,-0.0191,0.0367,-0.0046,0.0089,,0.2429,True,ok,Small negative,Log rent level,binary,DiD,Ireland,Western Europe,2026-03-23T12:27:44.892435,,,,0.0,7.0,7.0,2.0,False,apep_0806/v1/tables/tabF1_sde.tex,Capped but Not Contained: Ireland's Rent Pressure Zones and the Limits of Growth Regulation,True,pass,pass,f2dd7f27345168f7467382ac6fea415342586ac69620a3eaeb1e82ddf8194d85,23.25,1.44,23.0,23.0,CLEAN,False,,-0.0191,-1,beneficiary outcome direction,-0.55,0,False,jev-1.13.0,269776cb55dd2defc897955cfb62035f073300a949f9c4cb34c2c677c04b488a,0.0191,,0.0191,0,-1,-1,-1,jev-1.13.0,dd1eb6f08c335b118a2e733cdc1142368352a0f445461b7a0a5fe652c1bc3ee6,2888.0,7b10aaef91d2f4aa21564238e189649a042c854adc669859317388d1bd55cb6f,,True,True,True,13.0,,0.17,0.91,1.93,0.18,0.9,0.94,0.37,0.04,0.2,price,1.0,0.75,prices_cost,1.0,long_run,0.61,0.43,0.06,housing_infrastructure,1.0,2.05,0.07,0.12,0.81,general_public,0.6,0.02,0.02,0.08,0.02,-3.3049785239216125
apep_0807_v1,apep_0807,v1,-0.2521,0.0272,-0.1049,0.0113,,0.416,True,ok,Large negative,Recorded Roll-Call Vote,binary,RDD,United States,North America,2026-03-23T12:46:01.665986,1973.0,2025.0,,0.0,7.0,7.0,3.0,False,apep_0807/v1/tables/tabF1_sde.tex,The Deliberation Deficit: Calendar Pressure and Legislative Process Quality in the U.S.\ Congress,True,pass,pass,1127ecfba75256d148e19614168a7430c71fda8f0869c3eb9be7c11c22387371,18.19,1.34,25.0,25.0,SUSPICIOUS,False,,-0.2521,1,beneficiary outcome direction,0.43,0,False,jev-1.13.0,9f4a58f7c144be3a09f1442471d247b116ac9c42695255aab7c0f054c30c0da4,-0.2521,,0.2521,0,0,1,1,jev-1.13.0,602448c8a9f1a35e1d7c639aa918e67bea48ac17e48d1568be31d0d296fa2089,3306.0,7f999a6384d9f2af8fe76070dce9cb6d9da2c8d9fcd6b0ad8058a9f6889da3fe,,True,True,True,13.0,1999.0,0.09,0.28,0.74,0.36,0.78,0.61,0.06,0.04,0.76,other,0.59,0.33,administrative_process,0.5,short_run,0.68,0.02,0.04,other,0.61,2.02,0.05,0.1,0.77,general_public,0.62,0.02,0.22,0.43,0.04,-3.6045383056801854
apep_0808_v1,apep_0808,v1,-0.297,0.015,-0.0905,0.0046,,0.304,True,ok,Large negative,501(c)(3) Charitable,binary,DiD,United States,North America,2026-03-23T13:04:01.466989,,,,0.0,7.0,7.0,5.0,False,apep_0808/v1/tables/tabF1_sde.tex,The Compliance Cliff: Mass Organizational Death and Selective Resurrection in the U.S. Nonprofit Sector,True,pass,pass,bc7cab1ceb7e0c20b60824014287628252f20489894ae125440e8fcb0ac10f2d,18.71,1.6,21.0,21.0,SUSPICIOUS,False,,-0.297,1,beneficiary outcome direction,0.49,0,False,jev-1.13.0,0f6f61429724c792513b5b3613224b922267c9650ae0a32d1cbddc9b12067bd4,-0.297,,0.297,1,1,1,1,jev-1.13.0,f4b9dea6609e0c62809bd849915767f0147d3be908775323ac3e5a61b8ad057d,3765.0,d5864b3fcbe3f5c9bed8ce25f5cb4b1f4a59bd82710e3d1bd4067a978f90706f,,True,True,True,13.0,,0.1,0.98,0.7,0.21,0.72,0.15,0.04,0.06,0.8,enforcement,0.95,0.31,behaviour_compliance,0.82,unclear,0.76,0.03,0.04,taxation_prices,0.96,2.6,0.05,0.09,0.8,firms_industry,0.65,0.02,0.43,0.43,0.1,-4.199705077879927
apep_0809_v1,apep_0809,v1,0.281,0.057,49.95,10.14,,4.65,True,ok,Large positive,FN/RN Vote Share,continuous,DiD,France,Western Europe,2026-03-23T12:56:03.830177,1995.0,2012.0,,0.0,7.0,7.0,1.0,False,apep_0809/v1/tables/tabF1_sde.tex,Trading Non-Tradable Votes: EU Posted Workers and Far-Right Support in France,True,untestable,untestable,e8b18b12997e942d434e656137f2aa015cf4bf2b0d24e55045123ad6883748e5,5.49,2.11,24.0,24.0,SUSPICIOUS,False,,0.281,0,measurement qualifier: group_composition,-0.32,0,False,jev-1.13.0,395fa154c8bfd5a719be7848746e1b1c2d98c59eeaf7eb655001838f7d283494,,,0.281,0,0,0,0,jev-1.13.0,0520a1d4aa80e345f87a07981e726f9c315d2eb811a966bd5d50d55bb84ed768,2097.0,5db15f0cabd21160a6e32789a3022cc736413df9dbdc743ba8ac11a61a160be4,,True,True,True,13.0,2003.5,0.09,0.97,1.87,0.83,0.06,0.05,0.03,0.03,0.14,other,0.5,0.46,political_attitudinal,1.0,long_run,0.99,0.03,0.05,regulation_competition,0.67,2.02,0.06,0.08,0.79,working_age,0.93,0.02,0.04,0.04,0.98,-2.864704011147587
apep_0810_v1,apep_0810,v1,0.0185,0.0073,0.0301,0.0119,,1.626,True,ok,Small positive,"Log employment (DDD, preferred)",binary,DiD,United States,North America,2026-03-23T12:54:19.557623,2012.0,2023.0,,0.0,7.0,7.0,4.0,False,apep_0810/v1/tables/tabF1_sde.tex,The Quota Windfall: Does Expanding Liquor License Supply Create Businesses?,True,pass,pass,7fe0720e992274bb26374b10466e7bb18cb70e14ca99a144f618ff6f4c27eeba,22.17,1.48,22.0,22.0,SUSPICIOUS,False,,0.0185,1,beneficiary outcome direction,0.6100000000000001,0,False,jev-1.13.0,b8f4c21c2b2b0ef8f6e60db9d4cfc7f736bd30919c15de9cfbc73ce29f158b80,0.0185,,0.0185,1,1,1,1,jev-1.13.0,b088057b95f53c700e0e16a3df9d511aaf2568093a63189bcf2c793ea335c4f6,1375.0,d5d2323cc7f68edb10c4dfb23450dcfc5855689a97c74674cb106b9cb891f73e,,True,True,True,13.0,2017.5,0.11,0.97,2.31,0.13,0.1,0.08,0.03,0.11,0.92,quantity_restriction,1.0,0.31,labour_market,1.0,long_run,0.94,0.08,0.07,regulation_competition,0.99,1.6,0.08,0.2,0.63,firms_industry,1.0,0.21,0.03,0.02,0.05,-4.919880930827792
apep_0811_v1,apep_0811,v1,-0.0014,0.0208,-0.0023,0.0339,,1.6326,True,ok,Null,Log incorporations,binary,Event Study,England vs Scotland ; Wales excluded from the treated group as it did not adopt the mandate,Western Europe,2026-03-23T13:02:19.397356,,,,0.0,7.0,7.0,1.0,False,apep_0811/v1/tables/tabF1_sde.tex,The Compliance Mirage: No Entry Deterrent from England's Mandatory Calorie Labeling,True,pass,pass,6ba8ac9c54d05c81632b0eabc407eac6a73cd9450a46d34e4ff51bb5c2c52ddc,12.81,1.63,25.0,25.0,CLEAN,False,,-0.0014,0,measurement qualifier: gross_activity,0.3999999999999999,0,False,jev-1.13.0,61fdfa28375e61fcbd38a23367974212900d4b7bb06040d6fc5ffe0a5b3a0453,,,0.0014,0,0,0,1,jev-1.13.0,a82e3b766f54adaacfc658fd85ad1603cfd975e661d7b1fbe29126a2cbb40863,4291.0,bd39687faa602d83e2d15bc50969a843d53a793ffd00bb489ff5cdd4e842ab7d,,True,True,True,13.0,,0.13,0.97,3.01,0.44,0.09,0.81,0.05,0.03,0.72,information,1.0,0.32,labour_market,1.0,long_run,0.54,0.03,0.77,regulation_competition,0.59,1.56,0.91,0.82,0.61,firms_industry,1.0,0.02,0.12,0.84,0.04,-3.872802292274865
apep_0812_v1,apep_0812,v1,-0.218,0.018,-0.166,0.014,,6.8,True,ok,Large neg.,DeltaRN 2017--2012,continuous,Unknown,France,Western Europe,2026-03-23T13:23:26.584271,2014.0,2018.0,,0.0,7.0,7.0,4.0,False,apep_0812/v1/tables/tabF1_sde.tex,Pump Prices and Le Pen? No Causal Link Between France's Carbon Tax and Populist Voting,True,untestable,untestable,377e61e93c069bd71225dfbbd23620a73242f875c576bca0c22c57302ff69264,19.03,1.67,20.0,20.0,CLEAN,False,,-0.218,0,measurement qualifier: group_composition,-0.18,0,False,jev-1.13.0,507450fc35fa8d01f4c6359f83d3bf53bbf92865fa440abffc6098ba66c656fa,,,0.218,0,0,0,0,jev-1.13.0,dfb52119a32701d3d4da50daf41341f927a97a9d7d000d7edbd276f21cfd04a2,1057.0,cda93e4cf17992182030b16da74b9a71e973fe3990a9ddbcbe567503f6fbfcf5,,True,True,True,13.0,2016.0,0.12,0.98,1.09,0.81,0.05,0.06,0.04,0.03,0.16,price,1.0,0.34,political_attitudinal,1.0,long_run,0.84,0.03,0.06,taxation_prices,0.69,2.44,0.09,0.16,0.84,working_age,0.59,0.02,0.04,0.06,0.95,-4.017383521085972
apep_0813_v1,apep_0813,v1,0.332,0.0914,3.06,,0.362,3.34,True,ok,Large positive,Net migration rate,continuous,DiD,Switzerland,Western Europe,2026-03-23T13:18:13.938165,2001.0,2024.0,,0.0,7.0,7.0,4.0,False,apep_0813/v1/tables/tabF1_sde.tex,Strings Detached: Switzerland's Fiscal Equalization Reform and Inter-cantonal Migration,True,pass,untestable,52430120a38977b4197d67824538f10cdb9df86f8f4d64ffd2a0c67bfacf12bd,11.49,1.82,25.0,25.0,CLEAN,False,,0.332,0,insufficient directional evidence,0.02,0,False,jev-1.13.0,0f48af8d9fe952d3cde4f2c334d0b6eb8278f9a73bda1efb061a0585c8a695f6,,,0.332,0,0,0,0,jev-1.13.0,82ba0fddaf7d5e6708d9a06a8e217b782dc43692b05c13a5671119058779fc41,2710.0,88d2a27526c665377a8af87a73a9789e2624c38835766c85ccee7bf1065dc5b3,,True,True,True,13.0,2012.5,0.1,0.98,1.42,0.68,0.11,0.95,0.07,0.08,0.27,direct_transfer,0.84,0.25,other,0.97,long_run,0.99,0.03,0.08,finance_governance,0.69,2.52,0.1,0.92,0.68,general_public,0.8,0.02,0.05,0.1,0.09,-2.3925098005220327
apep_0814_v1,apep_0814,v1,-0.1153,0.033,-0.0983,0.0281,,0.8522,True,ok,Moderate negative,"ln(Hom.+1), continuous",continuous,DiD,El Salvador,Other / not stated,2026-03-23T13:35:00.685170,2011.0,2018.0,,0.0,7.0,7.0,4.0,False,apep_0814/v1/tables/tabF1_sde.tex,Where Did the Murders Go? Gang Presence and the Geography of El Salvador's Homicide Collapse,True,untestable,untestable,ba938072f4b718f5f6fef244d2de6c201a69ee048de2a567ed17f148a9be23c8,16.05,1.76,23.0,23.0,SUSPICIOUS,False,,-0.1153,-1,beneficiary outcome direction,-0.84,-1,True,jev-1.13.0,49cf05efe5977e368131b74094a0658a78a2335201ffd2cc408507dac3670b83,0.1153,0.1153,0.1153,-1,-1,-1,-1,jev-1.13.0,0871ee96cf519450a0a679c328a373fa758242b8db1eae68dfe94e06431919c1,2393.0,4db0d7ca6a4523ed6d1e2dbe86f4d90aa114a371a21513945b6f3d251911c58c,,True,True,True,13.0,2014.5,0.18,0.95,1.14,0.16,0.62,0.04,0.58,0.04,0.1,enforcement,1.0,0.94,crime_safety,1.0,long_run,0.85,0.03,0.08,finance_governance,0.99,2.41,0.09,0.23,0.85,general_public,0.83,0.02,0.05,0.06,0.02,-3.4112477175156566
apep_0815_v1,apep_0815,v1,0.0005,0.0041,0.0005,0.0044,,1.062,True,ok,Null,Log Employment,binary,Event Study,United States,North America,2026-03-23T13:38:52.041528,,,,0.0,7.0,7.0,4.0,False,apep_0815/v1/tables/tabF1_sde.tex,"The Compliance Gap: SNAP Work Requirements for Older Adults Create Benefit Cuts, Not Jobs",True,pass,pass,bcaf981cadefd4cebe78ffe31b38b4bff1770c65d02b79318b8ed362eba61f48,23.52,1.59,23.0,23.0,SUSPICIOUS,False,,0.0005,1,beneficiary outcome direction,0.64,0,False,jev-1.13.0,04ba42f74f76232f94d3947e976f9359e52f7284355b75642d0d4e33fb527f75,0.0005,,0.0005,1,1,1,1,jev-1.13.0,fadcfebb010bd277ffe4cec75f36003c85c17e13ce3993fc259921b89e853d2e,1358.0,849a13fca12f3d24941935e8c3d63926089f165f9688bb8fa0ec3ede1015bcd6,,True,True,True,13.0,,0.15,0.96,2.24,0.26,0.35,0.87,0.06,0.45,0.91,enforcement,0.42,0.27,labour_market,1.0,medium_run,0.64,0.46,0.43,labor_income,1.0,1.55,0.1,0.15,0.78,working_age,0.61,0.02,0.05,0.02,0.08,-5.496768305271875
apep_0816_v1,apep_0816,v1,-0.0034,0.0038,-0.147,0.166,,1.934,True,ok,Null,Employment,continuous,Event Study,United States,North America,2026-03-23T13:36:41.690272,,,,0.0,7.0,7.0,4.0,False,apep_0816/v1/tables/tabF1_sde.tex,The Complementarity Dividend: Quarterly Evidence on How H-1B Restrictions Hurt Native Workers,True,untestable,untestable,3d1523e3e8de61e46f7f381942047fe7ca4f525a769c4c3c5e700263f1c07e50,25.1,1.44,26.0,26.0,CLEAN,False,,-0.0034,1,beneficiary outcome direction,0.76,0,False,jev-1.13.0,02dd3145c03b9ff4330ac92341f44dccf3b0ac5052f960d9668beb7cc0f47d62,-0.0034,,0.0034,1,1,1,1,jev-1.13.0,65a2dd8f4eaab2b83b67aca6fa64b661bf89d4467e123ee8674548d3a532df26,2935.0,a31c019f867e53b0c90168d780ad6fbba2a31d29cf9bb1850fa1fe8e4263e2aa,,True,True,True,13.0,,0.1,0.97,2.23,0.09,0.1,0.1,0.09,0.15,0.96,quantity_restriction,1.0,0.2,labour_market,1.0,long_run,0.95,0.89,0.06,labor_income,0.61,2.17,0.07,0.13,0.77,working_age,0.44,0.02,0.03,0.02,0.07,-5.572754212249797
apep_0817_v1,apep_0817,v1,-0.0324,0.0124,-0.00388,0.00148,,3.434,True,ok,Small negative,Log IHP/registrant,continuous,IV,United States,North America,2026-03-23T13:48:35.763729,2010.0,2025.0,,0.0,7.0,7.0,2.0,False,apep_0817/v1/tables/tabF1_sde.tex,The Declaration Queue: FEMA Processing Delays and the Severity Confound in Disaster Recovery,True,untestable,untestable,903e34cda9abe1ef8380c807ec279f5ec13a4f75dd0fb36febc7b707effceb37,11.29,1.78,24.0,24.0,CLEAN,False,,-0.0324,1,beneficiary outcome direction,0.66,0,False,jev-1.13.0,a098597268ade53d4a2851f142fa4fc1ccfeec8be7df52e77178abb7c077bf9c,-0.0324,,0.0324,1,1,1,1,jev-1.13.0,b85d3f9accc8c2a62113eb42f5c70ef3d53969ee445d7570c62c92e59c7b8836,2533.0,5150ab49ba0eba86851cf0c62f471b7b3f57557f1d9646d7c962bb2a9a19b412,,True,True,True,13.0,2017.5,0.14,0.96,2.65,0.16,0.88,0.04,0.04,0.07,0.87,direct_transfer,0.57,0.21,income_distribution,0.72,unclear,0.27,0.86,0.06,housing_infrastructure,0.66,1.94,0.06,0.89,0.82,general_public,0.66,0.02,0.17,0.29,0.11,-4.390058806371146
apep_0818_v1,apep_0818,v1,-0.036,0.016,-0.192,0.086,,1.041,True,ok,Small negative,New formations per 10K pop.,continuous,DiD,United States,North America,2026-03-23T13:57:35.252263,2006.0,2020.0,,0.0,7.0,7.0,3.0,False,apep_0818/v1/tables/tabF1_sde.tex,The Walking Dead of the Nonprofit Sector: Mass Revocation and the Illusion of Creative Destruction,True,untestable,untestable,c327f066a6dcd3b0aa69efbe093c0eb5659017a45856f6911a573ae1de0c399b,20.77,1.43,26.0,26.0,SUSPICIOUS,False,,-0.036,1,beneficiary outcome direction,0.6299999999999999,0,False,jev-1.13.0,3a83a356e82486d492529e87d7b5c82df25fdf11e1fd61b5167d1f0860990e5a,-0.036,,0.036,0,1,1,1,jev-1.13.0,093b4b26bd3864cb65c802b201ec9291240d54691ac6c6f6fcd9b7eb92d5ac0e,3637.0,3cc260fdd1408c5a104aacdf07c3d09fa261051e7bbcc21c8dba198b4c9425c6,,True,True,True,13.0,2013.0,0.12,0.98,1.54,0.33,0.13,0.03,0.05,0.04,0.82,enforcement,0.96,0.19,labour_market,0.85,long_run,0.97,0.06,0.07,taxation_prices,0.57,2.35,0.07,0.12,0.76,firms_industry,0.93,0.02,0.1,0.78,0.06,-4.135166556742356
apep_0820_v1,apep_0820,v1,-0.2183,0.1077,-0.2183,0.1077,,1.0,True,ok,Large negative,Math proficiency (std.),continuous,IV,United States,North America,2026-03-23T15:49:20.571835,2013.0,2018.0,,0.0,7.0,7.0,1.0,False,apep_0820/v1/tables/tabF1_sde.tex,The Invisible Hand of the Wind: Gaussian Plume Dispersion and the Effect of Industrial Air Pollution on School Achievement,True,untestable,untestable,c33d05fe016863a85f765192c35c5a02246c541e58a588adb8852197ffab4fcb,21.37,1.41,24.0,24.0,SUSPICIOUS,False,,-0.2183,1,beneficiary outcome direction,0.89,0,False,jev-1.13.0,afb6a22cbb0b3659e97ab4a0f258fde7b95074aac3c0388ceca40f723e4d655b,-0.2183,,0.2183,1,1,1,1,jev-1.13.0,95feae8ccf859821182a7e24891622b04ecf8887120f44aff8a7f53eaeb0ef6a,2758.0,dfba0235a58fba60d572fc15d2f52fbdc0d2b00ef23cafe755cfa6d85dd5a784,,True,True,True,13.0,2015.5,0.1,0.96,2.21,0.05,0.08,0.04,0.06,0.06,0.98,quantity_restriction,0.39,0.09,education,1.0,long_run,0.58,0.03,0.06,environment_energy,0.83,1.14,0.07,0.12,0.56,children_youth,0.98,0.02,0.06,0.02,0.05,-2.228405694819794
apep_0821_v1,apep_0821,v1,-0.0203,0.0153,-0.2276,0.1716,,1.1325,True,ok,Small negative,log(light + 1),continuous,DiD,India,South Asia,2026-03-23T14:11:28.924176,2004.0,2013.0,,0.0,7.0,7.0,2.0,False,apep_0821/v1/tables/tabF1_sde.tex,The Multiplier Mirage: Government Wage Shocks and Local Economic Activity in India,True,untestable,untestable,076ca127eed13c3b7edbb2c8ebd848b0002cbd7ee4fd0006e545bc5e1985366d,18.01,1.62,26.0,26.0,CLEAN,False,,-0.0203,1,beneficiary outcome direction,0.76,0,False,jev-1.13.0,c9d80ee71402c9e666fb50aa7af4b41923c7ef2613a28a6c84916e15aa9bd79e,-0.0203,,0.0203,1,1,1,1,jev-1.13.0,8ea8602c5ca2cbb5082a1dbd8f2a6ba0141fc5bedc0e8a480a857a3da898a1d6,1882.0,1454a59a1f310a7d974f1194ca46a10fedae406830f1553ca96584a1b945cc85,,True,True,True,13.0,2008.5,0.12,0.38,2.02,0.09,0.06,0.64,0.02,0.05,0.88,direct_transfer,0.74,0.12,other,0.65,long_run,0.44,0.06,0.32,labor_income,0.98,2.39,0.07,0.12,0.75,working_age,0.98,0.02,0.03,0.05,0.03,-4.179902450583747
apep_0822_v1,apep_0822,v1,0.4222,0.0333,0.0137,0.0011,1.5348,0.0497,True,ok,Large positive,Cohort literacy gap,continuous,DiD,Colombia,Latin America,2026-03-23T14:20:22.670169,,,,0.0,8.0,8.0,4.0,False,apep_0822/v1/tables/tabF1_sde.tex,The Convergence Dividend: Cash Transfers and Intergenerational Literacy Equalization in Colombia,True,pass,pass,fc0e226210cdd2fe99d85e4ee69be81e6346819216357928bd223c216ba4854c,10.96,1.72,24.0,24.0,SUSPICIOUS,False,,0.4222,1,beneficiary outcome direction,0.45,0,False,jev-1.13.0,eaaa638f36bf2c3933127b04d111c66e81e1ee268533917b38e878641807e23e,0.4222,,0.4222,1,1,0,1,jev-1.13.0,ba2c46f3efcee5e85804c74190b0b1804e9f7594797b43c1e980e19762f77fb4,2855.0,d9121c575c8d8a1e146ec38f27d70b13b76eaa7bce488bb1e4fd38e95dd8da20,,True,True,True,13.0,,0.1,0.97,0.19,0.11,0.14,0.3,0.11,0.14,0.9,direct_transfer,0.92,0.45,education,1.0,long_run,0.44,0.03,0.04,health_human_capital,0.62,2.06,0.05,0.08,0.87,low_income,0.68,0.03,0.03,0.03,0.16,-3.402197881995739
apep_0823_v1,apep_0823,v1,-0.0603,0.0085,-0.0927,0.0131,,1.5372,True,ok,Moderate negative,Employment (all software),binary,DiD,United States,North America,2026-03-23T14:48:26.649381,2012.0,2019.0,,0.0,7.0,7.0,5.0,False,apep_0823/v1/tables/tabF1_sde.tex,The Alice Tax: Software Patent Eligibility and the Cost of Weakened Appropriability,True,pass,pass,1c21a25ba958093faaf8caeb048f1a729a735aa376273efc63c99bdd474d7bce,23.35,1.54,25.0,25.0,SUSPICIOUS,False,,-0.0603,1,beneficiary outcome direction,0.77,0,False,jev-1.13.0,36d485ea31455a75f370609f78d98eb45980ff0ecc91758fe982d88894e36294,-0.0603,,0.0603,1,1,1,1,jev-1.13.0,7effbbec58f89c266fa0e4c9c56d6ef3ff18d15495a6301412f1b620c4e2399c,2593.0,e127118b573364e3ca1375f4c5b8963ad607a2bf751f2f45596b1386cfcc8750,,True,True,True,13.0,2015.5,0.1,0.98,1.89,0.07,0.09,0.08,0.05,0.05,0.97,enforcement,0.45,0.2,labour_market,1.0,long_run,0.77,0.04,0.05,regulation_competition,0.64,2.12,0.07,0.11,0.73,firms_industry,0.99,0.02,0.03,0.02,0.05,-4.767689115485866
apep_0825_v1,apep_0825,v1,0.156,0.058,0.23,0.085,,1.767,True,ok,Large positive,Delta SD Vote Share (own exposure),continuous,Unknown,Sweden,Western Europe,2026-03-23T14:53:46.847402,2014.0,2017.0,,0.0,7.0,7.0,2.0,False,apep_0825/v1/tables/tabF1_sde.tex,The Contagion That Fades: Social Networks and the Transient Spread of Anti-Immigration Voting in Sweden,True,untestable,untestable,f011e67013eca7e6a9a9a317bac7030d10e2ad31ef2be4d1f1be20a530e9f0ee,25.73,1.56,23.0,23.0,SUSPICIOUS,False,,0.156,0,measurement qualifier: group_composition,-0.4399999999999999,0,False,jev-1.13.0,685f34b5d7921a0b0a7201b906d43509572e0841667ca7870f69f6b930a82330,,,0.156,0,0,0,0,jev-1.13.0,06a67f06496cc691dd162654fd341bf11d17879a3150c8c7a410de36aa52dcf5,1152.0,d0e8bc386f21ac6211c3f7d0c8056481acec648fc5cab8026ef8d076b2169dbf,,True,True,True,13.0,2015.5,0.1,0.97,1.07,0.83,0.08,0.96,0.04,0.03,0.16,quantity_restriction,0.89,0.6,political_attitudinal,1.0,medium_run,0.93,0.03,0.05,other,0.69,2.69,0.06,0.18,0.79,migrants_minority,0.98,0.02,0.05,0.06,0.98,-2.8473122684357177
apep_0826_v1,apep_0826,v1,0.0702,0.0527,0.1524,0.1144,,2.1708,True,ok,Moderate positive,Log(Mining Emp.),continuous,DiD,United States,North America,2026-03-23T14:55:07.001411,2011.0,2019.0,,0.0,7.0,7.0,4.0,False,apep_0826/v1/tables/tabF1_sde.tex,Coal Dust in the Dark: MSHA's 2014 Respirable Dust Rule and Mining Employment Dynamics,True,untestable,untestable,fef6633f2d9f6d01414a811588b24b79adc6af22ebdcdfe4451c12ab019f002e,6.78,2.0,27.0,27.0,CLEAN,False,,0.0702,1,beneficiary outcome direction,0.5700000000000001,0,False,jev-1.13.0,0df459d522404adf353467bf49c6cbcc87ade60d7e3c7f5fa4401c693d55cb7a,0.0702,,0.0702,1,1,1,1,jev-1.13.0,eae9cb85225de6074e3d39fdba38c859ef3540a61c9e27102e9cc9cbc4c80acb,3323.0,c809d15100790ce97032b23fe5017e75266ab280cd83e049b605a44c014a3069,,True,True,True,13.0,2015.0,0.11,0.95,1.61,0.15,0.23,0.21,0.12,0.03,0.92,enforcement,0.7,0.35,labour_market,1.0,long_run,0.92,0.03,0.05,regulation_competition,0.65,2.11,0.06,0.11,0.77,firms_industry,0.85,0.02,0.03,0.02,0.05,-2.9431398234348203
apep_0827_v1,apep_0827,v1,0.093,0.308,6.98,23.05,,74.72,True,ok,Moderate positive,Drug crime (total),binary,DiD,Netherlands,Western Europe,2026-03-23T14:46:09.496530,2010.0,2025.0,,0.0,7.0,7.0,5.0,False,apep_0827/v1/tables/tabF1_sde.tex,Closing the Back Door? No Crime Effect from the Netherlands' Cannabis Supply Chain Experiment,True,pass,pass,e171f885f8c8b3248e3935fde3b7ae453870c2ab3b6e996548126006f4d41457,13.84,1.59,24.0,23.0,SUSPICIOUS,False,,0.093,-1,beneficiary outcome direction,-0.86,0,False,jev-1.13.0,1ffdb39621dda8f64e363b844fde44679ece385fe173f0259f44a3ee639b6e0c,-0.093,,0.093,-1,-1,-1,-1,jev-1.13.0,eb1cdc0be9e8edeb5141717e4ffd5afb0278db7d215e5b1b6092c68ae5cf2a8a,3809.0,ce00e26b5f5ece8995c953b95a0b1f66de2abeb930ad84796d2e56773f2a0315,,True,True,True,13.0,2017.5,0.2,0.98,3.16,0.29,0.12,0.96,0.36,0.04,0.05,quantity_restriction,0.34,0.91,crime_safety,1.0,long_run,0.74,0.03,0.21,regulation_competition,0.81,1.1,0.24,0.94,0.64,firms_industry,0.6,0.87,0.93,0.3,0.02,-1.1776554960085626
apep_0828_v1,apep_0828,v1,-0.404,0.132,-1.534,0.5,,3.79,True,ok,Large negative,Total collisions/mile,binary,DiD,United Kingdom,Western Europe,2026-03-23T15:26:55.907173,2000.0,2023.0,,0.0,7.0,7.0,3.0,False,apep_0828/v1/tables/tabF1_sde.tex,Running Out of Shoulder: Smart Motorway Conversions Reduced Collision Rates on English Motorways,True,pass,pass,b4274f2725f638e8efb8cb2463fe7f5a9527be1b5ede0cfe0ee013f3266f1f51,19.01,1.6,24.0,24.0,CLEAN,False,,-0.404,-1,beneficiary outcome direction,-0.93,0,False,jev-1.13.0,622042a3a5625ba4545bcbb99fd0f19add56d3c6ae739aa1f07dfc42e9d604d8,0.404,,0.404,-1,-1,-1,-1,jev-1.13.0,bfd73eaf6cab20b363720b322598392e766b0f5dd24c5f4989cf8868ba32fcf6,4329.0,1cf76178961ae099d165fb64682ce039614e6f8ba7a67d96fc67ca43defb1b77,,True,True,True,13.0,2011.5,0.17,0.97,1.49,0.1,0.25,0.33,0.13,0.04,0.04,infrastructure,1.0,0.97,crime_safety,1.0,long_run,0.89,0.02,0.08,housing_infrastructure,1.0,1.91,0.08,0.95,0.83,general_public,0.99,0.02,0.27,0.28,0.02,-2.0249533563957662
apep_0829_v1,apep_0829,v1,0.0306,0.0024,0.0091,0.0007,,0.901,True,ok,Small positive,Total fwd. citations (5yr),continuous,IV,United States,North America,2026-03-23T15:40:06.518539,2005.0,2015.0,,0.0,7.0,7.0,4.0,False,apep_0829/v1/tables/tabF1_sde.tex,The Scope Dividend: Broader Patents Attract More Follow-On Innovation,True,untestable,untestable,3207ff3e99b855b3900b789b836a6c1a332cb4d2bec80bc689a370471e3c130d,25.3,1.68,23.0,23.0,CLEAN,False,,0.0306,1,beneficiary outcome direction,0.5700000000000001,0,False,jev-1.13.0,4eef6b65fcb98178c82e03e00a76c3ab9d67af4be99b1aea0edd84f1f384da4e,0.0306,,0.0306,0,0,1,1,jev-1.13.0,4b434178ec22baae03bcd4c49583f363e0084a394506417bfec9fbb733119385,2060.0,066392137108205675d22cae3d5c0e451d5f957d5c41810f56153913e090d9d0,,True,True,True,13.0,2010.0,0.12,0.96,2.67,0.32,0.08,0.1,0.04,0.04,0.77,quantity_restriction,0.58,0.2,other,0.93,medium_run,1.0,0.03,0.05,regulation_competition,0.97,1.79,0.07,0.39,0.78,firms_industry,1.0,0.03,0.17,0.34,0.02,-6.032286541628237
apep_0830_v1,apep_0830,v1,0.105,0.22,0.144,0.304,,1.38,True,ok,Moderate positive,VAT/GDP (%),binary,DiD,European Union,Western Europe,2026-03-23T15:23:04.762590,2005.0,2022.0,,0.0,7.0,7.0,2.0,False,apep_0830/v1/tables/tabF1_sde.tex,The Lottery Lever: Heterogeneous Returns to Consumer-Led Tax Enforcement Across Europe,True,pass,pass,6b6e9df2684b92a5d200bc62d7ff08e0132ff9418d52da206a4b547a2f128c44,15.65,1.77,22.0,21.0,CLEAN,False,,0.105,0,insufficient directional evidence,0.1199999999999999,0,False,jev-1.13.0,2c45fddfafde1990c01e399098f2a838cfe71039d0c3b47dc3d2364b1185bf65,,,0.105,0,0,0,0,jev-1.13.0,634f7063d64b8ebd700442fa9786f5114dfa50141f8f0f6ef435d1dd398abbf6,2615.0,75565fb8b9adabf98da7cb6d0de6c5e1327fa83dcfcd49aaf7b297939bf25021,,True,True,True,13.0,2013.5,0.1,0.97,1.77,0.21,0.18,0.94,0.08,0.28,0.29,enforcement,0.61,0.17,behaviour_compliance,0.53,long_run,0.79,0.05,0.22,taxation_prices,1.0,1.63,0.23,0.93,0.8,general_public,0.78,0.02,0.19,0.07,0.15,-1.5141277326297755
apep_0831_v1,apep_0831,v1,0.041,0.0286,0.0148,0.0103,,0.3602,True,ok,Small positive,Overall Earnings (White),continuous,Event Study,United States,North America,2026-03-23T15:29:04.387213,,,313362.0,1.0,7.0,7.0,4.0,False,apep_0831/v1/tables/tabF1_sde.tex,The Hiring Dividend: Section 232 Tariffs Opened Doors for Black Manufacturing Workers but Did Not Close the Wage Gap,True,untestable,untestable,3661e5f293584a93db64eb9b9c4e92fe215c764093549ac6c629235fd7a92682,20.97,1.64,24.0,24.0,CLEAN,False,,0.041,1,beneficiary outcome direction,0.92,0,False,jev-1.13.0,c9859fcfe0e20bb1e9a59e4beb2e839c11920d96620f9440a0819f94bfbbbdd5,0.041,,0.041,1,1,1,1,jev-1.13.0,30f04d02137e4f6f572e2e631e63a10a1f65db7d6fbe0bc2f28983f8fcec6fad,2280.0,04123b075f2a7ffc6425285711222639f6f0069d0264dab3217b1ee8e44da711,,True,True,True,13.0,,0.11,0.96,2.09,0.05,0.08,0.18,0.04,0.05,0.98,price,1.0,0.06,labour_market,0.78,medium_run,0.95,0.5,0.06,taxation_prices,0.48,2.4,0.07,0.14,0.79,firms_industry,0.81,0.02,0.02,0.01,0.03,-3.55434856115633
apep_0832_v1,apep_0832,v1,-0.0513,0.0307,-0.0715,0.0427,,1.393,True,ok,Moderate negative,LBW rate (TWFE),binary,DiD,United States,North America,2026-03-23T15:40:41.824329,2010.0,2024.0,,0.0,7.0,7.0,2.0,False,apep_0832/v1/tables/tabF1_sde.tex,"The Access Cost That Wasn't: WIC EBT Mandates, Vendor Exits, and Infant Health",True,pass,pass,a0ef6473196e31636f28aa0a4f3610d2137daae1711d2e2149d1ea5e2bebbe12,13.81,1.62,26.0,26.0,CLEAN,False,,-0.0513,-1,beneficiary outcome direction,-0.93,0,False,jev-1.13.0,ba8b9d061eb658d7ddaf5f10418b46f99b64eff207ac4b1e96d12c8c340b9174,0.0513,,0.0513,-1,-1,-1,-1,jev-1.13.0,40934fb04056f2d246fe1cb86cc658f4ed70b3e90904109ae93ed1517adc3868,2836.0,b2a4f33e89b81dd1d9eb1f2efccdc158cc0dbe165060394655e53bdd812570c2,,True,True,True,13.0,2017.0,0.2,0.89,1.92,0.08,0.07,0.09,0.07,0.03,0.05,infrastructure,0.75,0.98,health,1.0,long_run,0.44,0.03,0.07,health_human_capital,1.0,2.88,0.06,0.34,0.68,low_income,0.97,0.02,0.05,0.02,0.04,-3.4834926243889854
apep_0834_v1,apep_0834,v1,0.129,0.075,0.029,0.017,,0.224,True,ok,Moderate positive,Log land price (Delta 2020--2010),binary,RDD,Japan,East Asia,2026-03-23T16:02:57.258031,,,,0.0,7.0,7.0,2.0,False,apep_0834/v1/tables/tabF1_sde.tex,The Accessibility Premium: Barrier-Free Station Mandates and Land Values in Japan,True,pass,pass,7196e3870a46647eaa2067da4c417323fcab56b703df645898102ae4e7020905,23.92,1.79,23.0,23.0,CLEAN,False,,0.129,0,insufficient directional evidence,0.07,0,False,jev-1.13.0,b23bde95f70e40ca6a336979c0ac5216110e411c3a0fbaee9941d3474ea4c226,,,0.129,0,1,0,0,jev-1.13.0,0b9749dc8348d5a8c11933b41226ef5842deb7f818f2d148bfbd6acdb7cb4d29,3157.0,b7dc3384c36f71d80bf3687f6edd165c62521c8b58831a60c0a45c076187c9bc,,True,True,True,13.0,,0.1,0.98,2.82,0.24,0.1,0.14,0.03,0.09,0.36,infrastructure,0.99,0.29,prices_cost,1.0,long_run,0.98,0.68,0.05,housing_infrastructure,0.95,2.04,0.06,0.11,0.74,elderly_retired,0.99,0.02,0.02,0.08,0.02,-2.5902671654458267
apep_0835_v1,apep_0835,v1,-0.2783,0.1832,-0.6766,0.4453,,2.4309,True,ok,Large negative,Log establishments,binary,DiD,Greece,Southern Europe,2026-03-23T15:57:40.000107,2012.0,2019.0,,0.0,7.0,7.0,4.0,False,apep_0835/v1/tables/tabF1_sde.tex,The Cash Curtain That Never Lifted: Greece's POS Mandate and the Persistence of Informality,True,pass,pass,dbd86d01061273d127621e6cab3a4e105be91842e2d41f4c616ef99613012ec2,13.38,2.03,20.0,20.0,CLEAN,False,,-0.2783,1,beneficiary outcome direction,0.4599999999999999,0,False,jev-1.13.0,04d111e010f20548870a8792fcc30101b6e947110fc105ae43de24382d07c8a6,-0.2783,,0.2783,0,0,1,1,jev-1.13.0,dca9eb947ac01434fae68a1c3b7b9fccdacd41d75121d3b7a871cb2756ddf263,2275.0,58ba9c5f98ba4d7113aa95346b8030f4a9bb15659d3e15b9a5bd320c29e57dec,,True,True,True,13.0,2015.5,0.13,0.98,2.05,0.46,0.2,0.88,0.06,0.19,0.71,enforcement,0.89,0.25,labour_market,0.99,long_run,0.67,0.75,0.68,taxation_prices,0.51,2.12,0.27,0.75,0.73,firms_industry,1.0,0.02,0.09,0.29,0.05,-1.6971768267421072
apep_0836_v1,apep_0836,v1,0.2822,0.0223,0.106,0.0084,,0.3756,True,ok,Large positive,Log SFD per capita,binary,DiD,Japan,East Asia,2026-03-23T16:03:42.382086,1999.0,2010.0,,0.0,7.0,7.0,4.0,False,apep_0836/v1/tables/tabF1_sde.tex,The Cushion That Wasn't Needed: Grant Expiration and Fiscal Resilience After Japan's Municipal Mergers,True,pass,pass,482cf1639c5b694947b64effb1900bc79e13bcd0f0d433af6ed8641b1fedf83a,16.23,1.51,27.0,27.0,SUSPICIOUS,False,,0.2822,0,insufficient directional evidence,-0.24,0,False,jev-1.13.0,126b40e3a8356ddf123a9dc8fc2444b5c5c061552cd8769d28cb923022082244,,,0.2822,0,0,0,0,jev-1.13.0,f5b73a54ce3954acd0f74db28d6fd8d722da4c4bf39c1865b1e8bfdd915100d8,2124.0,63c17be4001942002cfadc7dbe614c4c0821733c94ad027405536dc296f474fc,,True,True,True,13.0,2004.5,0.26,0.94,2.1,0.56,0.39,0.04,0.06,0.05,0.24,direct_transfer,0.82,0.48,other,0.62,long_run,0.98,0.7,0.06,finance_governance,0.91,2.28,0.07,0.11,0.72,general_public,0.79,0.02,0.03,0.13,0.03,-3.803168600516064
apep_0837_v1,apep_0837,v1,0.082,0.0853,0.759,0.789,,9.26,True,ok,Moderate positive,Long hours (>48h),binary,Event Study,"France ; Germany, Netherlands, Austria, Finland, Denmark, Czech Republic, Poland, Hungary",Western Europe,2026-03-23T16:09:02.023836,2010.0,2024.0,,0.0,7.0,7.0,2.0,False,apep_0837/v1/tables/tabF1_sde.tex,The Disconnect Illusion: France's Right-to-Disconnect Law Did Not Reduce Overwork,True,pass,pass,aeced2758f5f81f5ef7f018f1d36b7a455be0453d5f4711e041cf757290583d9,12.22,1.74,23.0,23.0,CLEAN,False,,0.082,-1,beneficiary outcome direction,-0.8500000000000001,-1,True,jev-1.13.0,b482e1c5a5537f535604f82a0a073fb99beeb4e43e0bb846906ee33ff7a9500b,-0.082,-0.082,0.082,-1,-1,-1,-1,jev-1.13.0,8249c1a8a34f24f65646397f787f3b5769bcbaaa9dc85c5fec9641b55e2d8f65,3367.0,2b3a66b827e8a6d71a98d59c3bd0f3246c6c69d5d9fdb9c0a0765d3e96555087,,True,True,True,13.0,2017.0,0.18,0.98,2.05,0.29,0.52,0.94,0.58,0.03,0.07,other,0.44,0.92,labour_market,1.0,long_run,0.94,0.03,0.07,labor_income,1.0,1.73,0.13,0.5,0.73,working_age,0.91,0.02,0.04,0.03,0.23,-2.4615808244845034
apep_0838_v1,apep_0838,v1,0.0075,0.0127,0.0165,0.0279,,0.205,True,ok,Small positive,Female share,continuous,DiD,Switzerland,Western Europe,2026-03-23T16:30:12.274026,2011.0,2023.0,,0.0,7.0,7.0,4.0,False,apep_0838/v1/tables/tabF1_sde.tex,The Audit That Barely Bit: Switzerland's Pay Transparency Mandate and the Muted Response of Gendered Labor Markets,True,untestable,untestable,3bbd3f2f04665c5defee835ffffde58c163a7877ffb99a3983d3dc7e605dfc0d,12.64,1.5,30.0,29.0,CLEAN,False,,0.0075,0,measurement qualifier: group_composition,0.72,0,False,jev-1.13.0,999d5b4d1e968190a1cb540129028d49fb79e831b7382469e0830cb8136c928a,,,0.0075,0,0,0,1,jev-1.13.0,407019d95d760b3231800f93a147e3445fc3d56d4be51eb8391757fe65623711,1581.0,4a795ba445803cc5f877b0869affd9ac76f7122c70663f1075ae4e932e83b2bc,,True,True,True,13.0,2017.0,0.13,0.96,1.62,0.3,0.28,0.07,0.06,0.16,0.84,information,0.79,0.12,labour_market,1.0,medium_run,0.49,0.04,0.07,labor_income,1.0,1.9,0.07,0.11,0.73,firms_industry,0.97,0.02,0.04,0.02,0.98,-4.3661532855175915
apep_0839_v1,apep_0839,v1,-0.101,0.0674,-6.55,4.369,,3.06,True,ok,Moderate negative,Poverty rate (%),continuous,DiD,United States,North America,2026-03-23T16:25:32.942109,2014.0,2023.0,,0.0,7.0,7.0,3.0,False,apep_0839/v1/tables/tabF1_sde.tex,The Take-Up Cliff: SNAP's Historic Benefit Increase Could Not Offset Emergency Allotment Withdrawal,True,untestable,untestable,90cd06c50459678df2fcec06dcdf1416cf4dcd24939e626739f4f4bda7272a1d,10.26,1.92,25.0,25.0,CLEAN,False,,-0.101,-1,beneficiary outcome direction,-0.92,0,False,jev-1.13.0,80b99d394775416c5699b1d2b9b5b09074118bca33b14ed4325507a0acc1f3cf,0.101,,0.101,-1,-1,-1,-1,jev-1.13.0,ab3e3f4e9b9b384543e85b4cf8b0c492dca91c4ed562d81f6c4b44b554a70937,828.0,40be8c52f47806646b6cfdcf8302687aba2dfa1762881880073c5cc7c6d01ff1,,True,True,True,13.0,2018.5,0.59,0.98,1.71,0.12,0.11,0.06,0.34,0.22,0.05,direct_transfer,0.9,0.97,income_distribution,1.0,medium_run,0.48,0.04,0.06,labor_income,0.99,2.14,0.06,0.2,0.71,low_income,1.0,0.02,0.04,0.03,0.21,-2.6971102610638757
apep_0840_v1,apep_0840,v1,-0.2785,0.0273,-3.256,0.32,,11.69,True,ok,Large negative,Turnout (%),continuous,IV,Switzerland,Western Europe,2026-03-23T17:26:27.326351,2015.0,2024.0,,0.0,7.0,7.0,3.0,False,apep_0840/v1/tables/tabF1_sde.tex,The Seismic Distraction: Foreign Earthquakes Reduce Swiss Referendum Turnout through Language-Specific Media Crowding,True,untestable,untestable,ef99b8cbaa4edb22860445df7550f086886fab3f12c61af4dc9776a0c8a43c69,19.09,1.34,29.0,29.0,CLEAN,False,,-0.2785,1,beneficiary outcome direction,0.6,0,False,jev-1.13.0,734e4bd32db2f97dd57c31a0403d653a6c89219f5063f1a57b23fdbd32a013e8,-0.2785,,0.2785,0,0,1,1,jev-1.13.0,ab744e3ff7f43c7ce2c836cf01660dab38a5b2e1a6e4785d11f8c8607e2147fc,3406.0,1ee6ab9ad6d2ee4a1f4dc7b4b09f427c9463d4df9e039a5fc986c71cc79be26a,,True,True,True,13.0,2019.5,0.31,0.96,1.95,0.36,0.2,0.26,0.03,0.03,0.74,information,0.8,0.14,political_attitudinal,0.64,long_run,0.67,0.02,0.05,finance_governance,0.99,0.11,0.07,0.12,0.52,general_public,0.99,0.02,0.2,0.24,0.32,-3.600868576791223
apep_0841_v1,apep_0841,v1,-0.1032,0.1066,-0.618,0.638,,5.99,True,ok,Moderate negative,Gender gap (all CEE),binary,DiD,Poland,Central & Eastern Europe,2026-03-23T17:58:20.475574,2010.0,2023.0,,0.0,7.0,7.0,3.0,False,apep_0841/v1/tables/tabF1_sde.tex,The Universality Discount: Poland's Child Benefit Extension and the Missing Employment Effect,True,pass,pass,6fb13e3276d79eb942aa33e797950b89e23082a556c1704623f7e272e9d09101,15.26,1.7,24.0,24.0,CLEAN,False,,-0.1032,1,beneficiary outcome direction,0.2999999999999999,0,False,jev-1.13.0,fb2992edf72e75f0459ba932fcf71ba155a761d9d3747dddca25e686afe70ee5,-0.1032,,0.1032,0,1,0,1,jev-1.13.0,5b3c43216b4d6a30e90503cc17ada9c6177b6195105c6de93a370b03c651211c,3024.0,84f8f08f9b0bfa49185d090d74c73aba2a7d6cb2cdabdc962b9722534455f8b4,,True,True,True,13.0,2016.5,0.11,0.97,1.43,0.16,0.1,0.14,0.06,0.06,0.86,direct_transfer,1.0,0.56,labour_market,1.0,long_run,0.92,0.04,0.06,labor_income,1.0,2.19,0.09,0.75,0.8,low_income,0.55,0.02,0.03,0.02,0.37,-2.238671767250393
apep_0842_v2,apep_0842,v2,-0.013,0.079,-0.004,,,0.325,True,ok,Small negative,Recognition rate,binary,DiD,European Union,Western Europe,2026-03-25T16:52:55.028173,2008.0,2023.0,,0.0,7.0,7.0,4.0,False,apep_0842/v2/tables/tabF1_sde.tex,"The Designation Illusion: Safe Country Labels Change Who Applies for Asylum, Not How Claims Are Judged (v2)",True,pass,untestable,916f3699699c20028c37f02bfade8faa887d9e7530b599cf613ce84837bf113a,27.67,3.16,5.0,5.0,CLEAN,False,,-0.013,1,beneficiary outcome direction,0.7699999999999999,0,False,jev-1.13.0,9172f71e5149a49b8ef40fc9cae1d504b957093170ea6a32991c6c60fc1fbe7b,-0.013,,0.013,1,1,1,1,jev-1.13.0,4269f6ed718f985b2ba813273c38fbfc100434aca1f1b08fc958a51c08392954,4284.0,41606e83057852cbc9911d8a34c98b933f8f81956a3d46b10177345738f5cab5,,True,True,True,13.0,2015.5,0.1,0.98,1.91,0.11,0.86,0.9,0.27,0.06,0.94,public_provision,0.34,0.17,administrative_process,0.6,long_run,0.61,0.03,0.06,other,0.84,1.76,0.08,0.14,0.77,migrants_minority,1.0,0.02,0.6,0.33,0.13,-2.5383074265151158
apep_0843_v1,apep_0843,v1,-0.0099,0.0186,-0.0104,0.0196,,1.054,True,ok,Small neg.,Business Applications (BA),binary,DiD,United States,North America,2026-03-24T14:42:09.223404,2012.0,2019.0,,0.0,7.0,7.0,6.0,False,apep_0843/v1/tables/tabF1_sde.tex,Notarize This: Remote Online Notarization Laws and New Business Formation,True,pass,pass,d7873e3572836062f89ec1c3cec4311442ba25b1b2698d100318e4d45149c9a5,20.0,1.66,24.0,24.0,CLEAN,False,,-0.0099,1,beneficiary outcome direction,0.69,0,False,jev-1.13.0,8dde35e0cc036f0d83db7d960dc1cd5b47b69d4dbb54cf3ff1484f7554f68525,-0.0099,,0.0099,1,1,1,1,jev-1.13.0,b40043103fb8068bb0deb67c27690b7d37801a05eae76ad9b27798e1d50c241e,3288.0,3d31568fd8dc858721820c9cc4f2ab6b1a7f46570141c98378fecd28d11f49f5,,True,True,True,13.0,2015.5,0.12,0.97,1.93,0.13,0.26,0.28,0.06,0.15,0.84,infrastructure,0.36,0.15,labour_market,0.87,long_run,0.87,0.03,0.06,regulation_competition,0.88,1.96,0.07,0.13,0.84,firms_industry,1.0,0.02,0.08,0.95,0.03,-3.9845936982629815
apep_0844_v1,apep_0844,v1,0.0696,0.0291,0.0203,0.0085,,0.1578,True,ok,Moderate positive,Pell share,continuous,Event Study,United States,North America,2026-03-24T15:48:17.189325,2007.0,2008.0,,0.0,7.0,7.0,6.0,False,apep_0844/v1/tables/tabF1_sde.tex,"The Sticky Sticker Price: State Disinvestment, Tuition Rigidity, and Student Body Recomposition at Public Universities",True,untestable,untestable,769e4054631c3113a233779bc249ec43a904c95967acd4342b16852ea7104d98,15.34,1.64,25.0,25.0,CLEAN,False,,0.0696,0,measurement qualifier: group_composition,0.57,0,False,jev-1.13.0,180721f2df8e1ce36a3cf30b4531000f95f3d755f262e9e6e0008df53525a966,,,0.0696,0,0,0,1,jev-1.13.0,8a53867a372d38cc9b359bc1aae987f03927bb0b13393b96142bdfdccbe46a33,2443.0,b0c921e512a88680f5174e886bf0e3c94748714a5d4b30a5d9e68993dafac142,,True,True,True,13.0,2007.5,0.12,0.96,1.36,0.32,0.16,0.08,0.04,0.04,0.84,price,0.79,0.27,education,1.0,long_run,0.7,0.05,0.09,health_human_capital,1.0,2.07,0.09,0.19,0.76,low_income,0.69,0.02,0.07,0.18,0.93,-3.5370171048046903
apep_0845_v1,apep_0845,v1,0.107,0.067,1.465,0.916,,13.648,True,ok,Mod. pos.,"OQ gap, all foreign - nat.",continuous,DiD,European Union,Western Europe,2026-03-24T15:43:32.655848,2006.0,2023.0,,0.0,7.0,7.0,5.0,False,apep_0845/v1/tables/tabF1_sde.tex,The Recognition Illusion: EU Professional Qualifications Reform and the Persistence of Overqualification,True,untestable,untestable,84620a5b39e8349ba7ab3747999d914f6fbc9685470836ea6dcd420b47a060fa,13.61,1.63,21.0,21.0,SUSPICIOUS,False,,0.107,-1,beneficiary outcome direction,-0.63,0,False,jev-1.13.0,744ec3c6aa3a907d7e00213409af6ac257c4fca8ed3c7e850c94c2f6946ea16a,-0.107,,0.107,-1,-1,-1,-1,jev-1.13.0,bfb40cdaa8d8390fd1eb758fcd93378276112769c11b3201f149cdf1757f0393,2788.0,b298a638f31f3d068bf53d2f61e98eab308d79e32adf754a9bc2a706e1110496,,True,True,True,13.0,2014.5,0.09,0.97,0.71,0.12,0.19,0.94,0.21,0.08,0.21,infrastructure,0.77,0.84,labour_market,1.0,long_run,0.96,0.03,0.04,labor_income,0.53,1.74,0.06,0.08,0.7,migrants_minority,0.66,0.02,0.06,0.03,0.18,-2.703062659591171
apep_0846_v1,apep_0846,v1,0.0224,0.0719,0.0038,0.0122,,0.1697,True,ok,Small positive,Black homeown. rate (CS ATT),binary,DiD,United States,North America,2026-03-24T15:23:10.137426,2011.0,2023.0,,0.0,7.0,7.0,4.0,False,apep_0846/v1/tables/tabF1_sde.tex,The Partition Trap: Heirs' Property Reform and Black Homeownership,True,pass,pass,b6016aa81ba76546fa227c4d4136b9e2d378ec11dab0fc7420cf1713b742705a,20.63,1.7,20.0,20.0,CLEAN,False,,0.0224,1,beneficiary outcome direction,0.8899999999999999,0,False,jev-1.13.0,699d49fb642486e559356bbcd78f56986563d202eb1fafa6f55408238f544b31,0.0224,,0.0224,1,1,1,1,jev-1.13.0,2cd469216aa3b587709f404579adb58016e435bbf8bd25c0db2cd1adf3c408d0,2954.0,6ad77166e3c4df49188163ac5fdb33de8c70fcdd794fcc6f77f8491e214bc250,,True,True,True,13.0,2017.0,0.14,0.97,2.0,0.06,0.15,0.68,0.09,0.2,0.96,enforcement,0.41,0.07,other,0.5,long_run,0.85,0.03,0.08,housing_infrastructure,0.82,1.78,0.1,0.67,0.83,migrants_minority,0.99,0.02,0.03,0.03,0.52,-2.6324790142551358
apep_0847_v1,apep_0847,v1,0.4,0.108,412.8,111.4,,1032.0,True,ok,Large positive,CO-validated quit rate,continuous,DiD,United Kingdom,Western Europe,2026-03-24T15:36:26.571351,2011.0,2024.0,,0.0,7.0,7.0,5.0,False,apep_0847/v1/tables/tabF1_sde.tex,The Cessation Capital That Survived Austerity: Stop Smoking Services and the Persistence of Public Health Investment in England,True,untestable,untestable,deb06551296377e17b4369e43cc6e4702c9ba23373af537fa29a9c8781ba3b6a,21.55,1.68,22.0,22.0,SUSPICIOUS,False,,0.4,1,beneficiary outcome direction,0.89,0,False,jev-1.13.0,4a24ad4b3bd15c2d420cd61cbc0f48affb130495bfb33c6da5f9df921037b9d9,0.4,,0.4,1,1,1,1,jev-1.13.0,293d2944f9baaf5d4db95085f9e0468fa18d570a73cf7c183d5ed153e4c593f2,3030.0,d2261f21934896fddcd5361b503a2f59b8c8b23724ae384d366b28cde02d6d42,,True,True,True,13.0,2017.5,0.14,0.97,1.62,0.04,0.17,0.03,0.05,0.09,0.97,public_provision,0.97,0.08,health,1.0,long_run,0.84,0.04,0.09,health_human_capital,1.0,2.09,0.08,0.24,0.72,general_public,0.87,0.02,0.21,0.09,0.06,-2.2256240518579173
apep_0848_v1,apep_0848,v1,0.0129,0.0041,0.0219,,,1.7016,True,ok,Small positive,Log employment,binary,DiD,United States,North America,2026-03-24T15:45:25.491777,2019.0,2023.0,622.0,0.0,7.0,7.0,6.0,False,apep_0848/v1/tables/tabF1_sde.tex,Still Short-Staffed: Healthcare Employment and the Enhanced Nurse Licensure Compact,True,pass,untestable,50276a506dcc1849cf4753436ccb8e37d31202f1eacd7deb81724ac8e02584dd,19.3,1.51,21.0,21.0,SUSPICIOUS,False,,0.0129,1,beneficiary outcome direction,0.67,0,False,jev-1.13.0,97a5f4872b1dd55138baebf1508c02a7c530ff61afc016d09953f431948de107,0.0129,,0.0129,0,0,1,1,jev-1.13.0,d24ae9a1aeb365fa4b3aab4c974144fe52427c921e14fe3335e66f5fada35f80,2952.0,d6999e9e5bf9266a85390403d2713c5e64dfc1ddb045d2cc67d584884cef7617,,True,True,True,13.0,2021.0,0.11,0.97,2.05,0.34,0.21,0.41,0.05,0.1,0.9,other,0.42,0.23,labour_market,1.0,long_run,0.76,0.36,0.07,regulation_competition,0.79,2.0,0.07,0.44,0.84,firms_industry,0.63,0.02,0.03,0.02,0.04,-5.496768305271875
apep_0849_v1,apep_0849,v1,0.2415,0.1386,0.2043,0.1172,,0.8456,True,ok,Large positive,ln( Patents ),binary,DiD,Taiwan,East Asia,2026-03-24T15:55:41.395546,2003.0,2013.0,,0.0,7.0,7.0,5.0,False,apep_0849/v1/tables/tabF1_sde.tex,The Phantom Credit? Taiwan's R\&D Tax Equalization and Strategic Sector Patenting,True,pass,pass,719878448a5597a68252479ad23389562932e957ccb005837e9d1318cf644d7c,21.05,1.76,22.0,22.0,SUSPICIOUS,False,,0.2415,1,beneficiary outcome direction,0.71,0,False,jev-1.13.0,7f13627415f7186101ca0842ddcd921e0e03086a0f27407b741e0b14ac735b9c,0.2415,,0.2415,1,1,1,1,jev-1.13.0,199947ee9d206c7cdacc8c02592ead00abdeeb5adfbc1b21a0d0c88e452f5555,3285.0,7c94d38c2fda7b0f5ab4f2926ac96a60c6ff79e4db0bf8ed985131486235ca4e,,True,True,True,13.0,2008.0,0.11,0.85,1.62,0.13,0.3,0.37,0.08,0.1,0.85,price,1.0,0.14,other,0.49,long_run,0.95,0.03,0.06,taxation_prices,1.0,2.08,0.09,0.4,0.76,firms_industry,1.0,0.02,0.2,0.83,0.03,-1.9761631922263343
apep_0850_v1,apep_0850,v1,0.0584,0.047,0.1123,0.0905,,1.9237,True,ok,Moderate positive,Cross-border worker count (log),binary,Event Study,Switzerland,Western Europe,2026-03-24T15:36:13.748814,2015.0,2025.0,,0.0,7.0,7.0,3.0,False,apep_0850/v1/tables/tabF1_sde.tex,The Floor That Didn't Bite: Geneva's Record Minimum Wage and Cross-Border Labor Flows,True,pass,pass,070b599836c16aec7c3f121fe0edf519a61adf77e71ab05fdd88cd9a5ef28deb,21.66,1.7,20.0,20.0,SUSPICIOUS,False,,0.0584,1,beneficiary outcome direction,0.44,0,False,jev-1.13.0,5373730f41dc49a1bd858f0fb2b7586a5491d49833e303d383721f3b11879c2e,0.0584,,0.0584,0,0,1,1,jev-1.13.0,44fbb807a8016342eb79f146e651fad7f8e6d1f64c74febf584fff4a7a04f556,1823.0,d1ccf16b266bcf9a8450f1c7aae6350d995faa03f82202f792ab40e5d2ee7d49,,True,True,True,13.0,2020.0,0.13,0.97,2.17,0.43,0.25,0.64,0.04,0.03,0.73,price,1.0,0.29,labour_market,1.0,long_run,0.93,0.05,0.1,labor_income,1.0,2.21,0.08,0.13,0.71,working_age,0.54,0.02,0.07,0.08,0.07,-3.0576076772720784
apep_0851_v1,apep_0851,v1,1.357,0.203,0.3108,0.0466,,0.229,True,ok,Large positive,Log HPI,binary,DiD,Portugal versus 15 EU member state controls,Western Europe,2026-03-24T15:46:56.331915,,,,0.0,8.0,8.0,3.0,False,apep_0851/v1/tables/tabF1_sde.tex,The Expat Premium That Wasn't: Portugal's NHR Tax Termination and Housing Prices,True,pass,pass,6d4ca818e11724dd8ef38b9210fd7ea8e26f566d50680b5ba6ee01c79817cf56,15.77,1.45,21.0,21.0,CLEAN,False,,1.357,0,insufficient directional evidence,-0.14,0,False,jev-1.13.0,8603e611502aef9f896ef634bfb4b85196ce5730846067e3446c067340b4649c,,,1.357,0,0,0,0,jev-1.13.0,de5928c85884e2cd2b504fbaa3b83a98ac7489e27a0ac0b9cc88106e14801cd7,2792.0,df49c4a7bb40b140643eb903a6a74d61d2552da0ab0293c6a8fb3b851bd71020,,True,True,True,13.0,,0.09,0.97,1.36,0.46,0.23,0.96,0.13,0.04,0.31,price,1.0,0.45,prices_cost,1.0,long_run,0.85,0.41,0.04,taxation_prices,0.98,1.82,0.05,0.08,0.79,migrants_minority,0.88,0.02,0.03,0.09,0.02,-1.5945492999403497
apep_0852_v1,apep_0852,v1,-0.004,0.03,-0.0011,0.009,,0.3005,True,ok,Null,Food insecure,binary,DiD,United States,North America,2026-03-24T16:23:38.441195,2016.0,2019.0,,0.0,7.0,7.0,4.0,False,apep_0852/v1/tables/tabF1_sde.tex,When the Bell Rings for Everyone: Universal Free School Meals and Household Food Security,True,pass,pass,06b1316d525e79db8fe67587550290614466dc0fb1bab22788a8eff712517bb2,19.7,1.6,23.0,23.0,SUSPICIOUS,False,,-0.004,-1,beneficiary outcome direction,-0.8999999999999999,0,False,jev-1.13.0,baf525b90b2caa7b7d6c24552d9a3011f0a989a3f3968b89d58bfdbe840f7acd,0.004,,0.004,-1,-1,-1,-1,jev-1.13.0,68361dc5e68e91c900926a192109537f3e1f3ea078949ad73d97ad0756113eec,4189.0,1a451204f66530ac95a75087a16fe1c7b6cf50543ee5a26b54f4f70d7233d324,,True,True,True,13.0,2017.5,0.13,0.97,2.0,0.13,0.13,0.8,0.29,0.14,0.06,public_provision,0.59,0.96,health,0.97,short_run,0.57,0.03,0.06,health_human_capital,1.0,2.67,0.08,0.14,0.77,children_youth,0.96,0.02,0.03,0.02,0.09,-3.506557897319982
apep_0853_v1,apep_0853,v1,0.0834,0.0223,0.0803,0.0215,,0.963,True,ok,Moderate positive,Nonemployer establishments (log),binary,DiD,United States,North America,2026-03-24T16:17:02.056174,2012.0,2022.0,,0.0,7.0,7.0,5.0,False,apep_0853/v1/tables/tabF1_sde.tex,The Kitchen Ceiling: How Cottage Food Deregulation Created a New Class of Food Entrepreneurs,True,pass,pass,6368ae5dc14cf3299630f5a8b8560f54a0b80b5f7a09fc3eff838d958031703c,26.42,1.57,25.0,25.0,SUSPICIOUS,False,,0.0834,1,beneficiary outcome direction,0.73,0,False,jev-1.13.0,ce56cff2136c65a0e643b6dac13bd486d7db3edd23a2bcba632a6a010c7cd427,0.0834,,0.0834,1,1,1,1,jev-1.13.0,ddcc3357588b265713396abf9316a0fcbfc186455bbe02fbfd35965395ae8dc6,3375.0,f8402dffb87fb6f88df28f02e386369586e3292e9e02769a1bb6ffb420830115,,True,True,True,13.0,2017.0,0.12,0.98,1.95,0.15,0.5,0.47,0.02,0.27,0.85,enforcement,0.24,0.12,labour_market,1.0,long_run,0.91,0.03,0.07,regulation_competition,1.0,1.76,0.08,0.17,0.85,firms_industry,0.59,0.02,0.05,0.51,0.03,-3.803168600516064
apep_0854_v1,apep_0854,v1,-3.7347,0.8533,-1.2797,0.2924,,0.3427,True,ok,Large negative,Log resale price (pooled),continuous,RDD,Singapore,East Asia,2026-03-24T17:02:46.275704,2017.0,2026.0,,0.0,7.0,7.0,3.0,False,apep_0854/v1/tables/tabF1_sde.tex,The Integration Premium: Thirty-Five Years of Mandated Ethnic Mixing and Housing Prices in Singapore,True,untestable,untestable,3b4226e58fae33bec1a46a7aaf4d858986df14a5d3b42fc22a55e3e99cc6fb24,13.16,1.84,22.0,21.0,CLEAN,False,,-3.7347,0,insufficient directional evidence,0.15,0,False,jev-1.13.0,b8949be7245b31ee5eae3d7fb26a7352792a99d055dbe57bc4bf896d1f1c4b77,,,3.7347,0,0,0,0,jev-1.13.0,fbb90ee40c7f3992a6e0476100d63197dccde88ef64423bbb621af0caba67c2a,3303.0,991c7e46870fa82f8384fa94792335a457a4208d90739c4377a75e7a1d094efa,,True,True,True,13.0,2021.5,0.11,0.97,0.11,0.21,0.61,0.97,0.05,0.04,0.4,quantity_restriction,1.0,0.25,prices_cost,1.0,long_run,0.85,0.79,0.04,housing_infrastructure,0.96,2.31,0.05,0.17,0.82,migrants_minority,0.84,0.02,0.02,0.15,0.03,-0.15864409343959796
apep_0856_v1,apep_0856,v1,0.558,0.129,758.7,174.8,,288.0,True,ok,Large positive,Earnings (DDD),continuous,DiD,United States,North America,2026-03-24T16:34:26.004890,2010.0,2023.0,,0.0,7.0,7.0,4.0,False,apep_0856/v1/tables/tabF1_sde.tex,The Stability Paradox: Tipped Minimum Wages Close the Racial Earnings Gap but Not the Turnover Gap in U.S. Restaurants,True,untestable,untestable,2905a7806b2f75a1eb993e07339e694aa94de4a8689b8f75cbc3d611bdbb7e96,25.27,1.62,21.0,21.0,SUSPICIOUS,False,,0.558,1,beneficiary outcome direction,0.88,0,False,jev-1.13.0,a71872a0deb558199b676c9fc8f19bafa39bd8152473090f2e6397c90a28e6fd,0.558,,0.558,1,1,1,1,jev-1.13.0,f87c4f77e2087e7dc638cc454300437f6c2d53967311fe7e7105b69919e0c5ee,1977.0,c744aa4d830307d09dff7b6b488fe982e265a4bb9df31e531427453b181f131e,,True,True,True,13.0,2016.5,0.56,0.96,2.1,0.06,0.33,0.42,0.19,0.33,0.96,price,0.99,0.08,income_distribution,0.54,long_run,0.81,0.78,0.06,labor_income,1.0,2.0,0.18,0.24,0.77,migrants_minority,0.29,0.02,0.02,0.02,0.04,-2.047942874620465
apep_0860_v1,apep_0860,v1,0.0072,0.0181,0.008,0.02,,1.1036,True,ok,Small positive,Establishments,binary,DiD,United States,North America,2026-03-24T18:40:35.142759,2017.0,2023.0,,0.0,7.0,7.0,4.0,False,apep_0860/v1/tables/tabF1_sde.tex,The Squeeze That Wasn't: Catalytic Converter Laws and the Resilience of Scrap Metal Markets,True,pass,pass,d74a45dfa46dc70d7a2ec552df63483c2584cc501126497979a8e97c47435329,15.83,1.84,21.0,21.0,SUSPICIOUS,False,,0.0072,1,beneficiary outcome direction,0.42,0,False,jev-1.13.0,7eb17efc30db5d7e7c72eaaede8087254160fc68fb718d882e0da2bc6773eb80,0.0072,,0.0072,0,0,1,1,jev-1.13.0,cbeba4038963c69b318de8695e962ee4effe7d74e575958c431c3fd40b8631bd,3582.0,e2856b51245bae2ac35ab2ad913ae73f590949a21c7926854da2c3907053cc0b,,True,True,True,13.0,2020.0,0.14,0.97,1.96,0.46,0.47,0.16,0.13,0.04,0.73,enforcement,0.61,0.31,labour_market,1.0,medium_run,0.49,0.04,0.09,regulation_competition,0.99,1.93,0.09,0.56,0.83,firms_industry,1.0,0.02,0.06,0.16,0.03,-4.011843340710357
apep_0861_v1,apep_0861,v1,2.191,0.649,9.037,2.677,,2.78,True,ok,Large positive,Victim-based charge rate,continuous,DiD,United Kingdom,Western Europe,2026-03-24T18:47:05.035603,2016.0,2023.0,,0.0,7.0,7.0,6.0,False,apep_0861/v1/tables/tabF1_sde.tex,The Triage Trap: Police Staffing and the Collapse of Victim-Based Criminal Justice in England and Wales,True,untestable,untestable,3dd85f4c11b28ed1bb3e1a26cdfc7bea3faf1a4b4bb52a155b7c7e7ac3e65661,20.51,1.47,22.0,22.0,CLEAN,False,,2.191,1,beneficiary outcome direction,0.55,0,False,jev-1.13.0,91989f19c578ebbaffb737e56f35516240819da2f1e8e790715bf2c578f43d1d,2.191,,2.191,0,1,1,1,jev-1.13.0,525dfc98b25bb6018686e8abf3b982faffb83c6f7f667acddd19b5fdd4088d60,2639.0,952235cc3ea9c069210fdc9f5f13e5ae29f5744e7a7c730e488d68be7ab513e0,,True,True,True,13.0,2019.5,0.14,0.98,1.75,0.33,0.28,0.06,0.05,0.11,0.84,public_provision,0.45,0.29,crime_safety,0.99,long_run,0.81,0.03,0.06,finance_governance,1.0,2.46,0.06,0.1,0.71,general_public,0.95,0.02,0.96,0.8,0.12,-0.43232256227804705
apep_0862_v1,apep_0862,v1,0.1566,0.0647,0.116,0.0479,,0.7407,True,ok,Large positive,FTE employment,binary,DiD,Switzerland,Western Europe,2026-03-24T19:15:58.453710,,,,0.0,7.0,7.0,4.0,False,apep_0862/v1/tables/tabF1_sde.tex,The Conscription Complement: Mandated Service Labor and Paid Employment in Swiss Healthcare,True,pass,pass,7b5a282bfc1f5e8bcaa54f5182de07a53349996d9fec55d0faaa00f4aef80319,14.8,1.68,22.0,21.0,CLEAN,False,,0.1566,1,beneficiary outcome direction,0.67,0,False,jev-1.13.0,71de88207dd4594f11cd5c4ffc84de697091d2b3032aaa2015042695f3985cb0,0.1566,,0.1566,1,1,1,1,jev-1.13.0,36b313e7c76ad98192a693c727829b6fb9d8ba5c525a329b5aa7a83b82e9f4cb,2772.0,eb5c6108f073621066a410c6a6a99ed197493254a5b789d2b63147787266f20f,,True,True,True,13.0,,0.15,0.97,2.64,0.12,0.1,0.93,0.05,0.08,0.93,public_provision,0.38,0.26,labour_market,1.0,long_run,0.99,0.03,0.92,labor_income,0.95,2.05,0.96,0.97,0.75,firms_industry,0.52,0.03,0.04,0.02,0.05,-2.7379940774752822
apep_0863_v1,apep_0863,v1,0.0081,0.0024,0.0777,0.0236,,9.633,True,ok,Small positive,Total casualties,continuous,RDD,United States,North America,2026-03-24T20:17:52.250117,2008.0,2024.0,,0.0,7.0,7.0,6.0,False,apep_0863/v1/tables/tabF1_sde.tex,The Warning Paradox: NWS Office Boundaries and Tornado Casualties,True,untestable,untestable,00a5810786b710ed4c0b4dce1dfc5c0a4082a0f20ed469c2bcffec16ad95942b,24.17,1.53,23.0,23.0,CLEAN,False,,0.0081,-1,beneficiary outcome direction,-0.93,0,False,jev-1.13.0,6061d61ad8fff08f6fd18fc869f8c86799b41fac2d77e511b4978fd8c532cd1b,-0.0081,,0.0081,-1,-1,-1,-1,jev-1.13.0,49acc5c1226fb6ceeb52e181e122a799c4c45a9d8a1f3c0ae3625abcf8f27a40,2974.0,8a77fd7a868a1fd96ea44cf37a0f347aa8f37fac979235de1452f712b834f964,,True,True,True,13.0,2016.0,0.13,0.84,2.33,0.12,0.24,0.07,0.08,0.04,0.04,information,0.9,0.97,crime_safety,0.93,long_run,0.89,0.03,0.06,health_human_capital,0.42,1.21,0.07,0.12,0.56,general_public,1.0,0.04,0.08,0.03,0.02,-6.032286541628237
apep_0864_v1,apep_0864,v1,0.0199,0.007,0.0019,0.0007,,0.095,True,ok,Small positive,Foreign population share,continuous,RDD,Switzerland,Western Europe,2026-03-24T20:05:35.671666,2010.0,2023.0,,0.0,7.0,7.0,5.0,False,apep_0864/v1/tables/tabF1_sde.tex,Cheap Talk: Anti-Immigration Referendum Signals and Foreign Residential Sorting in Swiss Municipalities,True,untestable,untestable,08ceedf5449ef09b0b5636a877b5deac90d4f6787cf7b8ac5aaf590bb197b5f9,18.01,1.65,22.0,22.0,SUSPICIOUS,False,,0.0199,0,measurement qualifier: group_composition,0.02,0,False,jev-1.13.0,d8d544c560e3873ed90cad2574e9df33bbfa815c3828418b75f2c2bd7ac26f76,,,0.0199,0,0,0,0,jev-1.13.0,fe3ab523222637d8f7b0e12c1edd53b16a05668b4217be5370aaf11ec87966f7,990.0,186c9754bd0b19991610d8bdb9f965f8cd745af5164c584873773bf24e9cd3b0,,True,True,True,13.0,2016.5,0.15,0.98,1.46,0.74,0.13,0.03,0.13,0.04,0.31,other,0.7,0.29,other,0.99,long_run,0.99,0.02,0.27,other,0.56,0.07,0.08,0.1,0.76,migrants_minority,0.95,0.02,0.04,0.06,0.98,-4.961845129926823
apep_0865_v1,apep_0865,v1,-0.0025,0.0342,-1.814,24.536,,694.3,True,ok,Null,Drinking-place emp.,continuous,RDD,United States,North America,2026-03-24T20:34:12.477381,2010.0,2023.0,,0.0,7.0,7.0,6.0,False,apep_0865/v1/tables/tabF1_sde.tex,Last Call for Competition: License Lotteries and the Null Employment Effect of Marginal Alcohol Outlets,True,untestable,untestable,fa0a5ee50ac055c94f79bbc1001b4cf3b1e48e063eb2f5e1d05839749a180055,19.26,1.7,21.0,21.0,SUSPICIOUS,False,,-0.0025,1,beneficiary outcome direction,0.46,0,False,jev-1.13.0,1413384460e3a7ad4feec8998a3e2ec24ca9a4a71f7939627f9277edd058b8f7,-0.0025,,0.0025,0,1,0,1,jev-1.13.0,fbf226119fe662492bdcd31701cb00312f23606fb76bf85fceab0619ae06edcd,3959.0,4de304b313d810d51f084f2f535676dca8731f22bdbac1ebd531c8dda3c0be59,,True,True,True,13.0,2016.5,0.13,0.97,2.88,0.15,0.08,0.07,0.04,0.06,0.9,quantity_restriction,1.0,0.44,labour_market,1.0,long_run,0.95,0.27,0.72,regulation_competition,0.98,1.84,0.93,0.75,0.66,firms_industry,0.99,0.05,0.03,0.02,0.04,-3.3755296349135775
apep_0866_v1,apep_0866,v1,-0.0789,0.0345,-0.122,0.0534,,1.5471,True,ok,Moderate negative,Female non-mining emp (boom),binary,DiD,United States,North America,2026-03-24T21:26:21.613280,2001.0,2005.0,,0.0,7.0,7.0,6.0,False,apep_0866/v1/tables/tabF1_sde.tex,When the Roughnecks Arrive: Male-Biased Labor Demand and the Gendered Externalities of Resource Booms,True,pass,pass,13e573343c93b23e0885695323f5809265934545aa34c93b76967239e3dacf9e,23.09,2.17,23.0,0.0,SEVERE,True,,-0.0789,1,beneficiary outcome direction,0.82,0,False,jev-1.13.0,c6487064d1ae50d8394bc0c7d7e2796d7e028c6fb6f4a836abbe518459ac79f2,-0.0789,,0.0789,1,1,1,1,jev-1.13.0,2322b168fe6ceed425d0af8b6a669dbdcda2dfa23a9a56e4fa485d15e16996db,1887.0,a105dd69128f8f8d53074dacef2d2401ade2396e027163c335af107e9318f06a,,True,True,False,13.0,2003.0,0.1,0.97,2.06,0.11,0.09,0.83,0.03,0.03,0.95,other,0.89,0.13,labour_market,1.0,long_run,0.96,0.14,0.06,labor_income,0.92,1.38,0.07,0.11,0.8,working_age,0.98,0.02,0.04,0.03,0.08,-3.366795954944823
apep_0867_v1,apep_0867,v1,0.0099,0.0248,0.0124,0.0313,,1.2606,True,ok,Small positive,Log NACE J empl. (CS-DiD),binary,DiD,European Union,Western Europe,2026-03-24T21:11:12.940719,2015.0,2023.0,,0.0,7.0,7.0,3.0,False,apep_0867/v1/tables/tabF1_sde.tex,The Upload Filter Illusion: Platform Copyright Mandates and Information-Sector Employment in the European Union,True,pass,pass,6f84c284e6e1de2199a252ff9b82db838542607687a062003549bf3066947df7,12.9,1.81,22.0,22.0,CLEAN,False,,0.0099,1,beneficiary outcome direction,0.75,0,False,jev-1.13.0,7975fa6ac2bc8319b174fb7bb2ca3b6ded06516813cf01bf3f68c86ab06dfd7a,0.0099,,0.0099,1,1,1,1,jev-1.13.0,5af8dd562eed1b91ab58ca72779018705a125bd2f279b37ebe4fb65ae1281cef,3786.0,88c2f9131909b0eb26e034fe7240f9a11ba7aebf0642862b111cabff314215d4,,True,True,True,13.0,2019.0,0.37,0.98,2.11,0.11,0.13,0.45,0.04,0.04,0.94,enforcement,0.8,0.19,labour_market,1.0,medium_run,0.37,0.03,0.09,regulation_competition,0.81,2.08,0.12,0.49,0.75,firms_industry,1.0,0.02,0.03,0.02,0.27,-3.6969116258112007
apep_0868_v1,apep_0868,v1,0.0084,0.0075,0.0153,0.0137,,1.8282,True,ok,Small positive,Log employment,binary,DiD,United States,North America,2026-03-24T21:31:27.594192,,,,0.0,7.0,7.0,5.0,False,apep_0868/v1/tables/tabF1_sde.tex,The Resilient Grid: Why the Largest Power Failure in U.S.\ History Left No Trace in the Labor Market,True,pass,pass,3be4db6916bd0ad8fcfd7ee4bfdec291b27e4e1d5b69842b97a07dc30b4adc94,17.37,1.67,20.0,20.0,CLEAN,False,,0.0084,1,beneficiary outcome direction,0.6699999999999999,0,False,jev-1.13.0,79ab1944f9ac2c2adfd389ebfdb682ec4a23d71513db9a113a82b8e63926b827,0.0084,,0.0084,0,1,1,1,jev-1.13.0,a51831a60661fa4c29fc3a8448815ac9f41bf2b9469ed12ac006f3b45aedb194,2696.0,3d3f58ea255895e4fa4593ede2c9ce6fb43dd1672a9bf61074bdd239dd28b90c,,True,True,True,13.0,,0.16,0.98,1.6,0.08,0.08,0.11,0.03,0.04,0.97,infrastructure,0.97,0.3,labour_market,1.0,medium_run,0.53,0.04,0.11,environment_energy,0.7,2.38,0.1,0.25,0.74,working_age,0.52,0.02,0.03,0.02,0.03,-4.892852258439873
apep_0869_v3,apep_0869,v3,-0.062,0.008,-0.117,0.014,,1.871,True,ok,Moderate negative,Employment,continuous,Event Study,United States,North America,2026-03-26T15:49:39.549673,,,,0.0,7.0,7.0,5.0,False,apep_0869/v3/tables/tabF1_sde.tex,Enforcement Design and Industry Adjustment: Evidence from Biometric Litigation Risk (v3),True,untestable,untestable,f693f3f2f125131d6286088a3dd2a6497600c706e75a106dab81c922978c724f,28.37,2.94,5.0,5.0,CLEAN,False,,-0.062,1,beneficiary outcome direction,0.6299999999999999,0,False,jev-1.13.0,6c4b9be82cc98e3aef0b63b1946375a67a56a618b4b867669e6d76ea9aa1adee,-0.062,,0.062,0,1,1,1,jev-1.13.0,e9c67cd69f487f8ba38bd8f53c93626c073ae177aea45fe7beb4e20f98babdb2,3540.0,f583cf32031213e293d4fa1b730ce0cce633a4de7b57efd1ae31ebdfd1d6e9da,,True,True,True,13.0,,0.11,0.97,2.21,0.09,0.12,0.62,0.04,0.04,0.95,enforcement,1.0,0.32,labour_market,1.0,long_run,0.94,0.04,0.07,labor_income,0.41,2.02,0.09,0.13,0.78,firms_industry,0.96,0.02,0.03,0.02,0.05,-4.8283137373023015
apep_0870_v1,apep_0870,v1,0.031,0.0355,0.0275,0.0315,,0.8877,True,ok,Small positive,Log ICT Employment,binary,DiD,European Union,Western Europe,2026-03-24T21:00:49.023708,2015.0,2023.0,,0.0,7.0,7.0,4.0,False,apep_0870/v1/tables/tabF1_sde.tex,The Upload Filter Tax Is Zero: Platform Copyright Mandates and Creative-Sector Employment in the EU,True,pass,pass,71fa9f79a6da8d6f309e875ef9986a0301ac114b0958a69c4fe87e6f3dabe227,15.8,1.79,19.0,19.0,SUSPICIOUS,False,,0.031,1,beneficiary outcome direction,0.7899999999999999,0,False,jev-1.13.0,c6ae06475ff859766b34053a300bc2f07b8df83aa7b5e6d273bbc6545eda3ed7,0.031,,0.031,0,1,1,1,jev-1.13.0,838068e317d66d9988bff6bf69c966a96e97531cdd1bf7a1507f2a6cf6fd3967,3856.0,14f1de23faffbcc11aaf94a051163b320613848e3079d1cd7d2e069925904848,,True,True,True,13.0,2019.0,0.1,0.98,1.88,0.09,0.1,0.89,0.03,0.07,0.95,enforcement,0.96,0.16,labour_market,1.0,long_run,0.8,0.03,0.05,regulation_competition,0.88,2.14,0.05,0.11,0.81,firms_industry,1.0,0.02,0.03,0.02,0.04,-3.338222582500767
apep_0871_v1,apep_0871,v1,0.032,0.061,0.42,0.8,,13.1,True,ok,Small positive,Security index,binary,DiD,European Union,Western Europe,2026-03-24T21:22:16.267609,,,,0.0,8.0,8.0,6.0,False,apep_0871/v1/tables/tabF1_sde.tex,Not Until You Mean It: Cybersecurity Regulation Only Changes Firm Behavior Where It Is Enforced,True,pass,pass,ed41007f190d76ab574e2092be3a9b7f58232f071203d6b75cd2766eb16efc32,21.83,1.59,23.0,23.0,CLEAN,False,,0.032,1,beneficiary outcome direction,0.75,0,False,jev-1.13.0,7c8b73aecb1bd1b9bb20211d110619f0c6479382983417d6ba7e410a823d0d50,0.032,,0.032,1,1,1,1,jev-1.13.0,356d0b11712037ae09fe66015e59e72a17743c44e2de5c365e1a7ac3a8cf145b,4125.0,ce92d535f10c49bfbfebf00f1a80ad17171e65ed1ee7ce3dad3b45604de0b121,,True,True,True,13.0,,0.3,0.97,1.44,0.09,0.63,0.89,0.03,0.28,0.93,enforcement,0.97,0.18,behaviour_compliance,0.99,medium_run,0.73,0.03,0.05,regulation_competition,0.95,1.53,0.07,0.09,0.76,firms_industry,1.0,0.02,0.08,0.09,0.15,-2.796881414808826
apep_0872_v1,apep_0872,v1,-0.951,0.089,-0.443,0.042,,0.466,True,ok,Large negative,Log(NFC Loans),binary,DiD,Hungary vs,Western Europe,2026-03-24T21:34:32.743468,2006.0,2020.0,,0.0,9.0,9.0,3.0,False,apep_0872/v1/tables/tabF1_sde.tex,"Taxing Banks, Starving Firms: Hungary's Bank Levy and the Collapse of Private Credit",True,pass,pass,0c0a421a9bea5070b77c0982719fd275347cb36ef1e83c5680bb0ae126200e23,12.75,1.68,20.0,20.0,SUSPICIOUS,False,,-0.951,1,beneficiary outcome direction,0.5499999999999999,0,False,jev-1.13.0,9184f53ba31a8c4c143f93e04b608f0e5e8bb466f41f96f0633181af032861b7,-0.951,,0.951,1,1,1,1,jev-1.13.0,ad22e8d4ce35fa4c069945e4506a81b67f6d3eb82cf343cfc20cab407e61de71,2501.0,bb992d0606cec36f694ea5039e5c2a924deecc7a4be5d8a024f356464001bd51,,True,True,True,13.0,2013.0,0.31,0.97,1.22,0.16,0.26,0.96,0.05,0.26,0.83,price,1.0,0.28,other,0.98,long_run,0.94,0.65,0.07,finance_governance,0.43,2.45,0.08,0.53,0.76,firms_industry,0.99,0.02,0.03,0.08,0.05,-2.419118909249997
apep_0873_v1,apep_0873,v1,-0.895,0.601,-545.7,366.1,,12.6,True,ok,Large negative,All opioid deaths,continuous,IV,United States,North America,2026-03-24T21:57:49.089801,2015.0,2022.0,,0.0,7.0,7.0,6.0,False,apep_0873/v1/tables/tabF1_sde.tex,The Pill Pipeline Mirage: Disability Insurance and Opioid Mortality in the Fentanyl Era,True,untestable,untestable,6b5ece6887af85a898f85de7e23f41bc670de0cbd25f46f68ddefbeffd3bd2d8,8.2,2.11,22.0,22.0,SUSPICIOUS,False,,-0.895,-1,beneficiary outcome direction,-0.93,0,False,jev-1.13.0,1ed9941f7bc6c347d2a5fdaaeec49fc4bd81eebffb3a07a6bc97dd853b064779,0.895,,0.895,-1,-1,-1,-1,jev-1.13.0,dd9e2e9150956e5872f67e8968882a1e46aed09a197d86fe2861251713fe324b,2220.0,d1ed9feb24b8b10895fcf068964b1e93773513459945f2dbaf7c0bb2d551febb,,True,True,True,13.0,2018.5,0.15,0.96,0.86,0.31,0.08,0.08,0.06,0.02,0.04,public_provision,0.92,0.97,health,1.0,short_run,0.58,0.03,0.04,health_human_capital,0.44,1.29,0.06,0.1,0.83,low_income,0.62,0.02,0.06,0.03,0.02,-0.5091603444469295
apep_0874_v1,apep_0874,v1,0.0076,0.0044,0.02,,2.26,5.95,True,ok,Small positive,New auths (count),continuous,DiD,United States,North America,2026-03-24T21:32:48.676784,2005.0,2025.0,,0.0,8.0,8.0,4.0,False,apep_0874/v1/tables/tabF1_sde.tex,Feeding the Supply Side: Did Higher SNAP Benefits Attract Grocery Investment to Food Deserts?,True,pass,untestable,a666115e50d4ac95970b90e450d6e3ee909b36fa15fac2eb13e1211ec1fbfd32,18.18,1.74,21.0,21.0,CLEAN,False,,0.0076,1,beneficiary outcome direction,0.42,0,False,jev-1.13.0,92056261570a23d03f07713e2cec97038544043d153af637fa6bff1ef8f9f0a2,0.0076,,0.0076,0,0,1,1,jev-1.13.0,587bc0ca48f7333dd673641c600d2500fadc14339de2fb0b4961c2d8e5070cce,2820.0,98dbb77e623cb984e1770545f954ebd450d5abf3ac0015ea464d55833404ef7c,,True,True,True,13.0,2015.0,0.1,0.96,1.67,0.28,0.11,0.06,0.03,0.11,0.65,direct_transfer,0.89,0.23,labour_market,0.65,unclear,0.86,0.03,0.05,labor_income,0.71,2.44,0.06,0.1,0.66,low_income,0.92,0.02,0.25,0.95,0.03,-5.426150738057921
apep_0875_v1,apep_0875,v1,-0.862,0.031,-0.2853,0.0102,,0.331,True,ok,Large negative,Program survival,binary,DiD,United States,North America,2026-03-24T21:50:15.126904,2008.0,2023.0,,0.0,8.0,8.0,5.0,False,apep_0875/v1/tables/tabF1_sde.tex,The Disclosure Chill: Regulatory Quality Scores and Irreversible Exit in For-Profit Education,True,pass,pass,bdc51141be6c3a2fdd670858b49b3e3cad809b181d543e90180366efc8806415,13.89,1.65,22.0,22.0,SUSPICIOUS,False,,-0.862,1,beneficiary outcome direction,0.55,0,False,jev-1.13.0,4e72f60e8976eb315c5bab7ce4a3fe71b6d1c33416cd4d5f8b77b1924afbf36f,-0.862,,0.862,0,0,1,1,jev-1.13.0,059744f9c63685c7a58ac1763819b28f4789d5b12866ef4e25b8f70b6c193b56,2803.0,f6b0427c301ca8cd5c3e69591cef54f2a7c6e58b1dfcd1d984a4406490534710,,True,True,True,13.0,2015.5,0.1,0.97,1.22,0.4,0.51,0.18,0.16,0.06,0.86,information,0.9,0.31,education,0.89,long_run,0.99,0.04,0.05,health_human_capital,0.39,2.16,0.06,0.11,0.77,firms_industry,0.94,0.02,0.08,0.32,0.06,-3.473768074496991
apep_0876_v1,apep_0876,v1,-0.563,0.123,,0.00106,,0.0086,True,ok,Large negative,Net migration rate,binary,DiD,United States,North America,2026-03-24T21:50:04.469959,2011.0,2021.0,,0.0,7.0,7.0,5.0,False,apep_0876/v1/tables/tabF1_sde.tex,The Tax Flight Gradient: Income-Stratified Migration Elasticities from the SALT Deduction Cap,True,untestable,pass,8dc40e46c94d3f52198a00283fbd5dc452b8eba5cb7ed00b46acae58c6d7eca2,24.86,1.76,20.0,20.0,CLEAN,False,,-0.563,0,insufficient directional evidence,-0.01,0,False,jev-1.13.0,7dd00f2914e12c5738f25af79d83040dfc9c2a6a6990f5d5a0fd1de0a251c8b6,,,0.563,0,0,0,0,jev-1.13.0,537282294f48d0a1c05c05cf76f9769f8ee65a6f92a4c52f7744f2a92cf4a896,1355.0,caea0ebfda3a220468bcfa10063ced9431f6ecc603c5511faf60e8bd351ebcc5,,True,True,True,13.0,2016.0,0.08,0.98,2.14,0.64,0.12,0.07,0.04,0.03,0.32,price,0.99,0.33,other,0.77,long_run,0.91,0.04,0.04,taxation_prices,1.0,2.03,0.07,0.1,0.71,working_age,0.98,0.02,0.06,0.4,0.26,-2.0955709236097197
apep_0877_v1,apep_0877,v1,0.686,0.189,1.127,0.31,,1.643,True,ok,Large positive,VAT/GDP (%),binary,DiD,Croatia,Central & Eastern Europe,2026-03-24T22:01:08.782955,2008.0,2023.0,,0.0,7.0,7.0,6.0,False,apep_0877/v1/tables/tabF1_sde.tex,The Fiscal Receipt Dividend: Evidence from Croatia's 2013 Electronic Cash Register Mandate,True,pass,pass,a83b1343cd28310db2adbe4001f827bfc8180ec524c213d2234b0d2962af9fce,27.09,1.66,22.0,22.0,CLEAN,False,,0.686,0,insufficient directional evidence,-0.1799999999999999,0,False,jev-1.13.0,44ff1594e862918d2f452c3346b7921fc9564e43a875a3ef3c5686c037988d78,,,0.686,0,0,0,0,jev-1.13.0,eb7baf3ad5a7c1e77597fe8e5cbb4f9d93613eaa1458a4a8b7d61a7dca5bcd37,3655.0,10004746f24b45bc59cf3149bc26e373ab94d2ea37c1a2bc121a6050ba26c013,,True,True,True,13.0,2015.5,0.08,0.97,1.93,0.61,0.44,0.86,0.1,0.2,0.17,enforcement,0.99,0.35,behaviour_compliance,0.8,long_run,0.99,0.1,0.07,taxation_prices,0.98,2.86,0.1,0.33,0.78,firms_industry,1.0,0.02,0.28,0.09,0.14,-1.6660082639224947
apep_0878_v1,apep_0878,v1,-0.0532,0.0185,-0.1159,0.0403,,2.178,True,ok,Moderate negative,Black Employment (CS ATT),binary,DiD,United States,North America,2026-03-24T22:11:18.869635,2006.0,2018.0,,0.0,7.0,7.0,6.0,False,apep_0878/v1/tables/tabF1_sde.tex,Subsidy without Convergence: State EITC Supplements and the Persistence of Racial Earnings Gaps,True,pass,pass,9b0eda8ccdd0e83611e83f1f6db1b7b08ae6a1df6980698dedf0c7dd5df9bb77,24.69,1.57,21.0,21.0,SUSPICIOUS,False,,-0.0532,1,beneficiary outcome direction,0.79,0,False,jev-1.13.0,7ee05c9e1cccee93bd2089770d51ad7131aa06c2ac19c5aea81c867677e1c36c,-0.0532,,0.0532,1,1,1,1,jev-1.13.0,1738c576d81fb084bc9e3d3551f8b2b9b8190899ffb1e2a80493b18d573a3b74,4181.0,f14d4ebaa9fa1c10e7053da2a2914756ea6be1a950d9e65d41777fd0223819ce,,True,True,True,13.0,2012.0,0.18,0.97,2.06,0.05,0.13,0.84,0.07,0.23,0.97,price,0.87,0.18,labour_market,1.0,long_run,0.86,0.7,0.11,labor_income,0.53,1.63,0.13,0.64,0.82,low_income,0.99,0.02,0.03,0.02,0.15,-3.989984546897858
apep_0879_v1,apep_0879,v1,0.014,0.0096,0.0021,0.0015,,0.153,True,ok,Small positive,Black hire share,binary,DiD,United States,North America,2026-03-24T23:24:40.823786,2005.0,2024.0,,0.0,8.0,8.0,5.0,False,apep_0879/v1/tables/tabF1_sde.tex,Does Raising the Floor Change Who Gets Hired? Minimum Wage Increases and the Racial Composition of Worker Flows,True,pass,pass,afb1a9313a8ac319436cef4031e5ce4ff3f53ec58a76b011cee05b7241415835,28.39,1.37,25.0,25.0,SUSPICIOUS,False,,0.014,0,measurement qualifier: group_composition,0.78,0,False,jev-1.13.0,18e7c0000a8e6ac97a0b8c0276d3d3dda9b6f9aa6a988c9940b24f3590470866,,,0.014,1,1,0,1,jev-1.13.0,ff00646d39dd63dfe8c4a9364a1900221d1741b736d1634257d1c736e322db74,1858.0,c1cf72c6d9429b4904d4d3f0039fe945c5a5969be2f35de9ac3411e274febb6d,,True,True,True,13.0,2014.5,0.12,0.95,2.08,0.2,0.12,0.45,0.05,0.07,0.87,price,1.0,0.09,labour_market,1.0,long_run,0.58,0.05,0.07,labor_income,1.0,1.93,0.1,0.17,0.85,migrants_minority,0.36,0.02,0.06,0.04,0.96,-4.645992180508347
apep_0880_v1,apep_0880,v1,0.01,0.105,0.012,,0.213,0.246,True,ok,Small positive,HHI,continuous,DiD,European Union,Western Europe,2026-03-24T22:43:22.603839,2023.0,2024.0,,0.0,7.0,7.0,5.0,False,apep_0880/v1/tables/tabF1_sde.tex,The Strategic Squeeze That Wasn't: EU Critical Raw Materials Mandates and the Persistence of Import Concentration,True,pass,untestable,56c50210aa13faf3c4d1328367e4156274cace6567fb5d66e5e10c57abae10c4,6.79,2.02,22.0,22.0,SUSPICIOUS,False,,0.01,-1,beneficiary outcome direction,-0.63,-1,True,jev-1.13.0,9df32668d26d7a196ef2e8f1d6fe617a93567af1c57803dc699569159952292b,-0.01,-0.01,0.01,0,0,-1,-1,jev-1.13.0,9beff9e891877a97bb28118f8916380def7fbdd67a2c24e9bb7e83b97370a002,3839.0,ee8716fe375bcd20f136030c5d4e15617e77b7b0439d2a2a8327abe1b24361ab,,True,True,True,13.0,2023.5,0.11,0.92,1.56,0.32,0.57,0.82,0.74,0.06,0.13,quantity_restriction,0.85,0.76,other,0.97,long_run,0.61,0.05,0.06,regulation_competition,1.0,1.54,0.1,0.11,0.74,firms_industry,1.0,0.02,0.03,0.15,0.13,-2.2537949288246137
apep_0882_v1,apep_0882,v1,0.038,0.06,0.142,0.226,,3.77,True,ok,Small pos.,Drug OD,binary,DiD,United States,North America,2026-03-24T22:22:22.180224,2005.0,2014.0,,0.0,8.0,8.0,4.0,False,apep_0882/v1/tables/tabF1_sde.tex,The Selective Shield: Shale Booms Protected Vulnerable Counties from the Opioid Epidemic,True,pass,pass,ea15894807339b957f463537ce77866c718eb7184c482a2f091a7f7ae9982636,23.13,1.53,21.0,21.0,CLEAN,False,,0.038,-1,beneficiary outcome direction,-0.93,0,False,jev-1.13.0,65b1b096413e8277898477e704aebe311b7150e230d370fbb83ff286ec0e73a4,-0.038,,0.038,-1,-1,-1,-1,jev-1.13.0,2329da5cb2ea48f2439c899493bedc18dec566cea59aa394349f55cbc19268f9,3704.0,70a577b6be6892bf3ad5161e0e35d25c3edad1f1b9e2e35c8f1aa42b8f9482ad,,True,True,True,13.0,2009.5,0.13,0.98,1.82,0.26,0.07,0.13,0.08,0.02,0.04,other,0.92,0.97,health,1.0,long_run,0.99,0.02,0.08,health_human_capital,0.51,0.65,0.1,0.16,0.83,working_age,0.7,0.02,0.03,0.02,0.02,-2.8134107167600364
apep_0884_v1,apep_0884,v1,0.027,0.023,0.047,0.04,,1.74,True,ok,Small positive,Employment (DDD),binary,DiD,Switzerland,Western Europe,2026-03-24T22:39:13.117751,2011.0,2023.0,,0.0,7.0,7.0,6.0,False,apep_0884/v1/tables/tabF1_sde.tex,The World's Highest Minimum Wage: Employment and Firm Dynamics at the Geneva--Vaud Border,True,pass,pass,b08e372185e78e049f10894aff8053fddff128f15f9787ef3cb485da617c615e,25.21,1.54,20.0,20.0,CLEAN,False,,0.027,1,beneficiary outcome direction,0.6399999999999999,0,False,jev-1.13.0,1f156a82fd2acd58812e2f0eb53d806ea68400baa21a8b166cffe739bcbb06af,0.027,,0.027,0,1,1,1,jev-1.13.0,6a6f6c39388300e3b904939578506d957a38a8c30276c20627f50181946faf5e,2885.0,09baafbc362d704b6b0b2573803d682ad5bc40364aac9433227ab47436fe0f58,,True,True,True,13.0,2017.0,0.12,0.98,1.99,0.1,0.16,0.81,0.04,0.05,0.94,price,0.99,0.3,labour_market,1.0,long_run,0.48,0.04,0.06,labor_income,1.0,2.13,0.07,0.1,0.76,low_income,0.76,0.02,0.03,0.02,0.05,-3.7722610630529876
apep_0885_v1,apep_0885,v1,0.0589,0.0299,0.0647,0.0328,,1.0985,True,ok,Moderate positive,Construction expenditure (canton),binary,DiD,Switzerland,Western Europe,2026-03-24T22:43:43.323774,1994.0,2023.0,,0.0,7.0,7.0,6.0,False,apep_0885/v1/tables/tabF1_sde.tex,Through the Mountain: The Gotthard Base Tunnel and Regional Economic Integration,True,pass,pass,0d3cde9a2dbb4a2fba6459ff75efb7f6601c043b46097e94c98b8aab70b55518,18.31,1.38,21.0,21.0,CLEAN,False,,0.0589,1,beneficiary outcome direction,0.49,0,False,jev-1.13.0,47b55faf52fba48b2652757854f27807c05caa956f44092eaafadbfc6bfc0a64,0.0589,,0.0589,1,1,1,1,jev-1.13.0,76471e43f2451db613553374a6c7c8953ffa523123cc198787341b935dbcd0df,3917.0,7ea59581e35da21f5bde849d84de00319aaafbe33fb220b21bf9f0adbfebf436,,True,True,True,13.0,2008.5,0.1,0.98,1.42,0.36,0.14,0.88,0.04,0.1,0.71,infrastructure,1.0,0.22,prices_cost,0.97,long_run,0.95,0.94,0.05,housing_infrastructure,1.0,2.09,0.06,0.1,0.82,firms_industry,0.68,0.02,0.03,0.19,0.03,-3.5098967985854963
apep_0887_v1,apep_0887,v1,-0.0002,0.0238,-0.0003,0.0323,,1.359,True,ok,Null,Remediation employment,binary,DiD,United States,North America,2026-03-24T23:09:33.825799,2003.0,2016.0,,0.0,7.0,7.0,5.0,False,apep_0887/v1/tables/tabF1_sde.tex,The Compliance Boundary: Radon Building Codes and the Absence of Behavioral Spillovers,True,pass,pass,b61a611c5f2e8348f4423935686505efac55b921b2b7fa64b9394ec91d48b090,20.09,1.88,19.0,19.0,SUSPICIOUS,False,,-0.0002,1,beneficiary outcome direction,0.48,0,False,jev-1.13.0,60fa0d9ad1dbbeb3d0f415f9cf53848e906b78ea74e7860236d106196c94eade,-0.0002,,0.0002,0,0,1,1,jev-1.13.0,51334939296534a4810dc8667248016e343174f7a35c9606b870a8d611acde6a,3238.0,f1b3c8a5fcaf669a88e7d3edec7ad2591df8de50ccb19f638f9c30c951828219,,True,True,True,13.0,2009.5,0.16,0.97,2.06,0.3,0.08,0.7,0.04,0.11,0.87,enforcement,0.36,0.39,labour_market,1.0,long_run,0.84,0.04,0.09,environment_energy,0.55,1.91,0.11,0.24,0.79,firms_industry,0.8,0.02,0.14,0.03,0.04,-3.738069698304708
apep_0889_v1,apep_0889,v1,-0.0094,0.0039,-0.0141,0.0058,,1.5021,True,ok,Small negative,Log total votes,binary,DiD,United States,North America,2026-03-24T23:32:47.757131,2011.0,2017.0,,0.0,7.0,7.0,4.0,False,apep_0889/v1/tables/tabF1_sde.tex,"Slower Mail, Fewer Voters? USPS Establishment Losses and Presidential Election Turnout",True,pass,pass,96927d329911bf955b20008f9de38b4d8a1029943f78f5c68918c998636e8e89,14.16,1.62,24.0,23.0,SUSPICIOUS,False,,-0.0094,0,insufficient directional evidence,0.21,0,False,jev-1.13.0,60bc1c2b76e8a2885cce848978c91e5e2b2c8310a15f583872d6ae8ef669607b,,,0.0094,0,0,0,0,jev-1.13.0,99a48f72ac28e33c7904b63e9462d7cebddd5355e0dee4cecf29a0c118ef8d7b,2887.0,20e7ced8c137218dd72728b69eccca4a969ebe23a27e8ae0faebffa9bccd81f2,,True,True,True,13.0,2014.0,0.97,0.85,1.67,0.36,0.08,0.08,0.04,0.03,0.38,infrastructure,0.99,0.17,political_attitudinal,1.0,long_run,0.92,0.03,0.45,finance_governance,0.78,1.83,0.37,0.13,0.89,general_public,0.93,0.02,0.07,0.39,0.04,-5.546778725846536
apep_0890_v1,apep_0890,v1,-0.035,0.037,-0.084,0.0865,,2.369,True,ok,Small neg.,Log Employment,binary,DiD,United States,North America,2026-03-24T23:42:38.535275,2001.0,2015.0,,0.0,7.0,7.0,5.0,False,apep_0890/v1/tables/tabF1_sde.tex,Forbidden Comparisons in Platform Disruption: Craigslist Entry and Local Publishing Employment,True,pass,pass,7575dad8f05e0de00c507add8eb00b83753457c4acb01011bd0143335e37ac5f,13.39,1.74,20.0,20.0,CLEAN,False,,-0.035,1,beneficiary outcome direction,0.52,0,False,jev-1.13.0,376e0c4db8b5c04b647157d8cbd8354f81f72196cde8effe366116040577f02f,-0.035,,0.035,0,1,0,1,jev-1.13.0,d11b6242d98b1ed3295126d5266b2f2dc49a2afc0fead215eb1216c9ebe80b22,3846.0,36a0c3490440536efa2e0bbcfc3f9700b445f29f6ca049b31070af48cdbf5f45,,True,True,True,13.0,2008.0,0.12,0.97,1.91,0.12,0.12,0.2,0.04,0.02,0.94,price,0.29,0.42,labour_market,1.0,long_run,0.81,0.22,0.07,labor_income,0.83,1.83,0.08,0.14,0.79,firms_industry,0.83,0.02,0.03,0.02,0.04,-3.2968373663379125
apep_0891_v1,apep_0891,v1,0.05,0.038,0.25,0.188,,4.986,True,ok,Moderate positive,Eviction filing rate (TWFE),binary,DiD,United States,North America,2026-03-24T23:37:05.072462,2020.0,2023.0,,0.0,7.0,7.0,5.0,False,apep_0891/v1/tables/tabF1_sde.tex,The Housing Cliff: SNAP Emergency Allotment Expiration and Eviction Filing Rates,True,pass,pass,2fd293c13f51cccbf275a7a013500612fd433bd30c0270dccf00ed3dc600d1e1,6.56,2.18,22.0,22.0,SUSPICIOUS,False,,0.05,-1,beneficiary outcome direction,-0.8899999999999999,0,False,jev-1.13.0,8ada74aa303d769f41f9717ea0f792beda51de5f618078e3687eba749aa27247,-0.05,,0.05,-1,-1,-1,-1,jev-1.13.0,75035a8d6f3ff181e766742b1bfae3b50f8eda3ff18e53103a14de5efdb376e0,1746.0,b60cc15782e75d021d8ad65578f7db6666814d422ffd7635beca9dd61172ec50,,True,True,True,13.0,2021.5,0.12,0.21,1.9,0.29,0.08,0.92,0.06,0.02,0.05,direct_transfer,0.99,0.94,behaviour_compliance,0.59,medium_run,0.97,0.03,0.08,labor_income,0.92,2.01,0.08,0.48,0.84,low_income,1.0,0.02,0.77,0.87,0.06,-3.270169119255751
apep_0892_v1,apep_0892,v1,0.03,0.035,0.447,0.53,,0.653,True,ok,Small positive,Log radiance (continuous),continuous,Event Study,Moldova,Other / not stated,2026-03-25T01:23:55.769477,2012.0,2024.0,,0.0,7.0,7.0,4.0,False,apep_0892/v1/tables/tabF1_sde.tex,The Blunt Weapon: Russia's Wine Embargo and Subnational Economic Activity in Moldova,True,untestable,untestable,d030b9ef4736a840296957ebb624e10998e9a00839935094e2062fe1df9ce709,7.74,2.08,22.0,22.0,CLEAN,False,,0.03,1,beneficiary outcome direction,0.77,0,False,jev-1.13.0,20b6afdf0af0d0d3c23ee2c3a9c418995ff94467e8dad424842f5c04e59c20fb,0.03,,0.03,1,1,1,1,jev-1.13.0,3eb19bfedbf019149d8c6ee585e5197416071f368cb80e734d91b42f2ffc9bdf,2815.0,f3de639d8383d2ec67be22f92b85d873f69a0c78a3c3681dc7b4f3950fce25dc,,True,True,True,13.0,2018.0,0.12,0.2,2.37,0.08,0.07,0.08,0.03,0.03,0.89,quantity_restriction,1.0,0.12,other,0.57,long_run,0.97,0.04,0.09,regulation_competition,1.0,2.87,0.19,0.71,0.74,firms_industry,0.99,0.02,0.03,0.06,0.03,-3.3524072174927233
apep_0893_v1,apep_0893,v1,-0.04,0.031,-0.191,0.146,,1.358,True,ok,Small negative,NPRM count (log),continuous,DiD,United States,North America,2026-03-25T01:25:58.873896,2010.0,2024.0,,0.0,7.0,7.0,6.0,False,apep_0893/v1/tables/tabF1_sde.tex,The Reclassification Response: How a Regulatory Budget Changed What Agencies Regulate,True,untestable,untestable,546f14c315e11ebd7a538c4f98bb845fc7839e23c918429cd74ad6906570770b,11.19,1.57,22.0,22.0,CLEAN,False,,-0.04,0,measurement qualifier: gross_activity,-0.18,0,False,jev-1.13.0,c6ef1b423b495118db388fd90a3198cd0890195ef1566aff14462af21ffbbca8,,,0.04,0,0,0,0,jev-1.13.0,7f94858c12147ec6813297d8e5337f26e250e3e93f976f8b8ddc1591249ae90d,344.0,7ecdc5256b869d9d090fb8ba077479b9e3da67a80c53b947081b2b8d51deceef,,True,True,True,13.0,2017.0,0.08,0.97,1.47,0.75,0.91,0.34,0.49,0.04,0.16,quantity_restriction,0.99,0.34,administrative_process,0.96,long_run,0.96,0.03,0.05,regulation_competition,1.0,2.2,0.06,0.09,0.72,firms_industry,0.43,0.02,0.37,0.97,0.02,-3.473768074496991
apep_0894_v1,apep_0894,v1,0.0012,0.004,0.0018,0.0058,,1.523,True,ok,Null,Employment,continuous,DiD,United States,North America,2026-03-25T10:25:41.056800,,,104097.0,0.0,7.0,7.0,6.0,False,apep_0894/v1/tables/tabF1_sde.tex,No Workers Were Harmed: The Null Employment Effect of the CFPB Payday Lending Rule,True,untestable,untestable,8aa7aa1a7b7fd8cadb0db56fe3e4948e47c62c40968ed2310b6f38aac3ddfd31,17.13,2.96,6.0,6.0,CLEAN,False,,0.0012,1,beneficiary outcome direction,0.6699999999999999,0,False,jev-1.13.0,e5de823f411c45728ccd667d693d8468a3238ff2faca6b57b2abb7f5cc6112cb,0.0012,,0.0012,0,1,1,1,jev-1.13.0,fa13d68c0123b6119e4fc7a0dd6ce90987d67063d68349a1b9e8bfaa5a6db11a,2391.0,4c7b4910f5f5bf361e631a7d2c397579aba0430c912c3939758a0de8f43701e2,,True,True,True,13.0,,0.11,0.96,1.52,0.13,0.14,0.21,0.11,0.03,0.95,quantity_restriction,0.92,0.28,labour_market,1.0,long_run,0.9,0.03,0.06,finance_governance,0.77,2.07,0.07,0.12,0.76,firms_industry,0.9,0.02,0.03,0.03,0.05,-5.521460917862246
apep_0895_v1,apep_0895,v1,-0.103,0.097,-0.171,0.161,,1.655,True,ok,Moderate negative,Log(ML offences),binary,DiD,European Union,Western Europe,2026-03-25T10:26:39.221291,2014.0,2022.0,,0.0,7.0,7.0,4.0,False,apep_0895/v1/tables/tabF1_sde.tex,The Compliance Trap: Anti-Money Laundering Regulation and the Detection Illusion,True,pass,pass,c4388493fb1053867db4437b63a93e461da1f335ec44bd2dcb0e873ea076b661,10.14,3.97,7.0,7.0,CLEAN,False,,-0.103,0,measurement qualifier: administrative_detection,-0.43,0,False,jev-1.13.0,bbb2a73001bd5e9620f95a180b765763c388b00e1300a8db8e1c8821e3cffdd6,,,0.103,0,-1,0,-1,jev-1.13.0,396a1c4cfe249dcb6f97189dcbfea513c2a33eb7c0e3f698455b094b3888c5fc,3026.0,8dbc0b2bd9bcda3a943534da3e90241df4621895ff99198f599b1b48e598b9b7,,True,True,True,13.0,2018.0,0.08,0.97,1.62,0.73,0.32,0.95,0.04,0.2,0.21,infrastructure,0.58,0.64,crime_safety,1.0,long_run,0.34,0.04,0.05,finance_governance,1.0,2.23,0.06,0.08,0.8,firms_industry,0.99,0.02,0.96,0.49,0.02,-2.333044300478754
apep_0896_v1,apep_0896,v1,0.01,0.0166,0.0104,,,1.0392,True,ok,Small positive,Log Establishments,binary,DiD,United States,North America,2026-03-25T10:20:32.133332,,,,0.0,7.0,7.0,5.0,False,apep_0896/v1/tables/tabF1_sde.tex,"Mandated Access, Missing Repairers: Right-to-Repair Laws and the Electronic Repair Sector",True,pass,untestable,55e23e0999911e100eb7a19d8e7df9c6edc9045a6d5e20b8be3e938f02c450ca,15.18,1.73,20.0,20.0,CLEAN,False,,0.01,1,beneficiary outcome direction,0.6799999999999999,0,False,jev-1.13.0,efbae365ed170eb9a5ad07d9fa98d228e2ff95ee99585c60bc02043969ac6eb4,0.01,,0.01,1,1,1,1,jev-1.13.0,b9d05256ec12cccc0ab059a38d05575528231469824e5aeb807bc2a294af4c22,3181.0,a6ebc49811634556587baa64944bc2cbfc0b755ff930fafee49e686cb00539ee,,True,True,True,13.0,,0.11,0.98,1.98,0.23,0.22,0.27,0.05,0.21,0.86,information,0.61,0.18,labour_market,1.0,long_run,0.34,0.83,0.08,regulation_competition,0.99,1.57,0.07,0.11,0.83,firms_industry,0.99,0.02,0.08,0.23,0.04,-4.098352583619639
apep_0897_v1,apep_0897,v1,1.125,0.722,338.24,216.93,,300.64,True,ok,Large positive,Specific Conductance (muS/cm),continuous,IV,United States,North America,2026-03-25T11:46:59.802858,2010.0,2020.0,,0.0,7.0,7.0,4.0,False,apep_0897/v1/tables/tabF1_sde.tex,The Carboniferous Lottery: Geological Variation in Coal Seam Accessibility and the Environmental Cost of Surface Mining,True,untestable,untestable,5eb625392a434c3da272b125869e4ba36c1cc55f3baa1b50bab647e84a8e5a9d,12.36,3.25,7.0,7.0,SUSPICIOUS,False,,1.125,-1,beneficiary outcome direction,-0.93,0,False,jev-1.13.0,bf0abfcf23a7e4414911e34e4876c026447da9c75ae20e4d30f0621beb4cfb77,-1.125,,1.125,-1,-1,-1,-1,jev-1.13.0,142d34d2689a2bd3bb8d144a6b458482b1dc47a0e8ca3e2602dff223e03ea8e2,3681.0,294dc49d51bc08a997482b4da957acca9af7c41747093c748436fe12e70c1ad7,,True,True,True,13.0,2015.0,0.11,0.92,2.91,0.18,0.11,0.74,0.11,0.03,0.04,other,0.95,0.97,environment,1.0,long_run,1.0,0.02,0.04,environment_energy,1.0,0.85,0.05,0.09,0.82,general_public,0.47,0.02,0.02,0.03,0.03,-0.32573014008931084
apep_0898_v1,apep_0898,v1,0.971,0.167,1.093,0.188,,1.414,True,ok,Large positive,Food service (IV),continuous,DiD,United States,North America,2026-03-25T10:39:48.182618,2005.0,2022.0,,0.0,7.0,7.0,6.0,False,apep_0898/v1/tables/tabF1_sde.tex,Grocery Chain Bankruptcies and Local Retail Adjustment: County-Level Evidence of Competitive Replacement,True,untestable,untestable,c8b2007dd477e01580314985fa7fd0567a4b67ef1c348d548c91c1891663de72,15.07,3.1,6.0,6.0,CLEAN,False,,0.971,1,beneficiary outcome direction,0.5599999999999999,0,False,jev-1.13.0,ca62ef3c3073a0ba87ffb2880c0cdc7db0ea32a217e9da2e4c73364fd5b490e1,0.971,,0.971,0,1,1,1,jev-1.13.0,a50990b03114b1b2cb8b4149ee6ad03a078e091b380b8b7a7cdf4e5b8d2d9129,3566.0,d264b3a3b6ac38007770ad9ad68e19ab906510a27a8138ac3670c620629b0aae,,True,True,True,13.0,2013.5,0.13,0.97,2.92,0.17,0.08,0.46,0.03,0.02,0.82,other,0.81,0.26,labour_market,0.93,long_run,0.71,0.04,0.43,other,0.23,1.51,0.12,0.49,0.79,firms_industry,0.99,0.02,0.04,0.24,0.04,-1.7897614665653818
apep_0899_v1,apep_0899,v1,-0.0239,0.041,-0.077,,4.2,13.52,True,ok,Small negative,Employment rate,continuous,DiD,Finland,Western Europe,2026-03-25T10:48:12.876262,2007.0,2024.0,,0.0,8.0,8.0,5.0,False,apep_0899/v1/tables/tabF1_sde.tex,The Mandate Mirage: Finland's Extended Compulsory Education and the Limits of Legal Obligation,True,pass,untestable,e1ade9a523c168046a74f680b6ef487b820c3baede689abdfbc9399878b94a0f,18.57,3.68,4.0,4.0,CLEAN,False,,-0.0239,1,beneficiary outcome direction,0.8,0,False,jev-1.13.0,d4aa5165f1fe35518bdf01e7979e3ac74929cf49f9ec59af03d4333070b8b9fa,-0.0239,,0.0239,1,1,1,1,jev-1.13.0,8311d614f2de87cd22d3c75b2594389c437b1169d83fbefadee824848a1e2dc6,2215.0,fffc15d1fbb5db628364b2f11ee644b0a395d65939e2a3388b0239b1a2b87a85,,True,True,True,13.0,2015.5,0.12,0.98,1.93,0.06,0.13,0.95,0.12,0.32,0.98,enforcement,0.95,0.18,labour_market,1.0,short_run,0.38,0.03,0.06,health_human_capital,0.73,2.61,0.07,0.11,0.78,children_youth,1.0,0.02,0.03,0.02,0.26,-3.1941832122778293
apep_0900_v1,apep_0900,v1,0.102,0.08,0.353,0.279,,3.473,True,ok,Moderate positive,Import value (all metals),binary,DiD,European Union,Western Europe,2026-03-25T10:31:01.269329,2019.0,2024.0,,0.0,7.0,7.0,6.0,False,apep_0900/v1/tables/tabF1_sde.tex,The Product-Scope Loophole: CBAM's Downstream Exemption and Anticipatory Metal Imports,True,pass,pass,589b4706fc678ffcb540319adec26b5e7d053ddc60d060b16897df99a2a78a0b,21.86,3.56,5.0,5.0,CLEAN,False,,0.102,0,measurement qualifier: gross_activity,0.0799999999999999,0,False,jev-1.13.0,14cd86a45c7018ac3e06bb92a6bd197bee5cb897b932975e927549a443e12cdc,,,0.102,0,0,0,0,jev-1.13.0,ded315c03d3e3e49a8fca9d0b96af625ee5b647a04b6f5be928373377eb2291b,3832.0,1368124cc1e26b21234480c82baf0968ecc69a97b7d06753dc6a0c51e0e15383,,True,True,True,13.0,2021.5,0.33,0.93,2.11,0.56,0.56,0.29,0.12,0.06,0.36,information,0.7,0.28,other,0.51,medium_run,0.44,0.75,0.06,environment_energy,0.5,1.11,0.09,0.87,0.73,firms_industry,1.0,0.02,0.03,0.95,0.02,-2.5257286443082556
apep_0901_v1,apep_0901,v1,-0.0007,0.0858,-0.049,5.91,,977.5,True,ok,Null,Total Expenditure p.c.,continuous,IV,Switzerland,Western Europe,2026-03-25T11:00:22.264160,2012.0,2017.0,,0.0,7.0,7.0,6.0,False,apep_0901/v1/tables/tabF1_sde.tex,The Phantom Race: Municipal Tax Competition Without Consequences in Switzerland,True,untestable,untestable,4451fa2151a3683b930e368f2a3ed759c63418905720e3f43dc4d9da2c93d282,17.34,3.44,5.0,5.0,SUSPICIOUS,False,,-0.0007,1,beneficiary outcome direction,0.22,0,False,jev-1.13.0,d6a03ffb10c40762f454595ac353b396877513dd932d031ec669bab498ab2970,-0.0007,,0.0007,0,0,0,1,jev-1.13.0,c9996781bba1d25bb7053035252b42f4051bd3d9321fa9afa084e6a9909739f0,2622.0,cd9160cab367bbf8787b580178b6b9c29392545da391da2924d53bcaf806449b,,True,True,True,13.0,2014.5,0.1,0.93,0.95,0.53,0.36,0.18,0.05,0.05,0.55,price,1.0,0.33,prices_cost,0.96,medium_run,0.34,0.92,0.04,taxation_prices,0.99,1.82,0.05,0.09,0.73,general_public,0.92,0.02,0.03,0.12,0.02,-2.4557362724882204
apep_0902_v1,apep_0902,v1,-0.053,0.0478,-0.0612,0.0552,,1.1546,True,ok,Moderate negative,Employment (log),binary,DiD,United States,North America,2026-03-25T11:18:15.600658,,,,0.0,7.0,7.0,5.0,False,apep_0902/v1/tables/tabF1_sde.tex,The Shield Without a Sword: Right-to-Farm Constitutional Amendments and Animal Production Employment,True,pass,pass,4426e147c36ccac1cba47d2c8d6d1521b0aa9d0420211310c84fce9bb6e159f3,18.61,3.43,5.0,5.0,SUSPICIOUS,False,,-0.053,1,beneficiary outcome direction,0.76,0,False,jev-1.13.0,3f16b154636f102d4da8b1a53bb77ff082f1270110e53702bec479a01555d88f,-0.053,,0.053,1,1,1,1,jev-1.13.0,fed0e3118bab9929d6938cca0c6109ad7134ace8d54948c85b341b9b3a329097,2827.0,6469f2a204a2c77caeb72fc71e59696d1a0df487f174981d3bbd665e90bdf896,,True,True,True,13.0,,0.19,0.97,1.87,0.11,0.31,0.96,0.05,0.23,0.92,enforcement,0.87,0.16,labour_market,1.0,long_run,0.92,0.03,0.07,regulation_competition,0.82,1.96,0.07,0.71,0.86,firms_industry,1.0,0.02,0.03,0.02,0.04,-3.0407296394847267
apep_0903_v1,apep_0903,v1,0.0066,0.4097,0.022,1.404,,3.427,True,ok,Small positive,Delta Sec. home share (pp),binary,RDD,Switzerland,Western Europe,2026-03-25T11:00:59.851360,2017.0,2025.0,,0.0,7.0,7.0,2.0,False,apep_0903/v1/tables/tabF1_sde.tex,Frozen Development: Switzerland's Second-Home Ban and the Failure of Quantity Restrictions to Convert Housing Stock,True,pass,pass,63ae2f2dbacd801bbb2064df1a4d4120218ebc8034882a19ed82ffbdca32d63d,26.37,2.81,6.0,6.0,CLEAN,False,,0.0066,0,measurement qualifier: group_composition,-0.41,-1,False,jev-1.13.0,14bfba30c2a5128dfdde531531367a7c29dd509e1ad6af590daf1a3dab4a5d0b,,-0.0066,0.0066,0,0,0,-1,jev-1.13.0,38f2084c51ce5e6300e0de2c49c253700dfb8270ca6fa5480b9dbe38d29584f6,2802.0,128893bb40ec98e2b3c6648a6e7c92b7209da396c20a21ddffe7e23c59658dc3,,True,True,True,13.0,2021.0,0.11,0.97,2.99,0.57,0.62,0.08,0.8,0.3,0.22,quantity_restriction,1.0,0.63,other,0.95,long_run,0.97,0.03,0.07,housing_infrastructure,1.0,1.99,0.08,0.17,0.58,general_public,0.64,0.02,0.03,0.06,0.66,-0.8923300944293117
apep_0905_v1,apep_0905,v1,-0.0268,0.0522,-0.113,0.219,,4.202,True,ok,Small negative,Log(Passengers),binary,DiD,Argentina,Latin America,2026-03-25T11:11:21.553871,,,,0.0,7.0,7.0,6.0,False,apep_0905/v1/tables/tabF1_sde.tex,"Open Skies, Empty Gates: Aviation Deregulation and the Competition Illusion in Argentina",True,pass,pass,ec9d98a96e1c8761e90303bc3df16bb500113736292480a0f83b95e1f5892c93,23.54,3.08,6.0,6.0,SUSPICIOUS,False,,-0.0268,1,beneficiary outcome direction,0.74,0,False,jev-1.13.0,b062072e9228d1c856f10ec68300bd0823b5c26654f259cc2bd1baf53e2da453,-0.0268,,0.0268,1,1,1,1,jev-1.13.0,298617bf139299096e51d76cf603af24595512c4fdd118a55734678504e37de3,3745.0,2ca015b1ef3b032b1d08b8201e0af10fb5ea082bd495f32da0670f77933b5a8f,,True,True,True,13.0,,0.11,0.97,1.16,0.12,0.33,0.06,0.04,0.33,0.84,price,0.47,0.1,other,0.79,long_run,0.47,0.03,0.05,regulation_competition,1.0,2.55,0.06,0.09,0.8,firms_industry,0.96,0.02,0.04,0.17,0.02,-2.952672784093544
apep_0906_v1,apep_0906,v1,-0.1031,0.0477,-0.1374,0.0635,,1.3318,True,ok,Moderate negative,Transport employment (log),binary,DiD,United States,North America,2026-03-25T12:02:07.646394,2010.0,2016.0,,0.0,7.0,7.0,6.0,False,apep_0906/v1/tables/tabF1_sde.tex,Through the Wider Lock: The Panama Canal Expansion and the Persistence of Port Employment Gravity,True,pass,pass,338bf6d555922a03798e79be63e398d8f698dd9bcdd048e1eb6f0058a454c9bb,24.59,3.28,6.0,6.0,SUSPICIOUS,False,,-0.1031,1,beneficiary outcome direction,0.7699999999999999,0,False,jev-1.13.0,24215195dd0e91de947a1411d5e4056d79c320fb54cda0696ccc8e4427195dc1,-0.1031,,0.1031,0,1,1,1,jev-1.13.0,b05d0812fb6ef41d5b606413b6862cf55032b905109bfd81fbd59e3ef3079c84,2922.0,095911bbcea5eaa002bc1df4d075936e88d11d543bd8b7e8fb867b521507cb0f,,True,True,True,13.0,2013.0,0.08,0.96,1.48,0.1,0.14,0.95,0.03,0.21,0.94,infrastructure,1.0,0.17,labour_market,1.0,long_run,0.99,0.04,0.05,housing_infrastructure,0.79,2.06,0.06,0.09,0.8,firms_industry,0.8,0.02,0.02,0.02,0.04,-3.0428238810878416
apep_0907_v1,apep_0907,v1,0.091,0.082,3.94,3.53,,43.17,True,ok,Moderate positive,SNAP Rate,binary,DiD,United States,North America,2026-03-25T11:34:08.691110,1996.0,2023.0,,0.0,8.0,8.0,4.0,False,apep_0907/v1/tables/tabF1_sde.tex,The Digital Door Ajar: Online SNAP Applications and the Limits of Administrative Simplification,True,pass,pass,7b0d00af51d6e573464c8ef887874d055de71046759a4efe63f9d194841b16ac,22.68,3.43,5.0,5.0,SUSPICIOUS,False,,0.091,1,beneficiary outcome direction,0.8200000000000001,0,False,jev-1.13.0,560e0a9b8d00e34fbf7c40f14d0a0018bf90fedd89380461b57d8d65ff500dcc,0.091,,0.091,1,1,1,1,jev-1.13.0,bc2e4dbfb312012a66e9e02e3fe417b3ff997ba92adc55345bc715e55b958cfd,2912.0,659d6327d212a9b872b2963d039e98c37fd1a6c2748937d1d6ac45726e83650b,,True,True,True,13.0,2009.5,0.13,0.97,1.94,0.13,0.75,0.11,0.05,0.15,0.91,infrastructure,0.99,0.09,behaviour_compliance,0.95,long_run,0.83,0.03,0.08,labor_income,0.95,2.08,0.08,0.2,0.85,low_income,1.0,0.02,0.11,0.07,0.35,-2.501036031717884
apep_0909_v1,apep_0909,v1,-0.359,0.211,-0.0133,0.0078,,0.0371,True,ok,Large negative,Charge/summons rate,binary,Event Study,United Kingdom,Western Europe,2026-03-25T11:58:43.795797,,,,0.0,7.0,7.0,5.0,False,apep_0909/v1/tables/tabF1_sde.tex,The Electoral Constable: PCC Elections and Crime Investigation Quality in England and Wales,True,pass,pass,e85d17368ec465ffff12557f9e6a078f2be09de81130721ca324e766281ed5f7,12.29,3.11,7.0,7.0,CLEAN,False,,-0.359,0,measurement qualifier: administrative_detection,0.33,0,False,jev-1.13.0,8943124d2dd49f03e529817a596a16fab457f29846179770792d61f4e371240d,,,0.359,0,0,0,1,jev-1.13.0,88b2b5ae6e828acd9a6cf6bdfeba220012259c40e4cf84bf1595bedc4c39fb64,2076.0,7434b31c9f100a023250b15a93553c6f2c2330fc0d926ef2be4a791ce86a1757,,True,True,True,13.0,,0.17,0.97,1.52,0.62,0.44,0.06,0.06,0.08,0.67,other,0.68,0.34,crime_safety,1.0,long_run,0.97,0.03,0.08,finance_governance,1.0,2.4,0.1,0.78,0.69,general_public,0.98,0.02,0.96,0.76,0.12,-1.5558971455060706
apep_0910_v1,apep_0910,v1,0.329,0.169,0.1332,0.0686,,0.4048,True,ok,Large positive,Violent crime rate,binary,DiD,United States,North America,2026-03-25T11:58:21.197998,2000.0,2020.0,,0.0,7.0,7.0,6.0,False,apep_0910/v1/tables/tabF1_sde.tex,The Measurement Artifact of Crime: How NIBRS Adoption Inflates Reported Offense Rates,True,pass,pass,f516776da0a63cf076f2f636a6e2f14fdd9c35d48def55c8144c5b4592193506,21.02,2.95,7.0,7.0,SUSPICIOUS,False,,0.329,0,measurement qualifier: administrative_detection,-0.91,0,False,jev-1.13.0,77f0c9181988e805871a5b77cb9078d3d4b9ad5d5177de82ef4022eb6069e98e,,,0.329,0,-1,0,-1,jev-1.13.0,21913fa64c5e3e707ea5aca3b9f23e7109798ee115946c08b34b45dac14127ea,2185.0,fc6a3bd1e44c3f72e0eb9a2066de8e059772feb69716598bcae549003cea4a5f,,True,True,True,13.0,2010.0,0.1,0.83,1.71,0.44,0.75,0.18,0.03,0.03,0.04,enforcement,0.31,0.95,crime_safety,1.0,long_run,0.92,0.03,0.05,finance_governance,1.0,2.05,0.07,0.25,0.81,none,0.42,0.02,0.9,0.32,0.03,-1.7778565640590636
apep_0912_v1,apep_0912,v1,0.131,0.028,0.131,0.028,,0.993,True,ok,Moderate positive,Rice price (intensity),continuous,DiD,"59 countries across Sub-Saharan Africa, South Asia, Middle East, East Asia, Europe, and Latin America",Western Europe,2026-03-25T11:53:20.043933,2020.0,2022.0,,0.0,7.0,7.0,3.0,False,apep_0912/v1/tables/tabF1_sde.tex,When the Rice Stopped Flowing: Global Price Pass-Through of India's 2023 Export Ban,True,untestable,untestable,e28d73d0127ce7316a86c1731137a45e7e20efd6109fa354ec5d5763d3d7a3fa,22.17,3.45,5.0,5.0,CLEAN,False,,0.131,-1,beneficiary outcome direction,-0.65,0,False,jev-1.13.0,af1f60c93d1eada290fcc1e3157f43ede622e5e83aaf34332da325c7d79f7b10,-0.131,,0.131,0,-1,-1,-1,jev-1.13.0,0ef8e1de228fb16f0533eeda478d209c25182ee8a52f19905693930c365c31fc,1875.0,38f19c0b23939abb5d7eb92b6b12be3b989fb57cb7a3ca820509b9edbc4da81b,,True,True,True,13.0,2021.0,0.11,0.57,1.96,0.32,0.38,0.06,0.04,0.03,0.13,quantity_restriction,1.0,0.78,prices_cost,1.0,medium_run,0.96,0.65,0.05,regulation_competition,1.0,2.97,0.09,0.1,0.68,low_income,0.54,0.02,0.02,0.09,0.02,-3.575550768806933
apep_0913_v1,apep_0913,v1,0.028,0.018,0.0112,0.0071,,0.404,True,ok,Small positive,Any tree cover loss (2001--2023),binary,RDD,United States,North America,2026-03-25T12:47:35.322249,2001.0,2023.0,,0.0,7.0,7.0,3.0,False,apep_0913/v1/tables/tabF1_sde.tex,The Legal Fortress: Wilderness Designation and Forest Harvesting at the Boundary,True,pass,pass,b34fb1475f2402c9a76ad4846233ece56f7c50cbcdd0a00e25158312bda79e49,17.57,2.86,7.0,7.0,SUSPICIOUS,False,,0.028,-1,beneficiary outcome direction,-0.81,0,False,jev-1.13.0,c9e0a6de0f6f0a1bdd7ea6b41278a41fdc44ae6f64976506a41a5b1adc199303,-0.028,,0.028,0,0,-1,-1,jev-1.13.0,5fd2de3f2989e008fdb9f34aa57e1c8cc4facc7e5e8738e1a97cdcd51a32e241,4129.0,9091823305fa6c77e6f3df6c3c18d3feed88ed1c67c6b03bb0450b77254aa9ca,,True,True,True,13.0,2012.0,0.14,0.12,2.99,0.25,0.75,0.24,0.4,0.04,0.09,quantity_restriction,0.99,0.9,environment,1.0,long_run,1.0,0.02,0.07,environment_energy,1.0,1.88,0.09,0.36,0.74,firms_industry,0.95,0.02,0.06,0.05,0.02,-4.017383521085972
apep_0914_v1,apep_0914,v1,0.0102,0.0039,0.569,,0.188,10.437,True,ok,Small positive,Occ. Score (DDD),continuous,Unknown,United States,North America,2026-03-25T12:29:17.127722,1933.0,1936.0,,0.0,7.0,7.0,3.0,False,apep_0914/v1/tables/tabF1_sde.tex,"Pushed Out, Moved Up: Cotton Dependence and Black Occupational Convergence in the Second Great Migration",True,pass,untestable,08af5cdf5aa651484206f572d995a7b43f7aca0dffe6b4eb9c0676ede1a84580,27.9,2.98,7.0,7.0,CLEAN,False,,0.0102,1,beneficiary outcome direction,0.7999999999999999,0,False,jev-1.13.0,0736945eee4b07d6ed2c11d11c342a57f00170fee1694d96868970367ff207fe,0.0102,,0.0102,1,1,1,1,jev-1.13.0,127009a69a435d960cedd90dc6c3110036222046f02c6fadb5656cce6fedf101,3075.0,25f2d60214dd88efc9e3abd1dc17df181d1f8dbbfbfe8ceea6db4970a64ef3b6,,True,True,True,13.0,1934.5,0.11,0.91,2.05,0.06,0.07,0.21,0.06,0.03,0.96,direct_transfer,0.5,0.16,labour_market,0.86,long_run,1.0,0.16,0.05,labor_income,0.71,2.14,0.07,0.09,0.81,migrants_minority,0.64,0.02,0.02,0.02,0.03,-5.546778725846536
apep_0915_v1,apep_0915,v1,0.0097,0.0298,0.0042,,,0.434,True,ok,Small positive,Below 10-ton,binary,DiD,United States,North America,2026-03-25T13:07:02.953704,2012.0,2021.0,,0.0,7.0,7.0,3.0,False,apep_0915/v1/tables/tabF1_sde.tex,Regulatory Escape Hatches: Emission Bunching at Clean Air Act Thresholds After the OIAI Reversal,True,pass,untestable,804cb80f1985140c088b9bb9e1560fe2065353ce96a5d91a6a03245289a29b07,28.45,3.06,6.0,6.0,SUSPICIOUS,False,,0.0097,-1,beneficiary outcome direction,-0.38,0,False,jev-1.13.0,bf74de4cf246fe2759dbb5d1bd33131761def5113ea63ca1e863b52466266892,-0.0097,,0.0097,0,0,0,-1,jev-1.13.0,2cd136206344f13e0af65ff6cf67d68183770c7a47301560bac635d426f70084,4481.0,08b92c55d3e241c9e7384de1052ea1b051ed43b6fa5f2388eee5ad27f88cc488,,True,True,True,13.0,2016.5,0.12,0.98,1.49,0.61,0.92,0.23,0.25,0.21,0.42,enforcement,0.51,0.8,environment,0.98,medium_run,0.39,0.03,0.06,environment_energy,0.92,1.64,0.07,0.12,0.74,firms_industry,1.0,0.02,0.31,0.16,0.04,-3.513246885470778
apep_0916_v1,apep_0916,v1,0.0009,0.0071,0.032,0.261,,9.99,True,ok,Null,Delta Occ. Score,continuous,IV,United States,North America,2026-03-25T13:08:21.224900,,,,0.0,8.0,8.0,5.0,False,apep_0916/v1/tables/tabF1_sde.tex,"Fragile Banks, Resilient Careers: Individual Economic Trajectories Through the Great Depression",True,untestable,untestable,c69b1d78fd057757a0a41d4ff11c647f8ffde7008690956be936f4cdd12f73fc,31.16,3.22,6.0,6.0,SUSPICIOUS,False,,0.0009,1,beneficiary outcome direction,0.6199999999999999,0,False,jev-1.13.0,3418ddb1a616afc0d053d8f4d17fec38e54816496e88fc5fbba6297f86bafba7,0.0009,,0.0009,1,1,1,1,jev-1.13.0,3c9a4a705ab7a8c1baee4ce8558cb75d1a3a9b8774baba344647d594c92907ac,2538.0,f98f207ea892f363e66e20760838d1f78171ec022fbd5672b6ac7280671e04a5,,True,True,True,13.0,,0.13,0.92,1.29,0.07,0.07,0.07,0.04,0.03,0.94,quantity_restriction,0.99,0.32,income_distribution,0.53,long_run,1.0,0.07,0.05,finance_governance,0.99,2.08,0.08,0.17,0.84,working_age,0.95,0.02,0.02,0.02,0.03,-4.947660494934867
apep_0917_v1,apep_0917,v1,0.0101,0.0257,0.0571,,,5.649,True,ok,Small positive,ES revenue (asinh),binary,DiD,United States,North America,2026-03-25T12:32:31.093479,,,,0.0,8.0,8.0,4.0,False,apep_0917/v1/tables/tabF1_sde.tex,The Escape Valve That Didn't Leak: Civil Forfeiture Reform and Federal Equitable Sharing,True,pass,untestable,eae13cb5a404eaeb6c4be93078a5f0821c0a5ba1e9dc749ab672fdce9b814c58,17.87,3.77,5.0,5.0,SUSPICIOUS,False,,0.0101,0,insufficient directional evidence,-0.27,0,False,jev-1.13.0,30d2bf6194d5308ff62e4b466f23024a94e538cd99852a4fc474ba984698b242,,,0.0101,0,0,0,0,jev-1.13.0,3f1b62f35644874d15ae7b78f45c89ea402ec935228f0a8ce2aa1c60172456ee,3591.0,e6d699fed8989ba996286d1bfdf57f2a77b9336b4d16987a1b76ecbc1058c64a,,True,True,True,13.0,,0.12,0.95,1.94,0.66,0.26,0.07,0.09,0.08,0.21,enforcement,0.65,0.48,crime_safety,0.22,long_run,0.83,0.72,0.09,finance_governance,0.99,2.07,0.1,0.29,0.84,firms_industry,0.32,0.02,0.34,0.08,0.02,-3.661264287080963
apep_0918_v1,apep_0918,v1,-0.1067,0.0672,-1.625,1.023,,15.23,True,ok,Moderate negative,NO_2,binary,DiD,United Kingdom,Western Europe,2026-03-25T13:27:27.432734,,,,0.0,8.0,8.0,3.0,False,apep_0918/v1/tables/tabF1_sde.tex,Clearing the Air at the Circular? Station-Level Evidence on London's ULEZ Expansion and Nitrogen Dioxide,True,pass,pass,9a312290cc022973f5c9ef33c5aab8382c717ee0db7e24950a49b8ca7860e7eb,19.91,3.51,6.0,6.0,CLEAN,False,,-0.1067,-1,beneficiary outcome direction,-0.8999999999999999,0,False,jev-1.13.0,50123739e912ac4f96c472a1453cdac419394820a84641549efcf91f14f0107c,0.1067,,0.1067,-1,-1,-1,-1,jev-1.13.0,5fd7f01d558ce846536310ad01e7a130f67c12fa7ecb50af320e7ed1a887aace,3240.0,d106154b6b245844ff81a7a41f99ddd11d8aaddbb5a0802fb942724c03d3ed14,,True,True,True,13.0,,0.16,0.54,1.32,0.12,0.14,0.39,0.34,0.17,0.06,price,1.0,0.96,environment,1.0,long_run,0.47,0.03,0.05,environment_energy,0.99,2.0,0.06,0.1,0.74,general_public,0.27,0.02,0.03,0.02,0.02,-2.700082031453033
apep_0919_v1,apep_0919,v1,0.071,0.118,0.0903,0.1502,,1.276,True,ok,Moderate positive,Corruption/100k (ln),binary,IV,27 European Union member states,Western Europe,2026-03-25T13:08:55.650335,2015.0,2023.0,243.0,0.0,7.0,7.0,6.0,False,apep_0919/v1/tables/tabF1_sde.tex,The Detection Dividend: EU Whistleblower Protection and the Recorded Corruption Paradox,True,pass,pass,e9ce8024feb2d62f4c54ab03e6fc83d48126cd6bfd8c01f1ad74b6071d682a03,13.42,3.57,6.0,6.0,SUSPICIOUS,False,,0.071,0,measurement qualifier: administrative_detection,-0.7200000000000001,0,False,jev-1.13.0,b058a948fca5a44279039d8113aaa35332150cc3bd35effeaa218e6a589a8a73,,,0.071,-1,-1,0,-1,jev-1.13.0,ff90fce44732535d3f0967abf6ed14025e1f2aaef3b1f010bafbf2bc65d09746,3770.0,4b657afd4f6f75b53c25c12142d5a6dab32514da208643ed91d961a809d61db5,,True,True,True,13.0,2019.0,0.4,0.96,1.95,0.62,0.2,0.94,0.21,0.04,0.09,enforcement,0.73,0.81,crime_safety,0.99,long_run,0.58,0.06,0.08,finance_governance,0.99,2.15,0.08,0.13,0.78,working_age,0.54,0.02,0.92,0.22,0.03,-2.137070654516472
apep_0920_v1,apep_0920,v1,-0.0732,0.0757,-13.52,13.98,,184.65,True,ok,Moderate negative,Hospice spending per capita,binary,DiD,United States,North America,2026-03-25T13:26:36.208427,2014.0,2023.0,,0.0,7.0,7.0,6.0,False,apep_0920/v1/tables/tabF1_sde.tex,The Exit Option That Wasn't: Medical Aid in Dying Laws and End-of-Life Medicare Spending,True,pass,pass,c23fbaca55deb83595c17efdd2dfef2a8af4a151b8822106b2702614bd015cfd,16.96,3.54,6.0,6.0,CLEAN,False,,-0.0732,1,beneficiary outcome direction,0.35,0,False,jev-1.13.0,08a3c988eeff6fea6aea4b4ba26688246ee8a7551b8af61e61d0c3631a965d8d,-0.0732,,0.0732,0,0,0,1,jev-1.13.0,551f97766f4c28b554a83286005737a5032eeb7712d78896065ca62a42541c1e,3311.0,096056abc6a11e3227204ecf20c6a39cddf4b1a5fdbff92fd1bc1ed0369cca13,,True,True,True,13.0,2018.5,0.2,0.97,1.96,0.7,0.14,0.39,0.06,0.12,0.67,other,0.5,0.32,prices_cost,0.48,long_run,0.8,0.85,0.11,health_human_capital,1.0,1.06,0.12,0.95,0.82,elderly_retired,1.0,0.02,0.05,0.15,0.03,-2.580977118538734
apep_0921_v1,apep_0921,v1,-0.0059,0.0221,-0.031,0.114,,5.139,True,ok,Small negative,log(ES Funds + 1),binary,DiD,United States,North America,2026-03-25T12:38:54.948278,,,,0.0,7.0,7.0,5.0,False,apep_0921/v1/tables/tabF1_sde.tex,The Escape Valve Illusion: State Forfeiture Reform and the Federal Equitable Sharing Program,True,pass,pass,277d3dfd0a4a4fb747db7a73f38624d81fa5ffde757e94590fa731e766c3e5d4,17.25,2.71,7.0,7.0,CLEAN,False,,-0.0059,0,insufficient directional evidence,-0.24,0,False,jev-1.13.0,6cef0d3aa64b116ec6aea59a381aed6b004ade2e790aaff179b81975373a0f3f,,,0.0059,0,0,0,0,jev-1.13.0,485655c043a5b8ae9c888c29f820e3ddeae834e1e35ca6e8e91ed8176a905c7d,2721.0,95858f82616e028a7b9d86079900e02a72b7256756c61f7f7ba3dd65e55dae0b,,True,True,True,13.0,,0.14,0.95,1.75,0.61,0.3,0.06,0.07,0.09,0.27,enforcement,0.78,0.51,income_distribution,0.34,long_run,0.87,0.86,0.11,finance_governance,1.0,2.01,0.1,0.91,0.82,firms_industry,0.37,0.02,0.33,0.09,0.02,-3.81217767045843
apep_0922_v1,apep_0922,v1,0.02,0.016,0.189,0.15,,9.22,True,ok,Small positive,Establishments,binary,DiD,United States,North America,2026-03-25T13:09:42.849858,2014.0,2023.0,,0.0,8.0,8.0,5.0,False,apep_0922/v1/tables/tabF1_sde.tex,Dissolving the Monopoly? Alkaline Hydrolysis Legalization and Market Expansion in U.S. Funeral Services,True,pass,pass,450e26fba73b7c75d0f819497d6e6ce31b9d39219f2355f7c2dcdee2431df36f,22.78,3.15,8.0,8.0,CLEAN,False,,0.02,1,beneficiary outcome direction,0.29,0,False,jev-1.13.0,49b70e327e5818f2d60a4e7bfb7f689b1fdacea2a542d4d96b0cd060764d131e,0.02,,0.02,0,0,1,1,jev-1.13.0,44b9f6287c55c9a291cc6c43c66d80122dea3c30838b5c74eb2f742034f616e4,4006.0,ce1e03857153958abebe1c18a6ec5da9d9814f0d4cb29cd45904f139fd3e19e5,,True,True,True,13.0,2018.5,0.15,0.98,2.03,0.52,0.26,0.51,0.04,0.06,0.62,other,0.36,0.33,labour_market,1.0,long_run,0.61,0.64,0.07,regulation_competition,0.99,1.35,0.07,0.14,0.84,firms_industry,0.99,0.02,0.09,0.31,0.03,-4.135166556742356
apep_0923_v1,apep_0923,v1,0.007,0.018,0.018,,,2.697,True,ok,Small positive,Log liabilities,binary,DiD,Switzerland ; counterparty countries worldwide,Western Europe,2026-03-25T13:33:33.743408,,,,0.0,7.0,7.0,3.0,False,apep_0923/v1/tables/tabF1_sde.tex,The End of Banking Secrecy? Control Group Selection and the Null Effect of Automatic Tax Information Exchange on Swiss Bilateral Liabilities,True,pass,untestable,20d71b5795f7439c2d6c77b38f8da7e6d845730228ba394fb5feb456776f524e,20.2,3.17,6.0,6.0,SUSPICIOUS,False,,0.007,0,insufficient directional evidence,0.0299999999999999,0,False,jev-1.13.0,52fa741cd9a1b0761504b740d0920643a9d1bdac20684ca88efd7646ebe87293,,,0.007,0,0,0,0,jev-1.13.0,df66a502a7859269872d057c2385f597eec1899ddfa8b8541673b6d20ef6e742,3369.0,b143b77c79f85259ba9866ae326e771f083424167af3516f3454cb572a30b506,,True,True,True,13.0,,0.18,0.96,1.54,0.73,0.34,0.06,0.15,0.04,0.35,information,0.94,0.32,other,0.8,long_run,0.78,0.7,0.05,finance_governance,0.53,2.27,0.05,0.14,0.75,firms_industry,0.29,0.02,0.04,0.14,0.04,-4.017383521085972
apep_0925_v1,apep_0925,v1,-0.066,0.393,-0.008,0.045,,0.114,True,ok,Moderate negative,Log total enterprises,binary,RDD,United Kingdom,Western Europe,2026-03-25T13:44:05.681256,2010.0,2024.0,,0.0,7.0,7.0,6.0,False,apep_0925/v1/tables/tabF1_sde.tex,The Compliance Ceiling That Doesn't Bind: Calorie Labeling Mandates and the Firm Size Distribution in England's Food Sector,True,pass,pass,9e3f553c14a7b400a606e634076a89303563196dcb6c8053d1094db471b504d8,14.9,3.14,5.0,5.0,CLEAN,False,,-0.066,1,beneficiary outcome direction,0.4199999999999999,0,False,jev-1.13.0,8de56ac0a62f5ed9b776a8fd61eec79f7b1d148ab24b396afcf4fb364dbdd4f9,-0.066,,0.066,0,0,0,1,jev-1.13.0,896e06d922d6c29028f70a0f2cc3f8a5e24026be74944fdcfc29aba59162e4e9,3648.0,97c668d98a025fd62219f79aeba5ee999ca6a1ac510affb8dbf6162dbc7f24cf,,True,True,True,13.0,2017.0,0.13,0.98,2.41,0.62,0.16,0.43,0.04,0.03,0.7,information,1.0,0.28,labour_market,0.98,long_run,0.64,0.03,0.21,health_human_capital,0.66,1.43,0.36,0.5,0.59,firms_industry,1.0,0.02,0.09,0.41,0.06,-0.9339456671128757
apep_0927_v1,apep_0927,v1,0.393,0.04,2.2,0.22,,5.6,True,ok,Large positive,Wage gap ratio,binary,DiD,Japan,East Asia,2026-03-25T13:45:19.824340,2014.0,2024.0,,0.0,7.0,7.0,5.0,False,apep_0927/v1/tables/tabF1_sde.tex,"Compression, Not Uplift: Japan's Equal Pay Act and the Non-Regular Wage Gap",True,pass,pass,06039a93d82f562acc46006b7f35991c027026b0a1d3ad3e78baffd9e2d2532d,15.31,3.54,6.0,6.0,CLEAN,False,,0.393,1,beneficiary outcome direction,0.85,0,False,jev-1.13.0,ac3e0e772552f347b8c6d021a7c920b606b9a9964069302209899f26627dc2d8,0.393,,0.393,1,1,1,1,jev-1.13.0,53f2ab332e574cc21f092fc9377ed7cbbdde03bcc75e328afd036532efe3b0c1,2655.0,795f946cc6604ab1d47cfba4e334df210e78ee51f265364df5b0591f499360d7,,True,True,True,13.0,2019.0,0.14,0.97,1.97,0.07,0.85,0.79,0.39,0.45,0.94,enforcement,0.99,0.09,labour_market,0.96,medium_run,0.38,0.07,0.06,labor_income,1.0,1.93,0.07,0.11,0.63,working_age,0.73,0.02,0.03,0.02,0.03,-3.2188758248682006
apep_0929_v1,apep_0929,v1,-0.161,0.031,-0.373,0.071,,2.312,True,ok,Large negative,Log donations,binary,DiD,Japan,East Asia,2026-03-25T14:05:42.788342,,,,0.0,7.0,7.0,4.0,False,apep_0929/v1/tables/tabF1_sde.tex,Ending the Gift Race: How a Competition Ceiling Reshaped Japan's Fiscal Redistribution,True,pass,pass,f8775af40335b72eed59333017c58b2c226262361c9685bddbb9725111043392,20.3,3.29,6.0,6.0,SUSPICIOUS,False,,-0.161,1,beneficiary outcome direction,0.3500000000000001,0,False,jev-1.13.0,f99954036bad7cde475cbed2057825d2ffe0a5d38f723f1816f878709d37139e,-0.161,,0.161,0,1,0,1,jev-1.13.0,5cd23eba8432146f3be9a0ddf0e3574bac6f33efa6a884c360a2d3763d456dfe,2928.0,c7430ae09643c145afaf5f0bacd06989dc7fb6422e93ce09b06b48130c3d729a,,True,True,True,13.0,,0.16,0.97,1.41,0.28,0.2,0.06,0.13,0.1,0.56,price,0.65,0.21,income_distribution,0.24,long_run,0.69,0.66,0.04,taxation_prices,0.51,2.43,0.06,0.09,0.75,general_public,0.35,0.02,0.06,0.63,0.03,-3.473768074496991
apep_0931_v1,apep_0931,v1,0.1,0.02,0.159,0.032,,1.595,True,ok,Moderate positive,Log nightlights,binary,DiD,India,South Asia,2026-03-25T14:22:43.554943,1994.0,2013.0,,0.0,8.0,8.0,3.0,False,apep_0931/v1/tables/tabF1_sde.tex,Guns and Roads: The Integrated Action Plan and Economic Development in India's Naxal-Affected Districts,True,pass,pass,6aa63d78f8b508627e94d303e4abbd8616aacb857df8ab45770f102ae69edef8,18.34,3.19,6.0,6.0,CLEAN,False,,0.1,1,beneficiary outcome direction,0.7100000000000001,0,False,jev-1.13.0,d954b5eb54cd80a6294018f33c5a6926ca7f5095673856469479acea53ada657,0.1,,0.1,1,1,1,1,jev-1.13.0,37a89878c673a91d8d6bc118bcc4194622a53674b1d5e9a53ffb6c8f82d56859,3507.0,e1b2d7117c6e91210dbbb8ee35d8fbac2dbe2830caa94dcd661c6a7a75f334da,,True,True,True,13.0,2003.5,0.1,0.2,1.25,0.1,0.1,0.15,0.03,0.27,0.92,infrastructure,0.42,0.21,other,0.47,long_run,0.84,0.08,0.08,other,0.38,1.88,0.07,0.11,0.87,migrants_minority,0.41,0.03,0.04,0.08,0.02,-3.912023005428146
apep_0932_v1,apep_0932,v1,-0.0204,0.0051,-0.1843,0.0465,,9.04,True,ok,Small negative,Delta Occ. Score,continuous,DiD,United States,North America,2026-03-25T15:55:36.780138,1933.0,1943.0,,0.0,7.0,7.0,6.0,False,apep_0932/v1/tables/tabF1_sde.tex,"The Gatekeeper's Dividend: New Deal Spending and the Racial Occupational Mobility Gap, 1930--1940",True,untestable,untestable,3ab3be0823884da864ce507c07f92ed5f4f6000541cd39b636b228114723af5f,22.46,3.3,5.0,5.0,CLEAN,False,,-0.0204,1,beneficiary outcome direction,0.8099999999999999,0,False,jev-1.13.0,14c7030fb5300f8ca893dc16768301531845a4314001558db035c7d056a7eb9e,-0.0204,,0.0204,1,1,1,1,jev-1.13.0,fe247cc036bd05fe74c3adc68ab91adb74828099412f8a06ab80a3229ac3953b,3359.0,89f1aff3d2a3606dde4572384d3b924e4a0a899b524dff2cbe16eea3cde409fe,,True,True,True,13.0,1938.0,0.15,0.86,2.02,0.06,0.15,0.06,0.04,0.08,0.95,public_provision,0.57,0.14,labour_market,0.93,long_run,0.98,0.11,0.06,labor_income,1.0,2.08,0.07,0.1,0.82,unemployed,0.5,0.02,0.02,0.03,0.03,-5.2785147392518565
apep_0933_v1,apep_0933,v1,-0.0042,0.0107,-0.0092,0.0232,,0.6051,True,ok,Null,Total Apps Granted (log),continuous,DiD,United Kingdom,Western Europe,2026-03-25T14:40:20.097221,,,,0.0,7.0,7.0,6.0,False,apep_0933/v1/tables/tabF1_sde.tex,The Biodiversity Tax That Wasn't: Mandatory Net Gain and Housing Supply in England,True,untestable,untestable,13c8835359e825b8a9b31244049f3a111c7251a9a7ca797957b32813f5c6af5f,16.5,3.85,5.0,5.0,CLEAN,False,,-0.0042,1,beneficiary outcome direction,0.5800000000000001,0,False,jev-1.13.0,e0125760721e57d05b7fe3535322f914da7656df068bf8b723c6dab255ffc1a0,-0.0042,,0.0042,0,1,1,1,jev-1.13.0,555b98090d0271a60f621722d0ca75f286a8b5634e9e9ccbf0c4e9b82799da99,2216.0,df80832e1daeafd1848aef522723520b6cd05a55f84c951bd70bf3286f961035,,True,True,True,13.0,,0.1,0.97,1.55,0.24,0.42,0.03,0.09,0.08,0.77,price,0.6,0.19,behaviour_compliance,0.34,long_run,0.87,0.03,0.06,environment_energy,0.71,2.41,0.06,0.13,0.72,firms_industry,1.0,0.02,0.17,0.96,0.02,-4.537511537514277
apep_0934_v1,apep_0934,v1,-0.0058,0.0171,-0.0028,0.0084,,0.491,True,ok,Small negative,Log property value (CS-DiD),binary,DiD,Denmark,Western Europe,2026-03-25T15:00:21.059028,2009.0,2020.0,,0.0,7.0,7.0,6.0,False,apep_0934/v1/tables/tabF1_sde.tex,The Stakeholder Illusion: Community Wind Ownership and the Limits of Financial Alignment,True,pass,pass,9d4e32465635de1b99686a3e2a8ad68549eef5861d3f730d09f674ef66a193e3,20.73,3.18,6.0,6.0,SUSPICIOUS,False,,-0.0058,1,beneficiary outcome direction,0.4399999999999999,0,False,jev-1.13.0,f030f0a97b14bf0e1d0933a60288d8f21b7b85ec05b0c05bfc966a68f63affaa,-0.0058,,0.0058,1,1,1,1,jev-1.13.0,7e0fcb9ef8b3d63cf8f35100b8e108ffe0d8813f43aaf09543a3a928e5980c10,2702.0,856d6b67dd89e235fc84608e80dbff293c473c2186f0a9cc8fc61232dd566acb,,True,True,True,13.0,2014.5,0.1,0.95,1.56,0.1,0.12,0.2,0.06,0.21,0.6,price,0.46,0.16,prices_cost,0.95,long_run,0.41,0.87,0.07,environment_energy,1.0,1.84,0.08,0.73,0.83,general_public,0.85,0.02,0.03,0.05,0.27,-4.0686768154735224
apep_0935_v1,apep_0935,v1,0.057,0.036,3.65,2.3,,64.42,True,ok,Moderate positive,Sentence (months),binary,IV,United States,North America,2026-03-25T16:28:40.566579,,,,0.0,7.0,7.0,4.0,False,apep_0935/v1/tables/tabF1_sde.tex,"The Safety Valve Lottery: Judge Discretion, the First Step Act, and Racial Equity in Federal Drug Sentencing",True,pass,pass,eede2c148f2ca2571cb965b936b90577dd2129f024dcbeb9919a648fef9ae310,15.11,3.2,6.0,6.0,SUSPICIOUS,False,,0.057,-1,beneficiary outcome direction,-0.8,0,False,jev-1.13.0,e2674c5244763009b8d8e89fce176cfde0103f6fe6f4f5b338251199123cf5a0,-0.057,,0.057,-1,-1,-1,-1,jev-1.13.0,10788f74309a819519173181e5f49bd0b2488d5efc6a21aa53fe8ce2a07802b9,4041.0,eef678cc125fd31621e6c3ea523bd6b1e35c83cff855686283cf4e8be372500a,,True,True,True,13.0,,0.14,0.97,1.55,0.13,0.88,0.2,0.53,0.03,0.09,enforcement,0.83,0.89,crime_safety,1.0,long_run,0.53,0.03,0.07,finance_governance,0.96,1.92,0.1,0.15,0.76,working_age,0.36,0.02,0.72,0.09,0.02,-3.3242363405260273
apep_0936_v1,apep_0936,v1,-0.0388,0.0523,-0.0151,0.0203,,0.388,True,ok,Small negative,BERD/GDP (%),binary,DiD,European Union,Western Europe,2026-03-25T15:16:56.323365,2010.0,2023.0,,0.0,7.0,7.0,5.0,False,apep_0936/v1/tables/tabF1_sde.tex,The Harmonization Illusion: EU Trade Secret Protection and Business R\&D,True,pass,pass,c797d38e2beeb097b3ff564a115e677e6387e3904bc7e762a3065f9f60ec2b1a,22.99,3.62,5.0,5.0,SUSPICIOUS,False,,-0.0388,1,beneficiary outcome direction,0.78,0,False,jev-1.13.0,a37549dfd85bbf4b0f5dbdcbea7e1c176eb418ab997d1e420f82d4c1f6648ed0,-0.0388,,0.0388,1,1,1,1,jev-1.13.0,454883ddd09535d67bcb9fbbbb4d6a40e8cca64c8916596c8cf83109845076cc,3271.0,5fec59a7780dd9d0160575ed47a55cb678a0ac51a0634852ba6892079a030b2b,,True,True,True,13.0,2016.5,0.13,0.97,1.87,0.09,0.14,0.18,0.03,0.1,0.89,enforcement,1.0,0.11,other,0.83,long_run,0.95,0.45,0.07,regulation_competition,0.91,2.37,0.08,0.39,0.78,firms_industry,1.0,0.02,0.03,0.05,0.33,-2.95075890791126
apep_0937_v1,apep_0937,v1,0.9518,0.2768,6.883,2.0016,,1.231,True,ok,Large positive,Fire safety incorporations,continuous,DiD,United Kingdom,Western Europe,2026-03-25T15:36:12.799017,2008.0,2024.0,,0.0,7.0,7.0,6.0,False,apep_0937/v1/tables/tabF1_sde.tex,Building an Industry from Ashes: The Grenfell Tower Fire and the Birth of the UK Fire Safety Sector,True,untestable,untestable,d70b168cea480d974cb1e0484aefa685736f64e9384115b1b028a5de29d91da5,16.01,3.35,5.0,5.0,CLEAN,False,,0.9518,0,measurement qualifier: gross_activity,0.32,0,False,jev-1.13.0,695d7b0480b901142bfc56ec511753fa5f0fb4be50799571f97a4b2adca38ee8,,,0.9518,0,0,0,1,jev-1.13.0,a46c0af973ad4f1b6f5e9554ee2c3219a3b52a4910149f81eb5540ad378f82c6,2673.0,4847f139658478dac37b8fd271d173a6e4fa7aa048f329a2ded45515ce8cf484,,True,True,True,13.0,2016.0,0.2,0.97,1.42,0.63,0.14,0.04,0.03,0.18,0.61,enforcement,0.78,0.29,labour_market,0.98,long_run,0.99,0.03,0.05,housing_infrastructure,0.53,2.34,0.07,0.1,0.74,firms_industry,0.88,0.02,0.21,0.77,0.04,-1.2844600552386225
apep_0938_v1,apep_0938,v1,0.0869,0.0472,0.511,0.278,,5.88,True,ok,Moderate positive,Death Rate,continuous,DiD,European Union,Western Europe,2026-03-25T15:16:32.456731,2010.0,2020.0,,0.0,7.0,7.0,4.0,False,apep_0938/v1/tables/tabF1_sde.tex,The Invoice Gap: Late Payment Regulation and the Persistence of Small Firm Fragility in Europe,True,untestable,untestable,3fc634483666099ebb3c9332ac9e98d551fb428bdbd68431b4432fc65951cd1a,10.65,3.66,7.0,7.0,CLEAN,False,,0.0869,-1,beneficiary outcome direction,-0.8999999999999999,0,False,jev-1.13.0,c12426d8d9d2622fea5fc3ba9f243c3ad3cd2c66b427746bd59e0693b8584d89,-0.0869,,0.0869,-1,-1,-1,-1,jev-1.13.0,659a33b5ccff222a10490e582aee2dadb8d116605d8c62a91626a6c15e4ad943,3616.0,09e532ea394dab2bdccc44abe441fbaa782224835fd3273018f89c5c74da9361,,True,True,True,13.0,2015.0,0.07,0.98,1.83,0.25,0.1,0.87,0.2,0.04,0.06,enforcement,0.91,0.96,labour_market,1.0,long_run,0.91,0.03,0.05,regulation_competition,0.57,2.25,0.06,0.09,0.72,firms_industry,1.0,0.02,0.04,0.1,0.06,-3.0533613863906273
apep_0939_v1,apep_0939,v1,0.0057,0.0179,0.0076,0.0238,,1.331,True,ok,Small positive,Total Employment,binary,DiD,United States,North America,2026-03-25T16:05:12.709531,2015.0,2017.0,,0.0,7.0,7.0,5.0,False,apep_0939/v1/tables/tabF1_sde.tex,"Shutting Down the Tremors, Shutting Down the Jobs? The Employment Costs of Oklahoma's Seismicity Regulation",True,pass,pass,601d6227658fcc1e171896c7d5bc7ffbf8d9e33af2bdebe24059ff5650cf44b0,12.21,4.16,5.0,5.0,SUSPICIOUS,False,,0.0057,1,beneficiary outcome direction,0.85,0,False,jev-1.13.0,6cc7290fbd351b818587293525f7b6956ebed8b31c351493866084c322c4f842,0.0057,,0.0057,1,1,1,1,jev-1.13.0,30632c1b590bf362e1cf8324bf4e13591ad3faa18a1faad2eaf8e9e8bca44f25,2757.0,2ce3b0b0b6ee73460925891fb287dfe0c523e56bbe14c0a9225762d39d838499,,True,True,True,13.0,2016.0,0.18,0.98,2.14,0.07,0.08,0.6,0.1,0.03,0.96,quantity_restriction,1.0,0.11,labour_market,1.0,long_run,0.59,0.04,0.16,environment_energy,0.81,1.77,0.14,0.97,0.78,firms_industry,0.95,0.02,0.03,0.02,0.04,-4.022954566135428
apep_0940_v1,apep_0940,v1,-0.014,0.0766,-0.0007,0.0037,,0.0485,True,ok,Small negative,Non-Western Share,binary,DiD,Denmark,Western Europe,2026-03-25T15:31:36.660077,2008.0,2026.0,,0.0,7.0,7.0,5.0,False,apep_0940/v1/tables/tabF1_sde.tex,Stigma Without Sorting: Denmark's Parallel Society Designation and Neighborhood Composition,True,pass,pass,03efc104444b065ae56e4f91713d49b3c023472269d3c1eb9201de2254c71ceb,14.52,3.53,6.0,6.0,SUSPICIOUS,False,,-0.014,0,measurement qualifier: group_composition,-0.11,0,False,jev-1.13.0,b08919d307cf2260c55f3118db330c931875d6e908347e409da9e1e79ebab168,,,0.014,0,0,0,0,jev-1.13.0,5f1c157fe2dfe58a4706f5bdb1dd19f1fb8d9117e77ca283315fc8c6c0d9a90a,3857.0,0674a78c7623873ff610a54d8457bf30e003ee486a6ae16bd4a426eb7bb8ad71,,True,True,True,13.0,2017.0,0.13,0.99,1.46,0.72,0.2,0.6,0.31,0.05,0.23,enforcement,0.49,0.34,other,0.99,long_run,0.95,0.03,0.1,housing_infrastructure,1.0,1.82,0.1,0.91,0.85,migrants_minority,0.99,0.02,0.05,0.03,0.98,-2.569158202235591
apep_0941_v1,apep_0941,v1,-0.0085,0.0033,-0.0108,0.0042,,1.266,True,ok,Small negative,CC Total Enrollment,continuous,DiD,United States,North America,2026-03-25T15:17:28.078755,2010.0,2022.0,,0.0,7.0,7.0,6.0,False,apep_0941/v1/tables/tabF1_sde.tex,The Safety Net That Wasn't: For-Profit College Closures and the Chilling of Community College Enrollment,True,untestable,untestable,0360662e72a52f4032b2ae0aa3b5beb526a99e957a9cf86847143d3b5c710f37,20.01,3.07,7.0,7.0,CLEAN,False,,-0.0085,1,beneficiary outcome direction,0.6699999999999999,0,False,jev-1.13.0,7e246a5b3b558c61501ccec737aa77341a02c4e558576773f0477f66bd3d6968,-0.0085,,0.0085,0,0,1,1,jev-1.13.0,7dc8a90e2f1ea18257fb024c9fa90bf483e1ff92784e74cc0897b2a631db8914,3218.0,1d574e20e4c9019ade471180b756b8ce6f747bf2a8160f9f9acc11490753287a,,True,True,True,13.0,2016.0,0.11,0.97,1.6,0.32,0.09,0.18,0.02,0.44,0.83,price,0.19,0.16,education,1.0,long_run,0.91,0.03,0.05,health_human_capital,0.58,2.41,0.07,0.11,0.85,children_youth,0.44,0.02,0.04,0.22,0.04,-5.713832810509703
apep_0942_v1,apep_0942,v1,-0.0785,0.0357,-0.6296,0.2867,,1.2352,True,ok,Moderate negative,Log unique suppliers,continuous,DiD,Dominican Republic,Latin America,2026-03-25T15:48:50.014207,2016.0,2025.0,,0.0,7.0,7.0,6.0,False,apep_0942/v1/tables/tabF1_sde.tex,The Relabeling Illusion: Procurement Set-Asides and Small Firm Market Access in the Dominican Republic,True,untestable,untestable,d04e1b80ab8783907a4a35e03d1ff2c78d5da18795930f0c6a231a4e960fe388,28.34,2.74,6.0,6.0,CLEAN,False,,-0.0785,1,beneficiary outcome direction,0.65,0,False,jev-1.13.0,2ba0eeb2a6bad614a12370d7e9b739ef9c3fe04cae30f61f3a2e10d6185aea3c,-0.0785,,0.0785,0,1,1,1,jev-1.13.0,5f9c81402c13b5eea90695a87a8f7ad0f407cd6bee0b1ab1638e577acbcd0382,2462.0,491c9386cff90fb540c3a76db508217e5fb83faa642230b7567fd9086d18fffa,,True,True,True,13.0,2020.5,0.13,0.97,1.68,0.28,0.23,0.05,0.05,0.3,0.86,enforcement,0.95,0.21,behaviour_compliance,0.49,long_run,0.55,0.05,0.06,regulation_competition,0.97,2.01,0.06,0.13,0.79,firms_industry,1.0,0.02,0.07,0.83,0.09,-3.3326045901965435
apep_0943_v1,apep_0943,v1,0.169,0.053,1.35,,0.081,0.646,True,ok,Large positive,New bld/1K pop.,continuous,DiD,Switzerland,Western Europe,2026-03-25T16:14:46.298553,2013.0,2023.0,,0.0,8.0,8.0,3.0,False,apep_0943/v1/tables/tabF1_sde.tex,The Boomerang Ballot: Federal Climate Referendum Failure and Subnational Policy Innovation in Switzerland,True,pass,untestable,c2d6a3c14c2524f0e5212a548b965330ad549c32958426ad9b428e84d8f1a3e3,19.74,3.7,6.0,6.0,CLEAN,False,,0.169,1,beneficiary outcome direction,0.3299999999999999,0,False,jev-1.13.0,d6a8aca6d392991c0ad891c7e83a159c4be27cd4c06c5aa16914d95c69848c46,0.169,,0.169,0,0,0,1,jev-1.13.0,6249d891437697c7066c8046cf92d0d8c2374791d069c91aed31397441a171ef,3261.0,0149fd5a379bf0b46d820276c91564db0febfdab7e42eddcb00192cfc3d5ba28,,True,True,True,13.0,2018.0,0.09,0.97,1.34,0.33,0.41,0.95,0.04,0.27,0.58,quantity_restriction,0.94,0.25,environment,0.62,long_run,0.67,0.03,0.05,environment_energy,0.97,1.7,0.06,0.08,0.78,firms_industry,0.55,0.02,0.13,0.78,0.07,-2.9374633654300153
apep_0944_v1,apep_0944,v1,-0.024,0.171,-0.0029,0.0203,,0.119,True,ok,Small negative,Acquittal rate,binary,DiD,United States,North America,2026-03-25T15:49:42.530731,2000.0,2024.0,,0.0,7.0,7.0,3.0,False,apep_0944/v1/tables/tabF1_sde.tex,The Pipeline Illusion: Automatic Voter Registration Does Not Change Federal Jury Verdicts,True,pass,pass,a90c1637a02860b89dd2d649f5760559106ba30fdd69e98dcbcd7d830047a3f5,22.68,3.16,5.0,5.0,CLEAN,False,,-0.024,0,measurement qualifier: administrative_detection,0.2599999999999999,0,False,jev-1.13.0,d320269e6c9291de2c2564736995afdb8abbd9d8e4a1b543202bd33bf062aa10,,,0.024,0,0,0,1,jev-1.13.0,1d11b82c1b9b446976ec9caa036395ecc225f4f71bb7a0ed3d3835b4ad19bbac,3119.0,0529a310c4197919e55a0e1862e3091e8bc3b1974b3dd99746baca0d20d269fc,,True,True,True,13.0,2012.0,0.15,0.78,1.88,0.63,0.12,0.45,0.03,0.05,0.6,public_provision,0.84,0.34,crime_safety,0.97,long_run,0.41,0.03,0.09,finance_governance,1.0,2.11,0.1,0.17,0.8,general_public,0.58,0.02,0.91,0.45,0.14,-1.7660917224794772
apep_0945_v1,apep_0945,v1,-0.007,0.035,-0.057,0.297,,1.13,True,ok,Sm. neg.,NPRM volume (log),continuous,DiD,United States,North America,2026-03-25T16:36:26.324665,,,,0.0,7.0,7.0,6.0,False,apep_0945/v1/tables/tabF1_sde.tex,"The Regulatory Ratchet: Executive Deregulation Orders, Agency Composition, and the Asymmetry of Reversal",True,untestable,untestable,069ddae2177c5ba559461b5f233bfd634624410c714ed2312fd6bcb8466583c8,16.23,3.41,6.0,6.0,CLEAN,False,,-0.007,0,measurement qualifier: gross_activity,-0.0899999999999999,0,False,jev-1.13.0,de21f2f40f832f3f1da3292abb5bb4358f422553ba186187bfc551df0c5fcc85,,,0.007,0,0,0,0,jev-1.13.0,46d8ab3f408c2f68273f5c2bb43aca57bb95ce67c120637ac496b43d671fbc75,2048.0,e1c671357f92a35b89bc62373c916b7c9fb1c4ea5108d209736e6bcbfeb05f3e,,True,True,True,13.0,,0.1,0.92,1.46,0.75,0.89,0.95,0.49,0.06,0.2,price,0.43,0.29,administrative_process,0.99,long_run,0.99,0.04,0.06,regulation_competition,1.0,2.17,0.06,0.11,0.69,firms_industry,0.51,0.02,0.37,0.96,0.02,-3.3524072174927233
apep_0946_v1,apep_0946,v1,-0.186,0.151,-0.907,0.736,,4.86,True,ok,Large negative,Communications CPI,binary,DiD,European Union,Western Europe,2026-03-25T16:10:22.752922,2014.0,2024.0,,0.0,7.0,7.0,4.0,False,apep_0946/v1/tables/tabF1_sde.tex,The Transposition Mirage: Why EU Telecom Reform Appears to Cut Prices but Doesn't,True,pass,pass,82de8cde0cf6b1807559d5a51254ace2adccf4789314f5ffd0619f3fbbee4a1b,18.83,2.59,9.0,9.0,CLEAN,False,,-0.186,-1,beneficiary outcome direction,-0.7,0,False,jev-1.13.0,2435a5c81fbd0154adf9430e8e19930ee6a8dd70fece1c5b34393f54811bbff7,0.186,,0.186,-1,-1,-1,-1,jev-1.13.0,069ad41bc8ba6ea4ccd9383ccd495e747b320ea87c58724bc210bbfb6cc8be9e,4274.0,1d447d357e5288e84c3122f50ade12dcb7617567babd6007f529849fa1028137,,True,True,True,13.0,2019.0,0.09,0.97,1.9,0.13,0.58,0.91,0.33,0.09,0.15,infrastructure,0.87,0.85,prices_cost,1.0,long_run,0.84,0.12,0.05,regulation_competition,0.95,2.37,0.06,0.09,0.77,general_public,0.99,0.02,0.02,0.04,0.02,-1.8904754421672127
apep_0948_v1,apep_0948,v1,0.209,0.247,0.842,0.996,,2.157,True,ok,Large positive,"MAT claims per 1,000",continuous,IV,United States,North America,2026-03-25T16:27:58.580668,2006.0,2012.0,,0.0,7.0,7.0,6.0,False,apep_0948/v1/tables/tabF1_sde.tex,"The Fiscal Shadow of the Pill Mill: Triplicate Prescriptions, Oxycodone Supply, and Medicaid Treatment Demand",True,untestable,untestable,50613ea62b437f7d6757741bcef97272f8cd088f9cd54ef20e5f108887677c0b,13.77,3.92,5.0,5.0,SUSPICIOUS,False,,0.209,-1,beneficiary outcome direction,-0.47,0,False,jev-1.13.0,4306c9038c65e732d4d470133300a2b4a675ddfa3ef8bbf0b5f7321c9ccf1961,-0.209,,0.209,-1,-1,-1,-1,jev-1.13.0,5d31117ea6a502d3bc2a586f55c67262b776f2be6786542e6191566e2707b905,2532.0,18cd1e4f20870157c295f161cda6b66af907e71303e2a53d11baf71abb0d9285,,True,True,True,13.0,2009.0,0.1,0.97,2.83,0.5,0.06,0.73,0.07,0.04,0.38,enforcement,0.68,0.85,health,1.0,long_run,0.98,0.05,0.05,health_human_capital,0.85,1.38,0.05,0.09,0.81,low_income,0.94,0.02,0.11,0.52,0.05,-1.3983669423541598
apep_0954_v1,apep_0954,v1,-0.0006,0.0068,-0.0023,0.0256,,0.9737,True,ok,Null,Log price (all commodities),continuous,DiD,Lebanon,Other / not stated,2026-03-25T17:16:42.216540,,,,0.0,7.0,7.0,6.0,False,apep_0954/v1/tables/tabF1_sde.tex,"The Port Shock: Infrastructure Destruction, Supply-Chain Substitution, and the Spatial Uniformity of Food Prices in Lebanon",True,untestable,untestable,e0fe0f42c37ba83a96af70bbef1bc4896ac17ad3b9cacdce6940f0025d48dc93,12.88,3.46,6.0,6.0,SUSPICIOUS,False,,-0.0006,-1,beneficiary outcome direction,-0.63,0,False,jev-1.13.0,bcdd0d88011f1694a0ba20b43c071e3a6f134bb9e6837c902b4900d96702babc,0.0006,,0.0006,0,-1,-1,-1,jev-1.13.0,5b50b91abd358f618f0853b4a1781c5f5ba2a10e83cecbbf311b820582fddccb,3596.0,48108c2c2aa90260e890459d88815694e996dc6194fe68ca0eba13adfa2a06b3,,True,True,True,13.0,,0.23,0.18,1.96,0.19,0.43,0.92,0.03,0.03,0.13,infrastructure,0.99,0.76,prices_cost,1.0,medium_run,0.51,0.75,0.06,housing_infrastructure,0.66,2.79,0.08,0.48,0.76,general_public,0.72,0.02,0.02,0.06,0.02,-4.990832666800076
apep_0955_v1,apep_0955,v1,0.1341,0.0084,0.3826,,,2.854,True,ok,Moderate positive,Education (1940),continuous,Unknown,United States,North America,2026-03-25T17:51:07.433826,1930.0,1940.0,,0.0,8.0,8.0,6.0,False,apep_0955/v1/tables/tabF1_sde.tex,The Displacement Dividend: How Cotton Acreage Reduction Accidentally Invested in Black Children's Human Capital,True,untestable,untestable,703263fe8195290d17843c6aff7926921c3baa1b4069608b2597e4dddef18be1,27.6,3.12,5.0,5.0,CLEAN,False,,0.1341,1,beneficiary outcome direction,0.88,0,False,jev-1.13.0,54b721f4a4fb0fa404ff363fea17603b4916eef96e353c7a3d2102b7eaa372ec,0.1341,,0.1341,1,1,1,1,jev-1.13.0,1e58c7e03b748afb67cc30cf041a9a1ab2b2367a7b1606fdc78c4283e24ea9e8,3498.0,32cb1b84d5d0da46523ffd1289c8f6b8e3e9ca87dc8dc738f11fb59553bab264,,True,True,True,13.0,1935.0,0.12,0.93,1.94,0.04,0.07,0.28,0.05,0.05,0.97,direct_transfer,0.32,0.09,education,1.0,long_run,0.86,0.11,0.07,environment_energy,0.43,2.06,0.09,0.12,0.72,children_youth,0.51,0.02,0.02,0.01,0.03,-4.779523573132869
apep_0956_v1,apep_0956,v1,0.7621,0.489,0.1056,0.0678,,0.1385,True,ok,Large positive,Log CPI (treated),binary,DiD,Denmark,Western Europe,2026-03-25T20:21:25.342195,2008.0,2015.0,,0.0,8.0,8.0,4.0,False,apep_0956/v1/tables/tabF1_sde.tex,Rockets and Feathers in Food Taxation: Asymmetric Price Pass-Through from Denmark's Fat Tax Experiment,True,pass,pass,dee007f9a07ae016dcdd4ca395d652c7fbe3ae335431f6b0ac8201a72a154789,25.27,3.27,7.0,7.0,CLEAN,False,,0.7621,0,insufficient directional evidence,-0.39,0,False,jev-1.13.0,2c57303110a0adc1f45bb7b0a617c226903f4682f33c3dac546bb029d95a72ac,,,0.7621,0,0,0,0,jev-1.13.0,158b1276ed6b91d7e9c53a9ce8fef2d6266feca82322a589e94553f86feebb88,3259.0,c311fbdf789dd32f9b57761d7dd0d45d39ec43a3cd07c029450c58984639be3f,,True,True,True,13.0,2011.5,0.18,0.98,1.47,0.41,0.84,0.94,0.08,0.09,0.13,price,1.0,0.52,prices_cost,1.0,long_run,0.93,0.53,0.05,taxation_prices,1.0,1.77,0.05,0.07,0.67,firms_industry,0.44,0.02,0.02,0.06,0.02,-0.715392789507265
apep_0957_v1,apep_0957,v1,-0.0437,0.0183,-0.0854,0.0357,,1.953,True,ok,Small negative,ln(Employment),binary,Event Study,United States,North America,2026-03-25T20:13:15.123488,1987.0,2022.0,,0.0,7.0,7.0,5.0,False,apep_0957/v1/tables/tabF1_sde.tex,The Sorting Dividend: State EITC Supplements and Hispanic Worker Reallocation from Administrative Support,True,pass,pass,63ce06664797460933d5d985da5a75a766d245d02daf252c03ce093b9e6fbcc7,26.42,3.11,7.0,7.0,SUSPICIOUS,False,,-0.0437,1,beneficiary outcome direction,0.84,0,False,jev-1.13.0,cbb058648e0e7dac0babbef9786202f8b00b663bbb518a1e9d1b0f2b3f51f38c,-0.0437,,0.0437,1,1,1,1,jev-1.13.0,b6b3dafef2aa0bcdba68a12a187e03a219296d0c3f8ecec94a7e6f67e8628a63,1935.0,8f28545a98f190114839146aef54b7b8123c6e7e742287f18e2074105b79a9ba,,True,True,True,13.0,2004.5,0.11,0.98,2.08,0.07,0.28,0.37,0.03,0.21,0.96,price,0.91,0.12,labour_market,1.0,long_run,0.62,0.04,0.06,taxation_prices,0.5,1.69,0.08,0.13,0.75,low_income,0.93,0.02,0.03,0.02,0.05,-4.000854219134761
apep_0958_v1,apep_0958,v1,0.1914,0.0403,0.586,0.1232,,0.0972,True,ok,Large positive,BBB vote share (agri. empl.),continuous,DiD,Netherlands,Western Europe,2026-03-25T20:41:07.346774,2012.0,2025.0,,0.0,7.0,7.0,6.0,False,apep_0958/v1/tables/tabF1_sde.tex,When Green Courts Create Brown Politics: The Dutch Nitrogen Ruling and the Rise of Agrarian Populism,True,untestable,untestable,1ac4fb2e942a8c3a625f5219df442c810edfb3fef33317a93c9e3dc05fb635a2,19.54,3.39,5.0,5.0,SUSPICIOUS,False,,0.1914,0,measurement qualifier: group_composition,-0.06,0,False,jev-1.13.0,888c9bc6b57ee3045eb5eff42f2d286559176598d398a5c49afb7c5f94272e54,,,0.1914,0,0,0,0,jev-1.13.0,869160f4446feb5619da701f161d9c585b8d1dfd3e91a8c5bb60a951264cc8f8,2507.0,be6d9aa52edf5785f2ad1abe22f32b07782b7d617c576cd12b2843650a5daf51,,True,True,True,13.0,2018.5,0.1,0.97,0.95,0.73,0.07,0.06,0.04,0.08,0.18,quantity_restriction,0.97,0.24,political_attitudinal,1.0,medium_run,0.91,0.03,0.06,environment_energy,0.86,2.12,0.07,0.26,0.87,firms_industry,0.99,0.02,0.07,0.05,0.98,-3.2114038100294997
apep_0960_v1,apep_0960,v1,0.0046,0.0199,0.0019,0.0083,,0.419,True,ok,Null,asinh(NTL),binary,DiD,Zambia,Other / not stated,2026-03-25T20:27:05.038106,2012.0,2023.0,,0.0,7.0,7.0,3.0,False,apep_0960/v1/tables/tabF1_sde.tex,Fiscal Overkill? Confiscatory Mining Taxation and Local Economic Activity in Zambia,True,pass,pass,9348881239f59582540db749685478d84d2ca14f02698e87425e4253fc8c86b5,14.37,3.83,6.0,6.0,SUSPICIOUS,False,,0.0046,1,beneficiary outcome direction,0.73,0,False,jev-1.13.0,4339ddee24005d0e0c70e1047216ea674d688edf5e5a18fc108ce2e17d4a205e,0.0046,,0.0046,1,1,1,1,jev-1.13.0,b87c3e460cd223a711f371289a299b37f7301194acb5ce14dce31267b25f4bd3,2786.0,842709456bdc45fb2ad522ea6f82e1df56edacdb416d3b0e62c03acd462ddfef,,True,True,True,13.0,2017.5,0.11,0.17,1.51,0.11,0.08,0.71,0.04,0.04,0.86,price,1.0,0.13,environment,0.46,long_run,0.87,0.03,0.09,taxation_prices,1.0,2.54,0.18,0.48,0.79,firms_industry,1.0,0.03,0.03,0.05,0.02,-3.9170355472516905
apep_0961_v1,apep_0961,v1,-0.153,0.105,-79.0,54.0,,515.1,True,ok,Large negative,Total healthcare costs,binary,DiD,Switzerland,Western Europe,2026-03-25T20:45:05.434495,1997.0,2017.0,,0.0,7.0,7.0,5.0,False,apep_0961/v1/tables/tabF1_sde.tex,The Fiscal Dividend of Tobacco Advertising Bans: Evidence from Swiss Cantons,True,pass,pass,c2c6f0bc10946caafeae78a65c7af0440e97e11b04efc507b7a1ac77d273fb46,22.38,2.71,6.0,6.0,CLEAN,False,,-0.153,-1,beneficiary outcome direction,-0.65,0,False,jev-1.13.0,aa771978a205a913e8e071117ec4ab485bf0c402f1d1de92c6ee0fdeae4ff2ea,0.153,,0.153,0,0,-1,-1,jev-1.13.0,56f117b05646231ce055e5b455fc0fdfdde5f835426f07f4055b0bc2ec065e19,2814.0,b815dc7d7de036096bcfd353b4c2cdf4ff3e3307f246c8a7aaa2db84d783cd7b,,True,True,True,13.0,2007.0,0.11,0.95,1.99,0.19,0.08,0.95,0.22,0.03,0.08,quantity_restriction,0.76,0.73,prices_cost,0.86,long_run,0.87,0.95,0.06,health_human_capital,0.7,1.92,0.08,0.11,0.81,general_public,0.97,0.02,0.03,0.14,0.02,-2.2537949288246137
apep_0963_v1,apep_0963,v1,0.0105,0.0071,0.131,,0.025,0.316,True,ok,Small positive,Food insecure,continuous,DiD,United States,North America,2026-03-25T21:18:55.714702,2018.0,2019.0,,0.0,8.0,8.0,4.0,False,apep_0963/v1/tables/tabF1_sde.tex,Did More Money Buy Less Hunger? The Thrifty Food Plan Revision and the Limits of Benefit Adequacy,True,pass,untestable,5a1d1bcb9de984d78c8aa43e91599e68df92da5e31f494d706d8e17e91825063,15.26,2.93,7.0,7.0,SUSPICIOUS,False,,0.0105,-1,beneficiary outcome direction,-0.8899999999999999,0,False,jev-1.13.0,8e867de368f7c5c58adb1bfb7498b26bd12e7e8b57690cbb41c9ba954799a73f,-0.0105,,0.0105,-1,-1,-1,-1,jev-1.13.0,d082635290b6e4c379e4971e645b20b1b0812dd15f4e317b7c0921e1e1218dbc,2914.0,d940a833a5dd536c2d7552a2921c068169844fa8c6a4ff8c900e6dfcfa855e02,,True,True,True,13.0,2018.5,0.37,0.96,1.44,0.14,0.15,0.06,0.35,0.15,0.06,direct_transfer,0.93,0.95,health,0.98,medium_run,0.5,0.03,0.05,labor_income,0.62,2.28,0.06,0.12,0.75,low_income,1.0,0.02,0.03,0.02,0.08,-4.947660494934867
apep_0965_v1,apep_0965,v1,0.0055,0.0029,0.064,0.0335,,1.845,True,ok,Small positive,Total Manufacturing Employment,continuous,DiD,United States,North America,2026-03-25T22:12:36.557608,,,89600.0,0.0,7.0,7.0,6.0,False,apep_0965/v1/tables/tabF1_sde.tex,Tit-for-Tat in the Heartland: EU Retaliatory Tariffs and Local Labor Markets,True,untestable,untestable,6e0942dc5732ddd108e1286f6a9f2a155578a4f8cef92b100509d6c061956c07,22.53,3.26,6.0,6.0,CLEAN,False,,0.0055,1,beneficiary outcome direction,0.76,0,False,jev-1.13.0,b5708790f849e1110c85c8011c762649f3efdb2511747029627b5edb5d891c93,0.0055,,0.0055,1,1,1,1,jev-1.13.0,da967cf17c60cdf83c63edff3b782af492acc6122187f105609d65c5d107a467,3445.0,6e29d131feb1a174d3624a7bb5ff4b7b13a6d2a24faed2433488e21ea422e525,,True,True,True,13.0,,0.13,0.97,1.78,0.08,0.13,0.12,0.05,0.03,0.95,price,1.0,0.19,labour_market,1.0,long_run,0.45,0.04,0.07,taxation_prices,0.61,1.93,0.07,0.12,0.79,firms_industry,0.64,0.02,0.03,0.02,0.04,-5.843044541989709
apep_0966_v1,apep_0966,v1,-0.0532,0.3309,-0.0642,,0.0552,0.0666,True,ok,Moderate negative,Rel. tobacco price,continuous,DiD,European Union,Western Europe,2026-03-25T22:00:30.395469,,,,0.0,8.0,8.0,3.0,False,apep_0966/v1/tables/tabF1_sde.tex,Menthol's Last Drag: Product Substitution and the Market Non-Response to the EU Flavor Ban,True,pass,untestable,7052597f47f8072581218154bb8b09d47e6fe7261db31045ad6e2c569f2b1092,27.1,3.27,6.0,6.0,CLEAN,False,,-0.0532,-1,beneficiary outcome direction,-0.4199999999999999,0,False,jev-1.13.0,27cb02a7d727545f59c7013d03682576c1702325b7156c5e21095017798e185b,0.0532,,0.0532,0,0,0,-1,jev-1.13.0,b1838ddaedf0897f95d1b6b27c69bd5c0f4c8c0b3927e3edc7f35b649b1c6271,3216.0,f82e19fc85cb5f841bd179316970a16870733defdc767d2e8e51b9ca5ef69227,,True,True,True,13.0,,0.1,0.97,1.76,0.51,0.41,0.95,0.06,0.07,0.15,quantity_restriction,1.0,0.57,prices_cost,1.0,medium_run,0.38,0.52,0.05,regulation_competition,0.81,2.59,0.06,0.14,0.76,general_public,0.78,0.02,0.02,0.05,0.04,-1.1059390640545705
apep_0967_v1,apep_0967,v1,0.0064,0.0095,0.0002,,3.66,0.088,True,ok,Small positive,Le Pen share,continuous,DiD,France,Western Europe,2026-03-25T22:26:31.497290,,,,0.0,8.0,8.0,4.0,False,apep_0967/v1/tables/tabF1_sde.tex,Does Dismantling Worker Voice Fuel the Far Right? Evidence from France's CSE Reform,True,pass,untestable,3bb7b9a4d16bf917b31be45048dba6d09fdff1a2eb9c6d2ce58c9e88a5c85115,21.75,2.78,7.0,7.0,CLEAN,False,,0.0064,0,measurement qualifier: group_composition,-0.4199999999999999,0,False,jev-1.13.0,8cd40afaece01d1ada6d16090b29fe24c03e8a250e175bd564ed71e32ec31fd3,,,0.0064,0,0,0,0,jev-1.13.0,18ba5c8f9c79caf56db552842bf506e10bc73a8fbba50fff6833b9cba564d0b5,4083.0,f5ad3521fac24b6a9cb7f2ed80dfeb955a9dab7314ea450bdb685bff674d66ae,,True,True,True,13.0,,0.11,0.97,1.1,0.81,0.07,0.07,0.05,0.03,0.15,quantity_restriction,0.56,0.57,political_attitudinal,1.0,medium_run,0.75,0.02,0.08,labor_income,0.96,2.07,0.09,0.13,0.81,working_age,0.46,0.02,0.06,0.06,0.97,-4.656463480375642
apep_0968_v1,apep_0968,v1,0.274,0.076,0.627,0.173,,1.006,True,ok,Large positive,Enrollment volatility,continuous,DiD,United States,North America,2026-03-26T10:23:19.249535,,,,0.0,7.0,7.0,5.0,False,apep_0968/v1/tables/tabF1_sde.tex,The Recertification Ripple: How SNAP Administrative Intensity Destabilizes Medicaid Enrollment Through Integrated Eligibility Systems,True,untestable,untestable,6f22073af12d440349d75e2c36162a128e866211bc142ff42dc5028d5d515354,17.71,3.6,5.0,5.0,SUSPICIOUS,False,,0.274,-1,beneficiary outcome direction,-0.72,0,False,jev-1.13.0,02f658564a475bad76b973fc0d8aae58e12c557527099ef59018f768c536e28a,-0.274,,0.274,0,-1,0,-1,jev-1.13.0,63be8a1ee9ec41d240670d39e862fdc6a5ef7a9c93b694c384d831f8cea8a8aa,2558.0,195d8b0255e9a2c0a6ff6c332c6ad0eb8b06e45e05c524c0db319878a4c97a22,,True,True,True,13.0,,0.11,0.97,1.03,0.67,0.34,0.21,0.04,0.03,0.13,infrastructure,0.59,0.85,health,0.63,medium_run,0.35,0.03,0.04,health_human_capital,0.83,1.81,0.06,0.11,0.79,low_income,1.0,0.02,0.07,0.14,0.08,-2.577021938695806
apep_0969_v1,apep_0969,v1,-0.0137,0.0689,-0.212,,,15.48,True,ok,Small negative,Monthly hours,binary,DiD,Japan,East Asia,2026-03-26T10:26:20.105188,,,,0.0,7.0,7.0,4.0,False,apep_0969/v1/tables/tabF1_sde.tex,The Compliance Cliff That Wasn't: Overtime Caps and Worker Hours in Japan's Exempted Industries,True,pass,untestable,2db25cbdc736727bd27e4373f79a1346f5becfe19ae24ff2b954aa4804b61ce4,12.7,3.44,6.0,6.0,CLEAN,False,,-0.0137,-1,beneficiary outcome direction,-0.47,0,False,jev-1.13.0,dcb032ba004f4cce6bae4d03d8cbc9df76405bf52e829a1af595aaba21abd331,0.0137,,0.0137,0,0,-1,-1,jev-1.13.0,17e7bea71ec7d420db19f1974b4be013a11a9fce5e3714137eb6720f3884fc63,3998.0,84dd77ce79404819fb8815cc8836153f466b80f7c018af7464cb0a9286d6d0e8,,True,True,True,13.0,,0.14,0.98,1.75,0.52,0.81,0.94,0.45,0.04,0.28,quantity_restriction,1.0,0.75,labour_market,1.0,long_run,0.38,0.03,0.1,labor_income,1.0,2.29,0.21,0.79,0.77,firms_industry,0.51,0.03,0.02,0.03,0.03,-2.675099100962524
apep_0970_v1,apep_0970,v1,0.189,0.118,0.0091,0.0057,,0.0482,True,ok,Large pos.,Hire rate,binary,DiD,United States,North America,2026-03-26T10:25:08.588929,2007.0,2020.0,,0.0,8.0,8.0,4.0,False,apep_0970/v1/tables/tabF1_sde.tex,Who Searches Longer? UI Duration Cuts and the Education Gradient in Re-employment,True,pass,pass,13ce693016f898313ef13f7795860c6693a2f25ed5d09e6ab9615899719e94de,24.08,3.29,6.0,6.0,CLEAN,False,,0.189,1,beneficiary outcome direction,0.74,0,False,jev-1.13.0,ca995a7f0860e01168156fe565e1aa7e8651a3f536546344fb257928ad2ca7fc,0.189,,0.189,0,1,1,1,jev-1.13.0,49db884c59cc9bb640c5d8ae16ca2d2a210691b8d4f31eb751006cbafd70109f,4202.0,9bda3e17e5992ecf9cf7134e0b08ebe825477f5c054d7e0eaabb6564e51014f5,,True,True,True,13.0,2013.5,0.14,0.96,2.12,0.1,0.14,0.26,0.11,0.13,0.94,price,0.43,0.2,labour_market,1.0,long_run,0.32,0.03,0.07,labor_income,1.0,1.96,0.08,0.16,0.82,unemployed,0.99,0.02,0.09,0.07,0.15,-2.137070654516472
apep_0972_v1,apep_0972,v1,-0.0399,0.0923,-0.0811,0.1875,,2.032,True,ok,Small negative,Log employment (NAICS 312),binary,DiD,United States,North America,2026-03-26T10:55:47.651333,2001.0,2024.0,,0.0,7.0,7.0,6.0,False,apep_0972/v1/tables/tabF1_sde.tex,The Middleman Myth: Self-Distribution Deregulation Did Not Drive the Craft Brewing Employment Boom,True,pass,pass,ef9ca2a21b72f7b2dc6ebc7f531bed8dac2658cec62de4526b067ff49b56d7d7,17.7,3.15,5.0,5.0,SUSPICIOUS,False,,-0.0399,1,beneficiary outcome direction,0.7799999999999999,0,False,jev-1.13.0,422ec16b8584517e71bf7aad53278fce789eb361a8659db2cf3ba5ca6ba7d9ab,-0.0399,,0.0399,1,1,1,1,jev-1.13.0,2181d91e879fac34a258f1db801734bbe614482910c276e066e4812397b60de6,2880.0,a5c753b49ddcc3dfdf592242f3c80a90d2397f9439714a772a56b2929105edab,,True,True,True,13.0,2012.5,0.12,0.97,2.01,0.1,0.14,0.25,0.04,0.1,0.94,other,0.49,0.16,labour_market,1.0,long_run,0.95,0.03,0.18,regulation_competition,0.98,1.31,0.32,0.96,0.81,firms_industry,1.0,0.02,0.02,0.02,0.04,-2.3827111374733305
apep_0973_v1,apep_0973,v1,0.441,0.353,0.48,0.384,,1.087,True,ok,Large positive,Log bag items,binary,DiD,United Kingdom,Western Europe,2026-03-26T11:34:24.579436,2001.0,2020.0,,0.0,7.0,7.0,5.0,False,apep_0973/v1/tables/tabF1_sde.tex,The Charge That Missed the Beach: Plastic Bag Pricing and the Pollution Gap,True,pass,pass,3b3b1108c5a04e4ae46c20109ca0aa46ba658179c53cd2d8c90899b3a894c1ac,18.85,3.4,6.0,6.0,CLEAN,False,,0.441,-1,beneficiary outcome direction,-0.75,0,False,jev-1.13.0,8fb2c3ed41bdf0e9dc5186fb6d43af0e6095aad83134674817ed47bc5535b110,-0.441,,0.441,-1,-1,-1,-1,jev-1.13.0,27f0451aa9e8caebf67734d1071aec0dc1bc1e12d75e2f5a0c6db093fc361cfc,2878.0,ca90b0cf9530b95890153d752cfd3228019e89de01bbc5f07899133ca95b9342,,True,True,True,13.0,2010.5,0.13,0.53,2.18,0.32,0.16,0.09,0.44,0.03,0.11,price,1.0,0.86,environment,1.0,long_run,0.76,0.05,0.06,environment_energy,0.72,2.27,0.08,0.12,0.6,general_public,0.91,0.02,0.29,0.36,0.03,-1.0412872220488403
apep_0974_v1,apep_0974,v1,-0.121,0.073,-0.0085,0.0052,,0.0706,True,ok,Mod. neg.,ED Share,binary,DiD,United States,North America,2026-03-26T11:28:22.693267,,,,0.0,7.0,7.0,6.0,False,apep_0974/v1/tables/tabF1_sde.tex,The Missing Cliff: SNAP Emergency Allotment Expiration and the Absence of an Acute Care Cascade,True,pass,pass,1cf7c84a564f580eed9b075fb62416a3d2f90b7bd7e8525ff2e3eed6b372727f,23.95,3.63,5.0,5.0,SUSPICIOUS,False,,-0.121,-1,beneficiary outcome direction,-0.6699999999999999,0,False,jev-1.13.0,f682280eb7154d019a33d5a38188a87d4c396967ab63124e75831e1e549c67ce,0.121,,0.121,0,0,-1,-1,jev-1.13.0,2c0e4748dd66aab94ca37b0e329051a353c348630b9045ae8eca3d5732722ffd,2634.0,446cf61aa49190b623766061973c62fc2713444c0060a19ebcdf467c485aa479,,True,True,True,13.0,,0.09,0.96,2.14,0.46,0.07,0.43,0.05,0.03,0.15,direct_transfer,0.99,0.82,health,1.0,long_run,0.48,0.03,0.06,health_human_capital,0.82,1.98,0.06,0.1,0.82,low_income,1.0,0.02,0.14,0.34,0.45,-2.617295837833746
apep_0975_v1,apep_0975,v1,0.12,0.14,0.131,0.153,,1.094,True,ok,Moderate positive,Fraud,binary,DiD,25 European Union member states,Western Europe,2026-03-26T12:00:13.937174,2008.0,2022.0,,0.0,7.0,7.0,5.0,False,apep_0975/v1/tables/tabF1_sde.tex,The Prosecution Gap: Cross-Border Enforcement Cooperation and Crime in the European Union,True,pass,pass,f7ac984f3b89b8af639c69e3e78492c6638d3b8c47829bb857e62fd5d7f81cb1,22.17,2.51,7.0,7.0,SUSPICIOUS,False,,0.12,-1,beneficiary outcome direction,-0.8799999999999999,0,False,jev-1.13.0,240edcc6fba85a1b85975c0b63d0b4de9f7a426dc3b5c138603344263cbc9db6,-0.12,,0.12,-1,-1,-1,-1,jev-1.13.0,620e5c732dec204248f6151aa4b89599ef9ea67a5c3e46588f6ab00f8e2518fa,3376.0,d2d5eba60e8651cd8fa5e7e85341f71ae8dec043349b486f4995e2cb9ef8f5e6,,True,True,True,13.0,2015.0,0.07,0.97,1.68,0.37,0.14,0.94,0.29,0.03,0.06,enforcement,0.99,0.94,crime_safety,1.0,long_run,0.91,0.03,0.05,finance_governance,0.99,2.22,0.06,0.16,0.66,general_public,0.92,0.02,0.82,0.09,0.03,-1.9661128563728327
apep_0976_v1,apep_0976,v1,-0.016,0.005,-0.01,0.003,,0.59,True,ok,Small negative,Log land price,binary,DiD,Japan,East Asia,2026-03-26T12:14:08.141106,2005.0,2019.0,,0.0,8.0,8.0,4.0,False,apep_0976/v1/tables/tabF1_sde.tex,The Yakuza Tax: Organized Crime Exclusion and Property Markets in Japan,True,pass,pass,9d73c732956c313e57ee8afb7efe7688ce22de3ec8bb16512e8f5cbd2ada1cf1,22.31,3.18,6.0,6.0,CLEAN,False,,-0.016,0,insufficient directional evidence,0.24,0,False,jev-1.13.0,413232fb7fc151624a1a1a747d70a9fee966532408b8bfbe605e5eaf7443868b,,,0.016,0,1,0,0,jev-1.13.0,789280205d8e991de51bc6dde60d40cfc97a097039a333d47d9c5ccce2b8ec09,4323.0,054f0d6cd85c3e6c0e772f0b87f4478509a1238833b923fd2ee54cc55ab66564,,True,True,True,13.0,2012.0,0.08,0.97,1.87,0.24,0.27,0.08,0.11,0.07,0.53,enforcement,0.83,0.29,prices_cost,0.99,long_run,0.79,0.94,0.06,regulation_competition,0.61,2.06,0.06,0.09,0.85,general_public,0.87,0.02,0.04,0.09,0.02,-5.298317366548036
apep_0977_v1,apep_0977,v1,-0.223,0.062,-0.524,0.147,,2.354,True,ok,Large negative,Consumer exports (pooled),binary,Event Study,South Korea and China ; Japan as exporting country,East Asia,2026-03-26T12:30:45.083048,,,,0.0,7.0,7.0,5.0,False,apep_0977/v1/tables/tabF1_sde.tex,Selective Revenge: Product-Heterogeneous Trade Hysteresis from South Korea's 2019 Anti-Japan Boycott,True,pass,pass,11f96abe65ac01805b8639d12258d836ae596b2715ae865c59483377e95e216f,24.22,2.66,9.0,9.0,CLEAN,False,,-0.223,1,beneficiary outcome direction,0.5,0,False,jev-1.13.0,168b275c9935c5d67eecd0c50860dde8600e153d7d7b7b5a352f0efbaca37f13,-0.223,,0.223,0,1,1,1,jev-1.13.0,1791f4d21fc0948195cf6575c0234f7b7829b1676e4ec2faa9ac7381a058a1db,3428.0,9766133c728b102933f62438f9052df278b1f8ece1f11ad5653788f468752e2e,,True,True,True,13.0,,0.11,0.92,2.16,0.12,0.18,0.16,0.05,0.03,0.8,other,0.81,0.3,other,0.88,medium_run,0.84,0.54,0.06,regulation_competition,0.94,2.05,0.1,0.11,0.68,firms_industry,0.6,0.02,0.03,0.74,0.03,-2.7806208939370456
apep_0978_v1,apep_0978,v1,-0.0064,0.004,-0.000752,,6.9364,0.816,True,ok,Small negative,Total cultivated land,continuous,DiD,Japan,East Asia,2026-03-26T12:48:18.537451,2005.0,2022.0,,0.0,7.0,7.0,5.0,False,apep_0978/v1/tables/tabF1_sde.tex,The Subsidy Mirage: Japan's Solar Feed-in Tariff and the Structural Decline of Farmland,True,pass,untestable,7d38858414a041c41137e9d3d08324ecdd4f86be94b3bbe67ab4418cea19cfd1,11.19,4.23,6.0,6.0,CLEAN,False,,-0.0064,1,beneficiary outcome direction,0.35,0,False,jev-1.13.0,500fe364fe26b1c4089fd8bedf3ad8f1f51b7cc7dfafcf65783457307d03431c,-0.0064,,0.0064,0,0,1,1,jev-1.13.0,f000142472f9d7e4636c85282c2f35e904d00ca1667074caf5cdf8837745dc5d,4026.0,b7a8165323bba6f4a1073afa70e0fbef3f6351cba8959d57c8314a7d11f8786e,,True,True,True,13.0,2013.5,0.11,0.97,1.75,0.43,0.19,0.05,0.07,0.04,0.67,price,1.0,0.32,environment,0.99,long_run,1.0,0.03,0.07,environment_energy,0.99,2.49,0.08,0.37,0.7,firms_industry,0.96,0.02,0.03,0.07,0.04,-5.521460917862246
apep_0979_v1,apep_0979,v1,0.0358,0.0732,0.0053,0.0109,,0.1489,True,ok,Small positive,Log monthly earnings (Black HC),binary,DiD,United States,North America,2026-03-26T13:27:13.330565,2019.0,2021.0,,0.0,7.0,7.0,3.0,False,apep_0979/v1/tables/tabF1_sde.tex,License to Earn? Universal Licensing Recognition and the Black-White Healthcare Wage Gap,True,pass,pass,970ebf5c3c574ef97b6c7033ae8383a66de9afce19608c880534380a127bc562,18.39,3.64,6.0,6.0,SUSPICIOUS,False,,0.0358,1,beneficiary outcome direction,0.8999999999999999,0,False,jev-1.13.0,6ab732eb4328533feb5e6d651b19d60a241978763027392e5fef9128c7b1f889,0.0358,,0.0358,1,1,1,1,jev-1.13.0,2fc5d81de8f429d19b178f3f626b4776d0bbc7078cc7b6af5ab9d37fef4d9de1,3827.0,dff530aee1e354b729ae7cef77facb6d73087578817d724b913ed91968b1461a,,True,True,True,13.0,2020.0,0.11,0.95,2.1,0.05,0.14,0.45,0.1,0.16,0.97,other,0.4,0.07,labour_market,0.57,long_run,0.48,0.51,0.06,regulation_competition,0.88,1.76,0.2,0.11,0.78,migrants_minority,0.99,0.02,0.02,0.01,0.03,-2.614559858014871
apep_0980_v1,apep_0980,v1,-0.0257,0.0095,-0.0501,0.0186,,1.9457,True,ok,Small negative,Construction,binary,RDD,United States,North America,2026-03-26T13:39:50.998730,2018.0,2022.0,,0.0,7.0,7.0,6.0,False,apep_0980/v1/tables/tabF1_sde.tex,Powering Up or Powered Down? The IRA Energy Community Bonus Credit and County-Level Employment,True,pass,pass,bb3b6af8d1e3856bfbb2c68499b7f5b535b1a895bf8672d3396eedd6c604bf1c,24.11,3.29,6.0,6.0,CLEAN,False,,-0.0257,1,beneficiary outcome direction,0.83,1,True,jev-1.13.0,fe490d56ce84fb379f0953480495712ebee44c6c0d2251872d2f5f0460b57a57,-0.0257,-0.0257,0.0257,1,1,1,1,jev-1.13.0,6562b61c18148e7a1801a1d1c24a170b3127fd61796ee4f1afa438e6f5e25f00,3317.0,097f14ed0a24b036b649bdbfed80cfdeea360b0840561b8a1d7d01cf7bee1fd5,,True,True,True,13.0,2020.0,0.12,0.98,1.56,0.09,0.1,0.13,0.03,0.6,0.94,price,1.0,0.11,labour_market,1.0,long_run,0.61,0.03,0.15,environment_energy,0.71,1.75,0.09,0.92,0.81,firms_industry,0.53,0.02,0.03,0.02,0.04,-4.656463480375642
apep_0981_v1,apep_0981,v1,0.255,0.135,0.624,,,2.448,True,ok,Large positive,Log(Bup Rx),binary,DiD,United States,North America,2026-03-26T13:45:14.182296,2006.0,2022.0,,0.0,7.0,7.0,4.0,False,apep_0981/v1/tables/tabF1_sde.tex,The Treatment Door: Good Samaritan Laws and the Shift from Pain Opioids to Medication-Assisted Treatment in Medicaid,True,pass,untestable,02919b7a2464362add519b8484852edf8c1fba52d26259234c65dbdd8aa62e62,23.31,2.96,6.0,6.0,SUSPICIOUS,False,,0.255,1,beneficiary outcome direction,0.85,0,False,jev-1.13.0,8b71cba18268109268986c8aa8f00b9763fcfae196180d7e58032ea323eca2b0,0.255,,0.255,1,1,1,1,jev-1.13.0,dbfcb15cebb808692223c4a9023706a16ce50b0a74d599b1fcffd44e7b9c47b6,2868.0,b28a1587cef4a2e03df5959e928a5704cec1b44cd2f7ffaf5bbe8f86abcd0c71,,True,True,True,13.0,2014.0,0.12,0.96,2.0,0.09,0.14,0.11,0.04,0.18,0.94,enforcement,1.0,0.09,health,1.0,long_run,0.81,0.04,0.06,health_human_capital,0.99,2.04,0.08,0.16,0.85,low_income,0.98,0.02,0.09,0.45,0.03,-2.0024805005437076
apep_0982_v1,apep_0982,v1,-0.0427,0.017,-0.0724,0.0287,,1.693,True,ok,Small neg.,Log emp. (DDD),binary,DiD,United States,North America,2026-03-26T14:21:32.981063,2005.0,2024.0,,0.0,7.0,7.0,5.0,False,apep_0982/v1/tables/tabF1_sde.tex,The Accommodation Gap: Permitless Carry Laws and Racial Disparities in Customer-Facing Employment,True,pass,pass,ce10fdcea60bdbaa96f7d0c64d395d9faebe9cc0946c5783befd651201fa8fae,15.34,3.42,5.0,5.0,SUSPICIOUS,False,,-0.0427,1,beneficiary outcome direction,0.4999999999999999,0,False,jev-1.13.0,1754f66c39926daa0eb2f188c3edb3605ac7c0dbbcd7397810dde62f4a8ae1f5,-0.0427,,0.0427,0,1,0,1,jev-1.13.0,55a9fbbbd2b48cebf94da7671de32749aac82a7ba7824c498be5a0d8c6850f20,2665.0,a776b8c71f3fd61395206a3164941b1bdfbb710facd8d4f741eaf759d673196e,,True,True,True,13.0,2014.5,0.11,0.95,1.95,0.13,0.11,0.14,0.04,0.03,0.94,quantity_restriction,0.47,0.44,labour_market,1.0,long_run,0.82,0.04,0.07,regulation_competition,0.65,2.04,0.15,0.33,0.84,migrants_minority,0.22,0.02,0.03,0.02,0.06,-4.074541934925921
apep_0983_v1,apep_0983,v1,0.0255,0.0623,0.002,0.0048,,1.0959,True,ok,Small positive,Establishments,continuous,Unknown,Switzerland,Western Europe,2026-03-26T15:35:27.144104,2012.0,2023.0,,0.0,7.0,7.0,5.0,False,apep_0983/v1/tables/tabF1_sde.tex,The Wedge Illusion: Factor-Specific Tax Rates Move the Tax Base but Not the Factors,True,untestable,untestable,1c4b0abbfc84c93ad4aa3875e7e8677f14a5b2b7e2b8b19aa3b8f9bc067778e6,23.08,3.13,7.0,7.0,SUSPICIOUS,False,,0.0255,1,beneficiary outcome direction,0.41,0,False,jev-1.13.0,483977b92cf5df44ee95c96213735ab8e9243fb24fcac7938c24262be25f4cb8,0.0255,,0.0255,0,0,1,1,jev-1.13.0,8629c62f977406dd04624393b542d28e16ab67608c7ce7938b26c85ab3789359,2623.0,771cd491330be2ddc5ecb383112eb29450203c013867b2200325a2eb3eb45a5f,,True,True,True,13.0,2017.5,0.11,0.98,0.53,0.3,0.13,0.04,0.04,0.05,0.64,price,1.0,0.23,labour_market,0.91,long_run,0.83,0.69,0.05,taxation_prices,1.0,1.93,0.06,0.13,0.8,firms_industry,0.97,0.02,0.06,0.28,0.04,-2.7757938531887296
apep_0984_v1,apep_0984,v1,0.003,0.122,0.058,2.241,,18.443,True,ok,Null,Search intensity,binary,DiD,United States,North America,2026-03-26T15:41:10.079438,,,,0.0,7.0,7.0,3.0,False,apep_0984/v1/tables/tabF1_sde.tex,"The Deterrence Illusion: Commodity Prices, Not Criminal Penalties, Drove the Catalytic Converter Theft Epidemic",True,pass,pass,6ffad24000e1c436e7d17c4b5c2c244b4cf1c83e11acebeebb1a495debd2191d,19.78,2.92,7.0,7.0,SUSPICIOUS,False,,0.003,-1,beneficiary outcome direction,-0.6900000000000001,0,False,jev-1.13.0,4000acba1ff3443348341aaba0474fd24f5dd30005fe60c09f3f9d6c9379eb4e,-0.003,,0.003,0,-1,-1,-1,jev-1.13.0,2675bc24c988dca04b7748bc07db4185171c7b0dad02a52118b327f216ab7550,2802.0,8f96cbf5b2f9122fbe2b8ec48970977ad1181fd26f840c5e5d053d5f681097b1,,True,True,True,13.0,,0.14,0.08,1.73,0.53,0.11,0.09,0.19,0.05,0.11,enforcement,0.97,0.8,crime_safety,0.9,long_run,0.36,0.03,0.07,regulation_competition,0.39,1.96,0.09,0.19,0.86,general_public,0.79,0.02,0.19,0.16,0.02,-2.1037342342488805
apep_0985_v1,apep_0985,v1,-0.0,0.214,-0.0,0.32,,1.498,True,ok,Null,"Search interest (IHS, overall)",binary,DiD,United States,North America,2026-03-26T15:37:05.395759,2021.0,2023.0,,0.0,7.0,7.0,4.0,False,apep_0985/v1/tables/tabF1_sde.tex,The Deterrence Discount: Catalytic Converter Anti-Theft Laws and the Limits of Criminal Penalties When Commodity Prices Are High,True,pass,pass,4fd39e0ee3ff8a6e770751c5bb3aa3cc262691e2488af7b8c902ed604c77b62e,23.32,2.96,6.0,6.0,SUSPICIOUS,False,,-0.0,-1,beneficiary outcome direction,-0.66,0,False,jev-1.13.0,c3bcb0d23db5c7a81901cf520fc399362d43034821bd6b6512c06484d46e67c7,0.0,,0.0,0,-1,-1,-1,jev-1.13.0,6754a65038c29ea8c10e35c9d7dc7961fa770ed5866bf77c6cfa616fa8abd831,3163.0,397f26ffa2c0432b1f6c532c4c689d41788ff74ffad109092a3f4aee8920947f,,True,True,True,13.0,2022.0,0.13,0.07,1.72,0.48,0.2,0.12,0.26,0.05,0.1,enforcement,1.0,0.76,crime_safety,0.96,long_run,0.87,0.03,0.06,finance_governance,0.69,2.09,0.08,0.14,0.79,firms_industry,0.49,0.02,0.12,0.13,0.02,-1.5417792639602856
apep_0987_v1,apep_0987,v1,0.0251,0.015,0.051,0.0304,,2.0318,True,ok,Small positive,LBW rate (pooled TWFE),binary,DiD,United States,North America,2026-03-26T15:41:52.384759,2012.0,2020.0,,0.0,7.0,7.0,5.0,False,apep_0987/v1/tables/tabF1_sde.tex,"The Compliance Paradox: EPA Mercury Standards, Coal Plant Proximity, and Infant Health",True,pass,pass,0d3f591122f78e999ac5b10457ed15a00f5486d4f739ed2687a3bcf85aec81a2,19.45,3.25,5.0,5.0,SUSPICIOUS,False,,0.0251,-1,beneficiary outcome direction,-0.94,0,False,jev-1.13.0,c32415b414965098de142680d9776a08bddf961c337a0d486e6e4d10fc8aba50,-0.0251,,0.0251,-1,-1,-1,-1,jev-1.13.0,dbfc4d6bd37a4c245c8d6236e283bb0d655af6f4e95d2d99f3b4ee5019aaa36c,3499.0,bf28e5b2851f5b2b06fd7e4951ef712b91f6efc6532ba3384e8c1201d2b4c637,,True,True,True,13.0,2016.0,0.11,0.68,2.19,0.09,0.08,0.06,0.17,0.06,0.04,quantity_restriction,0.48,0.98,health,1.0,long_run,0.46,0.03,0.06,environment_energy,0.97,2.04,0.06,0.13,0.83,firms_industry,0.42,0.02,0.04,0.02,0.04,-4.199705077879927
apep_0989_v1,apep_0989,v1,0.037,0.013,0.08,0.029,,2.17,True,ok,Small positive,ln(Enterprises) --- Preferred (unit trends),binary,DiD,Czech Republic,Central & Eastern Europe,2026-03-26T15:33:03.498841,2008.0,2020.0,,0.0,7.0,7.0,6.0,False,apep_0989/v1/tables/tabF1_sde.tex,The Formalization Mirage: Electronic Sales Reporting and Enterprise Dynamics in the Czech Republic,True,pass,pass,282ff94fae75b8bc3f53831b427c94ba3f12aa0f04419d337bd0ab70d1ccf05f,26.57,3.15,5.0,5.0,SUSPICIOUS,False,,0.037,1,beneficiary outcome direction,0.51,0,False,jev-1.13.0,17c3a8f2a48f24563ead626fe79495b741beb90afb0f279b5d5f2a84cae96632,0.037,,0.037,0,1,1,1,jev-1.13.0,8f33260ee20cb25a168f3d1fe22ba93c0eed20e58c226be5389505a3e724d9c9,2698.0,33859091d030956d0e2c5868f3f1bdf40fe86315f5c4c16aac697bc3006d3032,,True,True,True,13.0,2014.0,0.15,0.98,1.94,0.48,0.24,0.25,0.06,0.04,0.76,enforcement,1.0,0.25,labour_market,0.98,long_run,0.93,0.03,0.5,taxation_prices,0.89,2.16,0.1,0.9,0.75,firms_industry,1.0,0.02,0.05,0.28,0.02,-4.3428059215206005
apep_0990_v1,apep_0990,v1,0.22,0.156,0.0449,,,0.205,True,ok,Large positive,Corn share,binary,DiD,United States,North America,2026-03-26T15:46:15.078710,1979.0,2014.0,,0.0,7.0,7.0,5.0,False,apep_0990/v1/tables/tabF1_sde.tex,The Corn Lock-In: Groundwater Quotas and Crop Specialization over the Ogallala Aquifer,True,pass,untestable,adc6bafc8e445da2002ab8ddc0af2a07f7a98d21175c5c96379643045abf52f8,21.49,3.5,5.0,5.0,SUSPICIOUS,False,,0.22,0,insufficient directional evidence,0.22,0,False,jev-1.13.0,484cfacee04ce5ca8da38655283425f59a33638bed2f45d6717abbfcf786067c,,,0.22,0,0,0,0,jev-1.13.0,a09d152856b555c85c2c89b09045eb50f247aa19404f6fc7c29d7fb453215f5f,3726.0,10e6bd50a943c1013983a1d02eb60b77825f1bf8b9bef8a54b13e5ab92c7be7c,,True,True,True,13.0,1996.5,0.14,0.97,1.92,0.64,0.26,0.5,0.19,0.05,0.53,quantity_restriction,1.0,0.31,environment,0.66,long_run,0.8,0.03,0.07,environment_energy,0.92,2.01,0.08,0.15,0.81,firms_industry,0.99,0.02,0.02,0.07,0.55,-1.8578992717326
apep_0991_v1,apep_0991,v1,-0.123,0.079,-0.306,0.196,,2.49,True,ok,Moderate negative,Log catches (all),binary,DiD,European Union,Western Europe,2026-03-26T16:08:07.325858,2000.0,2024.0,,0.0,7.0,7.0,4.0,False,apep_0991/v1/tables/tabF1_sde.tex,The Choke: How Europe's Discard Ban Reduced Fishing Instead of Waste,True,pass,pass,a9132e06c8caa582922b1f5edf2a089702fe28784a9a764820002036fd71f290,21.59,3.19,5.0,5.0,SUSPICIOUS,False,,-0.123,0,insufficient directional evidence,0.14,0,False,jev-1.13.0,a514abe79d6e2a55c9eb3374318eca6d7a8b852db65e959ba8c4a03d1d86bd7e,,,0.123,0,0,0,0,jev-1.13.0,7626d3f475ac8de652ba8b068a1aa78f8d7fc12fe4aac2716b92ca82412fa613,3453.0,86eec7aa2ba239b32a51591c8b7c998b7ab7ce1399f2c076b4bee85750719522,,True,True,True,13.0,2012.0,0.07,0.97,2.05,0.65,0.81,0.15,0.15,0.07,0.54,quantity_restriction,0.94,0.4,other,0.43,long_run,0.96,0.03,0.05,regulation_competition,0.84,2.47,0.08,0.12,0.69,firms_industry,1.0,0.02,0.08,0.21,0.03,-2.5383074265151158
apep_0992_v1,apep_0992,v1,0.199,0.021,0.356,0.037,,1.79,True,ok,Large positive,Log(Planted Area),binary,DiD,Argentina,Latin America,2026-03-26T16:02:06.387485,,,,0.0,8.0,8.0,4.0,False,apep_0992/v1/tables/tabF1_sde.tex,The Soybean Unlock: Differential Export Tax Liberalization and Crop Reallocation in Argentina,True,pass,pass,f72d2215a6c7b9136210c0c8d2f4caa6c12954c051d23ef540c9ef1e39a38c61,26.14,2.64,7.0,7.0,CLEAN,False,,0.199,1,beneficiary outcome direction,0.54,0,False,jev-1.13.0,51179bfacfc26be47c9e719698ae6882f2c00a13d17fb6e82738b249729cd0e1,0.199,,0.199,0,0,1,1,jev-1.13.0,d554a978b88ad162b790076d3bb8eed3c933a3e9df4ce4383801bd978b070e8a,3156.0,ea6cfc929bb06261c2765ea31f2f36c8ebfad5b5e3972ecef501982ee995910c,,True,True,True,13.0,,0.09,0.96,1.53,0.41,0.48,0.05,0.05,0.07,0.74,price,1.0,0.2,environment,0.43,long_run,0.62,0.03,0.06,taxation_prices,0.96,2.37,0.07,0.11,0.51,firms_industry,1.0,0.02,0.02,0.14,0.03,-3.863232841258714
apep_0993_v1,apep_0993,v1,-0.168,0.117,-0.857,0.597,,5.103,True,ok,Large negative,Weekly hours (all industries),binary,DiD,South Korea,East Asia,2026-03-26T16:14:21.480513,2010.0,2023.0,,0.0,7.0,7.0,4.0,False,apep_0993/v1/tables/tabF1_sde.tex,The Compliance Cascade: Industry-Level Evidence from South Korea's 52-Hour Workweek Reform,True,pass,pass,5277010debc1aaa683fa6a680b88fb1f58efd8e19eacddd6fb855111e297d501,15.49,3.72,7.0,7.0,CLEAN,False,,-0.168,-1,beneficiary outcome direction,-0.6399999999999999,-1,True,jev-1.13.0,eac721b3e05739c63ea371c4f53ae95be017b66e5175fdf5798e9dd1a0aea7b7,0.168,0.168,0.168,0,-1,-1,-1,jev-1.13.0,a975e2eb563248653f1be56568cf0bfc6288a922504c6c9585e074e0f0c9f77b,2571.0,23496c4d6130cab94d00fdae5203d109c02e081745a8a962951e740f8a6eb9ba,,True,True,True,13.0,2016.5,0.09,0.95,1.49,0.39,0.71,0.93,0.83,0.03,0.18,quantity_restriction,1.0,0.82,labour_market,1.0,long_run,0.51,0.03,0.05,labor_income,1.0,2.76,0.06,0.1,0.78,working_age,0.8,0.02,0.03,0.03,0.03,-2.145581344184381
apep_0995_v1,apep_0995,v1,0.0261,0.0224,0.202,0.173,,7.72,True,ok,Small positive,FN/RN Vote Share,binary,DiD,France,Western Europe,2026-03-26T15:40:24.195750,,,,0.0,7.0,7.0,4.0,False,apep_0995/v1/tables/tabF1_sde.tex,The Consolidation Null: Forced Intercommunal Mergers and Far-Right Voting in France,True,pass,pass,9a5684f6010861c74a70d374ae4820ae93b8b45ab65cf04e973e03b335d4990e,19.87,3.23,6.0,6.0,SUSPICIOUS,False,,0.0261,0,measurement qualifier: group_composition,-0.2799999999999999,0,False,jev-1.13.0,46de44449d220721ddd91ed623003de8c2f868534113506c83581a4cedabf733,,,0.0261,0,0,0,0,jev-1.13.0,fe394abe9084eebea5c6c27469ecb44e307b3f737d26ac06ab0eb66e5535e515,3027.0,02c376f5e7f55e6b16dac3d4b97b8eba1df9813f4b8940aac1d15c441b5b94e7,,True,True,True,13.0,,0.1,0.95,1.59,0.87,0.07,0.08,0.04,0.04,0.13,public_provision,0.36,0.41,political_attitudinal,1.0,long_run,0.35,0.02,0.07,finance_governance,0.63,2.29,0.07,0.09,0.76,general_public,0.94,0.02,0.07,0.07,0.98,-3.7986943201211427
apep_0997_v1,apep_0997,v1,-0.562,0.08,-0.0394,0.0056,,0.0702,True,ok,Large negative,Self-employment share,binary,DiD,Romania,Central & Eastern Europe,2026-03-26T16:09:41.379417,2015.0,2023.0,,0.0,7.0,7.0,5.0,False,apep_0997/v1/tables/tabF1_sde.tex,The Formalization Dividend: Romania's Construction Tax Holiday and the Shadow Workforce,True,pass,pass,a569e2f270996159063112fff18502e0275e5abef0d75c15e2d7ade67f59d714,19.31,2.99,6.0,6.0,CLEAN,False,,-0.562,0,measurement qualifier: group_composition,-0.56,0,False,jev-1.13.0,330f0e1686427f9299f0568113fabe4de794ef69961c53637bb44feb4b20a8b0,,,0.562,0,0,0,0,jev-1.13.0,8959de5ea25c5e1aa7f8cc28ba36b49a2a2d05d98c524f85a884fc8bfe0a71f2,2528.0,bef608b00133394b5eb7493daad3f853305aee12aae4320d03db560b6b3f3947,,True,True,True,13.0,2019.0,0.1,0.96,1.37,0.75,0.19,0.95,0.32,0.06,0.19,price,1.0,0.75,labour_market,1.0,long_run,0.44,0.03,0.05,labor_income,0.65,1.96,0.06,0.1,0.8,firms_industry,0.8,0.02,0.06,0.02,0.72,-2.5257286443082556
apep_0998_v1,apep_0998,v1,-0.0276,0.012,-0.0593,0.0257,,2.151,True,ok,Small,Prof. Services Emp,binary,DiD,United States,North America,2026-03-26T16:08:25.153693,2022.0,2024.0,,0.0,7.0,7.0,6.0,False,apep_0998/v1/tables/tabF1_sde.tex,The Hiring Freeze: USAID Contract Terminations and Local Employment in the United States,True,pass,pass,47573d3b7f4867ebcfb8f8ea4da8d4fe4f982527f897383032db891006f7171b,15.21,4.2,4.0,4.0,SUSPICIOUS,False,,-0.0276,1,beneficiary outcome direction,0.73,0,False,jev-1.13.0,697b1c9521875407ad7e3e4af1d4d7fe40e114dde4807a553b86709c12453f7a,-0.0276,,0.0276,1,1,1,1,jev-1.13.0,cb3507f38c767d31857b0cc12c6af33621c2ac6ffe9bc037f78ca24e43bccee8,3310.0,0c18653cccfa287317f8c887bf52c10dc5a23fa45327818c91b1ec31b46b096b,,True,True,True,13.0,2023.0,0.08,0.95,1.3,0.1,0.19,0.16,0.08,0.02,0.95,quantity_restriction,0.27,0.22,labour_market,1.0,long_run,0.58,0.04,0.04,labor_income,0.94,2.11,0.05,0.07,0.81,firms_industry,0.73,0.02,0.03,0.02,0.05,-4.422848629194137
apep_1001_v1,apep_1001,v1,-0.0629,0.0447,-0.0432,0.0307,,2.36,True,ok,Moderate negative,Total accidents,binary,DiD,Poland,Central & Eastern Europe,2026-03-26T16:16:14.915642,2020.0,2023.0,,0.0,7.0,7.0,5.0,False,apep_1001/v1/tables/tabF1_sde.tex,The Pedestrian Dividend: Road Safety Spillovers of Poland's Sunday Trading Ban,True,fail,fail,b8f04b1d649ef1ea9dab583d15f0861f0b06375e787c19bf5213280b6fc39aa3,20.81,3.92,5.0,5.0,SUSPICIOUS,False,,-0.0629,-1,beneficiary outcome direction,-0.92,0,False,jev-1.13.0,e1952af8e42a6b5844fdf1977ec7911f4008ea6972fb2ea242cad0e62ec0f371,0.0629,,0.0629,0,-1,-1,-1,jev-1.13.0,e52d9d0f31a1370d695f76cc7cc7f5a4ab12266c872a776bb2151679874ef58d,2899.0,88c3e55033a9b3d994f232d88b2ae3b316c85306d78f4fbb8a13af78e0543361,,True,True,True,13.0,2021.5,0.14,0.89,1.72,0.16,0.06,0.97,0.07,0.02,0.04,quantity_restriction,1.0,0.96,crime_safety,1.0,medium_run,0.98,0.02,0.06,regulation_competition,0.98,2.93,0.08,0.69,0.53,firms_industry,0.61,0.02,0.4,0.23,0.02,-3.107781777362614
apep_1002_v1,apep_1002,v1,0.693,0.193,35.083,9.79,,50.61,True,ok,Large positive,Business registrations,binary,DiD,Czech Republic vs,Western Europe,2026-03-26T16:29:56.069434,,,,0.0,7.0,7.0,3.0,False,apep_1002/v1/tables/tabF1_sde.tex,The Compliance Ratchet: What Happens When a Country Abolishes Digital Tax Enforcement,True,pass,pass,0a3969e8a4a751dd6282bc1cf9efa894439bcc19c69bb4622f4dbfa7b2ee0c6b,12.0,3.02,8.0,8.0,CLEAN,False,,0.693,0,measurement qualifier: gross_activity,0.42,0,False,jev-1.13.0,bba7b85b7e7265dc9a31a744dea2c0392105656a06d5e115c9e93a8e410c1eb9,,,0.693,0,0,0,1,jev-1.13.0,4af7f0e57000fdff68750031adc8af5f52299a968961e9bec685fb667d1f5791,2727.0,8584591dc6238898e153b108e215adc4383f94febe0b5543b2f9217c2a9eed42,,True,True,True,13.0,,0.12,0.97,1.58,0.48,0.2,0.9,0.07,0.13,0.68,enforcement,1.0,0.26,labour_market,0.96,long_run,0.62,0.03,0.05,taxation_prices,0.76,2.67,0.06,0.17,0.76,firms_industry,1.0,0.02,0.1,0.85,0.04,-1.6450650900772514
apep_1006_v1,apep_1006,v1,0.0403,0.0727,0.1586,0.2861,,3.93,True,ok,Small positive,Total cost (% of 200),binary,DiD,Multi-country,Other / not stated,2026-03-26T16:47:00.887773,,,,0.0,7.0,7.0,4.0,False,apep_1006/v1/tables/tabF1_sde.tex,Sovereign Stigma Without Price Stigma: FATF Grey-Listing and the Cost of Sending Remittances,True,pass,pass,a48a6d571406e15915054581bfa95906de90acf6e3777a5987aa8fc89e5f4b65,29.11,3.45,6.0,6.0,CLEAN,False,,0.0403,-1,beneficiary outcome direction,-0.75,0,False,jev-1.13.0,8349e6c1f1e7716a0483894d46df5a64ee44190ba3a2dfcb4ddd93a479a8b21a,-0.0403,,0.0403,-1,-1,-1,-1,jev-1.13.0,87a13cb972095e28d3f93147f582175e58d70e2c81db7fc4850345224ef79375,4050.0,4f16176cc02814ba19ccc4a6c0f4cd3150c4b1340257323da44f7a14c79f40ef,,True,True,True,13.0,,0.14,0.38,1.82,0.09,0.32,0.08,0.11,0.03,0.08,information,0.81,0.83,prices_cost,1.0,long_run,0.82,0.06,0.08,finance_governance,0.98,1.98,0.11,0.54,0.85,migrants_minority,0.9,0.02,0.03,0.09,0.08,-2.6214138944426635
apep_1007_v1,apep_1007,v1,-0.221,0.081,-5.3,1.95,,24.01,True,ok,Large negative,Internet Banking (%),binary,DiD,European Union,Western Europe,2026-03-26T16:56:18.224075,2008.0,2024.0,,0.0,7.0,7.0,5.0,False,apep_1007/v1/tables/tabF1_sde.tex,The Mandate Gap: Financial Inclusion Directives and the Limits of Rights-Based Banking Policy,True,pass,pass,091d74b28557a2c614052c3da095044709690b46ddc3f71260e2610dd7083ddb,16.21,2.76,8.0,8.0,CLEAN,False,,-0.221,1,beneficiary outcome direction,0.8300000000000001,0,False,jev-1.13.0,d3976bedb9e791341afb57627b3a9bb9055fd1a7671ee5cdb701da0f5b6f6728,-0.221,,0.221,1,1,1,1,jev-1.13.0,00ae8a61f606d35759f794352584dd507f23d7e998efd9a6bea7607e67af2b76,3270.0,6437d4a8d236f5ea2484474d84cf0be6333df4618b8be1d5dada0c7a54916585,,True,True,True,13.0,2016.0,0.09,0.95,2.16,0.09,0.21,0.94,0.06,0.32,0.9,price,0.58,0.07,behaviour_compliance,0.89,long_run,0.75,0.03,0.08,finance_governance,1.0,2.44,0.08,0.57,0.72,general_public,0.44,0.02,0.04,0.08,0.4,-2.513306124309698
apep_1012_v1,apep_1012,v1,-0.118,0.077,-0.3461,0.227,,2.942,True,ok,Moderate negative,Employment,binary,DiD,United States,North America,2026-03-26T21:19:55.594800,2010.0,2020.0,,0.0,7.0,7.0,5.0,False,apep_1012/v1/tables/tabF1_sde.tex,The Screening Tax That Wasn't: Ban the Box and the Black Employment Gap in Administrative Data,True,pass,pass,8aa7bccac8a3f770a20e18e8e33e25533bb6479a1418eee9bd62f682dd72cd10,21.19,3.06,7.0,7.0,SUSPICIOUS,False,,-0.118,1,beneficiary outcome direction,0.7999999999999999,0,False,jev-1.13.0,d6cba45f9f2a7946c70dae2325b5daffb79b22541a3e374fdf381d281976b11c,-0.118,,0.118,0,1,1,1,jev-1.13.0,beabbda4b9e240f6dce939a14a7ab215b27ba33e14011566db09df617141814c,3542.0,a6bdf99b05779eaa13d49f87f53b03e77b7ac70a57062fa6148c825d490a4bbf,,True,True,True,13.0,2015.0,0.2,0.9,2.02,0.06,0.23,0.54,0.16,0.2,0.97,quantity_restriction,0.61,0.17,labour_market,1.0,long_run,0.82,0.04,0.07,labor_income,0.99,1.95,0.09,0.94,0.83,migrants_minority,0.65,0.02,0.03,0.02,0.11,-2.563949857128453
apep_1013_v1,apep_1013,v1,-0.102,0.05,-1.475,0.727,,2.143,True,ok,Moderate negative,Log exports (full sample),continuous,DiD,Egypt,North Africa,2026-03-26T21:12:51.032838,2005.0,2023.0,,0.0,7.0,7.0,4.0,False,apep_1013/v1/tables/tabF1_sde.tex,The Subsidy Withdrawal Tax: Egypt's 2014 Energy Reform and the Transitory Recomposition of Exports,True,untestable,untestable,152bc66a9c6a061e77029fc915df433c84415dc6fec9b703a616967565d1ab86,11.29,3.26,7.0,7.0,CLEAN,False,,-0.102,1,beneficiary outcome direction,0.7,0,False,jev-1.13.0,35401d284e3ebb15129f0343e19958d9b506cf623c5fd6489ee60dfabf9262be,-0.102,,0.102,1,1,1,1,jev-1.13.0,4ed5e1dfae41c039670bc68a831857b05edf4e43c51daa45adee0101f8df7a52,1925.0,b996ce18965836cee753bf0b9149fa0f06ab468e7215a6fa1c184491bd09c88a,,True,True,True,13.0,2014.0,0.11,0.79,1.56,0.18,0.09,0.96,0.11,0.04,0.86,price,1.0,0.16,other,0.92,long_run,0.98,0.65,0.05,taxation_prices,0.95,2.87,0.07,0.39,0.71,firms_industry,1.0,0.02,0.03,0.31,0.03,-2.995732273553991
apep_1014_v1,apep_1014,v1,0.201,0.081,0.0154,0.0062,,0.0764,True,ok,Large positive,B-W earnings ratio,binary,DiD,United States,North America,2026-03-26T21:29:59.691878,2005.0,2024.0,,0.0,7.0,7.0,4.0,False,apep_1014/v1/tables/tabF1_sde.tex,The Tipping Penalty: Subminimum Wages and Racial Earnings Convergence in Food Services,True,pass,pass,be0def616e36ac7b43a565819474a9d9e55e3a72933caf6e4121d2f52f36cec3,20.74,2.98,6.0,6.0,CLEAN,False,,0.201,1,beneficiary outcome direction,0.5900000000000001,0,False,jev-1.13.0,1bb7802e6d4e729aaed26b9565dff146ade3585d604a5c658075a1568321166b,0.201,,0.201,1,1,1,1,jev-1.13.0,538fd44bc5f16b732ec2314008651671d0fc5579924fdc354d18286bcd5c5f07,3156.0,cde195e759ab19ab44ef763a3108d20d300c78564f7c8269a5c74a24397b1673,,True,True,True,13.0,2014.5,0.13,0.98,1.41,0.11,0.2,0.39,0.21,0.24,0.89,price,0.96,0.3,income_distribution,0.51,long_run,0.79,0.09,0.06,labor_income,1.0,1.97,0.07,0.14,0.82,low_income,0.45,0.02,0.02,0.01,0.03,-2.513306124309698
apep_1015_v1,apep_1015,v1,0.0173,0.0233,0.0086,0.0116,,0.498,True,ok,Small positive,Retention,binary,Unknown,United States,North America,2026-03-26T21:29:53.228272,1912.0,1920.0,,0.0,7.0,7.0,5.0,False,apep_1015/v1/tables/tabF1_sde.tex,The Invisible Floor: Women's Minimum Wage Laws and Labor Market Trajectories in Progressive Era America,True,pass,pass,0b2d4d33bdd4bfe19bd4ff37e33c2581e7560c694c689076e23c08ce6f9b646a,19.43,3.16,7.0,7.0,SUSPICIOUS,False,,0.0173,1,beneficiary outcome direction,0.72,0,False,jev-1.13.0,8dcffa66b2cf2c66aad8590034ea5901d07b7fac1f6e62fabd133fa783dfb5e3,0.0173,,0.0173,1,1,1,1,jev-1.13.0,ed163565b9dea648a2d4f40734bceed8f44b8188309a88c6ccc70c5eb7cedc3f,2443.0,ac310195b1342167b30dcf0d80a01a82cfe743c821fdddaa9ae090cb80602d6d,,True,True,True,13.0,1916.0,0.12,0.93,2.07,0.12,0.14,0.79,0.06,0.08,0.92,price,1.0,0.2,labour_market,1.0,long_run,0.99,0.03,0.05,labor_income,1.0,1.79,0.08,0.24,0.79,working_age,0.94,0.02,0.02,0.02,0.08,-3.759301918410482
apep_1016_v1,apep_1016,v1,0.034,0.28,0.019,0.156,,0.557,True,ok,Small positive,ln(Entry_ t+1 ),continuous,IV,United States,North America,2026-03-26T21:44:41.056274,2010.0,2019.0,,0.0,7.0,7.0,6.0,False,apep_1016/v1/tables/tabF1_sde.tex,The Fresh Start Dividend: Does Bankruptcy Debt Relief Create Entrepreneurs?,True,untestable,untestable,2cad9830e011b9477fe9af89bf0a715715eefd05ff0a87b0b1d8b23c7f14d30d,5.05,3.51,7.0,7.0,CLEAN,False,,0.034,1,beneficiary outcome direction,0.75,0,False,jev-1.13.0,14072c0cb4d5b00eb5f106619302bebd449ca2b7b52811fe252ee42f9148bc6f,0.034,,0.034,1,1,1,1,jev-1.13.0,c337aaf1c18c89e356c4416eb6ec6365a3898186bd7091982702aa61f55e4fc2,3445.0,295261ad422a90d55d69176e027479d3cfcf277e7e30a04eaa130990df284528,,True,True,True,13.0,2014.5,0.13,0.85,2.91,0.14,0.08,0.85,0.02,0.1,0.84,other,0.67,0.09,labour_market,1.0,short_run,0.47,0.04,0.06,finance_governance,1.0,1.22,0.06,0.13,0.75,working_age,0.64,0.03,0.07,0.36,0.03,-1.2729656758128873
apep_1017_v1,apep_1017,v1,0.3507,0.2155,0.015,0.0092,,0.0428,True,ok,Large pos.,Rail fares (CS ATT),binary,DiD,European Union,Western Europe,2026-03-26T21:43:34.773123,,,,0.0,7.0,7.0,5.0,False,apep_1017/v1/tables/tabF1_sde.tex,The Liberalization Illusion: Market Opening and Rail Fares in Europe,True,pass,pass,038ea11dfe205c5eb14071120a53407fb74549c2948e4cb1768d60982337e3dd,19.48,3.59,5.0,5.0,CLEAN,False,,0.3507,-1,beneficiary outcome direction,-0.71,0,False,jev-1.13.0,449e1eed19a48f67c724a9956cf765a9d18994fbeba42ab9c96d46d43bf1dd01,-0.3507,,0.3507,-1,-1,-1,-1,jev-1.13.0,ee3660b5a7595929b5896e53ce9359d78eb36023a6de80d03317aa4130da3878,3081.0,4e86ddaf108e1773412e54e8c3cc9c90178b3ad67e5b1d7e891b4b3c50d9bfbd,,True,True,True,13.0,,0.11,0.98,1.88,0.13,0.62,0.95,0.23,0.11,0.14,other,0.71,0.85,prices_cost,1.0,long_run,0.75,0.5,0.07,regulation_competition,0.95,2.17,0.07,0.59,0.82,general_public,0.95,0.02,0.02,0.06,0.03,-1.5347943694383346
apep_1018_v1,apep_1018,v1,0.0025,0.0005,0.0185,0.0037,,7.4587,True,ok,Null,SIR Count (OLS),continuous,DiD,United States,North America,2026-03-26T22:12:22.566046,2015.0,2024.0,26208.0,0.0,7.0,7.0,5.0,False,apep_1018/v1/tables/tabF1_sde.tex,The Compliance Shadow: Peer Severe Injuries and Employer Safety Reporting,True,untestable,untestable,77c412c7ea31f3e0d96160c2fdbc54de393bb63c06e220fcc3df0744b216ab30,16.43,3.08,5.0,5.0,SUSPICIOUS,False,,0.0025,0,measurement qualifier: administrative_detection,0.3,0,False,jev-1.13.0,8f043667dadf9eae1f631a818ac1818259610a3198bd8215d9a6af47a7edc9ea,,,0.0025,0,0,0,1,jev-1.13.0,61ac848cc10e728f859abc5af6c9c13e377cefc62e195ed4b14db5046cc6a835,2855.0,77844557eca1ed80cb9179e43a83c2edef8e1ef2401bc5127d8b8d46fbb67b89,,True,True,True,13.0,2019.5,0.09,0.94,0.85,0.61,0.87,0.2,0.09,0.39,0.62,information,0.46,0.32,behaviour_compliance,0.99,unclear,0.62,0.03,0.04,regulation_competition,0.78,2.28,0.05,0.1,0.69,firms_industry,1.0,0.02,0.97,0.95,0.03,-7.600902459542082
apep_1019_v1,apep_1019,v1,-0.0193,0.0169,-0.2367,0.2076,,12.26,True,ok,Small negative,Occ. income score,binary,DiD,United States,North America,2026-03-26T22:36:00.726865,1923.0,1935.0,,0.0,7.0,7.0,5.0,False,apep_1019/v1/tables/tabF1_sde.tex,The Caregiving Tax That Wasn't: Old-Age Pensions and Occupational Mobility in Pre--Social Security America,True,pass,pass,a8872f5f281e84a29e5f541de87cceea1c9a9f4e138bf82fec88219ae63cee49,22.85,2.89,7.0,7.0,SUSPICIOUS,False,,-0.0193,1,beneficiary outcome direction,0.86,0,False,jev-1.13.0,7de512b373fb400cab7092701ff190314b463d61d67084bff3e47a89e435330a,-0.0193,,0.0193,1,1,1,1,jev-1.13.0,b985a8cc41e0183e7e891d74ccb09fb8c4676f7dbd8dc123bbc97602c67387d1,3762.0,4788508a47e60b8ba8c61bb288278acff0b9c42691d42a6d6d2869c917e1f40b,,True,True,True,13.0,1929.0,0.12,0.9,1.89,0.06,0.09,0.79,0.06,0.12,0.96,direct_transfer,1.0,0.1,labour_market,0.85,long_run,0.93,0.16,0.19,labor_income,1.0,1.34,0.11,0.52,0.81,elderly_retired,0.84,0.02,0.02,0.02,0.04,-4.080441657053109
apep_1021_v1,apep_1021,v1,2.427,0.487,7.47,1.5,,3.08,True,ok,Large positive,Dissolution rate,binary,DiD,Latvia,Northern Europe,2026-03-26T22:11:30.517486,2000.0,2009.0,,0.0,7.0,7.0,5.0,False,apep_1021/v1/tables/tabF1_sde.tex,The Laundering Premium: Anti-Money-Laundering Enforcement and the Domestic Cost of Closing a Non-Resident Banking Sector,True,pass,pass,92a2ce248f5038eaa9f7e1b26e686c659f0bae5fbebd89b1302cd9693fc482e3,27.11,2.56,8.0,8.0,CLEAN,False,,2.427,-1,beneficiary outcome direction,-0.66,0,False,jev-1.13.0,c9e506befa3d637c093c81c6664a39c2802d47fdb01d759203ba538b1f9e6390,-2.427,,2.427,0,0,-1,-1,jev-1.13.0,0c186c0d7c795924ad96c3325c08b07e049bb8cbbc87916e6cc0539afc77359c,3910.0,5d4f53f652f8654995bf89ee21ccdd041dca4fbbd26f868a67e8ddca7ea39cf4,,True,True,True,13.0,2004.5,0.13,0.98,1.64,0.57,0.2,0.64,0.14,0.18,0.15,quantity_restriction,0.77,0.81,labour_market,1.0,long_run,0.75,0.03,0.07,finance_governance,1.0,2.58,0.09,0.29,0.79,firms_industry,1.0,0.02,0.06,0.55,0.06,-0.7194911558995473
apep_1022_v1,apep_1022,v1,-0.108,0.04,-0.0221,0.0082,,0.2039,True,ok,Moderate negative,Black share,binary,DiD,United States,North America,2026-03-26T22:38:33.880144,2002.0,2022.0,,0.0,7.0,7.0,5.0,False,apep_1022/v1/tables/tabF1_sde.tex,The Colorblind Illusion: How Biased Methods Understated the Impact of Affirmative Action Bans on Minority Enrollment,True,pass,pass,86e95a077e9a8f3d52093ddcd09226c600dfffa1e552028d22e8154218450663,24.27,3.08,5.0,5.0,CLEAN,False,,-0.108,0,measurement qualifier: group_composition,0.78,0,False,jev-1.13.0,8ff8e58e7e4ad156006ae1e8b4f3b39bdbce580b163e2f411057e78899b5630d,,,0.108,0,0,0,1,jev-1.13.0,62b162601685d7dd152ead5b43a8e4e1182b9eb3179a872f0e6573cd86dc947f,1402.0,7257b0b613939d17fc18a49374df53813e8154823c476b7ffab139311aef8395,,True,True,True,13.0,2012.0,0.16,0.98,2.09,0.21,0.71,0.24,0.11,0.03,0.89,quantity_restriction,0.71,0.11,education,1.0,long_run,0.6,0.02,0.06,health_human_capital,0.97,2.07,0.07,0.15,0.77,migrants_minority,0.73,0.02,0.05,0.13,0.98,-3.2188758248682006
apep_1023_v1,apep_1023,v1,-0.4914,0.0415,-0.061,0.0052,,0.1241,True,ok,Large negative,SNAP participation rate,continuous,DiD,United States,North America,2026-03-26T23:26:36.722860,2015.0,2022.0,,0.0,7.0,7.0,3.0,False,apep_1023/v1/tables/tabF1_sde.tex,Redemption Deserts: How SNAP Retailer Loss Reduces Benefit Takeup,True,untestable,untestable,07942b8098704ec0ada419348d8842e0d5d9fb84876f78180c6036c0b8410afd,27.29,2.75,6.0,6.0,SUSPICIOUS,False,,-0.4914,1,beneficiary outcome direction,0.63,0,False,jev-1.13.0,d59b80a396d93865f0a45d7cca7dd581f7533eca625c1315f5c6c0add4e5516b,-0.4914,,0.4914,1,1,1,1,jev-1.13.0,b631608b08dba8ed405d7a31560a2947ac6ffe4383953de7231e233fb3165e03,2296.0,0489d9df901aebd1c259478f79142eeb58c89b4d51ddd3cf5e5c641ec6ec3810,,True,True,True,13.0,2018.5,0.1,0.9,2.93,0.29,0.18,0.1,0.04,0.05,0.85,infrastructure,0.99,0.22,behaviour_compliance,0.97,short_run,0.74,0.03,0.06,labor_income,0.65,1.92,0.06,0.1,0.85,low_income,1.0,0.02,0.14,0.14,0.41,-3.1820618517454844
apep_1025_v1,apep_1025,v1,-0.0563,0.151,-0.0287,0.077,,0.5099,True,ok,Moderate negative,Log abundance (CS),binary,DiD,United States,North America,2026-03-26T23:03:31.694911,2000.0,2021.0,,0.0,7.0,7.0,5.0,False,apep_1025/v1/tables/tabF1_sde.tex,The Backyard Hypothesis: Consumer Neonicotinoid Bans and Insectivorous Bird Populations,True,pass,pass,85647da566b5e05b0dd18da104cd35100293fa1594f9a6cba9195896c10f3a02,14.67,4.11,5.0,5.0,CLEAN,False,,-0.0563,1,beneficiary outcome direction,0.73,0,False,jev-1.13.0,2de5046b289c74d4fc2ef889ed931e2ef7fdbf5462e0eddb4247c8052c0e132a,-0.0563,,0.0563,1,1,1,1,jev-1.13.0,ffdc017fa491a157288ec9c6bca2ea7278f4e811d31830a1ec7216fb79638ecd,2667.0,a2cba19ee8e9fbf90fca7b4ac4b2331f8b97bdd93b567066539a438810e4d0cb,,True,True,True,13.0,2010.5,0.16,0.83,1.94,0.08,0.08,0.36,0.07,0.07,0.86,quantity_restriction,1.0,0.13,environment,0.98,long_run,0.82,0.02,0.08,environment_energy,0.64,1.51,0.1,0.21,0.79,general_public,0.95,0.02,0.28,0.05,0.03,-1.8904754421672127
apep_1026_v1,apep_1026,v1,-0.023,0.086,-0.105,0.388,,4.528,True,ok,Small negative,FHA share,binary,DiD,United States,North America,2026-03-27T00:05:41.025276,2019.0,2023.0,,0.0,7.0,7.0,5.0,False,apep_1026/v1/tables/tabF1_sde.tex,The Federal Dissonance Penalty That Wasn't: Marijuana Legalization and FHA Mortgage Exclusion,True,pass,pass,e9d8c421cb8e1deb123961d3118e2caf43b934a427446012a452e688b8e1d9b4,13.69,3.39,7.0,7.0,CLEAN,False,,-0.023,0,measurement qualifier: group_composition,0.2099999999999999,0,False,jev-1.13.0,86a998f0f34ca0048b629faf4c2b61e96ea43b7cb09bd387d5955d9e081dc7af,,,0.023,0,0,0,1,jev-1.13.0,5157ce529371daa006697234c359d400c24eeeececbbdf6d3548e041df238345,3804.0,6573f0b07bd2503851ad17075eca6fb550f3b923cb61c5abea30f45b694f875e,,True,True,True,13.0,2021.0,0.11,0.96,1.95,0.58,0.21,0.29,0.07,0.04,0.61,public_provision,0.89,0.4,behaviour_compliance,0.55,medium_run,0.83,0.04,0.06,finance_governance,0.36,1.75,0.07,0.1,0.84,working_age,0.91,0.02,0.09,0.43,0.71,-2.4534079827286295
apep_1028_v1,apep_1028,v1,-0.1292,0.0557,-0.1428,0.0616,,1.105,True,ok,Moderate negative,Total Homeless,binary,DiD,United States,North America,2026-03-26T23:35:46.533201,2007.0,2024.0,,0.0,7.0,7.0,6.0,False,apep_1028/v1/tables/tabF1_sde.tex,The Representation Illusion: Right-to-Counsel Laws and the Persistence of Community-Level Homelessness,True,pass,pass,5506e783547c2e152c04a9204f19b28050ef22ef674d83fa828ee833290a3ee6,21.59,2.65,8.0,8.0,SUSPICIOUS,False,,-0.1292,-1,beneficiary outcome direction,-0.91,0,False,jev-1.13.0,bb6a8442e4e1b420c6523369cbc2b79be21e7951b6d51480d2229b0d1a3e3565,0.1292,,0.1292,-1,-1,-1,-1,jev-1.13.0,f1c70c495ae99524024a8bb7d806870116e5a2e7015744b3cc362f1be581e5ce,2347.0,a0f0dfa95cd34cb18b6ed2371b8843cca6337352386d2fd7a92c505740e9e36d,,True,True,True,13.0,2015.5,0.12,0.96,1.88,0.16,0.1,0.45,0.52,0.03,0.05,public_provision,0.95,0.96,other,0.95,long_run,0.86,0.03,0.07,housing_infrastructure,0.91,1.67,0.08,0.13,0.88,low_income,1.0,0.02,0.29,0.15,0.03,-2.887775132048899
apep_1030_v1,apep_1030,v1,-0.01,0.12,-0.13,1.63,,13.6,True,ok,Small negative,Total recycling,binary,DiD,European Union,Western Europe,2026-03-27T00:09:13.359987,2002.0,2023.0,,0.0,8.0,8.0,4.0,False,apep_1030/v1/tables/tabF1_sde.tex,The Deposit Illusion: Twenty Years of Beverage Container Schemes and the Limits of Consumer Price Incentives for Recycling,True,pass,pass,d92250c0b67f016f0aca1e83793d8276902e3ef35a7f5ca173b4bd19d6c80bbc,13.94,3.55,5.0,5.0,CLEAN,False,,-0.01,1,beneficiary outcome direction,0.68,0,False,jev-1.13.0,38e6080f11e623516165772be0f13a3b9fb03dc1cedaf2f37a786c59ff5414b9,-0.01,,0.01,1,1,1,1,jev-1.13.0,332375703c7e3d9e23f6ceadb27724b692b8b7379f8c50df38e38dc4380b97f0,3616.0,a3a2eae660d494e5f8aecb66eaf41e2e830bde9a2c52c92a6a99d516a8caac6f,,True,True,True,13.0,2012.5,0.11,0.98,2.26,0.08,0.29,0.86,0.05,0.41,0.92,price,0.97,0.24,environment,1.0,long_run,0.91,0.03,0.5,environment_energy,0.98,2.24,0.72,0.37,0.81,general_public,0.99,0.02,0.17,0.1,0.17,-2.120263536200091
apep_1031_v1,apep_1031,v1,0.0194,0.0148,0.0225,0.0172,,1.1597,True,ok,Small positive,NAICS 722: log(Emp),binary,DiD,United States,North America,2026-03-27T00:29:53.366678,2010.0,2022.0,,0.0,7.0,7.0,7.0,False,apep_1031/v1/tables/tabF1_sde.tex,Kitchen Table Capitalism: Food Freedom Laws and the Formal Food Sector,True,pass,pass,ba6f6e491e345c04d2144adf92f2c25549fee8363c3ef24f9c3d49c993c3d913,19.45,2.39,9.0,9.0,SUSPICIOUS,False,,0.0194,1,beneficiary outcome direction,0.74,0,False,jev-1.13.0,ec07a06783a6cd79cc112550edd80dbaffb54b58b44f5fe80aa2d0f129ada380,0.0194,,0.0194,1,1,1,1,jev-1.13.0,7c83e92c3e82f4facb77febad81f54f16c5c0911b23b99ff0d4ecc3ca0507611,3823.0,28487b6b9dd0b073aa19f73b2e4633922195d81109091ecf6a1862091d68a7c6,,True,True,True,13.0,2016.0,0.13,0.97,1.65,0.1,0.15,0.3,0.06,0.14,0.92,enforcement,0.44,0.18,labour_market,1.0,long_run,0.84,0.15,0.23,regulation_competition,1.0,1.58,0.11,0.82,0.85,firms_industry,0.71,0.02,0.03,0.02,0.05,-4.213128098212068
apep_1032_v1,apep_1032,v1,-0.0534,0.0349,-0.0902,0.0589,,1.6898,True,ok,Moderate negative,Noncurrent loan ratio,binary,DiD,United States,North America,2026-03-27T00:05:18.508706,,,,0.0,7.0,7.0,5.0,False,apep_1032/v1/tables/tabF1_sde.tex,The Deterrence Gap: Extended Bank Examination Cycles and Community Bank Risk-Taking,True,pass,pass,57d63457a649f65064aad4ac8dcd6f14d7afd8ee1e5fe3e0e815d68e96bd9e06,21.1,3.16,7.0,7.0,SUSPICIOUS,False,,-0.0534,-1,beneficiary outcome direction,-0.8899999999999999,0,False,jev-1.13.0,e9813898be476776a0b68474225c4d93ac80b8049c31ef2550dd76fea1adc3ff,0.0534,,0.0534,-1,-1,-1,-1,jev-1.13.0,65613598525d46a0647ca169a25e18c3bd644dd80452ae1bfabc91626291ea53,1762.0,3eb13599c15c299b4d472159b17413d74c36e4ecdb2e017747b8d8f759facc38,,True,True,True,13.0,,0.1,0.98,1.69,0.13,0.1,0.07,0.06,0.03,0.06,enforcement,1.0,0.95,other,0.98,long_run,0.89,0.04,0.37,finance_governance,0.99,1.18,0.4,0.18,0.72,firms_industry,1.0,0.02,0.06,0.07,0.08,-3.3552684497737557
apep_1033_v1,apep_1033,v1,0.245,0.245,0.339,0.339,,0.27,True,ok,Large positive,Unpast. dairy outbreaks,binary,DiD,United States,North America,2026-03-27T00:41:41.317499,1998.0,2023.0,,0.0,7.0,7.0,6.0,False,apep_1033/v1/tables/tabF1_sde.tex,The Pasteurization Illusion: Why Cross-Sectional Evidence Overstates Raw Milk Risk,True,fail,fail,78339a6040bcefca8634830dab75b9660190f8231834fc83d37d6ad2af959c04,15.93,3.22,6.0,6.0,CLEAN,False,,0.245,-1,beneficiary outcome direction,-0.93,0,False,jev-1.13.0,32da42ae5641186c333f6ed56199952c054672db01d507d39d86edbab838d7f1,-0.245,,0.245,-1,-1,-1,-1,jev-1.13.0,99f2f5e27f3db59422715d88169f09a8cb6caca040b696c5e85bb0655cbf359b,4550.0,c1cafd31154d8744aa7b6a1e26edb0d0f401bc7876159098e48ff43f21e980d5,,True,True,True,13.0,2010.5,0.2,0.96,1.28,0.25,0.1,0.08,0.09,0.03,0.04,other,0.35,0.97,health,1.0,long_run,0.95,0.02,0.14,regulation_competition,0.61,1.88,0.08,0.48,0.81,general_public,0.77,0.02,0.74,0.28,0.02,-1.40649706843741
apep_1034_v1,apep_1034,v1,-1.015,0.18,-0.615,0.109,,0.606,True,ok,Large negative,Wind production (log GWh),binary,DiD,Norway,Western Europe,2026-03-27T00:45:54.953830,,,,0.0,7.0,7.0,3.0,False,apep_1034/v1/tables/tabF1_sde.tex,The Green Tax Trap: Renewable Investment Chilling from Norway's Wind Resource Rent Tax,True,pass,pass,81b7cdba69f70fc6ad2482ad1ed219aeaf84c1e2324cbb706f1e0fcbe574ec12,22.64,3.52,5.0,5.0,SUSPICIOUS,False,,-1.015,1,beneficiary outcome direction,0.61,0,False,jev-1.13.0,5aaba0d3d32e597a222eb718f9e3ace1482e087911ef23c338ffc35fffc0f776,-1.015,,1.015,1,1,1,1,jev-1.13.0,cdf7904c32789c232d463724cc654370423bdf61f9adc340b0b11b3338f3af52,2082.0,906aa729bae40250835887174fcfe8f2a49fc56fd1b60e0a25973ef4aa21939a,,True,True,True,13.0,,0.13,0.98,1.62,0.17,0.52,0.93,0.05,0.05,0.78,price,1.0,0.17,environment,1.0,long_run,0.65,0.03,0.07,environment_energy,0.45,2.24,0.06,0.09,0.63,firms_industry,1.0,0.02,0.02,0.05,0.03,-1.7147984280919266
apep_1035_v1,apep_1035,v1,-0.046,0.207,-0.035,0.16,,0.771,True,ok,Small negative,Divorce rate,binary,DiD,United States,North America,2026-03-27T00:44:06.740350,1990.0,2022.0,,0.0,7.0,7.0,4.0,False,apep_1035/v1/tables/tabF1_sde.tex,The Counseling Discount: Do Financial Incentives for Premarital Education Reduce Divorce?,True,pass,pass,5b21b80675c968e2b6875e0c637fa8fb346531b14498217f74d740761fb82509,15.19,3.26,7.0,7.0,CLEAN,False,,-0.046,-1,beneficiary outcome direction,-0.64,0,False,jev-1.13.0,43441552f647f41cc796b9d2b96c2016581bb49611d9a7aa2354c7d141e30efa,0.046,,0.046,-1,-1,-1,-1,jev-1.13.0,239bca9a4fe20e02b411ffb990276c6e7932033ef5b5e3da213520b89a83cba8,2902.0,a5864993bd2d939fd5c92da612d4fae13122c3498c6b1d3c72e8512656201f26,,True,True,True,13.0,2006.0,0.22,0.98,1.68,0.31,0.08,0.72,0.5,0.03,0.08,price,1.0,0.72,other,0.87,long_run,0.83,0.03,0.05,taxation_prices,0.69,1.02,0.07,0.16,0.87,general_public,0.44,0.02,0.19,0.06,0.05,-1.575036485716768
apep_1036_v1,apep_1036,v1,0.046,0.02,0.398,0.17,,8.7,True,ok,Small positive,RN share (trend-adj.),binary,DiD,France,Western Europe,2026-03-27T01:47:58.197698,2019.0,2024.0,,0.0,7.0,7.0,4.0,False,apep_1036/v1/tables/tabF1_sde.tex,The Withdrawal Illusion: Tax Office Closures and Far-Right Voting in France,True,pass,pass,cd778af4531c7c586934e1e356b0267ca1596915efd4a7eadba510d30877ee40,20.17,3.35,6.0,6.0,CLEAN,False,,0.046,0,measurement qualifier: group_composition,-0.19,0,False,jev-1.13.0,7b552d9594cd2bc27859e3368d6215335bdca342182cf96a9af31ec2b4512972,,,0.046,0,0,0,0,jev-1.13.0,f1d92c82199c6b9c226bb07aaffb5f5503f1cb86beb7da2f7a49b214e1c9d5da,2766.0,ed4f7edc37ca9f8b0208f1750684effb7968092e5095dd9880cd7e1cc52c8c9e,,True,True,True,13.0,2021.5,0.11,0.97,1.69,0.8,0.07,0.13,0.04,0.03,0.13,infrastructure,0.82,0.32,political_attitudinal,1.0,medium_run,0.5,0.03,0.11,finance_governance,0.68,2.16,0.08,0.53,0.82,general_public,0.92,0.02,0.05,0.05,0.98,-3.912023005428146
apep_1037_v1,apep_1037,v1,-1.4528,0.4721,-0.2793,0.0908,,0.192,True,ok,Large negative,Daily volume (announcement),binary,DiD,Taiwan,East Asia,2026-03-27T01:44:05.735847,,,,0.0,7.0,7.0,4.0,False,apep_1037/v1/tables/tabF1_sde.tex,The Announcement Tax: Disentangling Policy Uncertainty from Implementation Effects in Taiwan's Capital Gains Tax Experiment,True,pass,pass,a20b9da849f67a97d52ff993c700cac14e07937f4146798fe76dacc09216a9fc,16.02,3.68,6.0,6.0,SUSPICIOUS,False,,-1.4528,0,measurement qualifier: gross_activity,0.3399999999999999,0,False,jev-1.13.0,3f9c68c18aded64731fcffb95db3f560de5b056cbb03e2ff72f6b76e182f77c3,,,1.4528,0,0,0,1,jev-1.13.0,31545a431692c11685558ade9d35b56201b9d4ef1d9e11e2dbd99c73e1312da8,3643.0,7dbd792f8dda6c8376d80d4dfba34f4ad4a62449666ab7f7aa352e169d1e1609,,True,True,True,13.0,,0.11,0.87,0.06,0.55,0.58,0.81,0.14,0.03,0.59,price,1.0,0.25,other,0.72,long_run,0.37,0.04,0.06,taxation_prices,1.0,1.42,0.05,0.09,0.18,general_public,0.42,0.01,0.03,0.97,0.02,-0.7505644514298959
apep_1038_v1,apep_1038,v1,-0.014,0.0025,-0.06,0.011,,4.302,True,ok,Small negative,Incumbent Delta chemicals,binary,DiD,United States,North America,2026-03-27T05:03:43.668625,1995.0,1997.0,,0.0,7.0,7.0,3.0,False,apep_1038/v1/tables/tabF1_sde.tex,The Phantom Pollution Drop: How TRI Reporting Rule Changes Manufacture Apparent Emissions Declines,True,pass,pass,3bab011f5ee55f5db85bf6507a19b411d30e63ab37d94a4017294c8bbe3a12ce,14.05,4.14,5.0,5.0,SUSPICIOUS,False,,-0.014,0,measurement qualifier: administrative_detection,-0.2099999999999999,0,False,jev-1.13.0,2101cbfbfdc5cda4d1058c2a5532e33e27fae7e920d46ea8fa72822d3102379a,,,0.014,0,0,0,0,jev-1.13.0,4406bfc4d85a67a560bac02b2b2b3714f868d9d0377592403990b747dc6f979a,3177.0,21792abd8b6117fc47eb27a5d8da1fe9c03f8ae7d7bf44075dec3bcab334ebd5,,True,True,True,13.0,1996.0,0.12,0.98,0.06,0.74,0.68,0.08,0.04,0.04,0.28,information,0.99,0.49,environment,0.68,medium_run,0.69,0.03,0.1,environment_energy,0.94,1.88,0.07,0.1,0.38,firms_industry,1.0,0.02,0.95,0.88,0.06,-5.991464547107982
apep_1046_v1,apep_1046,v1,-0.0138,0.0044,-0.0322,0.0103,,2.326,True,ok,Small negative,Cross-hazard substitution (DDD),binary,Event Study,United States,North America,2026-03-27T10:39:48.877421,2016.0,2024.0,,0.0,7.0,7.0,6.0,False,apep_1046/v1/tables/tabF1_sde.tex,The Balloon That Didn't Inflate: Testing Cross-Hazard Injury Substitution from OSHA's Silica Standard,True,pass,pass,bcfbe6dce35d0cd0146855be2ed6387a290eb0d60dabb1289fc74cafee13037f,32.63,2.94,5.0,5.0,SUSPICIOUS,False,,-0.0138,-1,beneficiary outcome direction,-0.8699999999999999,0,False,jev-1.13.0,47dc081d5d3b410d6bea5cdfa6eab425484db67b972fb783b085179774943b76,0.0138,,0.0138,-1,-1,-1,-1,jev-1.13.0,9a9030447ae6ed437fbb0e90b58b168a9a622ee609c38424eb41cbb1c246c545,3607.0,4ba9c5979f43a2ddee610d3851eb886c276fb4c81651455ebf255cf70cfad703,,True,True,True,13.0,2020.0,0.12,0.97,2.03,0.17,0.12,0.04,0.06,0.02,0.07,quantity_restriction,0.76,0.94,crime_safety,0.93,long_run,0.61,0.03,0.06,regulation_competition,0.68,2.02,0.1,0.11,0.75,firms_industry,0.95,0.02,0.07,0.05,0.02,-5.426150738057921
apep_1049_v1,apep_1049,v1,0.092,0.095,0.94,0.96,,10.17,True,ok,Moderate positive,Plastic packaging (kg/person),binary,DiD,27 European Union member states,Western Europe,2026-03-27T10:27:25.281556,2006.0,2023.0,,0.0,7.0,7.0,6.0,False,apep_1049/v1/tables/tabF1_sde.tex,The Substitution Illusion: Product Bans and Packaging Waste Under the EU Single-Use Plastics Directive,True,pass,pass,1277c90b436089ca83503de07915b2083ce442b880fa82dbaf101d5dc16651e4,23.12,3.35,5.0,5.0,CLEAN,False,,0.092,-1,beneficiary outcome direction,-0.8099999999999999,0,False,jev-1.13.0,d798d1c29ffa4b67ae4ba48a9b1ce6dc5cf06d02b083f9d9181351b7ea753597,-0.092,,0.092,-1,-1,-1,-1,jev-1.13.0,a51919566fe1a3ea067b550afd6cd5f0ad3e219686acacf3f16900ac598c7e7b,3238.0,cb3006b2eb069950dd8ad0f0ea4e675e0b00a1e305c2871126a088b673419335,,True,True,True,13.0,2014.5,0.14,0.98,1.88,0.18,0.2,0.93,0.46,0.03,0.05,quantity_restriction,1.0,0.86,environment,1.0,long_run,0.45,0.02,0.06,environment_energy,0.6,2.51,0.06,0.2,0.64,firms_industry,0.94,0.02,0.03,0.06,0.03,-2.353878387381596
apep_1050_v1,apep_1050,v1,0.1019,0.598,0.0011,0.0067,,0.0045,True,ok,Moderate positive,BEV Share (continuous),continuous,DiD,Switzerland,Western Europe,2026-03-27T10:41:30.911831,2010.0,2024.0,,0.0,7.0,7.0,5.0,False,apep_1050/v1/tables/tabF1_sde.tex,The All-or-Nothing Incentive: Full Tax Exemptions Drive Electric Vehicle Adoption While Partial Discounts Fail,True,untestable,untestable,f0c144053979606e8d48117c45b2d61a7cd6242f0dc5af00c654ac41a5ac1ef8,29.97,2.65,6.0,6.0,CLEAN,False,,0.1019,1,beneficiary outcome direction,0.56,0,False,jev-1.13.0,35d1807550d41a47e82534d671a5969eb4d17191140bb212d9a0927131552178,0.1019,,0.1019,0,0,1,1,jev-1.13.0,2fca2dfe7d22595b379f564b4e83b186c58978c9f6c733605880c39f52c304ae,2235.0,b2cddfb644ea0af2a079e733f6259a6903e3ea30c36441fbb25560f15eb94bed,,True,True,True,13.0,2017.0,0.11,0.98,2.08,0.18,0.21,0.94,0.07,0.28,0.77,price,1.0,0.21,behaviour_compliance,0.75,long_run,0.9,0.03,0.07,taxation_prices,0.95,2.01,0.06,0.56,0.79,general_public,0.95,0.02,0.07,0.18,0.53,-0.5141645250315053
apep_1051_v1,apep_1051,v1,-0.029,0.03,-183797.0,186715.0,,155108.0,True,ok,Small negative,Total planted,continuous,DiD,United States,North America,2026-03-27T10:47:12.621207,2012.0,2013.0,,0.0,7.0,7.0,6.0,False,apep_1051/v1/tables/tabF1_sde.tex,The Corn Conversion: What Happens When Conservation Contracts Expire?,True,untestable,untestable,989e296558277fa6a2af33167850f6b45a72e879684798df76e374166242fc4e,18.43,3.35,6.0,6.0,CLEAN,False,,-0.029,0,insufficient directional evidence,0.12,0,False,jev-1.13.0,542254f03d8b70981e45950c5c64ef98d375cf421dc9fb161c84a83391e60c6e,,,0.029,0,0,0,0,jev-1.13.0,207bc73f00e6baf38e83c2e931a618b611fe2089b5c8607db6b61621398bafab,2388.0,4d4488a9eba5b5158a17951502ab23b5685b968168d1bda990b491af9b4bd759,,True,True,True,13.0,2012.5,0.1,0.98,1.9,0.63,0.16,0.06,0.05,0.07,0.43,quantity_restriction,1.0,0.31,environment,0.93,long_run,0.73,0.03,0.06,environment_energy,1.0,2.23,0.06,0.12,0.76,firms_industry,0.97,0.02,0.04,0.21,0.04,-3.506557897319982
apep_1054_v1,apep_1054,v1,-0.0294,0.0236,-0.0551,0.0442,,1.875,True,ok,Small negative,Street crime,binary,DiD,Mexico,North America,2026-03-27T11:27:48.521488,2015.0,2025.0,,0.0,7.0,7.0,6.0,False,apep_1054/v1/tables/tabF1_sde.tex,"The Darkness Illusion: Mexico's DST Abolition, Border Exemptions, and the Null Effect on Crime",True,pass,pass,ffab344f7ad90f5a5150efdeca21b89044fba1ccfa73a87ffb31a5304cf5de26,22.36,2.76,6.0,6.0,SUSPICIOUS,False,,-0.0294,-1,beneficiary outcome direction,-0.93,0,False,jev-1.13.0,303f098e6207592a865e435ad9a24e4ef908fc2d7e4b11aa786d38bad1d56547,0.0294,,0.0294,0,-1,-1,-1,jev-1.13.0,e54c7fbea40667310da23dd931acc7f681541933cd2310770d8cc33bde780b2b,2990.0,2c6b0797e821af36a09f3e7836ccf3c0583e78eecc0ff7d9c524412ad418416f,,True,True,True,13.0,2020.0,0.1,0.96,1.78,0.27,0.09,0.3,0.07,0.02,0.04,other,0.83,0.97,crime_safety,1.0,long_run,0.59,0.03,0.06,other,0.34,2.81,0.07,0.1,0.71,general_public,0.97,0.02,0.26,0.1,0.02,-3.7465085669505727
apep_1055_v1,apep_1055,v1,-0.0066,0.0106,-50.351,80.498,,2617.8,True,ok,Small negative,Prev. Hosp. Rate (pooled),continuous,DiD,United States,North America,2026-03-27T11:30:10.914951,2019.0,2024.0,,0.0,7.0,7.0,5.0,False,apep_1055/v1/tables/tabF1_sde.tex,When the Mail Slows Down: Postal Service Degradation and Preventable Hospitalizations in Pharmacy Deserts,True,untestable,untestable,5719bf8b2b60eed860bccb0368e6d4ed4a63bf73edb36ef24f32f93cbd885c7f,14.68,4.09,6.0,6.0,CLEAN,False,,-0.0066,-1,beneficiary outcome direction,-0.91,0,False,jev-1.13.0,67954c6e606df597f4f7db39a21738ff3a55b630538cb87ae73c2b0afbdbb3ac,0.0066,,0.0066,-1,-1,-1,-1,jev-1.13.0,c7fcd9584fdcd1b032e580dc63b25d1e40da26f69c5bfe53fe1f4f39a42123a0,2171.0,7f7b591482e3e171e191ac18fe05332e9c44f54e502a72e27baef59caa36eccf,,True,True,True,13.0,2021.5,0.13,0.88,2.07,0.08,0.07,0.08,0.05,0.02,0.05,infrastructure,0.51,0.96,health,1.0,medium_run,0.74,0.02,0.07,housing_infrastructure,0.42,1.95,0.09,0.35,0.75,elderly_retired,0.97,0.02,0.06,0.04,0.02,-4.546901277864116
apep_1057_v1,apep_1057,v1,-0.0778,0.0741,-0.0109,0.0103,,0.1395,True,ok,Moderate negative,Health violation (0/1),binary,DiD,United States,North America,2026-03-27T13:43:25.632622,2006.0,2024.0,,0.0,7.0,7.0,4.0,False,apep_1057/v1/tables/tabF1_sde.tex,"The Consolidation Trap That Wasn't: Evidence from 40,000 U.S.\ Water System Closures",True,pass,pass,9c391a74c272218da23ff7f55ecae7c8143abb1e51bccf4d816e98560fcfb1e4,24.15,2.58,7.0,7.0,SUSPICIOUS,False,,-0.0778,-1,beneficiary outcome direction,-0.91,0,False,jev-1.13.0,4133aaab53f7de49eda68d65f3be70493c9ebd0269a86a837d6b36cd220999c4,0.0778,,0.0778,-1,-1,-1,-1,jev-1.13.0,46379a496a5bdf3c0fa64e716b6409e0dae4eb09cb10b53ea7859417bc45df8e,3187.0,e2125bc3026f2ead94e8f546a108663f74b0e18a86012cc39283f1b5f96f02b8,,True,True,True,13.0,2015.0,0.13,0.98,2.02,0.12,0.24,0.14,0.13,0.03,0.06,public_provision,0.6,0.97,health,0.57,long_run,0.52,0.03,0.08,housing_infrastructure,0.49,1.58,0.08,0.17,0.82,general_public,0.88,0.02,0.34,0.05,0.03,-2.6023397466800957
apep_1058_v1,apep_1058,v1,0.036,0.01,0.0049,0.0013,,0.1342,True,ok,Small positive,Delta Log Deposits,continuous,Unknown,United States,North America,2026-03-27T11:42:11.282096,2017.0,2023.0,,0.0,7.0,7.0,3.0,False,apep_1058/v1/tables/tabF1_sde.tex,The Networked Reallocation: Social Connectedness and Deposit Sorting During the 2023 Banking Panic,True,untestable,untestable,106e57cecbee7b7802898b4c4c4c1681777972e9b5b8d8c7f6bc829ee201789e,29.69,2.8,5.0,5.0,SUSPICIOUS,False,,0.036,1,beneficiary outcome direction,0.46,0,False,jev-1.13.0,5795668628034645317349f69c61fad9376ec553444d12c6b1ae77034bd6e6d1,0.036,,0.036,1,1,1,1,jev-1.13.0,74c06928d1fcff886f8fe736f67689b333491bb73ce498b4b0bd79677f19f0c3,3053.0,1814dc19e971b8caede3be7483938e0404589576404070eab4d2c849899ea50f,,True,True,True,13.0,2020.0,0.09,0.95,0.76,0.34,0.11,0.32,0.03,0.03,0.78,information,0.78,0.32,other,0.67,short_run,0.91,0.4,0.17,finance_governance,0.99,0.31,0.09,0.37,0.83,general_public,0.83,0.02,0.03,0.43,0.05,-4.605170185988091
apep_1061_v1,apep_1061,v1,0.0492,0.0972,4.2e-05,,,0.1073,True,ok,Small positive,TFR,continuous,DiD,Poland,Central & Eastern Europe,2026-03-27T11:27:40.306629,2013.0,2023.0,,0.0,7.0,7.0,3.0,False,apep_1061/v1/tables/tabF1_sde.tex,The Border Escape Valve: Abortion Restrictions and the Geography of Fertility in Poland,True,untestable,untestable,3adb07eddb042ac2db468896dd5770db9dc3c81bf99d61d4b949bca74750244d,10.98,3.64,5.0,5.0,CLEAN,False,,0.0492,1,beneficiary outcome direction,0.4,0,False,jev-1.13.0,4f3c924af58909315246f7298b18fbc30babeddd71b4a1527aeab6c63a81b415,0.0492,,0.0492,0,0,1,1,jev-1.13.0,d2c4a9c42323f211564321760d8962ac7006f42542cd3c95ba0bc6d5cf18cddd,3756.0,58050707665e366b842d81459e09a0d802e85f38fe29eaf30c0fd7f3316740f1,,True,True,True,13.0,2018.0,0.08,0.97,1.6,0.58,0.13,0.96,0.17,0.05,0.66,quantity_restriction,0.94,0.26,other,0.6,long_run,0.8,0.03,0.04,health_human_capital,0.79,2.64,0.05,0.07,0.76,working_age,0.87,0.02,0.04,0.03,0.05,-2.3309845675157437
apep_1064_v1,apep_1064,v1,0.015,0.007,9.57,4.63,,144.47,True,ok,Small positive,Enterprises per 10K,continuous,DiD,Brazil,Latin America,2026-03-27T13:14:38.138888,2018.0,2021.0,,0.0,7.0,7.0,5.0,False,apep_1064/v1/tables/tabF1_sde.tex,The Formalization Dividend: Instant Payment Infrastructure and Microenterprise Registration in Brazil,True,untestable,untestable,70db456f71a743a8472280539a9848d9eb975a9922405e8d91cc4b708efa0338,8.63,3.77,7.0,7.0,SUSPICIOUS,False,,0.015,1,beneficiary outcome direction,0.64,0,False,jev-1.13.0,bd24df8272f9dcfa4d45dd105824bfd330d0afbb429cf5da93cf3137e91079e6,0.015,,0.015,1,1,1,1,jev-1.13.0,1d997885b0be9e5f26b54d86d19fb9f0eb125f98138b16bd79ae84db53e51803,3550.0,e36672b5074410d2ac4d2fe268226c094622fd428f59a02c29533e398053dbae,,True,True,True,13.0,2019.5,0.1,0.98,1.5,0.29,0.19,0.95,0.06,0.15,0.77,infrastructure,0.54,0.13,labour_market,0.93,medium_run,0.91,0.03,0.06,finance_governance,0.97,2.97,0.06,0.28,0.8,firms_industry,0.99,0.02,0.17,0.67,0.1,-4.961845129926823
apep_1065_v1,apep_1065,v1,-0.154,0.042,-0.0326,0.009,,0.2115,True,ok,Large negative,New Hire Rate,binary,DiD,United States,North America,2026-03-27T12:50:06.165119,2008.0,2013.0,,0.0,7.0,7.0,5.0,False,apep_1065/v1/tables/tabF1_sde.tex,The Verification Chill: E-Verify Mandates Freeze Hispanic Labor Markets Across All Sectors,True,pass,pass,5daef99c0cf21d8fe4d2ea518aef5bafe965e680dd3608c460d9262d227d86ce,28.74,2.92,7.0,7.0,SUSPICIOUS,False,,-0.154,1,beneficiary outcome direction,0.62,0,False,jev-1.13.0,a456ca8386b21d8a00f40e100f380829b867eeb7c6b038576b81e5ad4e687890,-0.154,,0.154,0,1,1,1,jev-1.13.0,c0490f5877a4365865d41b88140a94ff8f7175d26e16c5c9f67c2aefd6c6680d,4097.0,6b2b524865e9a185d6b082fccb13bb779c31827668929df2d46b75ec1a4d9f3d,,True,True,True,13.0,2010.5,0.11,0.96,1.79,0.41,0.5,0.34,0.11,0.03,0.84,enforcement,0.87,0.22,labour_market,1.0,long_run,0.7,0.03,0.1,labor_income,0.95,1.91,0.09,0.78,0.78,migrants_minority,0.95,0.02,0.05,0.04,0.15,-3.170085660698769
apep_1066_v1,apep_1066,v1,-0.055,0.107,-0.013,0.026,,0.243,True,ok,Moderate negative,Log Median Earnings,binary,DiD,United States,North America,2026-03-27T12:04:24.721584,2019.0,2023.0,,0.0,7.0,7.0,4.0,False,apep_1066/v1/tables/tabF1_sde.tex,The Texture Penalty That Wasn't: CROWN Act Adoptions and Black Worker Earnings,True,pass,pass,b273fd025d458595aca4b00f3ca0231b00c2f304f33f84102706a5ee6c1af15d,10.06,3.29,6.0,6.0,SUSPICIOUS,False,,-0.055,1,beneficiary outcome direction,0.8999999999999999,0,False,jev-1.13.0,88fb5929e8d6ca534f491075f5b5e25ad09990ceeecb439a7b5bd539fb313a55,-0.055,,0.055,1,1,1,1,jev-1.13.0,55e1f2bf1c46e33d4066ae0cf6b17988fa1260e6cd4cabb0c316888a4a773d15,3256.0,8298acd2f47038bc68848d07c97b9efe4d81351922be33e5dd4648ac95da6457,,True,True,True,13.0,2021.0,0.11,0.98,2.11,0.04,0.14,0.27,0.04,0.2,0.97,enforcement,0.78,0.07,labour_market,0.76,medium_run,0.34,0.68,0.49,labor_income,0.97,1.85,0.1,0.22,0.83,migrants_minority,0.85,0.02,0.02,0.01,0.04,-2.234926444520231
apep_1068_v1,apep_1068,v1,0.508,0.146,3.167,0.911,,6.239,True,ok,Large positive,Delta Occ. Score 1930--40,binary,IV,United States,North America,2026-03-27T12:43:45.501232,1910.0,1970.0,,0.0,8.0,8.0,4.0,False,apep_1068/v1/tables/tabF1_sde.tex,"The Depression Shield: Why ``Last Hired, First Fired'' Didn't Erase Great Migration Gains",True,pass,pass,52cbe8958fa8f9c2970a3e7b9383acbe6f5e403e8c68ccee7d33e79332afeb65,36.38,3.08,6.0,6.0,SUSPICIOUS,False,,0.508,1,beneficiary outcome direction,0.75,0,False,jev-1.13.0,ba690027522016018deb7a0faccf7aaa4a2ca8113c9406b992cd8975c2686cce,0.508,,0.508,1,1,1,1,jev-1.13.0,c671f60ca9e7f771a191a1afb11562faac7cf59fecd8c0d133cd4de04a59d25f,3677.0,8a4cdfcb6a7d7f51d72785b120b312e40ff6f89ad05ac8f30bd9bebd5717bda5,,True,True,True,13.0,1940.0,0.09,0.91,2.97,0.07,0.14,0.47,0.03,0.05,0.92,other,0.93,0.17,labour_market,0.97,long_run,0.94,0.55,0.06,labor_income,1.0,1.24,0.07,0.09,0.88,migrants_minority,1.0,0.02,0.02,0.03,0.03,-1.9241486572738007
apep_1069_v1,apep_1069,v1,-0.0057,0.0186,-0.486,1.577,,85.02,True,ok,Small negative,WOZ Value (000s EUR),binary,RDD,The Netherlands,Western Europe,2026-03-27T13:36:44.233282,2016.0,2023.0,,0.0,7.0,7.0,6.0,False,apep_1069/v1/tables/tabF1_sde.tex,The Missing Premium: Earthquake Compensation and the Absence of Housing Market Capitalization in Groningen,True,pass,pass,ac8f1c61c8a35f497e7cbc531722b426b6ffcce5d76d9da2a7c44abaf1d73ce5,16.81,3.45,6.0,6.0,CLEAN,False,,-0.0057,1,beneficiary outcome direction,0.71,0,False,jev-1.13.0,15695209e06ea484de0550f4c4fbbac17d8cea03b0d18ede78b71ad593089670,-0.0057,,0.0057,1,1,1,1,jev-1.13.0,5ead4dd42049333fc3712e5cd57216e17197851c852844f69a228cd9627c3d40,3383.0,c1cc21de09e3fd89a45d22d7ff5f57e53fe96634ba47a08007a714b8f1f65785,,True,True,True,13.0,2019.5,0.13,0.97,1.28,0.08,0.14,0.05,0.07,0.07,0.89,direct_transfer,0.97,0.18,prices_cost,1.0,long_run,0.89,0.95,0.07,housing_infrastructure,0.74,1.65,0.07,0.12,0.76,general_public,0.92,0.02,0.02,0.08,0.02,-3.9845936982629815
apep_1070_v1,apep_1070,v1,-0.0131,0.005,-0.0096,0.0036,,1.525,True,ok,Small negative,Employment,continuous,IV,United States,North America,2026-03-27T13:39:14.320666,2010.0,2023.0,,0.0,7.0,7.0,6.0,False,apep_1070/v1/tables/tabF1_sde.tex,The Displacement Mirage: H-2A Guestworker Expansion and Domestic Farm Labor in U.S. Agriculture,True,untestable,untestable,bb6e0a612ed278637f0beeac37c0840e184defb12d246ed27706962531e9cbb4,36.0,3.3,5.0,5.0,SUSPICIOUS,False,,-0.0131,1,beneficiary outcome direction,0.6399999999999999,0,False,jev-1.13.0,97d399be7f1cd52700e959fbf4aed0b11bc7a93ae43759d516e5ae5c8acdd038,-0.0131,,0.0131,0,1,1,1,jev-1.13.0,d4de308d34c6d3750125a814dfb30664f7b875deb38ec03e57ffab5be9ab598f,3158.0,fea0759cfa2e7a5fd5895409f46ce4ef8b530c82914e88d442bf0cc6eae1d412,,True,True,True,13.0,2016.5,0.11,0.98,2.03,0.16,0.12,0.07,0.04,0.09,0.94,quantity_restriction,0.76,0.3,labour_market,1.0,long_run,0.89,0.56,0.07,labor_income,0.97,1.96,0.07,0.14,0.8,migrants_minority,0.55,0.02,0.03,0.03,0.09,-5.298317366548036
apep_1071_v1,apep_1071,v1,0.714,0.208,8.26,,,11.57,True,ok,Large positive,Existing--New Gap,binary,Event Study,Portugal,Western Europe,2026-03-27T14:01:14.308124,2012.0,2016.0,,0.0,7.0,7.0,3.0,False,apep_1071/v1/tables/tabF1_sde.tex,Inflated Floors: Portugal's Golden Visa and the Existing--New Dwelling Price Divergence,True,pass,untestable,1bc5866065113884486ff33fc9352528d8488ce6cd24bc1aa734490c5022b023,26.93,2.55,6.0,6.0,CLEAN,False,,0.714,0,insufficient directional evidence,-0.21,0,False,jev-1.13.0,916e999d313a4aa17f52c413cba5e9639a6c2a462789fd1314b5bc88f1d7a7e5,,,0.714,0,0,0,0,jev-1.13.0,83510898a3ec882c786dbcdcc554df3985bc9b5a234f3e74b398b3260842927d,3197.0,6438c3d497d7f2871c6613a3237fad0e4aa61b22bad3d35851dfb64582225053,,True,True,True,13.0,2014.0,0.12,0.97,2.05,0.69,0.39,0.93,0.03,0.05,0.22,public_provision,0.57,0.43,prices_cost,1.0,long_run,0.96,0.05,0.1,housing_infrastructure,0.72,1.94,0.47,0.82,0.75,migrants_minority,0.87,0.06,0.03,0.08,0.04,-1.5702171992808192
apep_1072_v1,apep_1072,v1,-0.08,0.12,-0.242,0.362,,3.01,True,ok,Mod. neg.,Water temperature (^ circ C),binary,DiD,United States,North America,2026-03-27T14:15:32.864752,2000.0,2020.0,,0.0,7.0,7.0,4.0,False,apep_1072/v1/tables/tabF1_sde.tex,The Slow Dividend: Dam Removal and the Delayed Recovery of River Water Quality,True,pass,pass,de14675d9985bd0da9d1c30b865247865e513a0da902aca3f9e5be1a6b6a3315,34.75,2.96,6.0,6.0,SUSPICIOUS,False,,-0.08,-1,beneficiary outcome direction,-0.47,0,False,jev-1.13.0,4e8625050652bfb9dd650ee83094945cd74c3b139e7386a190a3f45a73503527,0.08,,0.08,0,0,0,-1,jev-1.13.0,ee9f0fe08ef766a355e24e222102a679a0df62762abd66a4724421f8ca964246,3222.0,5437dcdd5803391558afb34e25e9749b7d89609562889ede6eeef622aa4dca7a,,True,True,True,13.0,2010.0,0.13,0.93,1.65,0.64,0.73,0.37,0.2,0.09,0.22,infrastructure,1.0,0.69,environment,1.0,long_run,0.7,0.02,0.16,environment_energy,1.0,1.47,0.1,0.17,0.83,general_public,0.56,0.02,0.02,0.02,0.01,-2.120263536200091
apep_1073_v1,apep_1073,v1,0.0208,0.0201,0.0248,0.0238,,1.189,True,ok,Small positive,Log Employment,binary,Event Study,United States,North America,2026-03-27T14:20:04.761725,1993.0,2023.0,,0.0,7.0,7.0,6.0,False,apep_1073/v1/tables/tabF1_sde.tex,The Conversion Penalty: Military Base Closures and the Low-Wage Transformation of Local Economies,True,pass,pass,cf73fa0d8e5fd494dd96292a77c37845cf6941f32dc837c0e657a005d4ca0e38,20.32,4.53,5.0,4.0,SUSPICIOUS,False,,0.0208,1,beneficiary outcome direction,0.75,0,False,jev-1.13.0,92f8988fbc7c043ce3613c387465def0ed83c1ae45e7c61cd91c1ceca76ffe73,0.0208,,0.0208,0,1,1,1,jev-1.13.0,26b10fa19e021c60c891a03c398ad78cee2d93757ac62f678ebcb5ec846d5cbe,3191.0,d8fc92fdc0c590240d92d6071353a49479fcef69bf30270375bafc3756d6e7ef,,True,True,True,13.0,2008.0,0.11,0.96,1.21,0.1,0.11,0.22,0.05,0.05,0.95,other,0.31,0.2,labour_market,1.0,long_run,0.98,0.54,0.06,labor_income,0.99,1.31,0.07,0.1,0.83,working_age,0.91,0.02,0.03,0.02,0.23,-3.907035463917107
apep_1074_v1,apep_1074,v1,-0.061,0.1026,-6.222,,,101.923,True,ok,Moderate negative,Death rate (DDD),binary,Event Study,United States,North America,2026-03-27T14:17:08.241968,2015.0,2023.0,,0.0,7.0,7.0,3.0,False,apep_1074/v1/tables/tabF1_sde.tex,The Detection Dividend: Drug-Type Decomposition of Fentanyl Test Strip Effects on Overdose Mortality,True,pass,untestable,eceda151e336b858d92735be65a8671f865526d08fd92168914c216e5a72262e,15.22,2.88,8.0,8.0,CLEAN,False,,-0.061,-1,beneficiary outcome direction,-0.94,0,False,jev-1.13.0,51b49ab5db13c2a437bb48fd43613b80dbb693019baef81ecab455483594ecc9,0.061,,0.061,-1,-1,-1,-1,jev-1.13.0,8c2c14087df003ab7e50af13e25547a5307c9f9c703708e7bc85d0fe16fcee9a,2715.0,e7526c5e49cbd1de09c199cf583431f389abc4d7ba7335782efd4cf5af88722c,,True,True,True,13.0,2019.0,0.14,0.98,2.01,0.14,0.09,0.09,0.3,0.03,0.04,enforcement,0.73,0.98,health,1.0,long_run,0.69,0.02,0.07,health_human_capital,0.93,1.55,0.08,0.15,0.78,general_public,0.47,0.02,0.04,0.03,0.02,-2.276917346245468
apep_1076_v1,apep_1076,v1,-0.06,0.018,-0.0279,0.0082,,0.466,True,ok,Moderate negative,Persistent sadness,binary,DiD,United States,North America,2026-03-27T14:48:46.388303,2015.0,2023.0,,0.0,7.0,7.0,6.0,False,apep_1076/v1/tables/tabF1_sde.tex,The Destigmatization Dividend: Conversion Therapy Bans and Adolescent Mental Health,True,pass,pass,0b407871099afebad0e983e2768ddf54b1adc1f5ccf4affe6ec40dc95427d117,28.93,3.57,5.0,5.0,SUSPICIOUS,False,,-0.06,-1,beneficiary outcome direction,-0.92,0,False,jev-1.13.0,bb3c9a3eea4e74c0569f9412f8791630c2faf0cc4b0d83bb503ef2a8dd53c376,0.06,,0.06,-1,-1,-1,-1,jev-1.13.0,8e5f477f48be38b3205de1174847ba324297dca6d37a382ab8190ac3c0f79a59,3038.0,c441936a345d28bfd8f8df3d0f3723453159b511dcca90030094c2634df6365c,,True,True,True,13.0,2019.0,0.13,0.95,1.33,0.13,0.12,0.12,0.27,0.03,0.05,quantity_restriction,1.0,0.97,health,1.0,long_run,0.27,0.02,0.07,health_human_capital,0.44,1.8,0.09,0.36,0.8,children_youth,1.0,0.02,0.03,0.01,0.04,-4.017383521085972
apep_1077_v1,apep_1077,v1,0.0085,0.0281,0.0092,0.0304,,1.083,True,ok,Small positive,Log employment,binary,Event Study,United States,North America,2026-03-27T14:45:53.808514,2022.0,2024.0,,0.0,7.0,7.0,6.0,False,apep_1077/v1/tables/tabF1_sde.tex,The Protection Illusion: Child Labor Law Rollbacks and the Null Employment Effect on American Teenagers,True,pass,pass,30da53e948f7ae0900855abfc4679cd12f54d1f5fb2445adf39c72d3d8286a76,21.75,3.17,6.0,6.0,SUSPICIOUS,False,,0.0085,1,beneficiary outcome direction,0.33,0,False,jev-1.13.0,9a883caa6887e5843e9243f002e9f9fa8f174c45b7bebaa0773d500850941ec0,0.0085,,0.0085,0,0,0,1,jev-1.13.0,d30c253aa4c07a147e0594a5d574f186530ff170baf755319521b0de6561e211,2905.0,691578ab1b6620630a71ea1a5ffcbfdac14746411fa269fd2ed57ee37be09fb2,,True,True,True,13.0,2023.0,0.1,0.96,2.06,0.39,0.57,0.31,0.06,0.29,0.78,quantity_restriction,0.94,0.45,labour_market,1.0,long_run,0.4,0.03,0.05,labor_income,0.68,1.66,0.06,0.1,0.78,children_youth,0.99,0.02,0.04,0.02,0.04,-3.571985702642437
apep_1079_v1,apep_1079,v1,0.2675,0.1127,0.5152,0.2171,,1.926,True,ok,Large positive,Employment (all races),continuous,DiD,United States,North America,2026-03-27T16:42:46.950913,2018.0,2019.0,,0.0,7.0,7.0,5.0,False,apep_1079/v1/tables/tabF1_sde.tex,No Identity Tax: Racial Employment Effects of the U.S.-China Trade War,True,untestable,untestable,cdcce60e8d70bb2edf2b9c3c25d32aae0e7f6201b4c088a88006846f64d04df1,22.86,3.41,5.0,5.0,SUSPICIOUS,False,,0.2675,1,beneficiary outcome direction,0.74,0,False,jev-1.13.0,5ab7469539b9469183f11ab7b70e1ea68759100d865dd933a921f1d004351776,0.2675,,0.2675,1,1,1,1,jev-1.13.0,06cb823eeb32d19108e91335ffc9fbca86301321817bbd630c1d099b947157e4,3067.0,c01b634b26ef0adfdf4f0acb19dde25041e61e3d4a0809176342c77fa2cf0a15,,True,True,True,13.0,2018.5,0.11,0.97,1.93,0.06,0.12,0.22,0.04,0.04,0.97,price,1.0,0.23,labour_market,1.0,medium_run,0.93,0.56,0.05,taxation_prices,0.41,2.05,0.07,0.11,0.71,migrants_minority,0.36,0.02,0.03,0.02,0.05,-2.1830258579364066
apep_1081_v1,apep_1081,v1,-0.492,0.321,-0.75,0.49,,1.525,True,ok,Large negative,Fluoranthene,binary,DiD,United States,North America,2026-03-27T15:42:38.630993,2000.0,2025.0,,0.0,7.0,7.0,3.0,False,apep_1081/v1/tables/tabF1_sde.tex,The Runoff Mirage: Coal-Tar Sealant Bans and the Limits of Monitoring-Based Policy Evaluation,True,pass,pass,4654da38c3ee022a5b2b36784f113139a3c4e6d3f0e07edc479a50c89bb02ce6,10.2,3.96,6.0,6.0,CLEAN,False,,-0.492,-1,beneficiary outcome direction,-0.92,0,False,jev-1.13.0,601989af54ed7a8b87d75c46958a0b289fecb70c571d0af090ddbcd94591d9a5,0.492,,0.492,-1,-1,-1,-1,jev-1.13.0,604428e71341cf2060786c761afb24208e523225f9fc1b77fe66cf602c8ecac8,3082.0,6fcecb95458dfadf9296f278e4148b3325b477c13c96036c5eb86b091bb6ccd6,,True,True,True,13.0,2012.5,0.14,0.96,2.01,0.16,0.1,0.89,0.39,0.04,0.05,quantity_restriction,1.0,0.97,environment,1.0,long_run,0.88,0.02,0.06,environment_energy,0.94,1.98,0.08,0.14,0.8,firms_industry,0.84,0.02,0.03,0.03,0.01,-1.1363141558521213
apep_1082_v1,apep_1082,v1,-0.151,0.127,-3.58,3.0,,23.67,True,ok,Large negative,College share (%),binary,DiD,"United States ; treated origin countries include Nigeria, Bangladesh, Brazil, Pakistan, Peru",North America,2026-03-27T15:46:20.981105,2005.0,2023.0,,0.0,7.0,7.0,5.0,False,apep_1082/v1/tables/tabF1_sde.tex,The Lottery Channel: Diversity Visa Eligibility Loss and the Null Effect on Immigrant Selection,True,pass,pass,0591ec08ca0ceaff29850c6e57e06cdf67f1e9c55fb408a37b9338726004251e,10.47,3.69,6.0,6.0,SUSPICIOUS,False,,-0.151,1,beneficiary outcome direction,0.83,0,False,jev-1.13.0,2ddbd341b70d878b3126f331bc368988dc5b3c66a42da48bb34e9e8159f90e00,-0.151,,0.151,1,1,1,1,jev-1.13.0,fc34a754ccc08828c581ada99d8b13b22aa95883bb678a59bcfcdb1bc5992ec4,4474.0,df82d2603cf1856658ceedd4c6cc2183f3a8661b4e0969e6541773bb0f377547,,True,True,True,13.0,2014.0,0.12,0.97,2.01,0.09,0.09,0.94,0.04,0.04,0.95,quantity_restriction,0.96,0.12,education,0.99,long_run,0.62,0.34,0.09,regulation_competition,0.5,1.78,0.08,0.89,0.83,migrants_minority,0.96,0.03,0.03,0.03,0.37,-2.0635681925235456
apep_1083_v1,apep_1083,v1,-0.074,0.038,-0.147,,,1.984,True,ok,Moderate negative,Residential,binary,RDD,Switzerland,Western Europe,2026-03-27T16:27:15.634104,1994.0,2023.0,,0.0,8.0,8.0,5.0,False,apep_1083/v1/tables/tabF1_sde.tex,The Reallocation Mirage: Sectoral Investment Collapse After Switzerland's Second Home Ban,True,pass,untestable,e47449bb77c84a51a9ff9a98752d89cd5767751fa8bf6589d2ca8c32ed568150,30.32,2.81,5.0,5.0,CLEAN,False,,-0.074,1,beneficiary outcome direction,0.28,0,False,jev-1.13.0,07ed0214b134d0229e1fcb23716c0b3e7eb03c0ca3cffda0d6aaea53f7cc8eca,-0.074,,0.074,0,0,1,1,jev-1.13.0,2533797de65c4046c44bf9cb4f200123f8051323210183988279aad03b961644,3503.0,62bb7b1b9d66dd9d8239cd39e19d42513d89a0f36cbaf8cb70d5133b4d66a930,,True,True,True,13.0,2008.5,0.11,0.98,1.42,0.43,0.4,0.06,0.41,0.08,0.63,quantity_restriction,1.0,0.35,other,0.53,long_run,0.97,0.72,0.06,housing_infrastructure,0.99,1.94,0.06,0.11,0.81,firms_industry,0.52,0.02,0.02,0.25,0.05,-3.270169119255751
apep_1084_v1,apep_1084,v1,-0.1341,0.0728,-32.84,17.83,,244.85,True,ok,Moderate negative,1em Total completions,binary,RDD,United States,North America,2026-03-27T16:50:48.313146,2013.0,2021.0,,0.0,7.0,7.0,5.0,False,apep_1084/v1/tables/tabF1_sde.tex,The Scarlet Score: Information Disclosure as Irreversible Regulation in For-Profit Higher Education,True,pass,pass,304813a0759d8c2f27e6a4c84c1fb542add92956ab0a36681a0f5285e3bc2c15,29.19,3.07,6.0,6.0,CLEAN,False,,-0.1341,1,beneficiary outcome direction,0.61,0,False,jev-1.13.0,40b450531c8f4634012dcb40fcc4b545720f4b35523c0af47afa26ebf8586c3f,-0.1341,,0.1341,1,1,1,1,jev-1.13.0,c52e3ef12ce7857599ca53935f6d87237e11a44ea1b47c1de9f043e6c9dcacca,2010.0,f1581e2267e73bb4e2a265edb1956023a810a2b40f15f3eb5d647dc13338ae5a,,True,True,True,13.0,2017.0,0.12,0.98,1.51,0.21,0.21,0.05,0.1,0.03,0.86,information,1.0,0.25,education,1.0,long_run,0.45,0.03,0.08,regulation_competition,0.37,1.53,0.08,0.16,0.81,firms_industry,0.4,0.02,0.07,0.4,0.04,-2.6200393237794968
apep_1085_v1,apep_1085,v1,0.30138,0.27435,0.00047,0.00043,,0.00505,True,ok,Large positive,Raptor reporting rate,continuous,DiD,United States,North America,2026-03-27T17:17:21.747366,2000.0,2023.0,,0.0,7.0,7.0,4.0,False,apep_1085/v1/tables/tabF1_sde.tex,Blades and Birds: Wind Energy Expansion and the Null Compositional Effect on US Raptor Populations,True,untestable,untestable,ec5cca3553a03f5c9c2d711883a699dcc921103e03f62a078c78e3f7c2a5dc17,13.61,3.51,6.0,6.0,SUSPICIOUS,False,,0.30138,0,measurement qualifier: administrative_detection,0.29,0,False,jev-1.13.0,84ad60a974f2b0fa17287557ca56cc74c38436ccfd98f8d8c8624dd55fb13b09,,,0.30138,0,0,0,1,jev-1.13.0,e6ed4392c4e190b0b7e5ccbdf8e2e19b479596e11bd56f6846be8023bed6beb4,2950.0,5854893a351078fc867366f1406504318b67aa49dc8762f80f230cf0da154bc5,,True,True,True,13.0,2011.5,0.12,0.27,0.94,0.6,0.08,0.08,0.03,0.03,0.61,price,0.99,0.32,environment,0.99,long_run,0.98,0.03,0.04,environment_energy,1.0,2.22,0.06,0.22,0.81,firms_industry,0.7,0.02,0.94,0.11,0.64,-1.2933506154771528
apep_1086_v1,apep_1086,v1,-0.0073,0.0083,-0.0129,0.0145,,1.754,True,ok,Small negative,Log Mfg. Employment,binary,DiD,United States,North America,2026-03-27T17:34:17.942427,2001.0,2019.0,,0.0,7.0,7.0,5.0,False,apep_1086/v1/tables/tabF1_sde.tex,The Environmental Ratchet: Clean Air Act Redesignation and the Persistence of Regulatory Gains,True,pass,pass,d37a8fe24053f339b15595d68790fe985772063e2992457ba1fc1b56311a21fa,37.54,3.44,5.0,5.0,SUSPICIOUS,False,,-0.0073,1,beneficiary outcome direction,0.7899999999999999,0,False,jev-1.13.0,eb6e5f53f0dc6913f02c742d25d629ec50a29f1bf4dd922401d56d3edaaff79f,-0.0073,,0.0073,1,1,1,1,jev-1.13.0,9837766318038b27020154c75737e04a14c1544189254646e43577ec96f7353f,4490.0,466029764deb35639bdfd324a3eb31f1652625f6393dbd7da13b591436c94948,,True,True,True,13.0,2010.0,0.13,0.97,2.09,0.08,0.11,0.06,0.03,0.07,0.96,enforcement,0.37,0.17,labour_market,1.0,long_run,0.73,0.04,0.08,environment_energy,0.92,1.83,0.09,0.15,0.85,firms_industry,1.0,0.02,0.03,0.02,0.04,-4.7914997641795845
apep_1087_v1,apep_1087,v1,-0.017,0.075,-0.112,0.503,,6.719,True,ok,Small negative,DAFW rate,binary,DiD,United States,North America,2026-03-27T17:06:19.496414,2016.0,2022.0,,0.0,7.0,7.0,4.0,False,apep_1087/v1/tables/tabF1_sde.tex,Codes of Compliance: Do Healthcare Workplace Violence Prevention Mandates Reduce Worker Injuries?,True,pass,pass,3b3f369922bc9af051791232bbbb4050828d25a45b11c7ff304ba80d3ccadff8,9.61,3.78,8.0,8.0,CLEAN,False,,-0.017,-1,beneficiary outcome direction,-0.92,0,False,jev-1.13.0,b2354cdaf894a3619a2711e7390f036d795b14e058cb381a662c84b9d7b95ccd,0.017,,0.017,-1,-1,-1,-1,jev-1.13.0,ab161e2feb8ad9fabc4cf3fc75a90934a679eb38f1c4c0362b7fc77e8f120f46,3301.0,9ae5d1f8585fc9d75097859e50299649435c0f158cb03480ef5b6665d2c19bb5,,True,True,True,13.0,2019.0,0.15,0.97,2.06,0.08,0.59,0.16,0.52,0.04,0.05,infrastructure,0.52,0.97,crime_safety,0.93,long_run,0.68,0.03,0.08,regulation_competition,0.43,1.99,0.09,0.17,0.87,firms_industry,0.8,0.02,0.14,0.2,0.03,-2.5902671654458267
apep_1088_v1,apep_1088,v1,-0.0419,0.0672,-0.0396,0.0635,,0.9446,True,ok,Small negative,Log Revenue,binary,DiD,United States,North America,2026-03-27T18:02:29.272313,2011.0,2013.0,,0.0,7.0,7.0,5.0,False,apep_1088/v1/tables/tabF1_sde.tex,No Ceiling in Sight: Testing Whether IRS Disclosure Thresholds Constrain Nonprofit Growth,True,pass,pass,5f87f64c90c7c975f19dbcfa6dfb5e8ba311793e8ad219d4cf1c4b69396fa08d,8.89,3.75,7.0,7.0,CLEAN,False,,-0.0419,1,beneficiary outcome direction,0.69,0,False,jev-1.13.0,4987e61b8b1e3e40e06992abebc82be19d65316b6cd416afec4bc784d3eceb15,-0.0419,,0.0419,0,1,1,1,jev-1.13.0,57ba1e2597e112ffa78be4e18efdfd4ef63dc7844c0eda099a650d55050e7abe,3914.0,d5781c8427783cad76b7bd031d4d9e10cbe47edd75e9c5329a19eb544995a6ae,,True,True,True,13.0,2012.0,0.08,0.95,1.49,0.2,0.17,0.11,0.07,0.04,0.87,information,0.22,0.18,income_distribution,0.52,long_run,0.97,0.5,0.05,finance_governance,0.65,1.3,0.06,0.08,0.73,firms_industry,0.92,0.02,0.03,0.13,0.02,-2.700082031453033
apep_1089_v1,apep_1089,v1,0.0089,0.0641,0.12,0.866,,13.52,True,ok,Small positive,Technical Index,binary,DiD,European Union,Western Europe,2026-03-27T17:30:59.841422,,,,0.0,7.0,7.0,6.0,False,apep_1089/v1/tables/tabF1_sde.tex,Compliance Theater: The EU's NIS2 Cybersecurity Directive and the Gap Between Documentation and Defense,True,pass,pass,baee0711b5914de2bed76c3e62397e4f58173fb6be132b726d8edae7e2edf659,23.22,3.21,6.0,6.0,SUSPICIOUS,False,,0.0089,1,beneficiary outcome direction,0.76,0,False,jev-1.13.0,961d0cbb2173e4f67d6597244dae6293cf734fdd5e75e000e4a9e4012bd49485,0.0089,,0.0089,1,1,1,1,jev-1.13.0,8d8d5adfc3407f1d18593fccb2917639f3134ec11d70ede0fa56a7423878c4f3,3305.0,5ceb89760938619bbe30baea616d593f513a1d5f3792197db73853828ded2854,,True,True,True,13.0,,0.11,0.97,1.96,0.1,0.5,0.94,0.03,0.25,0.91,enforcement,0.98,0.15,behaviour_compliance,0.95,medium_run,0.8,0.03,0.09,regulation_competition,0.95,1.99,0.22,0.52,0.75,firms_industry,1.0,0.03,0.07,0.11,0.08,-2.747310915055513
apep_1090_v1,apep_1090,v1,-0.0073,0.0086,-0.0584,0.0688,,7.96,True,ok,Small negative,SNAP participation rate,continuous,DiD,United States,North America,2026-03-27T17:30:12.155507,2015.0,2022.0,,0.0,7.0,7.0,4.0,False,apep_1090/v1/tables/tabF1_sde.tex,The Compliance Trap: SNAP Stocking Requirements and the Erosion of Food Access in Convenience-Store Counties,True,untestable,untestable,acfa9a7e9b5999f0d1f1d865e1baac88ed8f047bac6ff90d0a1168c757c7eda4,13.28,4.02,5.0,5.0,CLEAN,False,,-0.0073,1,beneficiary outcome direction,0.64,0,False,jev-1.13.0,6dd2edd18df0dcafa2608b69ddaa57fa70d70959c76d1c0610600c2151377b0a,-0.0073,,0.0073,1,1,1,1,jev-1.13.0,b819098f2bb7e502f4dfcee4b4d4498b78d9d2c925c8f6257353ab5a772a4422,2418.0,0ae4520cafbe381fe1c4f14cc28e3505ac94a193306c5ace8af5ee454d06ac3f,,True,True,True,13.0,2018.5,0.12,0.97,1.8,0.34,0.18,0.28,0.08,0.04,0.88,quantity_restriction,0.54,0.24,behaviour_compliance,0.89,long_run,0.51,0.03,0.11,regulation_competition,0.47,2.03,0.21,0.39,0.73,low_income,0.58,0.02,0.09,0.14,0.43,-4.755993075722675
apep_1091_v1,apep_1091,v1,0.9458,0.0756,0.1951,0.0156,,0.2063,True,ok,Large positive,Spouse present,binary,DiD,United States,North America,2026-03-27T18:10:52.085753,1908.0,1920.0,,0.0,7.0,7.0,5.0,False,apep_1091/v1/tables/tabF1_sde.tex,"The Picture Bride Premium: Family Reunification and Land Acquisition Among Japanese Immigrants, 1910--1930",True,pass,pass,e500a3bde965eb6f82a42aef10778587317de6b98b779e205f6b45fcd7491d13,23.92,3.43,6.0,6.0,SUSPICIOUS,False,,0.9458,1,beneficiary outcome direction,0.6699999999999999,0,False,jev-1.13.0,695fc2472281f2274fb0d7258cbebc52db64f7bc00dff67f8c430600e34ea8f8,0.9458,,0.9458,0,1,1,1,jev-1.13.0,3c4b268476301a9adfa88d3c833d6f007cec73512177c7af0c15e8ad55cb3bee,2539.0,c221bd57bc22563bdc92657e731e42f4b5cf4dba66989f1aa283a2b7b464b7fc,,True,True,True,13.0,1914.0,0.08,0.96,1.59,0.19,0.7,0.29,0.04,0.31,0.85,quantity_restriction,0.99,0.18,other,0.73,long_run,0.89,0.07,0.06,regulation_competition,0.79,2.53,0.07,0.1,0.82,migrants_minority,1.0,0.02,0.03,0.03,0.07,-2.58229899579665
apep_1093_v1,apep_1093,v1,-0.0223,0.0122,-0.0086,0.0047,,0.3864,True,ok,Small negative,B-W New-Hire Earnings Gap,binary,DiD,United States,North America,2026-03-27T18:21:48.143301,2021.0,2024.0,,0.0,7.0,7.0,6.0,False,apep_1093/v1/tables/tabF1_sde.tex,Show Me the Raise: Pay Transparency Laws and the Racial New-Hire Earnings Gap,True,pass,pass,7e5072c37208eb3e1a34f4ad297bf63cd22090f88d9e97828a5adaf81665f6e5,18.54,3.44,6.0,6.0,SUSPICIOUS,False,,-0.0223,-1,beneficiary outcome direction,-0.38,0,False,jev-1.13.0,1d46f83236a0c5bf066b8f1a9dcade610bb54a5625dadc7fd667eaab1f8eb249,0.0223,,0.0223,-1,-1,-1,-1,jev-1.13.0,367c50c986001f26730cf35383e73e647e59a310e509c177b90b9d6a5d4e43c4,1873.0,05ea647bb1fd6745519527bde3279a72b728514ec528c395804c1467d6560a57,,True,True,True,13.0,2022.5,0.14,0.97,1.63,0.19,0.39,0.6,0.25,0.15,0.36,information,1.0,0.74,labour_market,0.78,medium_run,0.48,0.35,0.06,labor_income,1.0,1.63,0.08,0.3,0.78,migrants_minority,0.33,0.02,0.03,0.01,0.02,-4.406319327242926
apep_1094_v1,apep_1094,v1,0.1125,0.0577,0.1707,0.0876,,1.5169,True,ok,Moderate positive,Log employment (all races),binary,DiD,United States,North America,2026-03-27T18:31:35.172948,2003.0,2024.0,,0.0,7.0,7.0,5.0,False,apep_1094/v1/tables/tabF1_sde.tex,The Casting Gap: Film Production Tax Credits and Racial Employment Inequality,True,pass,pass,03db85307a5023333b1dc5a92f3073af926a43d1ee9a985d597e9d63327fad05,22.17,2.72,7.0,7.0,SUSPICIOUS,False,,0.1125,1,beneficiary outcome direction,0.8099999999999999,0,False,jev-1.13.0,0c888ae6bbab7ac60bb72c2d365c8b3a6513866eae3ce7370d48e74df8eee4ac,0.1125,,0.1125,1,1,1,1,jev-1.13.0,091727c0e0ab614fe793951698b51ecf7fd2e0e563b2176bddd290d1e1f7fa84,3358.0,5616432792287404b88539a0e0b1764b93c39a586fedbc882d46253774c90c48,,True,True,True,13.0,2013.5,0.09,0.96,1.92,0.09,0.46,0.13,0.04,0.19,0.95,price,1.0,0.14,labour_market,1.0,long_run,0.84,0.03,0.07,taxation_prices,0.73,1.99,0.07,0.13,0.86,firms_industry,0.93,0.02,0.03,0.02,0.04,-2.8524981054680834
apep_1095_v1,apep_1095,v1,0.05,0.0346,0.3142,0.1863,,1.316,True,ok,Moderate positive,Earthquake count (M2.0+),binary,DiD,United States,North America,2026-03-27T18:12:38.990294,2021.0,2022.0,,0.0,7.0,7.0,5.0,False,apep_1095/v1/tables/tabF1_sde.tex,The Compliance Illusion: Operator-Led Seismic Response Plans and the Persistence of Induced Earthquakes in the Texas Permian Basin,True,fail,fail,b3b82e7c8fa5533f56fae9db7f84a78a04c1d4c42e1ff5c13e7719b052840ecd,13.64,3.53,6.0,6.0,SUSPICIOUS,False,,0.05,-1,beneficiary outcome direction,-0.86,-1,True,jev-1.13.0,2522dcfc2d110fdd83b729c5d9a67b0b6fc140b73e21aa6231d614bc96a9ec0f,-0.05,-0.05,0.05,-1,-1,-1,-1,jev-1.13.0,a9618cc95f3fc05431421537cc6389b5b241ed491e3037bafb1c3a5ec60fc7a4,2329.0,f3f21994d7dc3d9aab6f948ad624de8045dd268774348ab5c5b3829843e239b3,,True,True,True,13.0,2021.5,0.13,0.95,1.56,0.23,0.53,0.78,0.66,0.03,0.05,quantity_restriction,0.7,0.91,environment,0.95,long_run,0.89,0.02,0.12,environment_energy,0.8,1.32,0.27,0.52,0.75,firms_industry,1.0,0.04,0.22,0.26,0.02,-3.3639015969184585
apep_1102_v1,apep_1102,v1,-0.682,0.172,-0.0927,0.0233,,0.136,True,ok,Large negative,High-dose share,binary,DiD,United States,North America,2026-03-29T13:28:33.607365,2006.0,2012.0,,0.0,7.0,7.0,5.0,False,apep_1102/v1/tables/tabF1_sde.tex,The Dosage Shift: Pill Mill Laws and the Composition of Opioid Shipments,True,pass,pass,8658ff3f46fd3ce72b27b43b0fb668a4ed05794027e796bd2bfff030fb472d3c,33.31,3.36,5.0,5.0,SUSPICIOUS,False,,-0.682,-1,beneficiary outcome direction,-0.73,0,False,jev-1.13.0,76b42ea7f6f6b1306aa15f5b051e68c34fcaa20564b59a0fd1c64b25226701c3,0.682,,0.682,0,0,0,-1,jev-1.13.0,ad6a86a3ad1827d9dd12fc6d48bd2d89f7cf58adca62c9c1da28912c2b42b55b,3817.0,ea96244ec19098227f4059e1f3590e00f461073d7768ceb35040dbc1dcd5fa2d,,True,True,True,13.0,2009.0,0.15,0.96,1.7,0.71,0.49,0.13,0.2,0.04,0.11,enforcement,0.75,0.84,health,0.74,medium_run,0.73,0.03,0.1,regulation_competition,0.7,2.03,0.12,0.22,0.74,firms_industry,0.77,0.02,0.05,0.3,0.29,-1.760260802168684
apep_1103_v1,apep_1103,v1,0.0852,0.0221,67.81,,,796.0,True,ok,Moderate positive,OKP costs/insured,continuous,DiD,Switzerland,Western Europe,2026-03-29T13:30:38.242101,1997.0,2024.0,,0.0,7.0,7.0,3.0,False,apep_1103/v1/tables/tabF1_sde.tex,The Rehabilitation Cost: Disability Reform and Health Insurance Spillovers in Switzerland,True,untestable,untestable,c9f19b9e12031eba4328bc26338e475aed07bc09e5912cf2123f40f3bd7674ac,21.71,2.85,6.0,6.0,CLEAN,False,,0.0852,-1,beneficiary outcome direction,-0.3399999999999999,0,False,jev-1.13.0,1239c53d24266f21b15b5b06873dfb0c7144bc88b2a137c260aa5ac09052f1d5,-0.0852,,0.0852,0,0,-1,-1,jev-1.13.0,c99e1e5d5562cb6010be6ff235ff87b94152b52f509361b9e01b570548c108fb,3772.0,e20e3346c633e51b98735dfc28d4f841bf1eff2ef3b4788dcd3b3785b9796159,,True,True,True,13.0,2010.5,0.7,0.97,1.35,0.57,0.15,0.95,0.09,0.06,0.28,public_provision,0.93,0.62,prices_cost,0.87,long_run,0.97,0.92,0.06,labor_income,0.75,2.11,0.06,0.12,0.8,working_age,0.99,0.02,0.05,0.17,0.03,-3.81217767045843
apep_1104_v1,apep_1104,v1,-0.0647,0.015,-0.0885,0.0205,,1.368,True,ok,Moderate negative,Log total luminosity,continuous,DiD,India,South Asia,2026-03-29T14:14:13.660728,2012.0,2023.0,,0.0,7.0,7.0,3.0,False,apep_1104/v1/tables/tabF1_sde.tex,The Devolution Deficit: Fiscal Decentralization and the Absence of Local Growth in India,True,untestable,untestable,1ef0cf634724a4e95272dcf97393bfb7e3373a06bddae28c315cfac00017ba66,21.5,3.18,6.0,6.0,SUSPICIOUS,False,,-0.0647,1,beneficiary outcome direction,0.8300000000000001,0,False,jev-1.13.0,bc8a9281d98bd56844b2b59f5f1afca88e33b8705e7f78bede8cbc231b947c7f,-0.0647,,0.0647,1,1,1,1,jev-1.13.0,60e136e036e2b9c95ee9e8459abb80a0eb21ce0c14c963556b33fd6ef8e03ba9,3004.0,8ff98c4a4e1136f2ade374e651cbc23f22ff3967f812b5df3e665436384abd41,,True,True,True,13.0,2017.5,0.11,0.26,1.84,0.08,0.07,0.95,0.03,0.14,0.91,direct_transfer,0.93,0.08,other,0.56,long_run,0.99,0.05,0.05,finance_governance,0.93,2.39,0.05,0.24,0.67,general_public,0.51,0.02,0.02,0.05,0.02,-4.199705077879927
apep_1105_v1,apep_1105,v1,0.0438,0.1281,8.8219,25.8243,,35.892,True,ok,Small positive,Total MAT,continuous,DiD,United States,North America,2026-03-29T14:38:47.164724,2018.0,2024.0,,0.0,7.0,7.0,6.0,False,apep_1105/v1/tables/tabF1_sde.tex,The Treatment Dividend: Supply-Side Opioid Restrictions and Medicaid Addiction Treatment,True,untestable,untestable,26ab7fd0c97ff842d1ace9e94025385f6a01aac21ec894c24880c62fce4ee75a,14.22,4.69,5.0,5.0,SUSPICIOUS,False,,0.0438,1,beneficiary outcome direction,0.7999999999999999,0,False,jev-1.13.0,d9044696e0acf6246b4a14f14527434e4414b765c97ddb53a2731cd5f6bddef5,0.0438,,0.0438,1,1,1,1,jev-1.13.0,fdf82a7b54c5bdfd3bd85c9d0d52a26f1903c1fd2e0bdcc28e4798fa31c00241,3546.0,2b4f7bc923098c04152d26912289139c503cb4af04c81bdc300d3c0765437532,,True,True,True,13.0,2021.0,0.11,0.97,2.14,0.11,0.1,0.22,0.06,0.07,0.94,quantity_restriction,0.99,0.14,health,1.0,long_run,0.88,0.04,0.05,health_human_capital,0.56,2.39,0.07,0.13,0.83,low_income,0.96,0.02,0.1,0.3,0.06,-2.0549440700794483
apep_1106_v1,apep_1106,v1,-0.3189,0.2306,-0.0022,0.0016,,0.0068,True,ok,Large negative,Bee share (DiD),binary,DiD,European Union,Western Europe,2026-03-29T15:28:00.573163,2013.0,2022.0,,0.0,7.0,7.0,6.0,False,apep_1106/v1/tables/tabF1_sde.tex,The Uncollected Dividend: EU Neonicotinoid Derogations and Pollinator Populations in Citizen Science Data,True,pass,pass,a2b8b72042139a459ec984138cd5b1c16c4649b855644b2daf654bef51c960f9,9.9,4.21,5.0,5.0,CLEAN,False,,-0.3189,0,measurement qualifier: group_composition,0.61,0,False,jev-1.13.0,2956bcc86264e4155faada6efa53cb83824bb7190cceaddaa818010772735b59,,,0.3189,0,0,0,1,jev-1.13.0,74c3520b9ce63c1cb53e31868253b2bb22b1ab6323b49b6f265a597d85729231,3638.0,47806b0ef04629f779bd3521bd1ec410d651e8b86e7416cd996dd1ba3400b58b,,True,True,True,13.0,2017.5,0.11,0.11,1.66,0.17,0.16,0.94,0.03,0.03,0.84,quantity_restriction,0.86,0.23,environment,1.0,long_run,0.92,0.03,0.06,environment_energy,0.77,1.67,0.07,0.36,0.81,firms_industry,0.83,0.02,0.79,0.11,0.7,-1.4670706711471784
apep_1107_v1,apep_1107,v1,2.024,0.152,0.391,0.029,,0.193,True,ok,Large positive,Log Wages (D11),binary,DiD,Romania,Central & Eastern Europe,2026-03-29T15:15:40.942334,2016.0,2019.0,,0.0,7.0,7.0,5.0,False,apep_1107/v1/tables/tabF1_sde.tex,The Statutory Incidence Irrelevance: Romania's Overnight Payroll Tax Shift and the Composition of Labor Costs,True,pass,pass,2fed08a43bbf2d91d8137db3b2e46409f6839d4ea4b4d9fc01ebe259f4badf56,28.43,2.51,6.0,6.0,SUSPICIOUS,False,,2.024,1,beneficiary outcome direction,0.6,0,False,jev-1.13.0,53dbdd42a9233de69cabe5c31ed37aff2453d3d3a3e5d9bc3d8d50f7465b508c,2.024,,2.024,0,0,1,1,jev-1.13.0,83ecebdd21f433e718f9fda5bbb06372c767353fcc7bcb304d6cb1fec3272f25,2516.0,9fba407582026809da53977b51471bb57feb3523b61f9619d043e743ef1e1045,,True,True,True,13.0,2017.5,0.19,0.97,1.84,0.23,0.7,0.98,0.07,0.18,0.87,price,1.0,0.27,labour_market,0.86,medium_run,0.95,0.52,0.08,labor_income,0.97,3.0,0.16,0.47,0.69,working_age,0.95,0.02,0.02,0.02,0.06,-1.8838747581358606
apep_1108_v1,apep_1108,v1,-0.0048,0.0124,-0.0024,0.006,,0.4862,True,ok,Null,Home values (log ZHVI),binary,DiD,United States,North America,2026-03-29T16:04:38.302187,2020.0,2026.0,,0.0,7.0,7.0,4.0,False,apep_1108/v1/tables/tabF1_sde.tex,The Reshoring Myth: CHIPS Act Investments and the Absence of Local Housing Market Disruption,True,pass,pass,c1562228906b190156534b2599a5586e49e6b66826bb5cebd57936b2ebd8c5d9,19.67,3.4,6.0,6.0,SUSPICIOUS,False,,-0.0048,-1,beneficiary outcome direction,-0.51,0,False,jev-1.13.0,f1630e9f692dfdcf66f572be809046455718ec59d7e885b064dcd2ed3b93aa7c,0.0048,,0.0048,0,0,-1,-1,jev-1.13.0,5e18fa7290dd076e675a419971e7e1f1322f01d3f3e3d6cdb301620f1b4d08c8,2926.0,144865c159627630ba68fca67d8b7afc721dcbeddd265b462409b882dc31f91f,,True,True,True,13.0,2023.0,0.1,0.12,1.81,0.58,0.08,0.14,0.02,0.05,0.19,direct_transfer,0.62,0.7,prices_cost,1.0,long_run,0.49,0.74,0.07,other,0.41,1.74,0.07,0.13,0.84,firms_industry,0.94,0.02,0.02,0.07,0.02,-4.390058806371146
apep_1110_v1,apep_1110,v1,-0.0245,0.0356,-0.207,,,8.45,True,ok,Small negative,Dental decay,continuous,DiD,United Kingdom,Western Europe,2026-03-29T16:38:13.655911,,,,0.0,8.0,8.0,3.0,False,apep_1110/v1/tables/tabF1_sde.tex,No Reformulation Dividend for Dental Inequality: The UK Sugar Tax and Pre-Existing Convergence,True,untestable,untestable,9474fd4ae323c20fd559603b267a6e5564ea7451024f04b6aee663c2e30ef63c,25.16,3.7,5.0,5.0,CLEAN,False,,-0.0245,-1,beneficiary outcome direction,-0.94,0,False,jev-1.13.0,8d77a938e05bd696cab360bbc60be3d416930a0e91e6ad8aed5c2108b4a921ff,0.0245,,0.0245,-1,-1,-1,-1,jev-1.13.0,bcbb5f8d06188f071fd0664e26e8934a82da17e0a604ef487ece28bd81724ba2,4673.0,552950a29763724cd55abdd67f2eb9524550a66fc68e976304cac036c1940554,,True,True,True,13.0,,0.27,0.96,1.69,0.1,0.07,0.05,0.18,0.02,0.04,price,1.0,0.98,health,1.0,long_run,0.95,0.03,0.06,taxation_prices,0.8,2.22,0.09,0.83,0.69,children_youth,0.42,0.02,0.24,0.02,0.03,-3.3354096411241523
apep_1111_v1,apep_1111,v1,-0.0033,0.0038,-0.0071,0.0083,,2.151,True,ok,Null,Total Permits,continuous,DiD,United States,North America,2026-03-29T17:17:06.502225,2010.0,2024.0,,0.0,7.0,7.0,5.0,False,apep_1111/v1/tables/tabF1_sde.tex,The Repricing Retreat: Flood Insurance Reform and Residential Construction,True,untestable,untestable,07ba834ea618c4d1643e3cbbeb2e52e94680b6b3cc0504b92fc6e2157ba92957,18.58,3.59,5.0,5.0,SUSPICIOUS,False,,-0.0033,1,beneficiary outcome direction,0.56,0,False,jev-1.13.0,c8ba9c6bdd75a52c912e8c767881740b926d407430811e0225571bd1c4fc30b1,-0.0033,,0.0033,1,1,1,1,jev-1.13.0,7986838ff1535a9e658771d6d605862da38283a3277b171486dd86c0c1c37ee3,4020.0,8944d1c0df8b5aa447980fdb4d6f244d07c1d7be458cc7773852f668b1fd9838,,True,True,True,13.0,2017.0,0.11,0.97,1.62,0.22,0.11,0.13,0.05,0.04,0.81,price,1.0,0.25,other,0.77,long_run,0.91,0.04,0.06,housing_infrastructure,0.88,2.65,0.06,0.1,0.79,firms_industry,0.74,0.02,0.13,0.91,0.02,-5.572754212249797
apep_1112_v1,apep_1112,v1,-0.0504,0.0425,-0.0203,0.0171,,0.403,True,ok,Moderate negative,Log fare,binary,DiD,United States,North America,2026-03-29T20:28:15.134364,,,,0.0,8.0,8.0,5.0,False,apep_1112/v1/tables/tabF1_sde.tex,The Alliance Ratchet: Persistent Fare Premiums After the Court-Ordered Dissolution of the JetBlue--American Northeast Alliance,True,pass,pass,13c3ce3b3b2af00960eff15c0946eaecadf1df2e93491a12cab05051f035df1c,31.53,2.86,5.0,5.0,SUSPICIOUS,False,,-0.0504,-1,beneficiary outcome direction,-0.57,0,False,jev-1.13.0,e82fec900c9f2d49ab3ca163b4b6f0826467930cb90c8ba95a3d6d06d60ed13f,0.0504,,0.0504,-1,-1,-1,-1,jev-1.13.0,7ff034e8f6b3b42facee093d11afbd18df079a0be5e96db4134b167d3cd165f2,3612.0,f62f95c48b79ae1ffc22d30f071d14f4a87bfb96414d0c075dd825928a50fa2d,,True,True,True,13.0,,0.11,0.95,1.46,0.13,0.62,0.08,0.32,0.06,0.16,enforcement,0.6,0.73,prices_cost,1.0,long_run,0.91,0.31,0.06,regulation_competition,1.0,1.96,0.07,0.11,0.79,firms_industry,0.64,0.02,0.02,0.11,0.02,-3.158251203051766
apep_1113_v1,apep_1113,v1,-0.029,0.014,-0.674,0.327,,23.27,True,ok,Small negative,URM Share,continuous,DiD,United States,North America,2026-03-29T19:25:01.682466,2019.0,2022.0,,0.0,7.0,7.0,6.0,False,apep_1113/v1/tables/tabF1_sde.tex,"The Admissions Illusion: SFFA v. Harvard Changed Who Goes to College, but Not How You Think",True,untestable,untestable,cc47c0d2d0ed21ff01b2c94edbbb15c22d642464fc857fbceafe38b96569b651,20.53,3.14,5.0,5.0,CLEAN,False,,-0.029,0,measurement qualifier: group_composition,0.73,0,False,jev-1.13.0,4db4bb0303c0711a3d52b991696f5584835eb4c9858a9bd38379864881b1f34d,,,0.029,0,0,0,1,jev-1.13.0,e8f2f833d342e97b55ca2213822862143c53789a4d1e893fc755555436e01440,2638.0,9a13fc777cb5cf6eafbd74a2406628e0c1116555571817222da66e85d524d101,,True,True,True,13.0,2020.5,0.08,0.97,1.43,0.26,0.58,0.21,0.05,0.12,0.85,quantity_restriction,0.87,0.12,education,1.0,long_run,0.55,0.03,0.04,health_human_capital,0.92,2.91,0.05,0.08,0.8,children_youth,0.47,0.02,0.06,0.08,0.98,-4.268697949366879
apep_1114_v1,apep_1114,v1,-0.024,0.007,-0.0011,0.0003,,1.249,True,ok,Small negative,Log farm count,continuous,DiD,Netherlands,Western Europe,2026-03-29T19:55:23.663960,2000.0,2025.0,,0.0,7.0,7.0,5.0,False,apep_1114/v1/tables/tabF1_sde.tex,The Selection Illusion: Voluntary Environmental Buyouts and the Appearance of Adverse Selection,True,untestable,untestable,509c38cd4347480768a738703becb97a1fa18a3b7602d5746069b3e5f0fbd18e,29.92,3.13,5.0,5.0,SUSPICIOUS,False,,-0.024,0,insufficient directional evidence,0.1,0,False,jev-1.13.0,d46e7bd79ceeee9cba862af07511e5bbac0856a9714f8503e8f3f8ea85b390db,,,0.024,0,0,0,0,jev-1.13.0,8f3184feb81e0531500d827f861f51af6a7a9fcdc0086f52cfaed883955f8ab8,2428.0,3cd792bc8941f634706ba8accd25cb0122a3f627a67cd9883b1bb771d517109a,,True,True,True,13.0,2012.5,0.14,0.98,2.22,0.72,0.83,0.04,0.53,0.02,0.4,direct_transfer,0.76,0.3,environment,0.56,long_run,0.99,0.03,0.17,environment_energy,1.0,2.0,0.23,0.96,0.7,firms_industry,0.99,0.03,0.08,0.41,0.04,-4.961845129926823
apep_1115_v1,apep_1115,v1,-0.0086,0.017,-0.00088,0.00176,,0.1032,True,ok,Small negative,Visible share,binary,DiD,United States,North America,2026-03-29T20:37:16.006867,2008.0,2013.0,,0.0,7.0,7.0,5.0,False,apep_1115/v1/tables/tabF1_sde.tex,The Enforcement Illusion: Secure Communities and the Absence of Hispanic Industry Reallocation,True,pass,pass,014d2309fd10be764b5e72cba232cc9effd0dc2aae6fc131e01b0514e36c1d5d,21.31,2.64,7.0,7.0,CLEAN,False,,-0.0086,0,measurement qualifier: group_composition,-0.0899999999999999,0,False,jev-1.13.0,f4e9d0e3c67b795d1794cfb83432587767a648abb7d4f1271dd6e432774d4e31,,,0.0086,0,0,0,0,jev-1.13.0,d270fb2736e07f282259269413bea3093327022d024f1954c2b258f1c0a4e0f3,3687.0,d919b1178806cc29906fcd3523cbf16f6e13a868e9c9590d59bc8b9dc7754317,,True,True,True,13.0,2010.5,0.11,0.94,1.85,0.67,0.17,0.15,0.06,0.04,0.4,enforcement,1.0,0.49,labour_market,1.0,long_run,0.72,0.29,0.08,labor_income,0.82,2.05,0.09,0.34,0.84,migrants_minority,0.99,0.02,0.07,0.03,0.95,-4.074541934925921
apep_1120_v1,apep_1120,v1,-0.989,0.132,-0.501,0.067,,0.507,True,ok,Large,log(Employment),binary,DiD,Romania,Central & Eastern Europe,2026-03-30T03:17:12.847785,2008.0,2024.0,,0.0,7.0,7.0,6.0,False,apep_1120/v1/tables/tabF1_sde.tex,"The Exodus Paradox: Emigration, Population Decline, and Per-Capita Gains in Romanian Sending Counties after EU Free Movement",True,pass,pass,366708c10d67453f3bb9f9c4d93e3007b52aa0bb60aed8acb60f7ae6382e51ff,11.62,3.57,5.0,5.0,SUSPICIOUS,False,,-0.989,1,beneficiary outcome direction,0.75,0,False,jev-1.13.0,ac58ff7bbc569445c1a25ed79956fcd4ba55d8052802e1433d75990b25133410,-0.989,,0.989,1,1,1,1,jev-1.13.0,4e6d28b6cfbc9766754fc965c39ae2754330f75caac38a7ba8027b600538b1b3,2314.0,0df8b8c5220dff6b0b36dc9f411af056f363676a46d1dbbb914d71a0c55eb8ea,,True,True,True,14.0,2016.0,0.14,0.97,1.71,0.12,0.18,0.08,0.03,0.04,0.93,quantity_restriction,0.74,0.18,labour_market,1.0,long_run,0.99,0.04,0.07,labor_income,0.69,2.31,0.07,0.13,0.82,working_age,0.7,0.02,0.03,0.02,0.05,-2.0249533563957662
apep_1121_v1,apep_1121,v1,-0.113,0.158,-0.685,0.959,,6.06,True,ok,Moderate negative,Education share,binary,DiD,Switzerland,Western Europe,2026-03-30T10:43:02.865893,1990.0,2024.0,,0.0,7.0,7.0,8.0,False,apep_1121/v1/tables/tabF1_sde.tex,The Proportional Squeeze: Fiscal Rules and the Null Compositional Effect on Swiss Cantonal Spending,True,pass,pass,71c52c04dbde19982a611ee030569f227ef45e8dd429d2eec761de36fc25ccf7,18.98,3.17,7.0,7.0,SUSPICIOUS,False,,-0.113,1,beneficiary outcome direction,0.54,0,False,jev-1.13.0,35ce901a25ab5806012f0c65a5b31f48ea3b069374742f6e8acf774f3541287a,-0.113,,0.113,0,0,0,1,jev-1.13.0,9cc9ae534590c60e19b2e862dff243e63c668fd5fee7f3723d398d61097b5982,1413.0,5b701c4661257e455a0b8ca2d01ab66f7574a15fb4d6348008ea943cb791fb83,,True,True,True,14.0,2007.0,0.19,0.97,1.83,0.7,0.76,0.95,0.06,0.05,0.85,quantity_restriction,0.8,0.31,prices_cost,0.53,long_run,0.79,0.04,0.11,finance_governance,0.98,2.13,0.1,0.86,0.82,general_public,0.76,0.02,0.03,0.11,0.4,-1.8451602459551701
apep_1122_v1,apep_1122,v1,-0.0012,0.0015,-0.0073,0.0089,,1.718,True,ok,Null,Log employment (DDD),continuous,Event Study,United States,North America,2026-03-30T10:31:38.455970,,,,0.0,7.0,7.0,5.0,False,apep_1122/v1/tables/tabF1_sde.tex,The Skill Gradient of Steel Protection: Education-Specific Employment Effects of Section 232 Tariffs on Downstream Manufacturing,True,untestable,untestable,168c2909d59c63eb532883757935b23b381784ab3b5e152de04b1881c4f48493,22.77,2.63,8.0,8.0,SUSPICIOUS,False,,-0.0012,1,beneficiary outcome direction,0.69,0,False,jev-1.13.0,1cf167cda61d6cf667922f25f2f08351a55aa6c6606fac204b2715a8d25888ba,-0.0012,,0.0012,0,1,1,1,jev-1.13.0,e8219eff6252441353bad26409947d998faece2721eb050fb7b2a56b3529fe17,3490.0,ff896dbc06cf5faacbdef331ea239f9774054afffb4ab7a0df65c46fa17e22e8,,True,True,True,14.0,,0.1,0.95,2.1,0.1,0.08,0.08,0.03,0.03,0.96,price,1.0,0.27,labour_market,1.0,medium_run,0.4,0.03,0.07,taxation_prices,0.55,2.34,0.07,0.11,0.73,firms_industry,0.58,0.02,0.03,0.02,0.05,-6.502290170873972
apep_1123_v1,apep_1123,v1,0.2161,0.1192,0.1001,0.0552,,0.463,True,ok,Large positive,Results Reporting Rate,binary,DiD,United States,North America,2026-03-30T10:57:44.425303,2003.0,2015.0,,0.0,7.0,7.0,4.0,False,apep_1123/v1/tables/tabF1_sde.tex,The Registration Effect: Transparency Mandates and Selective Reporting in Clinical Trials,True,pass,pass,6cb7cafa887051f5923be40fb427ed8b9ba4bc95058464f9099dc3c3d9f1c43e,20.84,3.42,6.0,6.0,SUSPICIOUS,False,,0.2161,1,beneficiary outcome direction,0.71,1,True,jev-1.13.0,abb0927235571f8d31efdbb6d93c01d58cab25c1c42c976e29088f1da5a2f5fe,0.2161,0.2161,0.2161,0,0,1,1,jev-1.13.0,11b1898b428d29fc3f0e8413509c2ab2d86d60c2aa58af6188fa351052bae274,423.0,04e1bd6dd134fcc5139755da4d8405cd897a86cef5df6416e852ec74b2dd4b25,,True,True,True,14.0,2009.0,0.09,0.95,1.4,0.15,0.92,0.81,0.05,0.67,0.88,enforcement,0.78,0.17,behaviour_compliance,1.0,long_run,0.81,0.03,0.05,health_human_capital,0.47,2.22,0.05,0.09,0.77,firms_industry,1.0,0.02,0.95,0.77,0.08,-2.1269525243508878
apep_1124_v1,apep_1124,v1,-0.074,0.113,-0.199,0.306,,2.71,True,ok,Moderate negative,Log Fishing Hours,binary,DiD,Multiple countries,Western Europe,2026-03-30T10:36:25.851012,2012.0,2024.0,,0.0,7.0,7.0,5.0,False,apep_1124/v1/tables/tabF1_sde.tex,The Paper Card: EU Fishing Sanctions Reduce Seafood Trade but Not Fishing Effort,True,pass,pass,aba21fb1a58f23da7b4da649da559eb89a7e0b895b01119643cd112aee947b1f,18.5,3.56,5.0,5.0,CLEAN,False,,-0.074,0,insufficient directional evidence,-0.0399999999999999,0,False,jev-1.13.0,11c6b687494114b24e0fadab83c7ce2b41f58aa8452ff315da5dbc79857061b2,,,0.074,0,0,0,0,jev-1.13.0,152d84aed8b35ea97892df218220406a86a21112d995ad140a2c0dfd5c0db2de,4221.0,1a451f59e77c412fc18283be6083afcb27e25807eda145f2b3cbf4b5fa86340a,,True,True,True,14.0,2018.0,0.09,0.06,2.03,0.61,0.21,0.49,0.52,0.03,0.44,enforcement,0.62,0.48,environment,0.61,long_run,0.93,0.03,0.06,regulation_competition,0.92,1.94,0.07,0.57,0.85,firms_industry,1.0,0.02,0.06,0.17,0.03,-2.1803674602697964
apep_1125_v1,apep_1125,v1,-0.0649,0.0262,-0.0737,0.0297,,34.06,True,ok,Moderate negative,Total insolvency rate,continuous,DiD,United Kingdom,Western Europe,2026-03-30T10:35:11.186561,2015.0,2019.0,,0.0,7.0,7.0,6.0,False,apep_1125/v1/tables/tabF1_sde.tex,"Room to Breathe, Not Room to Heal: The UK Debt Respite Scheme and the Insolvency Composition Shift",True,untestable,untestable,d7385a9c9c5c7bf409bee47168425b91e60f968b1118b47e27c3e58f610be1d0,17.9,3.22,6.0,6.0,SUSPICIOUS,False,,-0.0649,-1,beneficiary outcome direction,-0.87,-1,True,jev-1.13.0,650d771382747c6188096acabc188dca2ce209c2e60287b6b71a2a35ecdab9f2,0.0649,0.0649,0.0649,-1,-1,-1,-1,jev-1.13.0,8c552737679c25a54bf7ca5e425f7248f705e8259be3ea70359e3379a1d6474f,1573.0,8da7c7226e21a3bac593cace9ce5a095bf0ad62a84cd14894e84d77233eaf6d5,,True,True,True,14.0,2017.0,0.11,0.98,1.36,0.32,0.48,0.04,0.83,0.03,0.04,enforcement,0.98,0.91,other,0.52,long_run,0.37,0.03,0.09,finance_governance,0.99,1.58,0.06,0.1,0.71,low_income,0.68,0.02,0.56,0.44,0.12,-3.6419958682150857
apep_1126_v1,apep_1126,v1,-0.023,0.0561,-0.748,1.825,,32.54,True,ok,Small,Drug arrest rate,binary,DiD,United States,North America,2026-03-30T11:39:39.858479,2014.0,2023.0,18192.0,0.0,8.0,8.0,1.0,False,apep_1126/v1/tables/tabF1_sde.tex,No Enforcement Externality: Drug Arrest Spillovers from Canada's Cannabis Legalization in US Prohibition Counties,True,pass,pass,ff18d5bffac1df52818f13163defe88b14b179ca7e0a7d4b7e678819b9a59978,13.99,3.13,6.0,6.0,CLEAN,False,,-0.023,0,measurement qualifier: administrative_detection,-0.53,0,False,jev-1.13.0,6c7d98e962add6d7cc4553f14e8bea104ab8cb545b0df38f899b581ac7779ad9,,,0.023,0,0,0,-1,jev-1.13.0,f09534be2aa450f2eed7bcd962ae9cfc348754a4cf5ce4a42a4000b8563c957b,2614.0,8d93c708ad2f5c784cb8a2d366df10f4a2f3ff7e716dc3db645c2fe4dec67984,,True,True,True,14.0,2018.5,0.11,0.92,1.81,0.55,0.1,0.45,0.04,0.04,0.06,enforcement,0.44,0.59,crime_safety,1.0,long_run,0.65,0.03,0.07,regulation_competition,0.63,2.61,0.11,0.16,0.81,general_public,0.83,0.02,0.99,0.72,0.04,-2.8806194664534863
apep_1127_v1,apep_1127,v1,-1.294,0.381,-1.178,0.347,,0.911,True,ok,Large negative,"IHS(Quakes M2.5+), CS",binary,DiD,United States,North America,2026-03-30T11:10:43.094654,2015.0,2017.0,9072.0,0.0,7.0,7.0,3.0,False,apep_1127/v1/tables/tabF1_sde.tex,The Regulatory Ratchet: How Injection Well Directives Ended Oklahoma's Earthquake Crisis,True,pass,pass,efe054d543b65c82f01cf4e79b04e615413f4d02e695225e1d8f49915462c2be,32.2,2.67,6.0,6.0,SUSPICIOUS,False,,-1.294,-1,beneficiary outcome direction,-0.8300000000000001,0,False,jev-1.13.0,d845dc5ed62061242ba0300cbb27986d2dba04a3d5af28d70c1d1504a10281ef,1.294,,1.294,-1,-1,-1,-1,jev-1.13.0,904d265e032b1f707b2f808557ba9ef4aa37aef234ea425c760c9f7ba0bfc748,2567.0,b91ef22392febf1fbc81c3ae4b8ddb819a6ae899b74cd8c58e53f7d9f4c56a4d,,True,True,True,14.0,2016.0,0.15,0.93,2.15,0.18,0.29,0.28,0.49,0.03,0.07,quantity_restriction,1.0,0.9,environment,0.95,long_run,0.93,0.03,0.1,environment_energy,0.83,1.73,0.11,0.66,0.8,firms_industry,0.98,0.02,0.24,0.26,0.02,-0.9649559038554361
apep_1128_v1,apep_1128,v1,-0.0342,0.0504,-0.0044,0.0065,,0.1284,True,ok,Small negative,Separation Rate,binary,DiD,United States,North America,2026-03-30T11:16:31.700487,2016.0,2023.0,,0.0,7.0,7.0,6.0,False,apep_1128/v1/tables/tabF1_sde.tex,The Bargaining Dividend: Non-Compete Bans Raise Black Earnings Without Increasing Turnover,True,pass,pass,486ff8a845e1b60a83e35836d86d3d9e07b0c4a66a68643a97b269623cb93b15,25.15,2.98,5.0,5.0,SUSPICIOUS,False,,-0.0342,0,insufficient directional evidence,-0.1099999999999999,0,False,jev-1.13.0,d3c09ccb42ec411eed145f195d856d94e244b33038f11a4380db2a40d915468b,,,0.0342,0,0,0,0,jev-1.13.0,3921e0737160f0ff34c5e8e02051e012b10c9951dfb24ce8cb967851ede75f47,1683.0,824eba6094c0df590e6b850669e35576367fa9b5c779af678b60ebf90dd1f978,,True,True,True,14.0,2019.5,0.13,0.98,2.23,0.68,0.26,0.47,0.15,0.08,0.4,enforcement,0.51,0.51,labour_market,1.0,long_run,0.68,0.28,0.14,labor_income,0.75,1.9,0.65,0.38,0.78,working_age,0.55,0.02,0.08,0.06,0.15,-2.987764103904814
apep_1129_v1,apep_1129,v1,-0.0719,0.0413,-6.445,3.707,,22.755,True,ok,Moderate negative,Pills per capita,continuous,IV,United States,North America,2026-03-30T11:20:16.585222,2006.0,2012.0,,0.0,7.0,7.0,3.0,False,apep_1129/v1/tables/tabF1_sde.tex,The Competitive Flood: Distributor Market Structure and the Geography of Opioid Supply,True,untestable,untestable,6df965e674d0922422882ce31d09fa4667b989756d71a82290f43a9eb608051a,32.15,2.93,5.0,5.0,SUSPICIOUS,False,,-0.0719,-1,beneficiary outcome direction,-0.67,0,False,jev-1.13.0,da4060d7f68b29f7fda085de8ef17cc8cdc3948663b67028f0d58fa0d13ae128,0.0719,,0.0719,0,0,-1,-1,jev-1.13.0,dd69d55d31836c7ed44422a682b5f4cd0b42648c6f0096469ebb59da3be04d6e,3452.0,5fa8320b823c981475eba952f91f8af6a10b788e038db0a28dc6da002864d8cd,,True,True,True,14.0,2009.0,0.12,0.97,2.96,0.51,0.6,0.21,0.04,0.03,0.12,other,0.83,0.79,health,1.0,long_run,0.84,0.03,0.06,regulation_competition,0.92,1.06,0.06,0.12,0.7,general_public,0.63,0.02,0.06,0.37,0.04,-3.18689277901515
apep_1130_v1,apep_1130,v1,-0.0686,0.2021,-0.125,0.3682,,1.8217,True,ok,Moderate negative,Log SB procurement,binary,DiD,United States,North America,2026-03-30T11:30:23.447335,,,,0.0,7.0,7.0,6.0,False,apep_1130/v1/tables/tabF1_sde.tex,The Crowding-Out Gradient: SBA Size Standard Increases and Geographic Procurement Concentration,True,pass,pass,6a86c6e488da3341f89cd47bc3dbadb87fdf2a94d0c570387cfc01ba4772618b,13.22,3.54,5.0,5.0,CLEAN,False,,-0.0686,1,beneficiary outcome direction,0.5900000000000001,0,False,jev-1.13.0,46cdc6ac04e09ba6636195d88aeb864c413cfcc48b0f2f7a9d19e7fdba47c083,-0.0686,,0.0686,0,0,1,1,jev-1.13.0,200478da754579bf7bf169e250f0bc52d05ef3d919587dca60b8b42ce5f09923,2668.0,6e4690f3c0ab99941c50ccbfb7eb3479cc2df6e7e1873351d14cd1c4326f9f0c,,True,True,True,14.0,,0.11,0.96,1.87,0.3,0.21,0.89,0.05,0.26,0.81,public_provision,0.52,0.22,prices_cost,0.43,long_run,0.73,0.74,0.06,regulation_competition,0.97,1.91,0.07,0.14,0.8,firms_industry,1.0,0.02,0.06,0.8,0.18,-1.5989926545725617
apep_1131_v1,apep_1131,v1,1.457,1.676,10.96,,1.11,8.4,True,ok,Large positive,Timeliness (leq14d),continuous,IV,United States,North America,2026-03-30T11:49:45.819011,2006.0,2012.0,,0.0,8.0,8.0,3.0,False,apep_1131/v1/tables/tabF1_sde.tex,The Hollow Safety Net: Administrative Capacity Erosion and UI Payment Delays During the Great Recession,True,pass,untestable,0b96b83caa491ad6adfe67680378b7f9691da98110afa58f3834bba8cee7e6f9,21.23,4.02,6.0,6.0,CLEAN,False,,1.457,1,beneficiary outcome direction,0.5399999999999999,0,False,jev-1.13.0,28678fa7fd0d5fb843d0d5549d01624d4e1e4fc138cd94e80391c40c8b5aed68,1.457,,1.457,1,1,1,1,jev-1.13.0,21d61a01614d768c7767e93153ce8f63fe96d0331538f917da84495c2800ce6e,2472.0,42bd5427ceecafc5d27b63c42d6e782744706e1fddfa8c2750a827c2ece04d9d,,True,True,True,14.0,2009.0,0.12,0.98,2.99,0.06,0.75,0.07,0.06,0.08,0.94,direct_transfer,0.46,0.4,administrative_process,0.99,short_run,0.7,0.03,0.07,labor_income,1.0,1.58,0.09,0.96,0.71,unemployed,1.0,0.02,0.11,0.57,0.11,0.5164100020598913
apep_1132_v1,apep_1132,v1,-1.032,0.29,-1.871,0.525,,1.812,True,ok,Large negative,Complaint rate,binary,DiD,United Kingdom,Western Europe,2026-03-30T11:41:29.047398,,,,0.0,7.0,7.0,6.0,False,apep_1132/v1/tables/tabF1_sde.tex,The Loyalty Penalty Ban: Consumer Complaints and Insurer Pricing after the UK's Price-Walking Reform,True,pass,pass,19706232ebedf977f9c36b1fe2f6c56a640002e19a973bb09c082a14c361425e,11.56,3.38,5.0,5.0,SUSPICIOUS,False,,-1.032,-1,beneficiary outcome direction,-0.77,0,False,jev-1.13.0,6bce1843c0916fc0ef3a183d12d3b7301da63c094300b96f3d9fe271af4f95ff,1.032,,1.032,-1,-1,-1,-1,jev-1.13.0,8605d14a43fa8241246c4d4ab174154fd7dce50aac8f0a3097c1e8686aaa7d29,2800.0,54f0f38d79c422ddf3757378c7aae8435388f4e48ff2e33c5acc0c1386388a0c,,True,True,True,14.0,,0.48,0.98,1.75,0.34,0.1,0.89,0.25,0.08,0.06,price,0.87,0.83,administrative_process,0.48,medium_run,0.45,0.03,0.07,regulation_competition,0.86,2.83,0.15,0.89,0.52,general_public,0.82,0.03,0.86,0.81,0.06,-1.2378743560016174
apep_1133_v1,apep_1133,v1,-0.0032,0.0053,-0.0007,0.0011,,1.8456,True,ok,Null,log(Days Away + 1),continuous,IV,United States,North America,2026-03-30T11:55:09.031839,2000.0,2025.0,,0.0,7.0,7.0,6.0,False,apep_1133/v1/tables/tabF1_sde.tex,The Tenure Shield: Mine-Specific Experience and Workplace Injury Risk,True,untestable,untestable,1e975bef6165cc4fcfc83786c0af3983ae304deb3e9d12ead8d049bf476156b4,20.56,3.34,5.0,5.0,CLEAN,False,,-0.0032,-1,beneficiary outcome direction,-0.8899999999999999,0,False,jev-1.13.0,200a079a6cb81e48d8d40e7eb161a8ddabd638b3c2f9f731b01d4980ead123d3,0.0032,,0.0032,-1,-1,-1,-1,jev-1.13.0,dd38da9300f99398c041eba60645295e1d75bda0cf7066246f567d48a162a523,3039.0,ddee3e12f333d0cfd9bfd3832d1131f59a59ba07223914fa9c06e9c5e18d2258,,True,True,True,14.0,2012.5,0.11,0.98,0.47,0.12,0.35,0.09,0.09,0.05,0.05,information,0.7,0.94,crime_safety,0.98,unclear,0.31,0.03,0.04,regulation_competition,0.62,1.52,0.06,0.1,0.73,working_age,0.57,0.02,0.03,0.05,0.01,-5.240048458424061
apep_1134_v1,apep_1134,v1,0.039,0.019,287.3,135.5,,7311.0,True,ok,Small positive,Renewable generation,binary,DiD,Germany,Western Europe,2026-03-30T11:55:50.517525,2019.0,2024.0,,0.0,7.0,7.0,5.0,False,apep_1134/v1/tables/tabF1_sde.tex,The Paper Cliff: Subsidy Clawback Thresholds and the Limits of Generator Incentives in Renewable Electricity Markets,True,pass,pass,64d6216578ea3647ac87c457e473d6f7c622d02d5b333ff78f40e1ddae9ccccf,15.44,3.69,7.0,7.0,CLEAN,False,,0.039,1,beneficiary outcome direction,0.55,-1,False,jev-1.13.0,34d28116a2cd950a59f4cb4fd36bbbe1aa7bb012b6b1c731d669ab95791dec70,0.039,-0.039,0.039,0,1,1,1,jev-1.13.0,b02430f7e3eebbb54401c119825093405e70044b1ab9c3732219f5b0765675bf,3761.0,d163e1d8d0f011c099420632f2364b4e44acb1268f4231370f06cdd6bae9ebf2,,True,True,True,14.0,2021.5,0.11,0.16,1.32,0.44,0.7,0.28,0.68,0.21,0.81,price,0.99,0.26,environment,1.0,medium_run,0.23,0.03,0.09,environment_energy,0.91,1.66,0.1,0.1,0.57,firms_industry,1.0,0.02,0.03,0.06,0.04,-3.9633162998156966
apep_1135_v1,apep_1135,v1,-0.088,0.014,-0.142,0.022,,1.61,True,ok,Moderate negative,Employment (log),binary,DiD,United States,North America,2026-03-30T12:11:23.475448,2015.0,2017.0,,0.0,7.0,7.0,6.0,False,apep_1135/v1/tables/tabF1_sde.tex,The Waste Wall: China's National Sword and the Collapse of US Recycling Employment,True,pass,pass,a67818c5fea32d7bfc9abed35294fd46631625a50f638ca1f382270840c2d91f,26.26,2.61,6.0,6.0,SUSPICIOUS,False,,-0.088,1,beneficiary outcome direction,0.77,0,False,jev-1.13.0,880137afbb998c792997850f84f0ee5b527d0f83839ff489356ef936b7bef6d2,-0.088,,0.088,1,1,1,1,jev-1.13.0,6156a71a9a03f9adb1ac57959bf9b9a0a7062719145ff6afbad65f769a1c3461,2786.0,e150cd0ced0735a6407b622969800de30718213eff054b9a3381016330bcab57,,True,True,True,14.0,2016.0,0.1,0.96,1.42,0.07,0.13,0.2,0.06,0.03,0.97,quantity_restriction,1.0,0.2,labour_market,1.0,long_run,0.94,0.09,0.06,regulation_competition,0.84,2.99,0.07,0.11,0.83,firms_industry,0.99,0.02,0.02,0.02,0.04,-4.268697949366879
apep_1136_v1,apep_1136,v1,-2.718,0.431,-0.228,0.036,,0.084,True,ok,Large negative,Log gap (CC/PL),binary,DiD,United Kingdom,Western Europe,2026-03-30T12:12:49.350117,,,,0.0,7.0,7.0,6.0,False,apep_1136/v1/tables/tabF1_sde.tex,The Persistence Penalty: Forced Deleveraging and Repricing in UK Credit Card Markets,True,pass,pass,3818a45990889daacd2082b0daf7530bf8489d0461564316745c75a74a99fcb0,20.62,3.36,7.0,7.0,CLEAN,False,,-2.718,-1,beneficiary outcome direction,-0.2399999999999999,0,False,jev-1.13.0,b29b95bcc8851d9040ecc9ffc61ba9380b2c403c4fd5899314cedbf8a6265750,2.718,,2.718,0,0,0,-1,jev-1.13.0,84c783513af53f638af56063f6a227f25da61c8719e6f48e3726bc55c7f93bbb,2290.0,c2cd35f17a4b47859633467419c1f41919680e254a41b5129d3f880da7639133,,True,True,True,14.0,,0.12,0.97,1.36,0.51,0.3,0.78,0.23,0.14,0.33,enforcement,0.71,0.57,other,0.47,long_run,0.95,0.6,0.09,finance_governance,0.99,2.06,0.07,0.17,0.49,general_public,0.44,0.02,0.03,0.23,0.16,-0.8416471888783893
apep_1143_v1,apep_1143,v1,-0.0265,0.018,-0.045,0.03,,1.68,True,ok,Small,"ln(farmland), TWFE",binary,DiD,United States,North America,2026-03-30T12:52:33.989272,2001.0,2023.0,,0.0,7.0,7.0,6.0,False,apep_1143/v1/tables/tabF1_sde.tex,The Solar Footprint: A Bounded Null on Route-Level Farmland Bird Decline Near Utility-Scale Solar Installations,True,pass,pass,f1563ea1ed360c47e6761bcee72b67a18099ed48e92f6daad70021adfa452202,14.64,3.49,6.0,6.0,SUSPICIOUS,False,,-0.0265,1,beneficiary outcome direction,0.4299999999999999,0,False,jev-1.13.0,1b0d22f4709684827506b80f2695eda0f37e771a94cbc2790e53996a302117a3,-0.0265,,0.0265,0,0,1,1,jev-1.13.0,2ca2e8862be696a4ae8c16ab5db8a3c6c4c9c62470f91fa23cf871af61269275,1561.0,aa18ef5943270ba0818bc1835a740e10a4c1a98b666c0f29dcbf5c589fe96967,,True,True,True,14.0,2012.0,0.14,0.77,1.93,0.14,0.25,0.23,0.04,0.03,0.71,infrastructure,0.96,0.28,environment,0.99,long_run,0.76,0.03,0.76,environment_energy,1.0,1.61,0.9,0.83,0.84,none,0.61,0.02,0.56,0.04,0.03,-4.017383521085972
apep_1144_v1,apep_1144,v1,-0.0145,0.0362,-0.0175,0.0437,,1.207,True,ok,Small,Employment (t+1),binary,IV,,,2026-03-30T14:43:17.618269,,,,0.0,7.0,7.0,5.0,False,apep_1144/v1/tables/tabF1_sde.tex,"The Patent Payroll Illusion: Examiner Leniency, Patent Grants, and Local Employment",True,pass,pass,a6ed647bf2f6247486bc78456bc49dda25febe1c705f3ff71dae8e3f0bc62400,27.52,2.85,5.0,5.0,SUSPICIOUS,False,,-0.0145,1,beneficiary outcome direction,0.79,0,False,jev-1.13.0,327331f5b0c612835b52b79f8be4865cd6ab4ecabaecdd18dc52c12168429b22,-0.0145,,0.0145,0,1,1,1,jev-1.13.0,51f47df86f884400766bc8c156fc0610e0c3d9157c9f4e7f646cdeea93fdd18c,2828.0,8acdbd01bd848246211fd9144d66cf5ce0891d845ed2cda8f4c382cb5e6df417,,True,True,True,14.0,,0.08,0.47,0.0,0.07,0.24,0.39,0.02,0.04,0.97,other,0.94,0.18,labour_market,1.0,short_run,0.46,0.06,0.14,labor_income,1.0,0.05,0.09,0.08,0.83,none,0.47,0.22,0.03,0.03,0.04,-3.3186961601504117
apep_1146_v1,apep_1146,v1,0.201,0.087,0.0809,0.0352,,0.403,True,ok,Large positive,|New MoM|,binary,DiD,China,East Asia,2026-03-30T15:43:52.935426,,,,0.0,7.0,7.0,6.0,False,apep_1146/v1/tables/tabF1_sde.tex,Lumpy Signals: How Batched Land Auctions Increased Housing Price Volatility in China,True,pass,pass,f21c1577c58eee503d07432d0a565ffa0661141f43e45b5435f9be7a045f476d,21.67,3.27,5.0,5.0,CLEAN,False,,0.201,-1,beneficiary outcome direction,-0.67,0,False,jev-1.13.0,3d089d19ebd00454e8f6636c571eb8cd20bc0a411bf2bb08efdc7b144518584f,-0.201,,0.201,0,0,-1,-1,jev-1.13.0,95a272f3a8cde4115d5ad7cc37571d9523625add031547773489240d81524326,3228.0,50b4c98e9fd7336675802fa63729933559c63d9712f64c7b30ef16b685e8edae,,True,True,True,14.0,,0.12,0.8,1.5,0.33,0.14,0.12,0.1,0.06,0.11,quantity_restriction,0.63,0.78,prices_cost,1.0,medium_run,0.6,0.05,0.04,housing_infrastructure,0.98,1.86,0.06,0.18,0.74,firms_industry,0.56,0.02,0.02,0.05,0.02,-2.4418471603275536
apep_1147_v1,apep_1147,v1,-0.0449,0.0974,-0.012,0.026,,0.267,True,ok,Small negative,Log earnings (all),binary,DiD,United States,North America,2026-03-30T15:53:00.848575,2005.0,2023.0,,0.0,7.0,7.0,6.0,False,apep_1147/v1/tables/tabF1_sde.tex,The Union Shield That Wasn't: Right-to-Work Laws and the Racial Earnings Gap,True,pass,pass,d82cd938e5525d862f2127f625a0f127bd4b6a6f02d08c75d866bbb422ce0bee,13.07,2.87,6.0,6.0,CLEAN,False,,-0.0449,1,beneficiary outcome direction,0.8999999999999999,0,False,jev-1.13.0,e6b16dcbb3ae96a4bb5288d92d32eff6a51570287dc99161ce689725c6f244bd,-0.0449,,0.0449,1,1,1,1,jev-1.13.0,59bdc7f34117c2f2450b4c0f0abe923e0dfa4f0cb2ce4dcecab628a0035e7b98,2057.0,57fafbbcd27c28a534736239a6fd7bad324d9dfd271658b77cf3f9b729425324,,True,True,True,14.0,2014.0,0.1,0.93,1.99,0.05,0.21,0.93,0.04,0.04,0.97,other,0.44,0.07,labour_market,0.51,long_run,0.64,0.37,0.06,labor_income,1.0,1.98,0.06,0.11,0.79,migrants_minority,0.54,0.02,0.02,0.01,0.02,-2.3289290683336477
apep_1149_v1,apep_1149,v1,-0.004,0.004,-0.038,0.042,,1.692,True,ok,Null,Total pills (log),continuous,DiD,United States,North America,2026-03-30T15:54:27.474316,2006.0,2007.0,,0.0,7.0,7.0,6.0,False,apep_1149/v1/tables/tabF1_sde.tex,The Waterbed Effect: DEA Distributor Enforcement and the Resilience of Opioid Supply Chains,True,untestable,untestable,c2e0259b83bffac7f3988ca9a8d7c4a1637f3f6c082a5db55d9e607c3e832495,24.36,2.67,5.0,5.0,CLEAN,False,,-0.004,-1,beneficiary outcome direction,-0.55,0,False,jev-1.13.0,5d42b8846a0aa80f40df2d0a167c88b61c2d0489a76e530cba8136c356a2723d,0.004,,0.004,0,0,-1,-1,jev-1.13.0,5a2b4f75971332f0c5ecd66d3bb2491af962602ce4a402274d3e26cb052fe6c5,3813.0,19affd544cb3a07d1753de9bb9a9ed46d669785ba05c602945e3b0096f609e27,,True,True,True,14.0,2006.5,0.14,0.97,1.46,0.52,0.3,0.28,0.4,0.03,0.13,enforcement,0.96,0.68,health,0.92,long_run,0.39,0.04,0.08,regulation_competition,0.92,1.69,0.09,0.14,0.7,firms_industry,0.95,0.02,0.07,0.52,0.03,-5.521460917862246
apep_1152_v1,apep_1152,v1,0.0376,0.0761,0.0078,0.0158,,0.2077,True,ok,Small,Generator Retirement,binary,DiD,United States,North America,2026-03-30T16:33:33.983428,2015.0,2023.0,,0.0,7.0,7.0,3.0,False,apep_1152/v1/tables/tabF1_sde.tex,The Composition Illusion: Why 100\% Clean Energy Standards Appear to Accelerate Coal Retirement but Don't,True,pass,pass,3f8defa4f19aaa4408fcfb77a0f505c8add800ae8ef22226ba1137da32eb3317,27.04,3.24,5.0,5.0,SUSPICIOUS,False,,0.0376,0,insufficient directional evidence,-0.21,0,False,jev-1.13.0,25be21b7f5330d1ca9326e97523ff5388e256c8b61e761746eaa499f4377d6de,,,0.0376,0,0,0,0,jev-1.13.0,4b83cd9fdf59de08555d1675b6fa2aa94158359045352da545bf234bf8e97010,3041.0,231ebd7c23521c80071015a52d6229f72b4b9ef4119262e91c7c14e4b6f7ef01,,True,True,True,14.0,2019.0,0.83,0.96,2.08,0.65,0.22,0.63,0.2,0.33,0.32,quantity_restriction,0.73,0.53,environment,0.96,long_run,0.88,0.03,0.06,environment_energy,1.0,2.01,0.07,0.4,0.82,firms_industry,1.0,0.02,0.04,0.18,0.04,-2.575707014114497
apep_1154_v1,apep_1154,v1,-0.1722,0.0727,-0.2152,0.0908,,1.25,True,ok,Large negative,Log firm births,binary,DiD,European Union,Western Europe,2026-03-30T16:45:19.987894,2008.0,2022.0,,0.0,7.0,7.0,5.0,False,apep_1154/v1/tables/tabF1_sde.tex,The Implementation Gap: How Late Transposition of EU Directives Suppresses Firm Entry,True,pass,pass,b06b2f6b78a99fb8d7cd6b952ebca05f28c24fda581421d62f71b395dd34914d,23.63,3.05,5.0,5.0,SUSPICIOUS,False,,-0.1722,1,beneficiary outcome direction,0.74,0,False,jev-1.13.0,61c7bcfcd2256a4e89e57e620c851abd0efbbd5a8f47177153b1a9567dd50552,-0.1722,,0.1722,1,1,1,1,jev-1.13.0,a0a4188edf4a7f5536bec167938fdffb633ab5c2aeaa807cb7dd6e1fc3b275f7,2658.0,1a49c46de3ab4fe637e48a31458362ef0898c4e85a0c6e9bc9ac0dee412cd876,,True,True,True,14.0,2015.0,0.08,0.96,1.39,0.17,0.2,0.85,0.04,0.05,0.86,other,0.6,0.12,labour_market,1.0,long_run,0.71,0.03,0.04,regulation_competition,1.0,1.32,0.06,0.26,0.77,firms_industry,1.0,0.02,0.08,0.49,0.07,-2.6214138944426635
apep_1155_v1,apep_1155,v1,-0.1004,0.0357,-0.519,,1.0,5.165,True,ok,Moderate negative,Hom. rate,continuous,DiD,El Salvador,Other / not stated,2026-03-30T17:03:38.021362,2002.0,2007.0,,0.0,8.0,8.0,4.0,False,apep_1155/v1/tables/tabF1_sde.tex,The Truce Illusion: Gang Cease-Fires and the Geography of Violence in El Salvador,True,pass,untestable,9f01813120fd15e0d4ad86241499c7b6fab7ada415a12a01c97770222bdbcec3,25.55,3.11,5.0,5.0,CLEAN,False,,-0.1004,-1,beneficiary outcome direction,-0.91,0,False,jev-1.13.0,d6eb0da395069cdb8f5fea0c8b940ce98205c608ef03bdc1d91b26500cb7c7a2,0.1004,,0.1004,-1,-1,-1,-1,jev-1.13.0,d5b44dc05bdad26f005ebdfffde6580fd890a5daa06f097c001e91a6398966a5,2533.0,1190dac999de0c3c26347611737e87928ae1210c41ea4cb73babaa1aa5be776d,,True,True,True,14.0,2004.5,0.18,0.91,1.32,0.11,0.56,0.04,0.18,0.03,0.06,other,0.52,0.97,crime_safety,1.0,long_run,0.95,0.02,0.09,finance_governance,0.92,2.48,0.1,0.16,0.84,general_public,0.98,0.02,0.08,0.05,0.02,-3.3326045901965435
apep_1156_v1,apep_1156,v1,0.201,0.044,0.366,0.08,,1.823,True,ok,Large positive,Domestic violence,binary,DiD,Mexico,North America,2026-03-30T16:38:24.291320,,,,0.0,7.0,7.0,6.0,False,apep_1156/v1/tables/tabF1_sde.tex,The Reporting Dividend: Gender Violence Alerts and the Visibility of Domestic Abuse in Mexico,True,pass,pass,0ff9181e501fb019ad86f8a5c3dcc436eac680eb533688b2542b527d05bf402c,29.77,2.78,6.0,6.0,SUSPICIOUS,False,,0.201,0,measurement qualifier: administrative_detection,-0.43,-1,False,jev-1.13.0,5d6ba2fd7e64c338176e6c39efe699fa605ae72fc76d500170b5cfb7248286ca,,-0.201,0.201,0,0,0,0,jev-1.13.0,e37360557380c664968edfc4b3a0e434a8513e733fbae3e92f38b79cc4dd6482,4310.0,f21a6083626cbf37bbf2e85c9fc32f37c28ce8ed8db62248ba4aad5f374ca824,,True,True,True,14.0,,0.12,0.97,1.71,0.77,0.39,0.17,0.55,0.06,0.35,public_provision,0.98,0.78,crime_safety,0.99,long_run,0.96,0.03,0.06,finance_governance,0.59,2.0,0.07,0.09,0.87,general_public,0.59,0.02,0.93,0.4,0.03,-3.123565645063876
apep_1157_v1,apep_1157,v1,0.0023,0.0444,0.024,0.471,,10.6,True,ok,Null,Overall IMR,binary,DiD,Mexico,North America,2026-03-30T16:50:54.198118,2002.0,2005.0,,0.0,7.0,7.0,6.0,False,apep_1157/v1/tables/tabF1_sde.tex,What Saves Infants? Cause-Specific Mortality and Mexico's Universal Health Insurance,True,pass,pass,326fc286e7174aacbe3671210194cb719aee33e1b54c558543df91231ade3a2e,26.58,3.06,5.0,5.0,SUSPICIOUS,False,,0.0023,-1,beneficiary outcome direction,-0.91,0,False,jev-1.13.0,34d71f1065eced6c851ab87b62d650a0b860bbfe0dcc2a2a81801c100f36d44f,-0.0023,,0.0023,-1,-1,-1,-1,jev-1.13.0,7ffa5d65fe16dc3ed5bd9c2a8a28dcad96265d0fa00e861a45a7806d0cde562f,3604.0,ac12f44b6e7faaf539849755eaf2e2fce10334a23914c662b61741e7562e38c8,,True,True,True,14.0,2003.5,0.15,0.98,2.14,0.07,0.15,0.14,0.42,0.09,0.07,public_provision,0.72,0.98,health,1.0,long_run,0.87,0.03,0.06,health_human_capital,1.0,2.34,0.1,0.14,0.79,low_income,0.91,0.02,0.04,0.02,0.02,-3.114515809543958
apep_1161_v1,apep_1161,v1,-0.146,0.045,-0.0045,0.0014,,0.031,True,ok,Moderate negative,MOT failure rate,binary,DiD,United Kingdom,Western Europe,2026-03-30T20:39:40.352842,2017.0,2023.0,,0.0,8.0,8.0,6.0,False,apep_1161/v1/tables/tabF1_sde.tex,The Compliance Upgrade: Low Emission Zones and the Hidden Safety Dividend from Fleet Renewal,True,pass,pass,31bb5c51e2642de367b146758fa0cdae9ea76bbf113d76b73f5992938548bbd9,31.64,2.59,5.0,5.0,SUSPICIOUS,False,,-0.146,-1,beneficiary outcome direction,-0.8699999999999999,0,False,jev-1.13.0,7c82aaa5126434c7265e91536fc1627365b811d27def0bbb8273c4b18069280c,0.146,,0.146,-1,-1,-1,-1,jev-1.13.0,278da96fa08abb6542278f3ed483e5304f5d9a8f07303b43b61bbacac95c2ada,2486.0,6d9202062ce473c2651d4f0a84676e376e5343c626a241257fa4b233f981de9c,,True,True,True,14.0,2020.0,0.12,0.96,1.98,0.12,0.12,0.1,0.14,0.04,0.07,price,1.0,0.94,crime_safety,0.58,long_run,0.63,0.03,0.05,environment_energy,0.92,2.06,0.07,0.16,0.8,general_public,0.55,0.02,0.48,0.3,0.09,-3.101092789211817
apep_1162_v1,apep_1162,v1,-0.0109,0.0113,-0.0221,0.0229,,2.018,True,ok,Small negative,Log empl.,binary,DiD,Belgium vs,Western Europe,2026-03-30T20:40:34.727272,2016.0,2018.0,,0.0,8.0,8.0,4.0,False,apep_1162/v1/tables/tabF1_sde.tex,"Cheaper Labor, Same Jobs: Evidence from Belgium's Record Employer Payroll Tax Cut",True,pass,pass,301caa57bb234d5381894f41da060a7689a1b7a24f5c6920d93dc81b8d31ae36,14.44,4.21,5.0,5.0,CLEAN,False,,-0.0109,1,beneficiary outcome direction,0.73,0,False,jev-1.13.0,da2b588c4c2cf9f9199c98044628cd92ae32c1cfe3b491429ecaac5ed28679fe,-0.0109,,0.0109,1,1,1,1,jev-1.13.0,7e3a46c3d09f4521308adac84b3752452f7245d5995e773d51babf1bfb978e5d,3097.0,84df257816e79803313408dbe2895a8d8b97eb2a4bd38db1bd7836d6bab149fb,,True,True,True,14.0,2017.0,0.11,0.97,2.33,0.13,0.23,0.93,0.22,0.49,0.93,price,1.0,0.2,labour_market,1.0,long_run,0.48,0.04,0.87,labor_income,0.89,2.57,0.92,0.63,0.73,firms_industry,1.0,0.02,0.05,0.02,0.04,-4.482952553263842
apep_1164_v1,apep_1164,v1,-0.2181,0.2814,-0.31,0.4,,5.91,True,ok,Large negative,Employment Rate,continuous,DiD,Colombia,Latin America,2026-03-30T20:50:02.063506,2015.0,2024.0,,0.0,7.0,7.0,5.0,False,apep_1164/v1/tables/tabF1_sde.tex,"The Regularization Illusion: Mass Legalization, Formalization, and the Null Labor Market",True,untestable,untestable,a7c2c50bbadc77e23259cf2d75cd54660a35ed9c519e682a4d0b93c5577b8d9c,18.29,4.24,5.0,5.0,SUSPICIOUS,False,,-0.2181,1,beneficiary outcome direction,0.86,0,False,jev-1.13.0,61742172a0e7a9172118808bf60275388255aedc7a6e8612d63a556e37444f42,-0.2181,,0.2181,1,1,1,1,jev-1.13.0,72e093e611c2dd4b00123c758694e9bd673c60db9620d1379a3aa5b712ac3e15,4482.0,fa3992211b3eb3bb4a92bba3611533d0ce25f4d0e213e53d15cedf0cb0119287,,True,True,True,14.0,2019.5,0.18,0.98,1.39,0.07,0.26,0.97,0.04,0.2,0.96,other,0.41,0.1,labour_market,1.0,medium_run,0.44,0.03,0.05,labor_income,0.99,2.22,0.06,0.14,0.8,migrants_minority,1.0,0.02,0.03,0.02,0.15,-1.2679781343018484
apep_1165_v1,apep_1165,v1,-0.859,0.329,-120.3,46.1,,140.1,True,ok,Large negative,Administration,binary,DiD,Switzerland,Western Europe,2026-03-30T20:54:22.991440,1990.0,2024.0,,0.0,7.0,7.0,6.0,False,apep_1165/v1/tables/tabF1_sde.tex,The Overhead Illusion: Where Municipal Merger Savings Actually Materialize,True,pass,pass,57c06cb451035f879831357ede48dc2c193514c0abef41547bef88695f0e414a,23.54,3.37,5.0,5.0,SUSPICIOUS,False,,-0.859,0,insufficient directional evidence,-0.16,0,False,jev-1.13.0,4b842122dc0563bda82267fbb69c71b8251cb06fa49083c169881cd809df8a2e,,,0.859,0,0,0,0,jev-1.13.0,a77e8be10eabbbb444ba044fb420da6bce6e023d39142709dca8fe35c2c14dbf,3735.0,38b16e36e895e8cc9b842a5d594c146482d34a3761ac5d1e9665f99767b8716f,,True,True,True,14.0,2007.0,0.13,0.94,1.88,0.66,0.82,0.8,0.33,0.09,0.21,public_provision,0.48,0.37,prices_cost,0.75,long_run,0.69,0.71,0.07,finance_governance,0.96,1.3,0.07,0.14,0.8,general_public,0.99,0.02,0.05,0.33,0.03,-1.1116975282167652
apep_1166_v1,apep_1166,v1,-0.293,0.026,-0.167,0.015,,0.568,True,ok,Large negative,Log sales volume,binary,DiD,United Kingdom,Western Europe,2026-03-30T21:01:41.141684,2010.0,2024.0,,0.0,7.0,7.0,5.0,False,apep_1166/v1/tables/tabF1_sde.tex,The Subsidy That Didn't Bind: No Bunching at the UK Lifetime ISA Property Cap,True,pass,pass,f78289a79bbaba302ba7049f3f2d480a4fa9f15304cddde28ba41409d1560a51,19.81,2.59,7.0,7.0,SUSPICIOUS,False,,-0.293,1,beneficiary outcome direction,0.48,0,False,jev-1.13.0,2d14814b405594e458d684beddb7d7e4498a90af3120fcf68463c49dd4e4e241,-0.293,,0.293,0,1,1,1,jev-1.13.0,3c18054ce5e7bdbc036d8c20136a7ec91407bd953df192c458a3cfa26d2e2875,3280.0,7683f7f3811043a887f87395f753c8c67a62a9a6c2a8decbdf6559dd6bc58801,,True,True,True,14.0,2017.0,0.14,0.96,2.27,0.33,0.39,0.04,0.04,0.04,0.71,price,0.95,0.23,prices_cost,0.49,long_run,0.98,0.2,0.13,housing_infrastructure,0.71,1.93,0.15,0.75,0.79,working_age,0.96,0.02,0.08,0.8,0.03,-3.649658740960655
apep_1167_v1,apep_1167,v1,0.328,0.082,32.79,8.15,,131.5,True,ok,Large positive,Delta SA Completions (OLS),continuous,IV,United States,North America,2026-03-30T21:05:34.083675,2006.0,2009.0,,0.0,7.0,7.0,5.0,False,apep_1167/v1/tables/tabF1_sde.tex,Training the Healers: Opioid Pill Supply and the Demand-Induced Credential Pipeline,True,untestable,untestable,0e4eb6ce802c35ea680ea7931d40ccf2a6954bd5b67c762936229ef2184a2d10,18.78,3.41,5.0,5.0,SUSPICIOUS,False,,0.328,1,beneficiary outcome direction,0.56,0,False,jev-1.13.0,9c6bcbeca6ef4cdef8232f271b6f5583cd4b829a1d5364b9d65ef4c44c7f023c,0.328,,0.328,0,1,1,1,jev-1.13.0,958573ae61e92bebcf75f81d144970b24159d6976af48f4b69f9516fdce6b8e5,4941.0,28f49f3fda9f02eda8143aae8305e86ad1386f31cdeff59642b24d386e9740bb,,True,True,True,14.0,2007.5,0.1,0.97,0.9,0.3,0.07,0.12,0.03,0.1,0.79,other,0.83,0.23,education,1.0,long_run,0.93,0.03,0.05,health_human_capital,0.99,1.11,0.06,0.14,0.87,working_age,0.34,0.02,0.09,0.45,0.04,-2.501036031717884
apep_1168_v1,apep_1168,v1,0.3617,0.2773,0.000728,0.000558,,0.0399,True,ok,Large positive,Geo-weighted exposure rightarrow Ordinance,continuous,Event Study,United States,North America,2026-03-30T21:14:23.461622,2000.0,2024.0,,0.0,7.0,7.0,5.0,False,apep_1168/v1/tables/tabF1_sde.tex,The Proximity Trap: How Nearby Wind Turbines Trigger Anti-Wind Ordinances in Counties That Have Never Hosted One,True,untestable,untestable,7ff74698f82c5917ff9cae0a7a55511cb8705f7e6c9003870473bdf9560cd301,19.46,2.87,6.0,6.0,SUSPICIOUS,False,,0.3617,0,ambiguous economic direction,-0.1999999999999999,0,False,jev-1.13.0,0ae2df4dc5e27c3fd70ba293fb7611a10b47fbbbdf5224ff4da5f286daaaeace,,,0.3617,0,0,0,0,jev-1.13.0,e751f9c2a72b97f9c58ea54a9cd113b9c1717913f82aa2b8f954b38387d5c2d7,3816.0,0a5deb2796221cb16d1348bc73c77c15872617fa0fa9da27b954994cbc8ca61b,,True,True,True,14.0,2012.0,0.11,0.28,0.61,0.78,0.56,0.06,0.05,0.05,0.22,quantity_restriction,0.73,0.42,environment,0.31,unclear,0.9,0.03,0.07,environment_energy,0.94,1.31,0.08,0.26,0.81,firms_industry,0.55,0.02,0.24,0.4,0.03,-1.2826553263604048
apep_1169_v1,apep_1169,v1,0.0052,0.0141,0.0139,0.0379,,2.685,True,ok,Small positive,log(BA),binary,DiD,United States,North America,2026-03-30T21:48:17.419508,,,,0.0,7.0,7.0,5.0,False,apep_1169/v1/tables/tabF1_sde.tex,Click to Incorporate: One-Stop Business Registration Portals and New Firm Formation,True,pass,pass,73ff8639263eb97905b3aec3a01211604837a297c3c00cd2910838d43d2c7d9f,12.2,3.9,5.0,5.0,SUSPICIOUS,False,,0.0052,1,beneficiary outcome direction,0.64,0,False,jev-1.13.0,4453bcdd7426971482e04ec26cbc754a57212afec4c5e0f83559f9eba5fe7706,0.0052,,0.0052,1,1,1,1,jev-1.13.0,0c3a8023291ba0e5f01546c03b87d666cceb2b9c3a4c1954914948c673288a6b,4658.0,c5c9766ba406ac6c6fdb524175ee481ea29c7a376b2f7a1ef5bbcd42253ea0fe,,True,True,True,14.0,,0.12,0.96,1.86,0.1,0.77,0.42,0.05,0.24,0.78,infrastructure,0.98,0.14,labour_market,0.68,long_run,0.88,0.04,0.08,regulation_competition,1.0,1.87,0.08,0.16,0.84,firms_industry,0.99,0.02,0.16,0.95,0.02,-4.261580481598014
apep_1172_v1,apep_1172,v1,-0.3674,0.1696,-0.2453,0.1133,,0.6678,True,ok,Large negative,Log Layers,binary,DiD,United States,North America,2026-03-30T21:27:34.085052,2010.0,2026.0,,0.0,7.0,7.0,5.0,False,apep_1172/v1/tables/tabF1_sde.tex,Breaking Eggs: How Cage-Free Mandates Displaced American Egg Production,True,pass,pass,2e7f825e02221acce79d3520f48a654a9ac897268023d7debe82a547edf6500a,30.18,2.78,5.0,5.0,CLEAN,False,,-0.3674,1,beneficiary outcome direction,0.35,0,False,jev-1.13.0,49c58292d00a66f35ce1ef6337b9091eaf2065300065b6cf19cd1d680d2094c1,-0.3674,,0.3674,0,0,1,1,jev-1.13.0,e794caa18d7345471cf8fc2a1c57bdfa060a5d3568940a150735f73d2f791ebd,2401.0,86553385fbd9b2eaedb92a2623e6b02f03aceb38303d3e88cbaaa96f06badc62,,True,True,True,14.0,2018.0,0.13,0.98,2.05,0.45,0.6,0.16,0.08,0.04,0.65,quantity_restriction,0.78,0.3,other,0.87,long_run,0.77,0.03,0.05,regulation_competition,0.94,2.19,0.07,0.12,0.83,firms_industry,1.0,0.02,0.05,0.12,0.03,-1.7743125556243344
apep_1174_v1,apep_1174,v1,0.0082,0.0083,0.0307,0.0311,,3.7293,True,ok,Small positive,Log(TRI releases) --- OLS,binary,Event Study,United States,North America,2026-03-30T21:55:24.121616,2005.0,2023.0,,0.0,7.0,7.0,5.0,False,apep_1174/v1/tables/tabF1_sde.tex,The Enforcement Lottery: Does It Matter Who Inspects?,True,pass,pass,be4ef68a8b071e12bf08b43c75a68f074559bd309c40f662286e2d3255af9275,9.76,4.0,5.0,5.0,CLEAN,False,,0.0082,-1,beneficiary outcome direction,-0.85,0,False,jev-1.13.0,7c9d19ad46b92990dad6df7dbc160e969d53f42ffa767bde14b056dd3cc2408f,-0.0082,,0.0082,-1,-1,-1,-1,jev-1.13.0,93a8271851b745fc1e11199ce8589e5493403f49fb56f43db25a0044b335e6b9,2675.0,7e8d0ed765c1cafb24db358416348db7d02194bf31dbe1846ecff31307341df0,,True,True,True,14.0,2014.0,0.11,0.98,2.71,0.13,0.57,0.09,0.14,0.04,0.09,enforcement,1.0,0.94,environment,1.0,long_run,0.5,0.03,0.06,environment_energy,0.99,1.18,0.07,0.41,0.83,firms_industry,1.0,0.02,0.1,0.21,0.02,-4.7914997641795845
apep_1175_v1,apep_1175,v1,0.0103,0.0106,0.2401,0.247,,1.6084,True,ok,Small positive,Log Employment,continuous,DiD,United States,North America,2026-03-30T22:00:44.465274,2006.0,2009.0,39285.0,0.0,7.0,7.0,6.0,False,apep_1175/v1/tables/tabF1_sde.tex,Crushed Futures? OxyContin Reformulation Exposure and Labor Market Outcomes,True,untestable,untestable,c8ba420fa98ee3ecb2160198d5617d9591a5a13542b1392a6c780b37c38caa6b,13.07,3.68,6.0,6.0,CLEAN,False,,0.0103,1,beneficiary outcome direction,0.6699999999999999,0,False,jev-1.13.0,a0403357aaf3fee96e150ab7f4f41e59a94fe6f8a030a416945fb5afcbbbf21f,0.0103,,0.0103,0,1,1,1,jev-1.13.0,4e86d39a2ecb24aee3ca66a867f7ffbd94d4e2cf1a7f59ba0ae7bc677dcf437f,4468.0,c753ebd9f4e3936f7367e491d49dd7ba38b0e8bc42b04e6fa5adb6b9e5a0c4ce,,True,True,True,14.0,2007.5,0.13,0.97,1.89,0.09,0.06,0.1,0.05,0.03,0.97,infrastructure,0.61,0.3,labour_market,1.0,long_run,0.98,0.37,0.07,health_human_capital,0.4,2.21,0.08,0.13,0.82,working_age,0.94,0.02,0.03,0.03,0.05,-4.546901277864116
apep_1176_v1,apep_1176,v1,-0.73,0.323,-0.731,,0.882,0.884,True,ok,Large negative,Total HPRD,continuous,Unknown,United States,North America,2026-03-30T22:22:10.271308,,,,0.0,8.0,8.0,5.0,False,apep_1176/v1/tables/tabF1_sde.tex,The Inspection Lottery: How Regulatory Stringency Crowds Out Nursing Home Staffing,True,pass,untestable,4a35502403fef796ce67ed72768ff7bddb8322d3d4acd42e39a0100ecfcd3d99,35.81,2.81,7.0,7.0,CLEAN,False,,-0.73,1,beneficiary outcome direction,0.8500000000000001,0,False,jev-1.13.0,ade5685c30c3526d4e32b1f228d44634ad8df11f83d54cb19d26700da7086ef8,-0.73,,0.73,1,1,1,1,jev-1.13.0,a06ba4eff375c2022cf440a384c6d91e9df53e573e00167a6e48cd7c2ea69616,4120.0,932ce1d443f795658eb549be796ccef8af6571b35d8082b0d2845854edfbabd5,,True,True,True,14.0,,0.09,0.97,2.91,0.08,0.21,0.08,0.04,0.08,0.93,enforcement,1.0,0.08,labour_market,0.38,short_run,0.57,0.03,0.04,regulation_competition,0.59,2.18,0.05,0.09,0.85,firms_industry,0.48,0.02,0.05,0.04,0.03,-1.1301029557594804
apep_1177_v2,apep_1177,v2,2.2025,0.066,0.9701,0.0291,,0.4405,True,ok,Large,Convicted (Drug Trafficking),binary,IV,Brazil,Latin America,2026-03-31T10:23:03.119391,2015.0,2019.0,,0.0,7.0,7.0,1.0,False,apep_1177/v2/tables/tabF1_sde.tex,The Conviction Lottery: Legal Indeterminacy and Judicial Discretion in Brazil's Drug Courts (v2),True,pass,pass,6842189c75c67f7ca017396899298d05ed3dfe5ffbe545a60da4c6526bef1643,35.73,2.68,8.0,8.0,SUSPICIOUS,False,,2.2025,0,measurement qualifier: administrative_detection,-0.75,0,False,jev-1.13.0,1849b725dadb5e472a3006e9657b364eb74380376a305372b57d38556b60a7d0,,,2.2025,0,0,0,-1,jev-1.13.0,8eac433024f5bf962ac87d450a0092b398af6456c3f9d63a45de1a7a4c26420f,3093.0,8a6a51707492dd547ab7008ce55f27f92abeab32f504cbb79543e50d9c9296df,,True,True,True,14.0,2017.0,0.13,0.96,3.01,0.51,0.76,0.25,0.05,0.04,0.06,enforcement,0.99,0.81,crime_safety,1.0,medium_run,0.98,0.02,0.3,finance_governance,0.98,1.99,0.55,0.18,0.56,general_public,0.25,0.74,0.98,0.45,0.04,-2.7181005369557116
apep_1178_v1,apep_1178,v1,0.075,0.08,0.0821,0.0879,,1.099,True,ok,Moderate positive,"Log employment (BA+, 621)",binary,DiD,United States,North America,2026-03-31T10:13:52.913162,1998.0,2023.0,,0.0,7.0,7.0,5.0,False,apep_1178/v1/tables/tabF1_sde.tex,The Supervision Illusion: Why Removing Physician Oversight of Nurse Anesthetists Did Not Reshape Ambulatory Care Markets,True,pass,pass,e95253b0f3649588ba191d1b6fd02273bc206a90fb0b6a0b7253afd315a0c0aa,22.37,2.91,5.0,5.0,SUSPICIOUS,False,,0.075,1,beneficiary outcome direction,0.76,0,False,jev-1.13.0,019ed4fd2dd21f1acbef2fb35c20fc5b5ff8ce17144dcd4f2430bcb89503d85c,0.075,,0.075,1,1,1,1,jev-1.13.0,4a6b431d329b8590d69b08534b9e1ed80560fb4db9bf7d08a97e3df92a1d360a,3617.0,6aab010f8fa03d79b0c98368f7f1442b09e3d19aa7c7fe7d1a2c6fa246e6d3f6,,True,True,True,14.0,2010.5,0.11,0.96,2.09,0.13,0.46,0.3,0.04,0.17,0.92,quantity_restriction,0.24,0.16,labour_market,1.0,long_run,0.7,0.03,0.13,regulation_competition,0.73,1.78,0.09,0.94,0.85,working_age,0.53,0.02,0.04,0.02,0.04,-2.5257286443082556
apep_1179_v1,apep_1179,v1,0.021,0.023,0.0014,0.0015,,0.0456,True,ok,Small positive,Education share,continuous,DiD,China,East Asia,2026-03-31T10:13:12.717033,2013.0,2016.0,,0.0,7.0,7.0,5.0,False,apep_1179/v1/tables/tabF1_sde.tex,The Compliance Shift: Anti-Corruption Enforcement and the Composition of Local Public Spending in China,True,untestable,untestable,befc98667471db922ac906e1f12664db49b3c8d815288a0314b467b26cb9965e,15.37,3.66,6.0,6.0,CLEAN,False,,0.021,1,beneficiary outcome direction,0.79,0,False,jev-1.13.0,d6e30d49665bc1cbb98cc1ff4189286d0da65652ae8676ac4fe2917d21d82340,0.021,,0.021,0,1,1,1,jev-1.13.0,19225af6a056ec1dab648f01aaf9fb3ee85ce4ebea68d77b2b78968cd624dc09,3436.0,9946d503a55de6894164ad01ea7fc7af6e921aaa71d5698857cca49c5312c26c,,True,True,True,14.0,2014.5,0.13,0.77,1.6,0.4,0.38,0.03,0.06,0.1,0.9,enforcement,1.0,0.11,prices_cost,0.36,long_run,0.35,0.04,0.06,finance_governance,0.95,2.14,0.08,0.13,0.79,general_public,0.58,0.02,0.04,0.14,0.41,-3.7722610630529876
apep_1180_v1,apep_1180,v1,-0.0539,0.041,-0.1074,0.0816,,1.991,True,ok,Moderate negative,Amihud illiquidity,binary,RDD,South Korea,East Asia,2026-03-31T10:13:22.822641,,,,0.0,8.0,8.0,4.0,False,apep_1180/v1/tables/tabF1_sde.tex,The Language Barrier in Capital Markets: Evidence from Korea's Mandatory English Disclosure,True,pass,pass,2e324c15ecd88cf9ee75d79ee0e409da130ec10416f970cbc9dbfa7cdae494cb,11.06,3.72,5.0,5.0,SUSPICIOUS,False,,-0.0539,-1,beneficiary outcome direction,-0.8799999999999999,0,False,jev-1.13.0,5ad98a897f6144d447ef61c9f8e003724c8e7fc4cf55063d6536210fd8ae280f,0.0539,,0.0539,-1,-1,-1,-1,jev-1.13.0,c74b6cb05379f89dfc8e709e130f6053bba4063f8103e7a86659597caa63a836,3784.0,ce490e1d40b34942fa6dcaa04c6452d9374178feafda5b8e960a81f5aa344e8b,,True,True,True,14.0,,0.09,0.06,1.62,0.21,0.12,0.07,0.17,0.09,0.06,information,1.0,0.94,other,0.65,medium_run,0.96,0.45,0.05,finance_governance,1.0,1.65,0.06,0.09,0.68,firms_industry,1.0,0.02,0.03,0.38,0.02,-3.1941832122778293
apep_1181_v1,apep_1181,v1,0.0385,0.1014,55.7,,,1446.7,True,ok,Small positive,Export (MW),binary,DiD,Germany and 11 European neighbors,Western Europe,2026-03-31T10:18:35.992463,2019.0,2025.0,,0.0,7.0,7.0,5.0,False,apep_1181/v1/tables/tabF1_sde.tex,Wired Open: Why Tighter Subsidy Clawback Rules Don't Stop Cross-Border Electricity Dumping,True,pass,untestable,f354768e6c86f7b01f3de22f07a0fa43795cc91837f8e8c3efadda59cf774abf,22.75,2.91,7.0,7.0,CLEAN,False,,0.0385,1,beneficiary outcome direction,0.3199999999999999,0,False,jev-1.13.0,1ccaecd6111716e07e53b4ca269e509b77ae975bdf2c009b4d74b9971b13f5a7,0.0385,,0.0385,0,0,0,1,jev-1.13.0,04f63141529aa9ad426cd498d1e3a77fcd4e7077b5fc4ece441bf87177ed0b18,3506.0,92afcceb9fc059be9890cef31fd26aa150799e64dad71910cc376c4273605856,,True,True,True,14.0,2022.0,0.11,0.24,1.53,0.56,0.14,0.65,0.13,0.05,0.59,price,1.0,0.27,environment,0.94,medium_run,0.23,0.03,0.06,environment_energy,0.94,1.43,0.08,0.11,0.73,firms_industry,1.0,0.02,0.03,0.32,0.02,-2.2886821878250543
apep_1182_v1,apep_1182,v1,-0.0149,0.0072,-0.024,0.0115,,1.607,True,ok,Small,Log employment (Levels),binary,IV,United States,North America,2026-03-31T11:53:00.889119,2014.0,2019.0,,0.0,7.0,7.0,6.0,False,apep_1182/v1/tables/tabF1_sde.tex,Your Paper Title Here,True,pass,pass,63bca75780bff9a3a1e533bdfc36567b4431152ee85e0a82de6981f914494229,14.78,3.67,5.0,5.0,SUSPICIOUS,False,,-0.0149,1,beneficiary outcome direction,0.7899999999999999,0,False,jev-1.13.0,53f4d75fbf9616278c33b290d75a6bd1c179336e3017cf13435c265a1b92bca8,-0.0149,,0.0149,1,1,1,1,jev-1.13.0,65af7dd04324a95dd62dfdd188d81614fde0c049d0a3dbf2762563d795996917,1798.0,3b002bab5176cb83da96c17ced7354ce2f76eca53f5a3b719528155248a42a81,,True,True,True,14.0,2016.5,0.11,0.72,0.97,0.08,0.08,0.07,0.06,0.03,0.96,other,0.9,0.17,labour_market,1.0,long_run,0.66,0.03,0.05,environment_energy,0.78,0.7,0.06,0.1,0.79,working_age,0.82,0.02,0.03,0.02,0.03,-4.933674252960127
apep_1183_v1,apep_1183,v1,0.1039,0.011,1.2488,0.132,,12.024,True,ok,Moderate,DeltaOccscore (ordinal),binary,DiD,United States,North America,2026-03-31T12:24:50.519200,,,,0.0,8.0,8.0,5.0,False,apep_1183/v1/tables/tabF1_sde.tex,When the Banks Broke: The Panic of 1907 and Individual Occupational Scarring,True,pass,pass,2b6bfdabb1f68a2b4512490407ece37ad398e0b8fc8f3dc95c7b66573e5898f8,24.78,2.86,5.0,5.0,CLEAN,False,,0.1039,1,beneficiary outcome direction,0.72,0,False,jev-1.13.0,4f1aa51c9ff1d0a43b173ce1dc0faf69be59da04883daf79c1cda1637766d710,0.1039,,0.1039,1,1,1,1,jev-1.13.0,633b34c6540f24a9c6c865cfcaab69c685ab1670de7af0f6c1d039c4d0d2dd4f,4102.0,beceeb824d884a14fcaf5efbc2b25eebb611e992d18b728bc33f3594cdbe6f53,,True,True,True,14.0,,0.08,0.9,1.71,0.06,0.1,0.29,0.02,0.03,0.94,other,0.87,0.22,labour_market,0.84,long_run,0.97,0.07,0.04,finance_governance,0.44,1.63,0.05,0.09,0.78,working_age,0.99,0.02,0.02,0.02,0.03,-4.509860006183766
apep_1184_v1,apep_1184,v1,-0.0095,0.0218,-0.0238,0.0542,,2.4922,True,ok,Small negative,Total passengers,continuous,DiD,European Union,Western Europe,2026-03-31T10:45:11.897659,2016.0,2024.0,45.0,0.0,7.0,7.0,6.0,False,apep_1184/v1/tables/tabF1_sde.tex,The Incumbency Shield That Wasn't: EU Slot Waivers and Airport Competition,True,untestable,untestable,ff966c4363675ed67f109896c969568feb67b48fee3144a64212a0b527ca12f6,22.86,3.05,6.0,6.0,CLEAN,False,,-0.0095,1,beneficiary outcome direction,0.6699999999999999,0,False,jev-1.13.0,b1d6d1fb64ce2e9af1ae04a8db75d0ff47f709be6eaccfc83b4d137c5ee7e95d,-0.0095,,0.0095,0,1,1,1,jev-1.13.0,7bb9aa8d349ad69347c38c6a49ab5e07d5ba599cdb0dba2f9da0dd9a454a3b67,3205.0,cbff83952de86e6fdc28d84441f9b936f9d1776f61da0b177438199887fa1fcf,,True,True,True,14.0,2020.0,0.11,0.97,1.55,0.21,0.24,0.09,0.05,0.07,0.84,quantity_restriction,0.42,0.17,other,0.9,long_run,0.84,0.03,0.05,regulation_competition,0.96,1.91,0.08,0.44,0.76,firms_industry,0.98,0.02,0.04,0.18,0.02,-3.825845309187094
apep_1185_v1,apep_1185,v1,-0.221,0.037,-0.303,0.05,,1.373,True,ok,Large negative,All opioid OD deaths (log),binary,DiD,United States,North America,2026-03-31T10:48:40.720367,2014.0,2017.0,,0.0,7.0,7.0,5.0,False,apep_1185/v1/tables/tabF1_sde.tex,The Substitution That Wasn't: State Kratom Bans and Opioid Overdose Mortality,True,pass,pass,d1091fe752eefd5708101c5683983c14417c72ba9b0a0b2abd3cc6a32af45345,11.95,4.24,6.0,6.0,CLEAN,False,,-0.221,-1,beneficiary outcome direction,-0.92,0,False,jev-1.13.0,f04123655d450cd04471e61f9d3648d0556fedcbb94509c3432fe8d790dad606,0.221,,0.221,-1,-1,-1,-1,jev-1.13.0,ec0ccc256cafd9c618fcf6e758222228c0e19221023cbc3c8a76258e92149f8b,4196.0,19c427aae9ed6aadf3f2b6849a88d81b79eb60c3e46e5756a6e4e7518e2cb7cc,,True,True,True,14.0,2015.5,0.28,0.97,1.46,0.14,0.09,0.44,0.06,0.02,0.05,quantity_restriction,0.75,0.97,health,1.0,short_run,0.65,0.03,0.1,health_human_capital,0.45,1.76,0.34,0.94,0.83,general_public,0.8,0.02,0.04,0.06,0.02,-3.2968373663379125
apep_1186_v1,apep_1186,v1,0.0111,0.0231,0.0013,0.0026,,0.1141,True,ok,Small positive,Any accident,binary,DiD,United States,North America,2026-03-31T11:01:35.983763,1990.0,2024.0,,0.0,7.0,7.0,6.0,False,apep_1186/v1/tables/tabF1_sde.tex,The Compensation Paradox: Silencing Train Horns Without Increasing Crossing Accidents,True,pass,pass,05091c265470a83ba0297ad3a14d516110990ef8c20066c28fad0788105bd1b0,21.45,3.24,5.0,5.0,SUSPICIOUS,False,,0.0111,-1,beneficiary outcome direction,-0.92,0,False,jev-1.13.0,eb917177e702e85f038115a426e5e6b7ffeb61017df51eec330c838d73d7194b,-0.0111,,0.0111,-1,-1,-1,-1,jev-1.13.0,c13dc1c41d4da1a3aee9b2b00b0378d17d0c525f3ef732bf90d23558d7364b1a,3683.0,8832f7482ab3943d7998c6ec76234a4b3eb5f52e7155251610050cd1e26ceab7,,True,True,True,14.0,2007.0,0.15,0.98,1.33,0.14,0.45,0.03,0.31,0.04,0.05,quantity_restriction,0.66,0.97,crime_safety,1.0,long_run,0.73,0.03,0.08,housing_infrastructure,0.9,1.24,0.08,0.25,0.86,general_public,0.99,0.02,0.09,0.14,0.02,-3.767922661454389
apep_1187_v1,apep_1187,v1,0.0365,0.0504,5.17,7.14,,6.14,True,ok,Small positive,Monthly wage ratio,continuous,RDD,Sweden,Western Europe,2026-03-31T11:25:43.662124,2010.0,2016.0,,0.0,7.0,7.0,5.0,False,apep_1187/v1/tables/tabF1_sde.tex,The Slow Dividend: Mandatory Pay Equity Audits and the Gender Wage Gap in Sweden,True,untestable,untestable,89b8b6dcf4a7279360a128680a52156085f85eb4204c27f3aea85de7afc940e9,10.69,3.55,6.0,6.0,CLEAN,False,,0.0365,1,beneficiary outcome direction,0.8400000000000001,0,False,jev-1.13.0,5fbd9a8d556ce4d35681f73a3886bf058406f0759f17f2291aef305de250b32b,0.0365,,0.0365,1,1,1,1,jev-1.13.0,badb53f4a55297b90bfee9012c0f245f957db08925d171da229e3f1b2c917491,1812.0,9b4e2700a87e446cbf555d556f11706e78259bcffc67bb2a80d0aad0fe4d986d,,True,True,True,14.0,2013.0,0.1,0.98,1.76,0.07,0.27,0.95,0.25,0.36,0.93,enforcement,0.66,0.09,labour_market,0.9,long_run,0.96,0.08,0.05,labor_income,0.99,1.79,0.06,0.08,0.76,firms_industry,0.97,0.02,0.03,0.01,0.04,-2.987764103904814
apep_1188_v1,apep_1188,v1,-0.0006,0.0171,-0.0142,0.4287,,1.866,True,ok,Null,Employment,continuous,Event Study,United States,North America,2026-03-31T11:26:51.323986,,,,0.0,7.0,7.0,6.0,False,apep_1188/v1/tables/tabF1_sde.tex,The Brussels Effect on American Hiring: Does EU Data Regulation Reshape US Labor Markets?,True,untestable,untestable,fab9c8aafada03eff76c724c36ffba529c788a14157860583a1ab490fbb21415,13.75,3.81,5.0,5.0,SUSPICIOUS,False,,-0.0006,1,beneficiary outcome direction,0.6699999999999999,0,False,jev-1.13.0,c883795a642bb5db48875724fe376c1979779eb54a705b97cf6f6bfee5c37c82,-0.0006,,0.0006,0,1,1,1,jev-1.13.0,b28294b71eb8e3170ce05cb1dbb93d0937c0421a021466652f1cb75cc5cd5912,3234.0,766ad86857c6250bd1c69c713b2ae9c01c55d3629ad0e3a6673e0defed92f2ab,,True,True,True,14.0,,0.09,0.97,2.05,0.13,0.22,0.15,0.03,0.08,0.95,enforcement,0.98,0.28,labour_market,1.0,medium_run,0.99,0.63,0.05,regulation_competition,0.62,1.89,0.07,0.1,0.78,firms_industry,0.99,0.02,0.03,0.02,0.06,-4.0686768154735224
apep_1190_v1,apep_1190,v1,0.0282,0.012,0.0537,0.0228,,1.9025,True,ok,Small positive,Low birth weight (%),continuous,DiD,United States,North America,2026-03-31T11:46:23.869949,2012.0,2022.0,,0.0,7.0,7.0,5.0,False,apep_1190/v1/tables/tabF1_sde.tex,The Disruption Discount: Grocery Chain Bankruptcies and Infant Health,True,untestable,untestable,e9e659d9b55586916d43f2b269c549631b5a2f35dc643c9cc8302945673dce05,9.1,3.76,5.0,5.0,CLEAN,False,,0.0282,-1,beneficiary outcome direction,-0.95,0,False,jev-1.13.0,57487a2462d5d05d4238f2481ca6bbeeea21fdb818f79728777013672b05d295,-0.0282,,0.0282,-1,-1,-1,-1,jev-1.13.0,ca0b94d88dae70e0ac11bbaf616a9f47667bfa626f9cf70f0b08a57fca3dd464,3149.0,3c969dfab503d6ee58b3282b53dfa5327998d1d6c095c62b801aca52e5bb876a,,True,True,True,14.0,2017.0,0.1,0.91,1.3,0.09,0.06,0.06,0.05,0.02,0.03,infrastructure,0.94,0.98,health,1.0,long_run,0.55,0.03,0.05,health_human_capital,0.8,1.27,0.06,0.1,0.79,low_income,0.87,0.02,0.05,0.02,0.04,-4.422848629194137
apep_1192_v1,apep_1192,v1,-0.0948,0.0269,-0.0014,0.0004,,0.5,True,ok,Moderate negative,Recall probability,continuous,IV,United States,North America,2026-03-31T12:13:54.496121,2000.0,2024.0,,0.0,7.0,7.0,4.0,False,apep_1192/v1/tables/tabF1_sde.tex,The Triage Tax: Queue Congestion and Forgone Vehicle Safety Recalls at NHTSA,True,untestable,untestable,ca8a8310a975fc0e961341559de48985772522670b9eb98fd0f861e156922975,29.72,2.81,5.0,5.0,CLEAN,False,,-0.0948,1,beneficiary outcome direction,0.64,0,False,jev-1.13.0,e71b41b79dd497a9be1a1afa53040b58493ef70bfed0ef825e4cabe7b1d5c21e,-0.0948,,0.0948,1,1,1,1,jev-1.13.0,b91b1aa98048f2d54e47d8bc7d0569719f66a2bd912cd99f26a071014b82a493,3202.0,11e17e64bb5950b2785a409fcf2ed274398dee8aef96cc1b449a717f70c8f534,,True,True,True,14.0,2012.0,0.11,0.98,0.27,0.14,0.81,0.43,0.05,0.08,0.91,enforcement,0.42,0.27,administrative_process,0.76,unclear,0.43,0.03,0.04,regulation_competition,0.96,0.91,0.06,0.11,0.77,firms_industry,0.56,0.02,0.7,0.38,0.03,-3.6156289923743437
apep_1194_v1,apep_1194,v1,0.0492,0.1039,0.0573,0.1212,,1.1664,True,ok,Small positive,Human-Factor Accidents,binary,DiD,United States,North America,2026-03-31T12:26:59.558645,2000.0,2025.0,,0.0,7.0,7.0,8.0,False,apep_1194/v1/tables/tabF1_sde.tex,The Missing Safety Dividend: Causal Evidence from America's \$14 Billion Train Safety Mandate,True,pass,pass,8173770851022c6f6c401f44b1c408cac4394f791199bb5314dd9b464aa1dc87,23.6,2.86,6.0,6.0,CLEAN,False,,0.0492,-1,beneficiary outcome direction,-0.8999999999999999,-1,True,jev-1.13.0,8b130cb821a8eb35f356b03c0618b931d9d047974cec0a8f7e5aa552ca5e7523,-0.0492,-0.0492,0.0492,-1,-1,-1,-1,jev-1.13.0,67dcd3a97d6c719a5117bd11a26191a49a847d8dc17585310c7c12e163a7b133,4163.0,5f6a90a27b7c2e764befa15a40a28e419a1019c11bc67abdb302b0f86caeb842,,True,True,True,14.0,2012.5,0.1,0.98,2.1,0.16,0.77,0.07,0.82,0.08,0.06,infrastructure,0.69,0.96,crime_safety,1.0,long_run,0.97,0.03,0.06,housing_infrastructure,0.63,2.25,0.08,0.15,0.76,firms_industry,1.0,0.02,0.15,0.42,0.03,-2.2643263808769554
apep_1199_v1,apep_1199,v1,-0.007,0.057,-0.94,7.48,,131.5,True,ok,Small negative,Waterborne hosp. rate,binary,DiD,Brazil,Latin America,2026-03-31T19:36:45.231380,2014.0,2023.0,,0.0,8.0,8.0,5.0,False,apep_1199/v1/tables/tabF1_sde.tex,Privatizing the Pipes: Heterogeneous Effects of Sanitation Reform on Waterborne Disease in Brazil,True,pass,pass,19309bf9c0195d828670330604af0ab6898cf57fdfd15ce8cc119d22e56024b6,14.55,4.09,6.0,6.0,SUSPICIOUS,False,,-0.007,-1,beneficiary outcome direction,-0.93,0,False,jev-1.13.0,1d0931c731f59b3f628423611d5b505c9801636345e7dac30bc1b4e88877e11a,0.007,,0.007,-1,-1,-1,-1,jev-1.13.0,df5701822afd87669f8be4542ad00b20c143cc717dea1193bd8c785a7be10fa7,3579.0,662d1461ffb345000820ed49c3fc05abd30367731279bc12d5cf50fe265f1026,,True,True,True,14.0,2018.5,0.1,0.98,2.07,0.08,0.09,0.18,0.29,0.06,0.04,public_provision,0.41,0.97,health,1.0,long_run,0.58,0.02,0.22,housing_infrastructure,0.66,2.22,0.07,0.11,0.84,general_public,0.94,0.02,0.12,0.03,0.02,-2.864704011147587
apep_1200_v1,apep_1200,v1,-0.423,0.241,-0.79,0.45,,1.86,True,ok,Large negative,Foreign share change (pp),binary,RDD,Switzerland,Western Europe,2026-03-31T14:33:17.185048,2014.0,2017.0,,0.0,7.0,7.0,5.0,False,apep_1200/v1/tables/tabF1_sde.tex,The Ballot Box Rejection: Does Local Anti-Immigration Sentiment Alter Municipal Demographics? Evidence from Switzerland's 2014 Mass Immigration Initiative,True,pass,pass,c5819488515fbb54dcc20419ed3a51dedec7f438fc5d8b389249a3b97e8a6932,14.05,3.58,5.0,5.0,CLEAN,False,,-0.423,0,measurement qualifier: group_composition,-0.12,0,False,jev-1.13.0,88580099f4c29b0a75e9bfbc5e8c4b8fa3e798834b4503165e7083f6f05460d4,,,0.423,0,0,0,0,jev-1.13.0,88a6384b78811a69f5ac63123f359ff7b31450b81a2f4ed6cf0ff08537c6ae7c,3820.0,5fbad1685414499c163eb0e43f87399b259df0d527c81fdb637df2adcf4680ff,,True,True,True,14.0,2015.5,0.11,0.98,2.99,0.77,0.18,0.71,0.15,0.03,0.27,quantity_restriction,0.92,0.39,other,0.95,medium_run,0.68,0.02,0.06,regulation_competition,0.96,1.37,0.07,0.21,0.56,migrants_minority,0.99,0.03,0.04,0.08,0.96,-1.422958345491482
apep_1201_v1,apep_1201,v1,-0.0351,0.0484,-0.0007,0.0009,,0.0192,True,ok,Small negative,Branch exit next year (pooled),binary,DiD,United States,North America,2026-03-31T14:58:23.521365,2010.0,2024.0,,0.0,7.0,7.0,4.0,False,apep_1201/v1/tables/tabF1_sde.tex,When the Anchor Holds: Bankruptcy-Driven Grocery Exits and Nearby Bank Branches,True,pass,pass,042c8ea6a51e342a292aa2614a1f58f0a9e3aa15a145c11036475adeba5315d2,11.49,3.48,6.0,6.0,CLEAN,False,,-0.0351,-1,beneficiary outcome direction,-0.68,0,False,jev-1.13.0,f4fde650ed17c1e85b7b8c354369e6ab65e4cdb1a9c7ed8410302e96e36b1f3b,0.0351,,0.0351,0,0,-1,-1,jev-1.13.0,53fec60ad1644a2bcafdc807a9720efcaf098b6f4b2cc5417f28143d4227b9b3,2879.0,fccc668e644346c2ba66e7c95a69c58d99508707186dcef1441f31870b7f3aea,,True,True,True,14.0,2017.0,0.1,0.96,1.27,0.48,0.09,0.23,0.04,0.03,0.09,other,0.7,0.77,other,0.49,medium_run,0.89,0.03,0.07,finance_governance,0.92,0.51,0.11,0.14,0.75,firms_industry,0.69,0.02,0.07,0.32,0.05,-3.028255465259551
apep_1202_v1,apep_1202,v1,-1.089,0.435,-2.382,0.951,,2.186,True,ok,Large negative,Telehealth (overall),binary,DiD,United States,North America,2026-03-31T14:45:06.726785,,,,0.0,7.0,7.0,5.0,False,apep_1202/v1/tables/tabF1_sde.tex,Preempted from the Doctor's Screen: Municipal Broadband Restrictions and the COVID-19 Telehealth Divide,True,pass,pass,22da5b5ba85d45906b57665dbfc8893e3ea337f3f5aa63f4440ac3d32503693a,23.26,2.82,5.0,5.0,SUSPICIOUS,False,,-1.089,1,beneficiary outcome direction,0.83,0,False,jev-1.13.0,3bcce17af81a6f5c0745955ca20f3fa54ffcf8523618f1f952a59f1d654cf326,-1.089,,1.089,1,1,1,1,jev-1.13.0,910bffe53963693d0cb724bc10cdbb0baf9270159b0ba1b9e5fe67ce74e9e8a5,3149.0,3f2bff7716557dde4b97468583286314468aabfc03434d0c7041f8a24093bbb0,,True,True,True,14.0,,0.11,0.97,1.45,0.09,0.13,0.39,0.06,0.06,0.94,infrastructure,0.99,0.11,health,1.0,medium_run,0.71,0.03,0.07,housing_infrastructure,0.63,2.01,0.07,0.74,0.77,elderly_retired,0.96,0.02,0.09,0.13,0.56,-0.8324092478934529
apep_1203_v1,apep_1203,v1,-2.3,0.045,-329.6,6.4,,143.3,True,ok,Large negative,SAS registrations,binary,DiD,Argentina,Latin America,2026-03-31T15:05:32.831376,2019.0,2025.0,,0.0,7.0,7.0,6.0,False,apep_1203/v1/tables/tabF1_sde.tex,The Substitution Illusion: Firm Entry Barriers and Entrepreneurial Rerouting in Argentina,True,pass,pass,2fa430fe5c678a24b4845d4d8b92427ec1915f035f329b59c3180b96345bf157,32.77,3.12,5.0,5.0,SUSPICIOUS,False,,-2.3,1,beneficiary outcome direction,0.6599999999999999,0,False,jev-1.13.0,466d9add052b8d85512682326791f0fa08c1d0bfacef61516eca9215b46100ba,-2.3,,2.3,0,1,1,1,jev-1.13.0,7dd474735baff55d156695df0917021ff81f633514b22ebeb373c2ab45a6b4a9,2965.0,12289a677eb37010c822b9b3daad81437da00be7637f5782001d31b628b5768c,,True,True,True,14.0,2022.0,0.18,0.98,1.39,0.15,0.92,0.89,0.37,0.31,0.84,quantity_restriction,0.94,0.18,labour_market,0.78,long_run,0.42,0.03,0.08,regulation_competition,1.0,1.95,0.08,0.16,0.77,firms_industry,1.0,0.02,0.17,0.95,0.04,-3.101092789211817
apep_1204_v1,apep_1204,v1,0.182,0.133,0.0412,0.03,,0.226,True,ok,Large positive,IHP Approval Rate (All),continuous,IV,United States,North America,2026-03-31T15:13:32.276526,2005.0,2024.0,,0.0,7.0,7.0,5.0,False,apep_1204/v1/tables/tabF1_sde.tex,Stretched Thin: How Concurrent Disasters Erode Federal Assistance for Hurricane Victims,True,untestable,untestable,b1ddbf411da2ec26cd8f25937f0128bf92e52e1a054c4c24831207ad690b4557,27.73,2.84,5.0,5.0,SUSPICIOUS,False,,0.182,1,beneficiary outcome direction,0.8999999999999999,0,False,jev-1.13.0,1a4abbe8f99a1b908fc51fbfa9d23a479d1139930bdb37d376d62be080b4b451,0.182,,0.182,1,1,1,1,jev-1.13.0,4bf3b89bfa4046c2f3dceece6f90f448e4cf1c9dcef20b634a249aadc8ee6590,3221.0,07922175fd708bd049745b6bd29bbf146149bd03c1742de6f8d59cd5493b21d9,,True,True,True,14.0,2014.5,0.11,0.96,0.63,0.06,0.82,0.18,0.03,0.06,0.96,direct_transfer,0.48,0.06,administrative_process,0.93,long_run,0.38,0.13,0.04,housing_infrastructure,0.59,1.21,0.06,0.12,0.77,general_public,0.77,0.02,0.48,0.85,0.1,-2.017406150760383
apep_1206_v1,apep_1206,v1,-0.0447,0.0194,-0.0214,0.0093,,0.478,True,ok,Small negative,Log(Emp/Est) --- Total,binary,DiD,Switzerland,Western Europe,2026-03-31T15:05:01.964794,2011.0,2023.0,,0.0,7.0,7.0,6.0,False,apep_1206/v1/tables/tabF1_sde.tex,Shell Games at the Municipal Border: Do Corporate Tax Cuts Attract Real Activity or Letterbox Companies?,True,pass,pass,c3a582e1c0d3d15a981aa13da118e5c75775acf0b1c1fa5bb5a4001f5e1b1fad,23.0,3.35,6.0,6.0,SUSPICIOUS,False,,-0.0447,1,beneficiary outcome direction,0.52,0,False,jev-1.13.0,5e7bd0f9b9cc84e88924c6eb518101042ad80d5c241403b6d660dbf6c6a04ed4,-0.0447,,0.0447,0,1,1,1,jev-1.13.0,37021e5d68ba8aecdf417a47b9397d0ff8e5abed59b9492f96c7e32975ca6718,2274.0,dcdd1c429232613957f1bb717226fdb96126f449809226c0d949700341f58c4a,,True,True,True,14.0,2017.0,0.13,0.97,1.19,0.4,0.11,0.78,0.04,0.05,0.79,price,1.0,0.27,labour_market,1.0,long_run,0.65,0.03,0.06,taxation_prices,0.99,1.47,0.07,0.11,0.82,firms_industry,1.0,0.02,0.03,0.04,0.07,-3.9424822129128545
apep_1207_v1,apep_1207,v1,-2.348,2.616,-20.88,23.27,,8.89,True,ok,Large negative,Cereal production index,binary,DiD,Thailand,Southeast Asia,2026-03-31T15:11:14.392043,2011.0,2014.0,,0.0,7.0,7.0,6.0,False,apep_1207/v1/tables/tabF1_sde.tex,The Subsidy Withdrawal Trap: Thailand's Rice Pledging Collapse and Agricultural Decline,True,pass,pass,a827bb2295c0fbb23186be86d320705dd6d00d2693ce6e0452ff6784537cc59d,18.52,3.62,5.0,5.0,CLEAN,False,,-2.348,1,beneficiary outcome direction,0.75,0,False,jev-1.13.0,f1c680f9fbbee2743850618bcd0a597738aae631f84afc2d25faf7ef38ab3947,-2.348,,2.348,1,1,1,1,jev-1.13.0,d4c8c8970a4b8f22e793665a73348a80ebf2f77a383ebaa141d9768c1dd3e4ec,2901.0,6109fc6bfbfa4ed3b34b95dcd9cacdbbbca5f4df3ba546351d79ac44853547a2,,True,True,True,14.0,2012.5,0.12,0.88,1.97,0.18,0.4,0.94,0.05,0.11,0.84,price,1.0,0.09,other,0.97,long_run,0.99,0.04,0.2,taxation_prices,0.99,2.81,0.45,0.95,0.86,firms_industry,0.72,0.02,0.02,0.03,0.05,0.9616464335949523
apep_1208_v1,apep_1208,v1,-2.349,0.88,-4.96,1.86,,2.11,True,ok,Large negative,Credit/GDP,binary,DiD,Ghana,Sub-Saharan Africa,2026-03-31T15:18:59.707634,2010.0,2023.0,,0.0,7.0,7.0,4.0,False,apep_1208/v1/tables/tabF1_sde.tex,The Credit Desert: Sovereign Debt Restructuring and the Collapse of Private Lending in Ghana,True,pass,pass,8ea57fddfa299f811c782497518e64080b8b1fb3001547c695d3f0781eaaa5c0,20.78,3.43,6.0,6.0,CLEAN,False,,-2.349,1,beneficiary outcome direction,0.8,0,False,jev-1.13.0,075ca35c04b35db976a1fea718902bf62b2c593d39320c5d5d5c7f782287ba83,-2.349,,2.349,1,1,1,1,jev-1.13.0,c03dfcb2f21a75bbab1b379ad1ff56e91d4eced80691e428414b63f80a80ccce,4666.0,b6042ccd6ba80eab6c62c7276b040191ee8e5e81655733ce318ea91dec10c5ea,,True,True,True,14.0,2016.5,0.18,0.83,2.33,0.12,0.17,0.95,0.04,0.04,0.89,price,0.3,0.09,other,0.99,medium_run,0.39,0.05,0.9,finance_governance,1.0,2.7,0.93,0.82,0.83,firms_industry,0.97,0.02,0.04,0.09,0.29,-0.12783337150988489
apep_1209_v1,apep_1209,v1,-0.0428,0.0652,-0.0342,0.0521,,0.798,True,ok,Small negative,Log(price),binary,DiD,United States,North America,2026-03-31T16:08:05.652105,2021.0,2023.0,,0.0,8.0,8.0,4.0,False,apep_1209/v1/tables/tabF1_sde.tex,The Dispensary Next Door: Lottery-Assigned Cannabis Retail and Neighborhood Housing Values,True,pass,pass,13446143679fd881667528c379a733a1a7478f1cb6f7ba06590f06d92ded090e,16.84,3.98,5.0,5.0,SUSPICIOUS,False,,-0.0428,1,beneficiary outcome direction,0.42,0,False,jev-1.13.0,042316d0167cacf21fb3d293d83997a012c7484d0e900fda93adb584237236fb,-0.0428,,0.0428,0,1,1,1,jev-1.13.0,df901eebdbeb70dbef6477fc5ab99fc6261c9693409d226c6edbf2ec3b1d6046,3584.0,68b4694f88de850533eec1fa381e2c1247ba68815df2d1d1eec0193f3b10320c,,True,True,True,14.0,2022.0,0.11,0.96,2.63,0.08,0.09,0.42,0.04,0.04,0.63,quantity_restriction,0.85,0.21,prices_cost,1.0,long_run,0.44,0.56,0.06,regulation_competition,0.93,1.44,0.07,0.1,0.51,general_public,0.69,0.63,0.02,0.12,0.01,-2.73029581004953
apep_1211_v1,apep_1211,v1,0.0989,0.0288,0.0989,0.0288,,0.36,True,ok,Moderate positive,DDD: BW earnings gap (log),binary,DiD,United States,North America,2026-03-31T16:22:36.526333,2017.0,2023.0,,0.0,7.0,7.0,6.0,False,apep_1211/v1/tables/tabF1_sde.tex,The Reimbursement Wage Floor: Medicaid Rate Increases and the Black-White Earnings Gap in Nursing Homes,True,fail,fail,e85df8b61c1c5d6c8de5c31ab087f7e2fa20065a859bac16a1cfbd798647932b,24.08,3.24,5.0,5.0,CLEAN,False,,0.0989,-1,beneficiary outcome direction,-0.29,0,False,jev-1.13.0,64485d3e9f739e9abb5d18f1149c8ba7edbe67cde5c78a729c6f538d8f3c66b5,-0.0989,,0.0989,-1,-1,0,-1,jev-1.13.0,3c774031fcb98db929635f1ac677349d9c3053a86081b85eb8e74f9c40fb3347,1408.0,581cfef8811461b9aef50029780aaa940b32c1a92cc9bb426cff04bca86c4ab9,,True,True,True,14.0,2020.0,0.11,0.96,2.11,0.21,0.11,0.32,0.13,0.11,0.47,price,0.98,0.76,income_distribution,0.49,long_run,0.89,0.49,0.07,labor_income,0.79,1.98,0.09,0.16,0.82,migrants_minority,0.61,0.02,0.03,0.01,0.02,-3.547379891840237
apep_1212_v1,apep_1212,v1,-0.0559,0.0099,-0.1131,0.02,,2.024,True,ok,Moderate negative,Employment (log),binary,Event Study,United States,North America,2026-03-31T16:27:47.460535,2016.0,2024.0,,0.0,7.0,7.0,6.0,False,apep_1212/v1/tables/tabF1_sde.tex,Pushed Out: COVID-Era Discrimination and the Sectoral Reallocation of Asian American Workers,True,pass,pass,23600a3069f75d2c104e6be7af234dfb1e0e4f9dde9fb4e3d40b00bec08f27c6,31.41,2.81,6.0,6.0,CLEAN,False,,-0.0559,1,beneficiary outcome direction,0.7999999999999999,0,False,jev-1.13.0,457acb241759a691b1eb131c7f3834007a29ff3d80c6fb1f600a34cd821be94f,-0.0559,,0.0559,1,1,1,1,jev-1.13.0,d5739b743b5987d8dfe55a3375ab70618aa1a2f7c40e69e4bb40c19eefe9ad6e,3417.0,0a4687460e3f4f569457cc2f71a661f19eb9bb234ebc0f48758a3f5642476850,,True,True,True,14.0,2020.0,0.08,0.96,2.04,0.07,0.15,0.06,0.03,0.03,0.97,other,0.98,0.17,labour_market,1.0,long_run,0.36,0.08,0.05,labor_income,0.99,1.61,0.07,0.11,0.62,migrants_minority,0.97,0.02,0.03,0.02,0.05,-4.615220521841593
apep_1213_v1,apep_1213,v1,-0.0913,0.0289,-0.0828,0.0262,,0.907,True,ok,Moderate negative,Log Employment,continuous,DiD,Republic of Moldova,Other / not stated,2026-03-31T16:22:15.682920,2005.0,2024.0,,0.0,7.0,7.0,5.0,False,apep_1213/v1/tables/tabF1_sde.tex,"The Soviet Inheritance Trap: Bank Fraud, Branch Dependence, and Firm Employment in Moldova",True,untestable,untestable,65907071a51cb9277629cdea9393d03afc1b8b62cc1d18a45a10c46ab1985463,22.01,3.92,6.0,6.0,CLEAN,False,,-0.0913,1,beneficiary outcome direction,0.78,0,False,jev-1.13.0,5b34bd9a6a3d3c6b6b1523fbd8bc36e056de3b470aa9619c490301e7acd53978,-0.0913,,0.0913,1,1,1,1,jev-1.13.0,da6709c05fa1f47e25d271de6c2677244a5d62c28f71428330df2de63c0f2af7,3752.0,dfb64e9a68e54a26ead9596b34363e3431a25029bcdaec93eae214e58c782bfd,,True,True,True,14.0,2014.5,0.14,0.98,1.99,0.14,0.1,0.1,0.03,0.03,0.96,quantity_restriction,0.72,0.18,labour_market,1.0,long_run,0.97,0.03,0.08,finance_governance,0.85,2.53,0.1,0.83,0.78,firms_industry,0.78,0.03,0.03,0.02,0.04,-3.543913683863751
apep_1214_v1,apep_1214,v1,-0.0198,0.0355,-0.0179,0.0321,,0.903,True,ok,Small negative,IDEB (Grades 1--5),binary,DiD,Brazil,Latin America,2026-03-31T16:33:08.778297,2005.0,2023.0,,0.0,7.0,7.0,6.0,False,apep_1214/v1/tables/tabF1_sde.tex,The Absorption Illusion: Mass Housing Construction and School Quality in Brazil,True,pass,pass,e22ca89cc522cd7c5fa2d587fe52efded7c4b8506fa9cd51f501b4d4fff25fb8,22.99,2.77,6.0,6.0,SUSPICIOUS,False,,-0.0198,1,beneficiary outcome direction,0.91,0,False,jev-1.13.0,a7c96624d4cdd57741fcbe9903fc69c542bfffb997e6c536b5506a38a27b9a7c,-0.0198,,0.0198,1,1,1,1,jev-1.13.0,64a8824faaa87eaee7eb5b9fe3d588aa93504d4f49298f7754e4cbd6130330a8,3800.0,e97d69e44d6eac562ade33c22e4e609566a408a45d145bf91afcb66eda70497c,,True,True,True,14.0,2014.0,0.11,0.97,1.97,0.05,0.09,0.03,0.04,0.09,0.97,public_provision,0.4,0.06,education,1.0,long_run,0.82,0.03,0.09,housing_infrastructure,0.88,2.05,0.08,0.16,0.83,low_income,0.97,0.06,0.04,0.03,0.03,-3.338222582500767
apep_1215_v1,apep_1215,v1,0.0722,0.0918,0.0987,,1.41,1.92,True,ok,Moderate positive,Unemp. rate,continuous,DiD,Germany,Western Europe,2026-03-31T16:44:02.026190,2010.0,2024.0,,0.0,8.0,8.0,4.0,False,apep_1215/v1/tables/tabF1_sde.tex,The Matching Illusion: Germany's Deutschlandticket and Regional Labor Markets,True,pass,untestable,a93505ed0564a9a76216c799869f05cb45e794c06d4ea6954822335deca9d0cb,9.27,4.0,6.0,6.0,CLEAN,False,,0.0722,-1,beneficiary outcome direction,-0.94,0,False,jev-1.13.0,69b2e5da8ad9fd8976846d969336f065c9e2bc5c2b326dabbf6bd35ac2c23d1c,-0.0722,,0.0722,-1,-1,-1,-1,jev-1.13.0,7c2bb645b0502ffe76ae08301a4bac1842bf9c8c0bb764cff3727517eb0eb5eb,1495.0,7dc144b89c333382d13275020506faf96c4528987c1c3f5cea7a1190bedff4cc,,True,True,True,14.0,2017.0,0.09,0.97,1.91,0.09,0.06,0.59,0.13,0.08,0.04,price,1.0,0.98,labour_market,1.0,long_run,0.42,0.03,0.04,housing_infrastructure,0.57,2.84,0.05,0.09,0.67,working_age,0.63,0.02,0.06,0.02,0.47,-2.388142981355692
apep_1220_v1,apep_1220,v1,-0.053,0.008,-0.0045,0.0006,,0.868,True,ok,Moderate negative,Log tax revenue,continuous,DiD,Denmark,Western Europe,2026-03-31T17:57:07.561283,2023.0,2024.0,,0.0,7.0,7.0,6.0,False,apep_1220/v1/tables/tabF1_sde.tex,The Lock-in Discount: Property Tax Reform and Housing Market Liquidity in Denmark,True,untestable,untestable,5a9664fb67d0fa0c04575958e5af2f2bc9ae5ca5625fa07b4cfdbdc62ceee9fe,22.26,2.8,6.0,6.0,CLEAN,False,,-0.053,0,insufficient directional evidence,-0.18,0,False,jev-1.13.0,f43530a28e58c8e944553891fe6bfdf2af59b81d7b66910b30e1102beaef9005,,,0.053,0,0,0,0,jev-1.13.0,a5a7bb6476e80e1a008b4ca30aff81958ccf3407fed96aff2a7e6250a22d91ce,1259.0,f7e69c54c9383315ed42b0a1064ad4cab85fe19209020d1c66b1c1ecfc0c8b6f,,True,True,True,14.0,2023.5,0.1,0.98,1.3,0.56,0.62,0.04,0.21,0.06,0.16,price,1.0,0.34,other,0.59,long_run,0.63,0.87,0.06,taxation_prices,0.91,2.81,0.06,0.09,0.71,general_public,0.93,0.02,0.06,0.08,0.02,-4.8283137373023015
apep_1221_v1,apep_1221,v1,0.0337,0.0076,,0.0025,,0.327,True,ok,Small positive,Interstate mobility (full sample),binary,IV,United States,North America,2026-03-31T18:31:48.191056,2002.0,2014.0,,0.0,7.0,7.0,3.0,False,apep_1221/v1/tables/tabF1_sde.tex,The Rejection Drain: Patent Examiner Leniency and Inventor Interstate Mobility,True,untestable,pass,a15b5ceae59657e4e7e9d03676e4a1086ca9d54763002ac0b2659bf56662e6e0,30.04,2.85,6.0,6.0,CLEAN,False,,0.0337,0,ambiguous economic direction,-0.11,0,False,jev-1.13.0,891d41a455266998215c9def75567ba63f3c97b440b57d2c788d983328bc082e,,,0.0337,0,0,0,0,jev-1.13.0,a11cb78241515c2936d3cd4b713e6cab3c32f4b5e4f4d48827153284d9eda6ae,3000.0,693983d607e58c15817104af78f02a513b635104589a2f74c95e1367df850f8c,,True,True,True,14.0,2008.0,0.09,0.95,2.98,0.76,0.08,0.07,0.04,0.04,0.29,other,0.34,0.4,labour_market,0.99,long_run,1.0,0.02,0.05,regulation_competition,0.66,1.3,0.06,0.11,0.77,working_age,0.93,0.04,0.03,0.07,0.06,-4.879607031689852
apep_1222_v1,apep_1222,v1,-0.0032,0.0421,-0.0064,0.0849,,2.0181,True,ok,Null,Total crime,binary,DiD,Mexico,North America,2026-03-31T19:18:46.902007,2015.0,2025.0,,0.0,7.0,7.0,6.0,False,apep_1222/v1/tables/tabF1_sde.tex,When the Mine Money Stops: Fiscal Withdrawal and the Violence Dividend in Mexico's Mining Communities,True,pass,pass,89fcb480670c3e10d99fca8fed7cd102820dd0ca0fe8f3c1d0b3d55aa2854b4f,25.21,2.5,6.0,6.0,CLEAN,False,,-0.0032,-1,beneficiary outcome direction,-0.92,0,False,jev-1.13.0,3ee2db103f1e017e46377b4524d3a0c8010b62f5bacb790fe46fb3592aa1a832,0.0032,,0.0032,-1,-1,-1,-1,jev-1.13.0,dcc97f648126c95e7901aea7a0b9382e2960030bb20d64df8a2563a553f58427,3321.0,167284eb1597528763f2afefe2904e3b46371947e093e1d7d6fbd05a1fbef96b,,True,True,True,14.0,2020.0,0.11,0.97,1.45,0.36,0.1,0.13,0.07,0.03,0.05,direct_transfer,0.9,0.97,crime_safety,1.0,long_run,0.75,0.04,0.06,finance_governance,0.7,1.97,0.07,0.11,0.78,general_public,0.57,0.02,0.76,0.28,0.02,-3.167707538293801
apep_1223_v1,apep_1223,v1,-0.972,0.008,-0.2123,0.0018,,0.3108,True,ok,Large negative,Full encashment share,continuous,DiD,United Kingdom,Western Europe,2026-03-31T20:34:46.628504,,,,0.0,7.0,7.0,6.0,False,apep_1223/v1/tables/tabF1_sde.tex,The Choice Tax: Pension Freedom and the Regressive Cost of Financial Autonomy,True,untestable,untestable,67484b7a0c3f5e48905ec6db91d32f7504c6d6e257e3b0f68a271978dda4fdf1,28.21,2.96,5.0,5.0,SUSPICIOUS,False,,-0.972,-1,beneficiary outcome direction,-0.36,0,False,jev-1.13.0,1e73406662d37c4a4d8f5b299541fb50e37550b91b429f78590c41bf56f30c53,0.972,,0.972,0,0,0,-1,jev-1.13.0,76df9c0ab4e3edf9f217cce18b64ae1eb44b5a93aa7818852ad99db4124a37f3,2824.0,cfa8bc5deb24c931fb5ad0ad74d63ee90ff577b05175f1ca41e0470a82b2c693,,True,True,True,14.0,,0.12,0.94,0.08,0.71,0.53,0.85,0.07,0.03,0.27,other,0.38,0.63,behaviour_compliance,0.94,long_run,0.95,0.06,0.04,labor_income,0.98,2.57,0.05,0.09,0.75,elderly_retired,0.99,0.02,0.1,0.52,0.4,-4.8283137373023015
apep_1225_v1,apep_1225,v1,-0.204,0.219,-0.559,0.599,,2.73,True,ok,Large negative,Weapons possession,binary,DiD,United Kingdom,Western Europe,2026-03-31T23:26:10.935752,,,,0.0,7.0,7.0,5.0,False,apep_1225/v1/tables/tabF1_sde.tex,"The Relaxation That Wasn't: Section 60 Stop-and-Search Powers, Weak First Stage, and Null Crime Effects in England and Wales",True,pass,pass,6363b48d8bbf2e1d14499855c6d275cfedef0348ebb8b6a57fd4bbfd6fdc7469,14.5,4.0,5.0,5.0,SUSPICIOUS,False,,-0.204,-1,beneficiary outcome direction,-0.92,-1,True,jev-1.13.0,2a0084dabb75c9e7291750da1d5c9cada11329ee2aefcecb980f801a16cff9ed,0.204,0.204,0.204,-1,-1,-1,-1,jev-1.13.0,fcc3dd427c473fd9695da5f9d771dc1d0e942cb41ca4fd77ba1e9d391f1c3c40,4981.0,be508f9ec264ffcfc0c14586b4b5e3dce614de249abc24ec5dc31d32e06c3825,,True,True,True,14.0,,0.14,0.97,2.11,0.17,0.24,0.1,0.75,0.06,0.04,enforcement,1.0,0.96,crime_safety,1.0,medium_run,0.52,0.03,0.08,finance_governance,1.0,2.13,0.09,0.15,0.78,general_public,0.97,0.03,0.6,0.09,0.02,-1.5186835491656363
apep_1227_v1,apep_1227,v1,-0.0417,0.0272,-0.0131,0.0086,,0.315,True,ok,Small negative,Log Earnings,binary,DiD,United States,North America,2026-03-31T20:49:39.041349,2019.0,2023.0,,0.0,8.0,8.0,6.0,False,apep_1227/v1/tables/tabF1_sde.tex,The Credential Mirage: Universal License Recognition and the Hispanic--Non-Hispanic Earnings Gap,True,pass,pass,243b6a3c4728c83f6435d83605d77def29a3e1bbc650698b2e8aab426bb951a7,15.93,3.46,5.0,5.0,CLEAN,False,,-0.0417,1,beneficiary outcome direction,0.89,0,False,jev-1.13.0,dcade91ed05a29670a71b8bd897ab3202aaec8855bb9a84f14b4efaec1ccb59f,-0.0417,,0.0417,1,1,1,1,jev-1.13.0,1628ec3d4c4192e6c39b057469c1c88c21acc115efcdbba46f942a5ff44746f1,3943.0,3216c2b1557dfcd3d2d1e07780ea10ddc9f88c11882a6ccfc19ba1b9c63dca41,,True,True,True,14.0,2021.0,0.09,0.97,2.04,0.05,0.15,0.32,0.04,0.12,0.97,other,0.36,0.08,labour_market,0.46,long_run,0.54,0.49,0.05,regulation_competition,0.91,1.86,0.06,0.11,0.79,migrants_minority,0.93,0.02,0.02,0.01,0.02,-3.6045383056801854
apep_1228_v1,apep_1228,v1,0.0619,0.1014,0.0699,0.1146,,1.13,True,ok,Moderate positive,log(NWP),binary,DiD,United Kingdom,Western Europe,2026-03-31T21:27:20.961610,2021.0,2024.0,184.0,0.0,7.0,7.0,6.0,False,apep_1228/v1/tables/tabF1_sde.tex,"The Waterbed Illusion: Insurance Price-Walking Bans, Claims Compression, and Complaint Displacement",True,pass,pass,6961a4f0752a8dc4b73875117ef141b67c8b8263b33109ecb73eaf55c64598cd,24.6,3.19,5.0,5.0,SUSPICIOUS,False,,0.0619,0,insufficient directional evidence,-0.0199999999999999,0,False,jev-1.13.0,487c1ab9b72529856b674d2d6feb4ed9e79e7be44711b05f8c00c523e56f2472,,,0.0619,0,0,0,0,jev-1.13.0,ec6f7ee1851ca372700548f97bcd327723a1aee94cb9c221d905c17dc6c07cf6,4443.0,5edecbe14f5fc9c6c5bedf93c3a76142c757528d1d74de08f2f2ef73a74df17b,,True,True,True,14.0,2022.5,0.12,0.97,1.56,0.55,0.31,0.42,0.07,0.06,0.34,price,0.79,0.36,prices_cost,0.82,medium_run,0.47,0.71,0.06,regulation_competition,0.87,2.79,0.12,0.13,0.68,firms_industry,0.52,0.02,0.03,0.48,0.03,-2.2886821878250543
apep_1229_v1,apep_1229,v1,1.0119,0.2765,0.0749,,,0.074,True,ok,Large positive,Log transport ins.,binary,DiD,United Kingdom,Western Europe,2026-03-31T21:50:56.223891,2015.0,2025.0,,0.0,7.0,7.0,3.0,False,apep_1229/v1/tables/tabF1_sde.tex,"The Convergence Trap: Price Regulation, Dispersion Collapse, and Insurance Market Dynamics",True,pass,untestable,beb75ab15d9caa3da6d2f5df2a4e9f642ec46af4595178a3d86be767465529fb,10.97,3.24,6.0,6.0,SUSPICIOUS,False,,1.0119,-1,beneficiary outcome direction,-0.53,0,False,jev-1.13.0,3e515dc57fdc17720bd5d9e8b78106890d3c2418a75570534a58ad1557e93a2e,-1.0119,,1.0119,0,-1,-1,-1,jev-1.13.0,7cc934ed50977bed89c13b38b8c7978184b4a902671d25e154acf9e5be855b3b,3955.0,c501d39c5394889fa2129a551de01b186e4ce34bb6c00a6c8e46a6e8d89cf10e,,True,True,True,14.0,2020.0,0.1,0.98,1.22,0.37,0.91,0.85,0.1,0.06,0.13,price,0.71,0.66,prices_cost,1.0,long_run,0.83,0.49,0.09,regulation_competition,0.88,2.88,0.1,0.93,0.76,general_public,0.86,0.02,0.04,0.08,0.03,-1.2855444580197475
apep_1230_v1,apep_1230,v1,-0.555,0.306,-13.98,7.71,,25.19,True,ok,Large negative,New enrollments (all),binary,DiD,United States,North America,2026-04-01T09:46:57.271326,2017.0,2025.0,,0.0,7.0,7.0,6.0,False,apep_1230/v1/tables/tabF1_sde.tex,Gatekeepers of the Good Death: How Enhanced Oversight of Hospice Entry Reshaped End-of-Life Markets,True,pass,pass,6dc3342d44970a828767b3f0bf9afaf1a277c44530b0738de39d590ecd372164,29.28,3.23,5.0,5.0,SUSPICIOUS,False,,-0.555,0,measurement qualifier: gross_activity,0.29,0,False,jev-1.13.0,1bac8da2f67e9737972db7add8c5721da1c3e27026be8602c05a76875f1bfff5,,,0.555,0,0,0,1,jev-1.13.0,b0abe5ae554ac48083a0d75fed584ca94bc0fed91c161ce84c0f7e75999a3851,4187.0,f13339104f7be4b4214b0c35113b5a1bc59b6a11ced7bb1c05452e54c1f62e77,,True,True,True,14.0,2021.0,0.14,0.98,1.81,0.56,0.85,0.55,0.34,0.04,0.61,enforcement,1.0,0.32,behaviour_compliance,0.5,long_run,0.77,0.04,0.08,regulation_competition,0.8,1.47,0.15,0.84,0.79,firms_industry,0.99,0.03,0.15,0.87,0.04,-1.1841701770297564
apep_1232_v1,apep_1232,v1,-0.273,0.239,-0.0019,0.0017,,0.007,True,ok,Large negative,C-section rate,binary,DiD,United States,North America,2026-04-01T10:49:06.990030,2018.0,2023.0,,0.0,7.0,7.0,6.0,False,apep_1232/v1/tables/tabF1_sde.tex,The Coverage-to-Care Gap: Medicaid Doula Reimbursement and Population-Level Birth Outcomes,True,pass,pass,683e24c12e3a0c15154fc3eae47da3f4eb27a5fd4f3ee8c2318449c7917689a5,22.2,3.16,5.0,5.0,CLEAN,False,,-0.273,-1,beneficiary outcome direction,-0.81,0,False,jev-1.13.0,cc56b4b81736c318e47192a66fdf75a0b65db2df9709b978f95c00b23dd53078,0.273,,0.273,0,-1,-1,-1,jev-1.13.0,b9c2270fafb5f7f62d88794f15aa0c946d78b0e2f8c45a7b2e35bb73b74b8869,2836.0,110688fd2c2c27e73dbdebd6b445d1c3b48e7cb822ebc822dae573c644159b96,,True,True,True,14.0,2020.5,0.15,0.97,1.96,0.13,0.13,0.12,0.54,0.1,0.06,price,0.49,0.87,health,1.0,medium_run,0.47,0.03,0.07,health_human_capital,1.0,1.95,0.09,0.17,0.84,low_income,1.0,0.02,0.09,0.08,0.17,-1.4312917270506265
apep_1234_v1,apep_1234,v1,0.909,0.637,0.0054,0.0038,,0.0059,True,ok,Large positive,ROA,binary,DiD,Panama,Other / not stated,2026-04-01T12:27:15.171735,,,,0.0,8.0,8.0,6.0,False,apep_1234/v1/tables/tabF1_sde.tex,The Compliance Illusion: FATF Grey-Listing and the Resilience of International Banking in Panama,True,pass,pass,405416a68cf3c2585ed32c712b6ea20a2ca76d327459affdad987e2c59c88fbf,18.53,3.3,5.0,5.0,CLEAN,False,,0.909,1,beneficiary outcome direction,0.8400000000000001,0,False,jev-1.13.0,76167eb66827bf8a76c504be3b06149593e8f6b93936e634d2262293ef09d354,0.909,,0.909,1,1,1,1,jev-1.13.0,1ac2cc460eb6257756058f64c5d9d21eee6072554f5a422233201975c145312d,3262.0,b36ed2b2865fe8af9eebf26ab42114d1e67d4466cf253f07b50ffcb873662382,,True,True,True,14.0,,0.09,0.97,1.64,0.08,0.12,0.69,0.04,0.03,0.93,enforcement,0.79,0.09,other,0.93,long_run,0.38,0.06,0.06,finance_governance,0.98,1.95,0.07,0.11,0.8,firms_industry,1.0,0.02,0.03,0.03,0.04,-0.45098562340997367
apep_1235_v1,apep_1235,v1,-0.0584,0.0077,-0.0585,0.0077,,0.1557,True,ok,Mod. negative,Secondary sector share,continuous,DiD,Switzerland,Western Europe,2026-04-01T12:23:12.293475,2011.0,2023.0,,0.0,7.0,7.0,6.0,False,apep_1235/v1/tables/tabF1_sde.tex,The Structural Ratchet: Exchange Rate Shocks and Permanent Sectoral Reallocation in Swiss Municipalities,True,untestable,untestable,0b0ac0dfc50a0e1257e005a6c40fcd90ab445d6a2e1c504187a115d49479771d,14.18,3.88,6.0,6.0,SUSPICIOUS,False,,-0.0584,0,measurement qualifier: group_composition,0.1499999999999999,0,False,jev-1.13.0,fe58deb37d26ae8476008f059cf794f4bcf82e35fbf1b975d29e85ab948b30ef,,,0.0584,0,0,0,0,jev-1.13.0,f7cd9ff0c69a9abe952cf5b3575dc27886191a853b66ae0ffd9660be9c17364d,3428.0,a77802552f9100b2b9611129be4dbd543db191f26f72e59e0eb73e1e92c475fd,,True,True,True,14.0,2017.0,0.08,0.98,1.99,0.75,0.12,0.03,0.03,0.03,0.49,price,0.98,0.34,labour_market,1.0,long_run,0.98,0.03,0.05,finance_governance,0.43,2.98,0.06,0.09,0.72,firms_industry,0.97,0.02,0.02,0.02,0.97,-4.866534950122499
apep_1236_v1,apep_1236,v1,0.008,0.053,0.328,2.118,,39.804,True,ok,Small positive,New construction (levels),binary,DiD,Netherlands,Western Europe,2026-04-01T12:31:18.812353,2012.0,2023.0,,0.0,8.0,8.0,6.0,False,apep_1236/v1/tables/tabF1_sde.tex,All Soil Is Contaminated: Why the Strictest Environmental Standard in Dutch History Left Housing Supply Unchanged,True,pass,pass,7b298e263f15176e4fd064c89b5b90f6be3001753b71f2b160a46727aee1fc33,14.81,3.9,6.0,6.0,CLEAN,False,,0.008,1,beneficiary outcome direction,0.67,0,False,jev-1.13.0,68fa7d56c2978773f92472560f7b31b038c5db06653156f7f106247b9bb69a5b,0.008,,0.008,1,1,1,1,jev-1.13.0,9e3f1efa6d1adc67167ac6d181c19accb321cd660dbb460aa087d0f52f7a8907,1519.0,b1ec9497675818b17d6de283b0233942d16170efb2484a76950d85bdd1282fee,,True,True,True,14.0,2017.5,0.12,0.98,1.42,0.11,0.55,0.05,0.06,0.15,0.88,quantity_restriction,1.0,0.21,other,0.91,long_run,0.76,0.03,0.06,environment_energy,0.58,2.62,0.07,0.09,0.75,firms_industry,0.85,0.02,0.07,0.07,0.02,-2.9374633654300153
apep_1237_v1,apep_1237,v1,-0.0145,0.0048,-0.0269,0.0088,,2.9903,True,ok,Small negative,Total employment,continuous,DiD,United States,North America,2026-04-01T12:38:03.817661,2010.0,2011.0,,0.0,7.0,7.0,6.0,False,apep_1237/v1/tables/tabF1_sde.tex,"The Credit Check Tax: PLUS Loan Tightening, HBCU Enrollment Loss, and Community Employment Decline",True,untestable,untestable,a686571bcb9a8e8ed4c17bbf665bd9710d904e0f411a0ebc228e79a6eb98865a,29.13,2.47,8.0,8.0,SUSPICIOUS,False,,-0.0145,1,beneficiary outcome direction,0.84,0,False,jev-1.13.0,545f457bba052d403f6daa546f8bff0917107f366108ac0ed34c8f084a5a0fa6,-0.0145,,0.0145,1,1,1,1,jev-1.13.0,bfed051698a97ca151a1c308f3304f914e4613c596e48e99f831b433695d5134,4030.0,4cdcc7cbc5664c7d0af1db134c89967853fe9f4086148443ab0ae85c8481e4ed,,True,True,True,14.0,2010.5,0.1,0.96,2.06,0.1,0.05,0.15,0.03,0.03,0.97,public_provision,0.5,0.13,labour_market,1.0,long_run,0.65,0.04,0.22,finance_governance,0.5,1.7,0.08,0.32,0.81,children_youth,0.29,0.02,0.03,0.02,0.03,-5.339139361068292
apep_1238_v1,apep_1238,v1,-0.1665,0.0202,-0.043,0.0052,,0.1556,True,ok,Large negative,Total Medicare spending (OLS),continuous,DiD,United States,North America,2026-04-01T12:38:13.826544,1946.0,1971.0,,0.0,7.0,7.0,5.0,False,apep_1238/v1/tables/tabF1_sde.tex,"The Long Shadow of Federal Hospital Investment: Hill-Burton Infrastructure, Market Concentration, and Medicare Spending",True,untestable,untestable,0dc5d16fe044278b5cf1b93b1db260297f59deeaab640bbeca75aedb6235612a,17.56,3.29,6.0,6.0,SUSPICIOUS,False,,-0.1665,-1,beneficiary outcome direction,-0.59,0,False,jev-1.13.0,bb3a297c744d0735219d7247e4a0f57d2e8a31208f174cba23403527453b207a,0.1665,,0.1665,0,0,-1,-1,jev-1.13.0,30df3e8a1ca72270d1e3d873fca3786cfcde61b91da8a1d40ccb328f7d2e4471,4342.0,3731f7831589bd501565c194361194ecfb6a492afbd8a05529bcc56358a42659,,True,True,True,14.0,1958.5,0.1,0.97,2.94,0.53,0.12,0.19,0.05,0.05,0.13,infrastructure,0.89,0.72,prices_cost,0.69,short_run,0.55,0.39,0.05,health_human_capital,0.85,1.84,0.05,0.16,0.86,elderly_retired,0.98,0.02,0.05,0.28,0.03,-3.902072674574978
apep_1239_v1,apep_1239,v1,0.322,0.111,0.0491,0.017,,3.43,True,ok,Large positive,Net migration rate,continuous,DiD,Switzerland,Western Europe,2026-04-01T12:48:32.952924,2003.0,2005.0,,0.0,7.0,7.0,5.0,False,apep_1239/v1/tables/tabF1_sde.tex,Sticky Cantons: Fiscal Equalization and the Limits of Tiebout Migration in Switzerland,True,untestable,untestable,3e1aded76c60aa3efc99d0bec80086f2077b757552cdb12c59b06483bbd9943b,21.28,3.27,5.0,5.0,CLEAN,False,,0.322,0,ambiguous economic direction,-0.03,0,False,jev-1.13.0,0fd3da44f58ae602eb151acd4dad849013bf729356893e716171e490c92d9fa5,,,0.322,0,0,0,0,jev-1.13.0,4c62dba71204ceaa5d915d6a761e334f1c4096377c45171ed7bf165e64f4a59b,2719.0,c133deb500d13223ba3de865370f78477d2f411e9d35cc5b2bdbb9b523cae1be,,True,True,True,14.0,2004.0,0.1,0.98,1.8,0.76,0.12,0.94,0.07,0.08,0.22,direct_transfer,0.83,0.25,other,0.98,long_run,0.92,0.03,0.15,finance_governance,0.86,2.6,0.27,0.96,0.59,general_public,0.83,0.03,0.04,0.1,0.09,-2.198225077669803
apep_1240_v1,apep_1240,v1,0.0648,0.0393,0.58,0.352,,8.94,True,ok,Moderate positive,Depth to water (m),binary,DiD,India,South Asia,2026-04-01T13:05:13.085538,1996.0,2017.0,,0.0,7.0,7.0,5.0,False,apep_1240/v1/tables/tabF1_sde.tex,Paper Tigers in the Aquifer: Groundwater Regulation Without Enforcement in India,True,pass,pass,64d2e745feb479e72895c706d3dd23d9a7873016defa4a304b7fb5121efbcc43,19.0,4.02,4.0,4.0,SUSPICIOUS,False,,0.0648,-1,beneficiary outcome direction,-0.8799999999999999,0,False,jev-1.13.0,31db70f12af42feb1f5730d336425546ce417de74409837252ad13941f02094c,-0.0648,,0.0648,0,-1,-1,-1,jev-1.13.0,b4333a1455e2f98fe9ac263d4d208db79303d248561ea94412cbc0812ed6f683,2423.0,73d5698244191fa2b094c1f1b7c1eca8cc1ab523c23f0a34b7903be20792a038,,True,True,True,14.0,2006.5,0.13,0.95,1.25,0.14,0.19,0.96,0.17,0.04,0.06,quantity_restriction,0.61,0.94,environment,1.0,long_run,0.9,0.02,0.04,environment_energy,0.77,1.85,0.05,0.11,0.78,firms_industry,0.96,0.02,0.03,0.03,0.02,-3.2365307601069215
apep_1241_v1,apep_1241,v1,-0.517,0.191,-1.336,0.492,,2.583,True,ok,Large negative,Log mink exports (active producers),binary,DiD,European Union member states and neighbors,Western Europe,2026-04-01T14:12:15.697359,2002.0,2022.0,,0.0,7.0,7.0,6.0,False,apep_1241/v1/tables/tabF1_sde.tex,The Animal Welfare Haven: Fur Farming Bans and the Geography of Production,True,pass,pass,35509f57f46d8812b8abe2cd194d2d326f75b2f15f7020142250ab56a5b6df10,24.12,2.77,7.0,7.0,SUSPICIOUS,False,,-0.517,0,measurement qualifier: gross_activity,0.39,0,False,jev-1.13.0,5a822fe889574565aa4a00f4e1015f06e228dc41f1338f040ecf96e4d309dd8c,,,0.517,0,0,0,1,jev-1.13.0,cfa6ca24b39186614ade1adc593e85101411240a386bc93f6c1d11baa6a5b05d,2968.0,cbbbddb9e5c328627a9b906983c70bb83eff6bec87976614413dd9d348b82e57,,True,True,True,14.0,2012.0,0.65,0.77,1.31,0.47,0.34,0.95,0.17,0.04,0.78,quantity_restriction,1.0,0.39,other,0.8,long_run,0.93,0.88,0.05,regulation_competition,0.98,2.95,0.07,0.16,0.83,firms_industry,1.0,0.02,0.06,0.9,0.04,-1.6554818509355071
apep_1243_v1,apep_1243,v1,0.017,0.024,0.002,0.002,,0.098,True,ok,Small positive,Foreign population share,binary,DiD,Switzerland,Western Europe,2026-04-01T13:15:55.359402,2010.0,2024.0,,0.0,7.0,7.0,5.0,False,apep_1243/v1/tables/tabF1_sde.tex,The Merger That Didn't Move: Municipal Consolidation and Foreign Residential Sorting in Switzerland,True,fail,pass,41b90a1752bf04bb0e7eb23223ae7372d238457ebbab32ba1b3749dcfd6d4ddd,14.41,3.01,6.0,6.0,CLEAN,False,,0.017,0,measurement qualifier: group_composition,-0.06,0,False,jev-1.13.0,06eea2b431d61923049c10fdad949174a4a29228b2352d057e97f11c61848ace,,,0.017,0,0,0,0,jev-1.13.0,59505c9411c164c469ac750e70e9170b66f4a85263cf80614d03905e3c3acde4,3857.0,415221ce7838bd9f8294da071b5bd1a1858b90be258637cd42f6d56ad7762b56,,True,True,True,14.0,2017.0,0.14,0.98,1.37,0.84,0.1,0.07,0.03,0.04,0.2,public_provision,0.46,0.26,other,1.0,long_run,0.76,0.03,0.07,finance_governance,0.7,1.24,0.08,0.44,0.83,general_public,0.87,0.02,0.04,0.04,0.98,-3.7297014486341915
apep_1244_v1,apep_1244,v1,-0.0188,0.0249,-0.00834,0.01104,,0.4438,True,ok,Small negative,Hazardous industry entry,binary,DiD,United States,North America,2026-04-01T13:28:12.089052,1911.0,1920.0,,0.0,7.0,7.0,5.0,False,apep_1244/v1/tables/tabF1_sde.tex,The Sorting Illusion: Workers' Compensation and Occupational Risk in Progressive-Era America,True,pass,pass,c432afacc7bec72e47903291097c019fd12240741504ac2bb1c6f53baa43a8bb,27.7,2.61,6.0,6.0,SUSPICIOUS,False,,-0.0188,0,ambiguous economic direction,-0.43,0,False,jev-1.13.0,3aace680adf5fa65cec143fc2849546f386ee2177e2fa6c3e5d067c1f9bfe01f,,,0.0188,0,0,0,0,jev-1.13.0,5d0c26f15ea9ad872628ffd062f24dffb5ca6afd96da4e90eb1ae4c762bec233,2881.0,2b8ab766eaf174dacd5f8487635c8dd5ac86358c43f83b3119660ce08eb7bd86,,True,True,True,14.0,1915.5,0.1,0.86,1.14,0.77,0.13,0.12,0.05,0.04,0.23,direct_transfer,0.44,0.66,labour_market,1.0,long_run,0.91,0.04,0.05,labor_income,1.0,2.21,0.08,0.13,0.82,working_age,1.0,0.02,0.03,0.02,0.15,-3.6928874755114753
apep_1245_v1,apep_1245,v1,0.447,0.151,0.1317,0.0444,,0.0582,True,ok,Large positive,"CAR[-1,+1]: Ban imposition",continuous,Event Study,South Korea,East Asia,2026-04-01T13:06:05.242088,,,,0.0,7.0,7.0,6.0,False,apep_1245/v1/tables/tabF1_sde.tex,"The Price of Silence: Short-Selling Bans, Overpricing, and the Retail Protection Paradox",True,untestable,untestable,26a46dacfc8a995ef8b72e0852bddbfae4e2e6fc871e1d0e4086d3940331544b,25.78,2.8,6.0,6.0,SUSPICIOUS,False,,0.447,0,insufficient directional evidence,0.0399999999999999,0,False,jev-1.13.0,1a74009715b07e8c0dde84d0bba9d0efd7e0fe16c03aae632f53a6a2e0df2bf4,,,0.447,0,0,0,0,jev-1.13.0,57dc8f37b840fc346a2b58ed500171c0c1324d64afc6e66e56ee3e73f0c20bb6,3927.0,8bab6c81f0636f65cfc709686167f238a2276e85105de949ab6159e518d5eed3,,True,True,True,14.0,,0.12,0.05,0.37,0.51,0.27,0.1,0.21,0.26,0.44,quantity_restriction,1.0,0.4,prices_cost,0.88,medium_run,0.83,0.13,0.06,finance_governance,0.87,3.0,0.06,0.1,0.72,general_public,0.56,0.02,0.07,0.15,0.04,-1.8904754421672127
apep_1246_v1,apep_1246,v1,-0.0437,0.024,-0.064,0.0351,,1.4623,True,ok,Small negative,Employment (log),binary,DiD,United States,North America,2026-04-01T13:09:31.843117,,,,0.0,7.0,7.0,5.0,False,apep_1246/v1/tables/tabF1_sde.tex,Blaming the Mandate: Vaccine Requirements and the Permanent Nursing Home Workforce Cliff,True,pass,pass,be03a2f2f9ad0e0a8852601cde549722603144e5ab5e4851bb035a9fc11de45b,22.78,3.03,7.0,7.0,CLEAN,False,,-0.0437,1,beneficiary outcome direction,0.73,0,False,jev-1.13.0,093e780b0088a81900ef1f8c96ef911b6aac41cdc0b3949f6225e38eb816f88d,-0.0437,,0.0437,0,1,1,1,jev-1.13.0,ca8432845dddfc3ab6b4d267d0a4c6d5c4c3ae533866d6ca52c97939934ff96c,4273.0,d4acd9044b9333946775f8abb7c230255c843160ff954eebeb6218563764115f,,True,True,True,14.0,,0.13,0.96,2.07,0.07,0.66,0.49,0.05,0.04,0.97,enforcement,0.83,0.24,labour_market,1.0,long_run,0.64,0.03,0.07,health_human_capital,0.4,2.08,0.09,0.14,0.79,working_age,0.68,0.02,0.03,0.02,0.04,-3.7297014486341915
apep_1247_v1,apep_1247,v1,0.0332,0.0107,0.0266,0.0086,,0.1537,True,ok,Small positive,Black enrollment share,continuous,Event Study,United States,North America,2026-04-01T13:10:49.663263,2002.0,2015.0,,0.0,7.0,7.0,5.0,False,apep_1247/v1/tables/tabF1_sde.tex,The Composition Lever: How the ARRA Pell Grant Expansion Reshaped Racial Enrollment at Community Colleges,True,untestable,untestable,9f3f157b994f0a3de9b3f51a9c4e567de3c86683c971845252fa25fa129e0aeb,20.28,3.46,5.0,5.0,CLEAN,False,,0.0332,0,measurement qualifier: group_composition,0.62,0,False,jev-1.13.0,024622be01a597437f7f83cff2c31c8456a1ef33ccd138c76b3f2efab1b04702,,,0.0332,0,0,0,1,jev-1.13.0,db29864c6a144d4435480b29b5ec520db035a8deeb816f7519dcf7199ff85d11,1781.0,9274dcaaf0cbeeb542c4ed868bfbd34fa893577f77a564f89355363dac0a6b3a,,True,True,True,14.0,2008.5,0.11,0.97,1.99,0.4,0.15,0.05,0.05,0.1,0.74,direct_transfer,0.77,0.12,education,1.0,long_run,0.98,0.03,0.07,health_human_capital,0.99,2.02,0.09,0.36,0.78,low_income,0.99,0.02,0.07,0.16,0.98,-4.537511537514277
apep_1248_v1,apep_1248,v1,0.036,0.028,0.0568,0.0447,,1.5862,True,ok,Small positive,Benefit Index,binary,Event Study,Colombia,Latin America,2026-04-01T13:51:35.738625,2011.0,2016.0,,0.0,7.0,7.0,6.0,False,apep_1248/v1/tables/tabF1_sde.tex,Not So Thin: Payroll Tax Cuts and the Substantive Quality of Formalization in Colombia,True,pass,pass,d3ccb2b2a4d6e2a2e7063799a0568a2122c3320df20904aa67c2e5f45bb2c02d,22.39,3.18,5.0,5.0,CLEAN,False,,0.036,1,beneficiary outcome direction,0.88,0,False,jev-1.13.0,7e386bcfadf6133b69022e4d0bee60ef21db101c6258a665c5c9a7893c0e50ba,0.036,,0.036,1,1,1,1,jev-1.13.0,3fd9b16f43cdbaaf4d70ede0d7e2b0734c473278496abb085b5108de80ee34f0,2923.0,5cc44f8f1c607ccd3782f3d6d07e63009246d0968b626ab2318d3eec83837e87,,True,True,True,14.0,2013.5,0.14,0.98,1.29,0.05,0.17,0.91,0.06,0.2,0.96,price,1.0,0.08,labour_market,0.93,medium_run,0.84,0.03,0.06,labor_income,0.92,2.19,0.07,0.12,0.76,firms_industry,0.69,0.02,0.05,0.04,0.06,-3.575550768806933
apep_1249_v1,apep_1249,v1,0.0075,0.0097,0.0487,0.063,0.187,1.211,True,ok,Small positive,Log employment,continuous,DiD,Australia,Oceania,2026-04-01T13:41:52.770918,,,,0.0,9.0,9.0,4.0,False,apep_1249/v1/tables/tabF1_sde.tex,The Missing Cliff: Australia's Carbon Tax and the Resilience of Electricity-Sector Employment,True,pass,pass,16c8e3d904f51ec4a566374d47cde496de87ae85cd8d6bc3bfc037564d0c138f,20.1,3.9,5.0,5.0,CLEAN,False,,0.0075,1,beneficiary outcome direction,0.71,0,False,jev-1.13.0,9fba017a52413b323b7072b6f1e5a375ac3961668f99e08de1d9498f8ef0d743,0.0075,,0.0075,0,1,1,1,jev-1.13.0,2d75c0681afc44d3fe2040ffb3425cf6e0138a4f61d52da3c0cdd7bd57916687,3339.0,2d933e646e586036fb2cc7daa74e1e6c8e06279703fccbe768d08412ca43b368,,True,True,True,14.0,,0.09,0.98,1.65,0.14,0.1,0.96,0.06,0.03,0.94,price,1.0,0.23,labour_market,1.0,long_run,0.9,0.03,0.04,environment_energy,0.96,1.9,0.05,0.09,0.69,firms_industry,0.99,0.02,0.03,0.02,0.04,-4.6356293934728
apep_1250_v1,apep_1250,v1,-0.0496,0.0165,-0.003,0.001,,0.8583,True,ok,Small negative,Private minus mortgage claims,continuous,DiD,United Kingdom,Western Europe,2026-04-01T13:19:43.536519,,,,0.0,7.0,7.0,5.0,False,apep_1250/v1/tables/tabF1_sde.tex,Did Britain's Payday Lending Cap Raise Possession Claims? Evidence from English and Welsh Courts,True,untestable,untestable,db2ebb002c138439ce0ab999c4083c2b15415abfa36ea37520d995aa6268ee9d,13.97,3.52,5.0,5.0,CLEAN,False,,-0.0496,0,measurement qualifier: administrative_detection,-0.13,0,False,jev-1.13.0,22583692da1ed86d793d86691e2bb76a735c3af6694bb66033ccdf2cb0a60675,,,0.0496,0,0,0,0,jev-1.13.0,d234cea0c8f90cc953075ac351788ebdfcb58769bc58d1be75815a8df6f1b984,4314.0,b73974c4e8e678a401dd571b550faff26cfd8fac79ffed36be309e7a2655f084,,True,True,True,14.0,,0.22,0.97,1.82,0.46,0.07,0.67,0.08,0.03,0.52,price,1.0,0.65,other,0.44,long_run,0.85,0.1,0.16,finance_governance,0.98,2.62,0.2,0.96,0.79,low_income,0.99,0.02,0.84,0.89,0.06,-4.104394898075602
apep_1251_v1,apep_1251,v1,-0.001,0.334,-0.001,0.397,,1.191,True,ok,Null,Total strikes,binary,DiD,United States,North America,2026-04-01T14:17:39.755005,2004.0,2007.0,,0.0,7.0,7.0,6.0,False,apep_1251/v1/tables/tabF1_sde.tex,Certify to Protect? Part 139 Expansion and the Severity Margin in Wildlife Strikes,True,pass,pass,42792d873e7ce78c3d1280107ad3193a1516deb214b5ffca711206f158b61464,13.6,3.91,5.0,5.0,CLEAN,False,,-0.001,0,measurement qualifier: administrative_detection,-0.68,0,False,jev-1.13.0,ba1343591213eaefd0c01a07baaf580365f882d97dd848dbda66c6fc88e14301,,,0.001,-1,-1,0,-1,jev-1.13.0,0f241d3c57d51d17bc459a926c90780556f802ed3cfbdc67f95a8d619f2b02b6,3713.0,48c08d0f4e5e2b0324a593402504ba5763e567b3bdc27207a791f6dc4129ed9e,,True,True,True,14.0,2005.5,0.34,0.97,1.43,0.74,0.45,0.19,0.22,0.06,0.08,enforcement,0.9,0.76,crime_safety,0.86,long_run,0.96,0.04,0.07,regulation_competition,0.77,1.49,0.08,0.2,0.74,firms_industry,0.98,0.02,0.83,0.59,0.03,-1.0966142860054366
apep_1253_v1,apep_1253,v1,-0.0065,0.0015,-0.0023,0.0005,,1.971,True,ok,Small negative,Employment (all industries),continuous,DiD,United States,North America,2026-04-01T14:16:36.599277,,,,0.0,7.0,7.0,6.0,False,apep_1253/v1/tables/tabF1_sde.tex,The Recovery Confound: Can We Identify SNAP Labor Supply Effects During a Pandemic Recovery?,True,untestable,untestable,60aa07e149837abdfff47c63a68af35284c979081460288fd7c9f479986e30a3,9.78,4.05,6.0,6.0,CLEAN,False,,-0.0065,1,beneficiary outcome direction,0.75,0,False,jev-1.13.0,1935f98e48dc3d0bd3fdf4a1831c2c52ba1af87e620bd712decbe1e4d535ee73,-0.0065,,0.0065,0,1,1,1,jev-1.13.0,3d928574e8face006e732bcefc6d4db46caafb996917d0a62044a525ab61001c,2674.0,a8ce62c1625ec338a7f431aa2c943f1c915058bd5302f533f9a94f5cbd53bbfe,,True,True,True,14.0,,0.14,0.97,1.81,0.12,0.08,0.27,0.04,0.06,0.95,direct_transfer,0.99,0.2,labour_market,1.0,medium_run,0.68,0.04,0.08,labor_income,1.0,2.06,0.11,0.81,0.77,low_income,1.0,0.02,0.03,0.02,0.05,-6.502290170873972
apep_1254_v1,apep_1254,v1,-0.1584,0.058,-0.0526,0.0192,,0.3321,True,ok,Large negative,Log appraisal value,binary,DiD,Portugal,Western Europe,2026-04-01T15:17:29.924938,,,,0.0,7.0,7.0,4.0,False,apep_1254/v1/tables/tabF1_sde.tex,The Golden Visa Discount: Geographic Investment Bans and Housing Prices in Portugal,True,pass,pass,bc299ec9d48ced33381b7d3a6e8d1083ea9dc9656a179f791ed005649c5c4a2a,16.76,3.0,6.0,6.0,SUSPICIOUS,False,,-0.1584,-1,beneficiary outcome direction,-0.15,0,False,jev-1.13.0,dc048f16c6f6b1ba82f776fe43e4cb9a5af7802a5eba27528235361069553a7c,0.1584,,0.1584,0,0,0,-1,jev-1.13.0,6cc667a5a99ca67c261d9067bde4db41fa87e6fb67da8f9aa2fff0a5afe5adeb,1977.0,12f00509292f7df90c9cb80f41760362bdce13d99b9ec93f27e647872d73f844,,True,True,True,14.0,,0.12,0.89,1.75,0.48,0.33,0.94,0.23,0.08,0.41,quantity_restriction,0.92,0.56,prices_cost,1.0,long_run,0.79,0.57,0.08,housing_infrastructure,0.79,1.87,0.07,0.11,0.71,migrants_minority,0.68,0.02,0.02,0.08,0.02,-2.8473122684357177
apep_1261_v1,apep_1261,v1,0.051,0.039,2.122,1.613,,0.972,True,ok,Moderate positive,Birth rate (all),continuous,Event Study,Italy,Western Europe,2026-04-01T16:35:35.714836,2015.0,2023.0,,0.0,7.0,7.0,3.0,False,apep_1261/v1/tables/tabF1_sde.tex,The Universality Dividend? Italy's Child Benefit Consolidation and Regional Fertility,True,untestable,untestable,e8922acd3320d7bbe1307bc88478b9747f908352650307e07c12a254f101f9a5,8.95,3.82,6.0,6.0,CLEAN,False,,0.051,1,beneficiary outcome direction,0.56,0,False,jev-1.13.0,6d5e5be3ff15c7d5ccd67ea202fbceefe9bc8ce681e51b347e20d96b6221ccb9,0.051,,0.051,1,1,1,1,jev-1.13.0,f7e7e1dc2dd46e5b3b0dc0c2cd8bb3532e8f943fdf50b5aad91c5c2911cb5aeb,3049.0,e2fbe324fe3560df030caff85dc23851f63a010f0fe70b8be892445916739560,,True,True,True,14.0,2019.0,0.09,0.97,1.24,0.32,0.13,0.94,0.04,0.17,0.75,direct_transfer,1.0,0.19,other,0.69,long_run,0.53,0.03,0.05,labor_income,0.97,2.95,0.05,0.08,0.78,working_age,0.34,0.02,0.06,0.03,0.09,-3.2441936328524905
apep_1262_v1,apep_1262,v1,-0.0381,0.024,-0.33,0.208,,8.656,True,ok,Small negative,FN/RN (TWFE),binary,DiD,France,Western Europe,2026-04-01T16:51:19.500800,2017.0,2019.0,,0.0,7.0,7.0,4.0,False,apep_1262/v1/tables/tabF1_sde.tex,Sanctioned for Solidarity: State Housing Mandates and the Null Backlash against the French Far Right,True,pass,pass,502de0a3b8178fa0bacc48e2452a458c24b7b4258e68a40beb02f84086263995,19.47,4.05,5.0,5.0,SUSPICIOUS,False,,-0.0381,0,measurement qualifier: group_composition,-0.38,0,False,jev-1.13.0,09a4581c3aa336d1c818ca3e341fe5ad95b6f7717a277059bc79b7e4faed5541,,,0.0381,0,0,0,0,jev-1.13.0,a8a59df77abeb2ca7b978627adae4c96677648eddf19356c6461e675aef81065,3565.0,ebaa0ad68f6100330fb6981e815bdb9dc8ed4995c0522f306e44acd8f3236768,,True,True,True,14.0,2018.0,0.12,0.95,1.19,0.81,0.09,0.05,0.08,0.04,0.14,enforcement,1.0,0.52,political_attitudinal,1.0,long_run,0.62,0.03,0.08,housing_infrastructure,1.0,1.9,0.08,0.12,0.81,low_income,0.92,0.02,0.04,0.05,0.97,-3.7297014486341915
apep_1263_v1,apep_1263,v1,-0.436,0.494,-1.63,1.85,,3.74,True,ok,Large negative,Deceased donors pmp,binary,DiD,United Kingdom,Western Europe,2026-04-01T16:45:13.253463,,,,0.0,7.0,7.0,5.0,False,apep_1263/v1/tables/tabF1_sde.tex,The Opt-Out Illusion: Deemed Consent and the Organ Supply Paradox in the United Kingdom,True,pass,pass,4c8c47defa140eae04ec92488c3d90d15f8242a944ddcb7b97f167ac8e3bd281,10.79,4.04,5.0,5.0,SUSPICIOUS,False,,-0.436,1,beneficiary outcome direction,0.79,0,False,jev-1.13.0,2f7e9ddd60c2d0c45d18c01211e6d60a956410801f9c0dc818e9baa24f5fffae,-0.436,,0.436,1,1,1,1,jev-1.13.0,193f5063b42f3eb8a2970c93a97a9a13ab3a1f02eac61a14f22210ea3cd52128,3031.0,6db33e604deac474567843b76d5693c64384c45ce2f2463e5bb1adb8ed7e6677,,True,True,True,14.0,,0.12,0.96,1.95,0.07,0.71,0.96,0.08,0.49,0.89,other,0.64,0.1,health,1.0,long_run,0.58,0.03,0.11,health_human_capital,1.0,2.68,0.35,0.57,0.64,general_public,1.0,0.05,0.3,0.39,0.05,-0.7052197617942145
apep_1264_v1,apep_1264,v1,0.0814,0.0998,0.425,0.521,,5.22,True,ok,Moderate positive,Avg. employment (50--249),binary,DiD,Switzerland,Western Europe,2026-04-01T16:45:28.190898,2011.0,2023.0,,0.0,7.0,7.0,5.0,False,apep_1264/v1/tables/tabF1_sde.tex,The Compliance Mirage: Switzerland's Pay Equity Mandate and the Absence of Threshold Avoidance,True,pass,pass,b214a2a11b7a2f1ef23804dfc6e31330781721fd4707fcffb097240ec9f9dc9d,16.18,2.95,5.0,5.0,SUSPICIOUS,False,,0.0814,1,beneficiary outcome direction,0.4299999999999999,0,False,jev-1.13.0,36fc621553a52c04c7e4a304a03de3c25ab1f0366c292b86ecc2d3cd7fb4de2f,0.0814,,0.0814,0,0,0,1,jev-1.13.0,d419521aa45297b48f0ff7ba1a5764ab2888d27b33db0af58918d4315f604d4e,3477.0,e4c975c23f52ade024563e19fa01d6f424837744cbdc689801389c400ea6f32a,,True,True,True,14.0,2017.0,0.13,0.98,1.22,0.67,0.19,0.86,0.05,0.04,0.71,information,0.96,0.28,labour_market,1.0,long_run,0.45,0.03,0.06,labor_income,0.94,1.63,0.08,0.1,0.64,firms_industry,1.0,0.02,0.04,0.03,0.03,-2.304587095664719
apep_1269_v1,apep_1269,v1,-0.0271,0.0269,-0.0121,0.012,,0.4448,True,ok,Small negative,Any crime,binary,DiD,Mexico,North America,2026-04-01T17:26:29.034390,2021.0,2024.0,,0.0,7.0,7.0,5.0,False,apep_1269/v1/tables/tabF1_sde.tex,The Saturday Service Null: Mexico's Military Lottery and Youth Crime Victimization,True,pass,pass,06a6945bfc0883786d7f594502066e4a532226f35457eca3d738905a7c5de544,20.77,3.06,6.0,6.0,CLEAN,False,,-0.0271,-1,beneficiary outcome direction,-0.92,0,False,jev-1.13.0,1bfb8dcc555b51b8088eed3bf0f5d175ce8af70f8c474b3fcc212b4cbc6e723c,0.0271,,0.0271,-1,-1,-1,-1,jev-1.13.0,b3c053a5a0f84f81ff29ee61708e01de3980c7491a7b9b7e7e68c010f9a5026e,2742.0,e490ef48a5d71d823dd94f78064976ac4cf8e177b2ce88426c836eaf92df21f6,,True,True,True,14.0,2022.5,0.14,0.93,3.03,0.11,0.13,0.11,0.32,0.04,0.05,public_provision,0.42,0.97,crime_safety,1.0,short_run,0.62,0.03,0.05,finance_governance,0.69,1.72,0.07,0.11,0.51,children_youth,0.82,0.82,0.06,0.03,0.04,-3.6156289923743437
apep_1270_v1,apep_1270,v1,-0.2209,0.368,-0.1474,0.2456,,6.61,True,ok,Large negative,Oil heating share,continuous,DiD,Switzerland,Western Europe,2026-04-01T17:40:54.212671,2021.0,2024.0,,0.0,7.0,7.0,5.0,False,apep_1270/v1/tables/tabF1_sde.tex,The Gas Bridge Trap: Carbon Taxation and Fossil-to-Fossil Fuel Switching in Swiss Buildings,True,untestable,untestable,3ba04e570d3b6fcf77b4cac479e9ab5d253206343312cb7cc42a24f78ea959d5,28.1,2.52,5.0,5.0,CLEAN,False,,-0.2209,-1,beneficiary outcome direction,-0.5499999999999999,0,False,jev-1.13.0,6883abb780a39f424f78fa798b86437242a6e833cea4dd53b2a031c534b674c3,0.2209,,0.2209,0,0,-1,-1,jev-1.13.0,0d13c83efa17050139e8ef9604773c99a2bfae698b4b77640a82339ec08c5055,1981.0,59145ab77ee58c5a55acc6052d2dee128c8cd3ee3a2ad44d23671977f2dca452,,True,True,True,14.0,2022.5,0.1,0.98,1.24,0.56,0.17,0.95,0.28,0.04,0.15,price,1.0,0.7,environment,1.0,long_run,0.98,0.03,0.05,environment_energy,0.84,2.63,0.06,0.09,0.65,general_public,0.99,0.02,0.03,0.08,0.59,-0.9996723408132061
apep_1271_v1,apep_1271,v1,0.0313,0.0469,0.00345,0.00517,,0.1104,True,ok,Small positive,Separation Rate,binary,DiD,United States,North America,2026-04-01T17:24:06.134005,2005.0,2022.0,,0.0,7.0,7.0,6.0,False,apep_1271/v1/tables/tabF1_sde.tex,Mandated to Stay: Paid Sick Leave Laws and Worker Churning in Food Service,True,pass,pass,12320e8c56a50ca90293e3787fabd033c75c2e9e36cde4ba5a8163f9940ff48c,22.43,3.51,5.0,5.0,CLEAN,False,,0.0313,-1,beneficiary outcome direction,-0.7000000000000001,0,False,jev-1.13.0,7ba01b0782bf0ec4f3a865c4ee0f5700bba2c2b81587d5fba613d4dc42a07709,-0.0313,,0.0313,-1,-1,-1,-1,jev-1.13.0,06725f732a2be03da53d0a544ea19e33b9b38f16cd88572f3f86316b8810140e,3664.0,b14ce2c848ad4bbe4ffb692d49c42194b7312b3154954c75eab56743c4db25a4,,True,True,True,14.0,2013.5,0.12,0.97,2.03,0.41,0.15,0.86,0.34,0.12,0.11,price,0.42,0.81,labour_market,1.0,long_run,0.69,0.03,0.08,labor_income,1.0,1.96,0.09,0.16,0.85,working_age,0.49,0.02,0.05,0.06,0.13,-3.0597376035299035
apep_1272_v1,apep_1272,v1,-0.174,0.0812,-0.3346,0.1562,,1.9226,True,ok,Large negative,Log luminosity,binary,DiD,India,South Asia,2026-04-01T17:23:16.905757,1994.0,2013.0,,0.0,7.0,7.0,4.0,False,apep_1272/v1/tables/tabF1_sde.tex,The Seamless Track Illusion: India's Gauge Unification and the Absence of Local Development Gains,True,pass,pass,c32c405bc5f0aeb0b6a7411fe1d34de64d76596e9e1fe57fe7ee02f5d2203261,9.31,3.66,6.0,6.0,SUSPICIOUS,False,,-0.174,1,beneficiary outcome direction,0.8300000000000001,0,False,jev-1.13.0,3f177733e8547b2919745ab6b60154f824a9042e252893063d5960425f20eaa5,-0.174,,0.174,1,1,1,1,jev-1.13.0,2a856ed9b5eda11d4dc15be889aebc57db05f4fcea1264ecab6c75c13066aa25,3526.0,ba9303d0fcd3205ca6c780fa7170983c8c7d38ba91f40bcefa93c00cecc64725,,True,True,True,14.0,2003.5,0.1,0.25,1.89,0.06,0.07,0.59,0.03,0.1,0.91,infrastructure,1.0,0.08,other,0.52,long_run,0.94,0.07,0.07,housing_infrastructure,1.0,2.17,0.08,0.9,0.78,firms_industry,0.96,0.02,0.03,0.06,0.02,-2.5108400318145048
apep_1275_v1,apep_1275,v1,-0.0281,0.0111,-0.000531,0.000209,,0.1887,True,ok,Small negative,Mean NDVI (all seasons),continuous,DiD,Pakistan,South Asia,2026-04-01T21:35:05.727387,2019.0,2023.0,,0.0,7.0,7.0,3.0,False,apep_1275/v1/tables/tabF1_sde.tex,Floods Destroy Summer Crops but Attenuate Winter Losses: Non-Monotonic Agricultural Dose-Response in Pakistan,True,untestable,untestable,2df7f446468a3be4abcef64ec306b9c334292be304da82f459c05d6d8620f8ee,18.49,3.75,5.0,5.0,CLEAN,False,,-0.0281,1,beneficiary outcome direction,0.8799999999999999,0,False,jev-1.13.0,715064ed3ffdfce41667cc9f21b9bfb6984b32d3276b37b16d2e43e78911116f,-0.0281,,0.0281,0,0,1,1,jev-1.13.0,5b3a0deeee2fe386046404dc2d840f259698757af2110df9b7fc3e16b64a58a5,2917.0,cbf092cec0a9ffb0e4192d22a77feaa030d93cc17300e26555cb26de6b0a835d,,True,True,True,14.0,2021.0,0.1,0.11,1.39,0.07,0.12,0.32,0.03,0.05,0.94,other,0.96,0.06,environment,0.99,medium_run,0.9,0.03,0.05,environment_energy,0.99,2.17,0.06,0.1,0.79,firms_industry,0.31,0.02,0.02,0.03,0.02,-4.500810170663849
apep_1277_v1,apep_1277,v1,-0.0507,0.0392,-0.0413,0.0319,,0.813,True,ok,Moderate negative,Hires (White),binary,DiD,United States,North America,2026-04-01T22:12:54.958984,2005.0,2023.0,,0.0,7.0,7.0,5.0,False,apep_1277/v1/tables/tabF1_sde.tex,The Compositional Hiring Squeeze: How Minimum Wages Narrow Racial Gaps in Job Access,True,pass,pass,40669780f5e6cac83e0c732591097282c8e15418f0718a53b949a2d292e69dde,31.84,2.96,6.0,6.0,SUSPICIOUS,False,,-0.0507,1,beneficiary outcome direction,0.7000000000000001,0,False,jev-1.13.0,3e691caf237fd4588b037b453a6f0fe3143ceea64b3ef8b5b88fe769f2c43996,-0.0507,,0.0507,1,1,1,1,jev-1.13.0,a37a351c728feebf84595fb4ff52f51695fcd3358547620fa6fa7b3a688b3080,1710.0,0524dadc7778ac58f42c493d9c2e44502cf1d806289218dd53b0f00d479d0a67,,True,True,True,14.0,2014.0,0.11,0.97,2.0,0.1,0.15,0.11,0.04,0.06,0.92,price,1.0,0.22,labour_market,1.0,long_run,0.34,0.05,0.06,labor_income,1.0,1.87,0.07,0.12,0.82,low_income,0.31,0.02,0.07,0.09,0.07,-3.23907853218572
apep_1278_v1,apep_1278,v1,-0.217,0.122,-2.05,1.15,,9.45,True,ok,Large negative,VAT gap (% VTTL),binary,DiD,European Union,Western Europe,2026-04-01T22:25:04.269979,2005.0,2021.0,,0.0,7.0,7.0,4.0,False,apep_1278/v1/tables/tabF1_sde.tex,The Compliance Lottery: Do Receipt Lotteries Reduce VAT Gaps? Cross-European Evidence,True,pass,pass,fe83b9088014fa059f27e2fff7fa95299898b68db7d3224e20c404ad9390ff27,26.95,2.78,7.0,7.0,SUSPICIOUS,False,,-0.217,-1,beneficiary outcome direction,-0.8300000000000001,-1,True,jev-1.13.0,5a68e2ba597a11af093a3f0a0d845beb37b67b4d2caeb275c616353781015cfb,0.217,0.217,0.217,-1,-1,-1,-1,jev-1.13.0,ff9aa5ef4312d4a697903787fcd882f18b2c1d36096e9bad3f9953968f504da4,2558.0,7c34173b0fb0996fab9b81bb3d3fbfb34d273fafd2ea682c515dd57aeb0ca9c4,,True,True,True,14.0,2013.0,0.12,0.92,1.45,0.09,0.31,0.93,0.69,0.12,0.09,enforcement,0.84,0.92,behaviour_compliance,0.99,long_run,0.92,0.04,0.07,taxation_prices,1.0,1.03,0.08,0.3,0.81,general_public,0.55,0.02,0.16,0.15,0.13,-2.1037342342488805
apep_1279_v1,apep_1279,v1,0.0486,0.0081,0.0161,0.0027,,0.33,True,ok,Small positive,Farm exit,binary,RDD,United States,North America,2026-04-01T22:59:33.976233,1910.0,1920.0,,0.0,7.0,7.0,5.0,False,apep_1279/v1/tables/tabF1_sde.tex,The Inertia Break: Military Conscription and the Farm-to-Factory Transition in World War I America,True,pass,pass,11f6ca9d7e6580203c54c53307163bbe2337835af57fa8c7b9ad71391d62f8ad,31.13,3.0,6.0,6.0,CLEAN,False,,0.0486,0,insufficient directional evidence,0.14,0,False,jev-1.13.0,2ad68b7b4e543198541c7c6fdf49d83b2aff455b52ae952da9226fbad883fb9a,,,0.0486,0,0,0,0,jev-1.13.0,e556bc1eb82f053f45a642c726023bde3f33b2854f0238c8f51d8415406df1f2,3654.0,d3a69b09edb71664dd4d165b053118a864ff207785637b0ce63c5402d62200c0,,True,True,True,14.0,1915.0,0.09,0.89,1.86,0.58,0.12,0.06,0.06,0.07,0.56,enforcement,0.44,0.42,labour_market,1.0,long_run,0.93,0.06,0.05,labor_income,0.87,2.28,0.08,0.1,0.77,working_age,0.64,0.02,0.03,0.03,0.08,-4.815891217303744
apep_1280_v1,apep_1280,v1,0.1055,0.2441,0.008,0.0185,,0.0758,True,ok,Moderate positive,B/W Earnings Ratio,continuous,DiD,United States,North America,2026-04-01T22:48:15.689312,2005.0,2023.0,,0.0,7.0,7.0,5.0,False,apep_1280/v1/tables/tabF1_sde.tex,The Floor Lifts All Boats? Minimum Wages and the Racial Labor Income Gap in Low-Wage Services,True,untestable,untestable,01047e5c0bb9df234ad631c5118a2f60157a522d79bbde42bfae3618b8505432,27.1,2.72,6.0,6.0,CLEAN,False,,0.1055,1,beneficiary outcome direction,0.79,0,False,jev-1.13.0,2335e672a7100e7e8e4a6fdac62082fe74dcd4d47ee69b1ebd9d7ab6d93fa4f4,0.1055,,0.1055,1,1,1,1,jev-1.13.0,262e64446f26d97edcb54bfe9c76d20fce84363194532da1931c051f0e1f2727,1973.0,fa3f9b0929bdb79da891cfa173758af7bac75789f49271712b1c2b0dbaac3918,,True,True,True,14.0,2014.0,0.6,0.95,1.87,0.08,0.18,0.09,0.09,0.14,0.92,price,0.99,0.13,income_distribution,0.74,long_run,0.55,0.32,0.06,labor_income,1.0,1.96,0.08,0.23,0.81,low_income,0.6,0.02,0.02,0.01,0.03,-1.4101773015832226
apep_1282_v1,apep_1282,v1,-0.047,0.036,-0.381,0.288,,8.08,True,ok,Small negative,NEET 18--24,continuous,DiD,Italy,Western Europe,2026-04-01T23:03:05.862689,2010.0,2014.0,,0.0,7.0,7.0,5.0,False,apep_1282/v1/tables/tabF1_sde.tex,The Accidental Hedge: Why Italy's Sequential Labor Shocks Could Not Compound Youth Disengagement,True,untestable,untestable,451860ed1e98b736a99ff9038ca33859bc08f4418e0b6678a571abc8fce026f2,16.34,3.87,6.0,6.0,CLEAN,False,,-0.047,-1,beneficiary outcome direction,-0.8999999999999999,0,False,jev-1.13.0,5df9dde593de662b6c3e94458e4cd52d954733483d7db5f7dc23e1d11bdf56c3,0.047,,0.047,-1,-1,-1,-1,jev-1.13.0,f487818a7a50e3e5fe2a6c392f23a003754f2a7cbacff8acb29e9b7574fe854e,1910.0,1c44ccae7c6a455ef7d056fe64eb3e69f9a3f09280b1baad2fc8017b6c264e0e,,True,True,True,14.0,2012.0,0.12,0.97,1.54,0.11,0.13,0.97,0.13,0.03,0.07,direct_transfer,0.9,0.97,labour_market,1.0,long_run,0.98,0.03,0.06,labor_income,1.0,2.13,0.1,0.63,0.8,working_age,0.31,0.02,0.04,0.01,0.41,-3.3242363405260273
apep_1283_v1,apep_1283,v1,-0.5275,0.1967,-0.0322,0.012,,0.061,True,ok,Large negative,B/W Earnings Ratio,binary,DiD,United States,North America,2026-04-01T23:42:54.367445,2015.0,2018.0,,0.0,8.0,8.0,3.0,False,apep_1283/v1/tables/tabF1_sde.tex,The Spillover Floor: Prevailing Wage Repeal and the Racial Earnings Gap in Construction,True,pass,pass,27e5d2523d70987b4fc8c8f781590d0b4e09e1ff251eec70f41c380cd1fb4471,29.1,2.8,5.0,5.0,SUSPICIOUS,False,,-0.5275,1,beneficiary outcome direction,0.76,0,False,jev-1.13.0,3998899790343e06285822869bcf07a628e22512ce54d76d545dc30e5610fb47,-0.5275,,0.5275,0,1,1,1,jev-1.13.0,a32dfccbd84226d82763ea49431a1b2ebd5968dcc6168a69a880392724fd7d76,2995.0,c2f09cbaa71c6eef892747eb51cb551c1a42426319b872bd0cb9777755995a89,,True,True,True,14.0,2016.5,0.13,0.98,2.09,0.12,0.3,0.33,0.07,0.03,0.91,price,0.94,0.15,labour_market,0.47,long_run,0.86,0.1,0.13,labor_income,0.99,1.86,0.11,0.76,0.83,firms_industry,0.56,0.02,0.03,0.01,0.03,-1.6260755535871236
apep_1284_v1,apep_1284,v1,-0.0138,0.0151,-0.0279,0.0306,,0.59,True,ok,Small negative,Per capita income,continuous,IV,United States,North America,2026-04-01T23:43:21.990202,1969.0,2020.0,,0.0,7.0,7.0,6.0,False,apep_1284/v1/tables/tabF1_sde.tex,The Speculator's Irrelevance: Lottery-Allocated Federal Leases and the Long-Run Resource Curse,True,untestable,untestable,203c2fc0e69f82fcdf44b382fdd6ed4ab9609f76692ce7bd8e0efea7eb4ea967,18.47,3.6,5.0,5.0,CLEAN,False,,-0.0138,1,beneficiary outcome direction,0.91,0,False,jev-1.13.0,68f9c887e2e31397d1dec5e35c0971a7b011e751e8d53dd32befda92fa3b6076,-0.0138,,0.0138,1,1,1,1,jev-1.13.0,56561dca211c688019a3905d9238673ab5afbd334a43c463d35eb4c3f92c735c,3902.0,fdc45637af0e4c8344c4f0b0014a93a39cc6f97e2a3bcc8870367c245a23dbb6,,True,True,True,14.0,1994.5,0.12,0.97,1.77,0.06,0.06,0.92,0.03,0.06,0.97,quantity_restriction,0.5,0.06,income_distribution,1.0,long_run,1.0,0.8,0.06,environment_energy,0.65,1.85,0.07,0.11,0.77,firms_industry,0.6,0.14,0.02,0.02,0.02,-4.193060535161258
apep_1287_v1,apep_1287,v1,0.226,0.191,2.386,2.017,,10.552,True,ok,Large positive,DeltaOcc. Score (1940),binary,IV,United States,North America,2026-04-02T00:20:13.568145,,,,0.0,7.0,7.0,6.0,False,apep_1287/v1/tables/tabF1_sde.tex,The Sharecropping Escape: Flood-Induced Displacement and Black Occupational Upgrading in the Great Migration Era,True,pass,pass,2325ae499d437942031045b282af768654db5312a1f47792d0e34ed869455de8,33.47,2.58,8.0,8.0,SUSPICIOUS,False,,0.226,1,beneficiary outcome direction,0.86,0,False,jev-1.13.0,b4177bd0ae69149029c861bd29a089cb7f0cdb3a93ab0241c9022d51702a4c2c,0.226,,0.226,1,1,1,1,jev-1.13.0,ffec71a455e1373e6dd66b225e8ed94952ae4f618bf1d273f7519bfcb52a18be,4083.0,06ba1725a4b54e80c17cae4caa8d86d60217a96b723b0f41492c80092414d6aa,,True,True,True,14.0,,0.44,0.9,2.94,0.06,0.12,0.32,0.03,0.05,0.95,other,0.79,0.09,labour_market,0.99,long_run,0.92,0.11,0.08,labor_income,0.99,1.85,0.08,0.13,0.86,migrants_minority,0.96,0.02,0.02,0.02,0.03,-1.6554818509355071
apep_1288_v1,apep_1288,v1,-0.0171,0.017,-0.0203,0.0202,,1.1858,True,ok,Small negative,Employment,binary,DiD,United States,North America,2026-04-02T00:23:45.442833,2022.0,2023.0,,0.0,7.0,7.0,6.0,False,apep_1288/v1/tables/tabF1_sde.tex,The Paper Restriction: Child Labor Law Relaxations and the Irrelevance of Symbolic Deregulation,True,pass,pass,2841d7f96bd40fef139d1547f2d966e8e112e3000fb9973a243b5c5cfa5d08a4,23.79,2.96,6.0,6.0,SUSPICIOUS,False,,-0.0171,1,beneficiary outcome direction,0.69,0,False,jev-1.13.0,512a8eaed56297b79e13d837b34c908d67d318ccc4fb625e1a3d9641e4d1082a,-0.0171,,0.0171,0,1,1,1,jev-1.13.0,47c5a731d7f5b1af6d9475e91c2fddf2fc506afe1e2637ae63fc0f685bcd801d,3500.0,c5b93c6ed2678c7de1c37750400662d6e69ef3c3dc8c235ea589ee40b0c4b1f9,,True,True,True,14.0,2022.5,0.12,0.97,2.0,0.23,0.47,0.36,0.07,0.4,0.87,quantity_restriction,0.88,0.18,labour_market,1.0,medium_run,0.87,0.76,0.06,labor_income,0.92,1.36,0.08,0.12,0.8,children_youth,1.0,0.02,0.03,0.02,0.11,-4.074541934925921
apep_1289_v1,apep_1289,v1,-0.09,0.154,-0.252,0.431,,2.8,True,ok,Moderate negative,"Victim rate (per 1,000)",binary,DiD,United States,North America,2026-04-02T00:17:36.631781,2000.0,2014.0,,0.0,7.0,7.0,4.0,False,apep_1289/v1/tables/tabF1_sde.tex,Counting Children Differently: How Differential Response Manufactures Apparent Declines in Child Maltreatment,True,pass,pass,8a98f05b373fc5c5c192f041ca3ff0248b408b085a30196f4aa1257fb4d7fdb2,15.09,3.6,5.0,5.0,SUSPICIOUS,False,,-0.09,0,measurement qualifier: administrative_detection,-0.8400000000000001,0,False,jev-1.13.0,743a79debf5df95a7825bf90fa6d50e0efa7f27475fd9bddfb0ba84d89e95783,,,0.09,0,-1,0,-1,jev-1.13.0,78471361afa896f7ae15c8daa9f22d2fe18e2babf76a5a967ea143a628b85283,2712.0,5b7d16659726981d8db7bbb1453df2d1a7afd67f03f9c2ff29c16cb45de78515,,True,True,True,14.0,2007.0,0.56,0.96,1.71,0.46,0.63,0.16,0.15,0.04,0.07,public_provision,0.7,0.91,crime_safety,0.95,long_run,0.81,0.03,0.07,health_human_capital,0.95,1.59,0.08,0.12,0.85,children_youth,0.99,0.02,0.92,0.53,0.05,-1.870802676568508
apep_1290_v1,apep_1290,v1,-0.153,0.064,-0.83,,,5.44,True,ok,Large negative,Tax/GDP (pp),binary,DiD,Ireland and 22 EU member states,Western Europe,2026-04-02T03:05:58.234134,,,,0.0,7.0,7.0,5.0,False,apep_1290/v1/tables/tabF1_sde.tex,The Denominator Trap: Why Europe's Largest State Aid Ruling Left Ireland's Tax Ratio Unchanged,True,pass,untestable,40dd509ee15be454a1e21a07bdaed942a2f26345a885a3af5719b66b6c590832,22.71,2.92,6.0,6.0,CLEAN,False,,-0.153,0,insufficient directional evidence,-0.15,0,False,jev-1.13.0,35b6ea3aef37226ae3d19bf6f581574f3e05d21a2db7c0647ff3a766b32510d0,,,0.153,0,0,0,0,jev-1.13.0,d5452ebde394ab92391ec181cbf1d5beede439f0fccd916703122174d7a48f04,2052.0,c3cec9bffa838d0e48b223c5d577170e7a719ec1052a7592ae39e9d6f6bc30aa,,True,True,True,14.0,,0.12,0.96,2.19,0.71,0.48,0.9,0.06,0.04,0.18,enforcement,1.0,0.33,other,0.85,long_run,0.99,0.11,0.36,taxation_prices,0.89,1.37,0.47,0.96,0.79,firms_industry,0.96,0.02,0.05,0.04,0.14,-2.7488721956224653
apep_1291_v1,apep_1291,v1,0.0269,0.0439,34.365,56.13,,1278.56,True,ok,Small positive,Average farm size,binary,RDD,United States,North America,2026-04-02T03:20:30.296717,2002.0,2022.0,,0.0,7.0,7.0,4.0,False,apep_1291/v1/tables/tabF1_sde.tex,The Corporate Farm Brake: Did Anti-Corporate Farming Laws Constrain Agricultural Consolidation?%,True,pass,pass,1d685480833f2bab5244aa5613412c4aecaeff43501a169d0c6abc1af28d54b3,19.31,3.16,6.0,6.0,CLEAN,False,,0.0269,0,ambiguous economic direction,-0.0299999999999999,0,False,jev-1.13.0,3c69bfd3e98abffee44212e66f538af9a996a3891d2209259ae2358f0cfc8d23,,,0.0269,0,0,0,0,jev-1.13.0,c991c02bbbdddbac89d0c901c53bf3419b844947fd5237c220876bb0b60576df,3291.0,83c4ab17dd7df455d0c308a8adb28576a5aff8b5bc8bc6bbed6540821167b53e,,True,True,True,14.0,2012.0,0.14,0.98,2.05,0.76,0.26,0.63,0.11,0.04,0.32,quantity_restriction,0.99,0.35,other,0.92,long_run,0.99,0.03,0.07,regulation_competition,0.95,1.88,0.1,0.15,0.67,firms_industry,1.0,0.02,0.03,0.07,0.04,-3.125840958901011
apep_1293_v1,apep_1293,v1,0.0044,0.003,-0.0797,0.0552,,18.31,True,ok,Null,Firearm homicide rate,binary,DiD,Brazil,Latin America,2026-04-02T01:20:30.291935,2013.0,2023.0,61270.0,0.0,7.0,7.0,5.0,False,apep_1293/v1/tables/tabF1_sde.tex,"The Stock-Flow Disconnect: Firearm Liberalization, Legal Gun Supply, and Homicide in Brazil",True,fail,pass,7377d8d961b1980dc55ecca82665d56a53b6a34d7b6e46fd2a25cca22cd76650,26.35,2.91,5.0,5.0,SUSPICIOUS,False,,0.0044,-1,beneficiary outcome direction,-0.95,0,False,jev-1.13.0,6689df2e13fe9c339800833f6dee291cd994c50147a4484822a589269f04fdaf,-0.0044,,0.0044,-1,-1,-1,-1,jev-1.13.0,dcc8763296f217d7905cbcbb01e104d4b29fa437cc7aa99da9b170119c7fc007,2874.0,8133388ef6c1fb8e2126f4008799fe57b0ff345899db06c5a9dde7b87b717d6a,,True,True,True,14.0,2018.0,0.14,0.98,2.69,0.13,0.09,0.06,0.09,0.05,0.03,infrastructure,0.29,0.98,crime_safety,0.98,long_run,0.84,0.03,0.74,regulation_competition,0.91,2.06,0.94,0.6,0.85,general_public,0.83,0.02,0.07,0.02,0.02,-5.809142990314028
apep_1294_v1,apep_1294,v1,-0.0184,0.0054,-0.1116,0.0327,,1.6375,True,ok,Small negative,Convergence deceleration (trend-break),continuous,Event Study,India,South Asia,2026-04-02T03:56:20.111543,1994.0,2013.0,,0.0,7.0,7.0,5.0,False,apep_1294/v1/tables/tabF1_sde.tex,The Guardian Effect: Tribal Political Representation and the Development-Conservation Tradeoff in India,True,untestable,untestable,06b14cff336ef966b60b076e5979e9cd8731088435ac62a6650ca5c0b5dc3a2d,21.08,3.33,5.0,5.0,CLEAN,False,,-0.0184,0,insufficient directional evidence,-0.32,0,False,jev-1.13.0,3717df858b5b329c988ce1f8f17f3a3754b794cc8403de8d2b370f1fac06f936,,,0.0184,0,0,0,0,jev-1.13.0,6d2a2357d706624fabd4c1632cefead730e08729cd0a6746a84242e3f5355fb8,1772.0,4e4fae5fe87f6989dbaa48daa518d7970af636aab2f9621aff9c6d836b2a7135,,True,True,True,14.0,2003.5,0.09,0.48,1.28,0.6,0.15,0.04,0.18,0.12,0.21,enforcement,0.98,0.53,environment,0.65,long_run,0.94,0.07,0.09,environment_energy,0.75,2.02,0.06,0.11,0.78,migrants_minority,0.99,0.02,0.05,0.06,0.05,-5.221356325411908
apep_1298_v1,apep_1298,v1,-0.0013,0.0005,-0.0662,0.0261,,1.7326,True,ok,Null,Private employment (ln),continuous,DiD,United States,North America,2026-04-02T04:30:22.955917,2010.0,2022.0,,0.0,7.0,7.0,7.0,False,apep_1298/v1/tables/tabF1_sde.tex,The Shutdown Multiplier: Government Payroll Interruptions and Local Private-Sector Employment,True,untestable,untestable,4c403aa93628e5d202d96b29994b932ed61795329103f9f165fe9f833b28b59e,13.23,3.23,6.0,6.0,CLEAN,False,,-0.0013,1,beneficiary outcome direction,0.78,0,False,jev-1.13.0,b2dd48c88a33dbd2b08cceba30daf4bddeef8fab674c4b4bc4f2335037b21a00,-0.0013,,0.0013,1,1,1,1,jev-1.13.0,1a078dd098ed186e065ae96ec5bc9903e5aabb5de09a4e95c1151e816c5f98a4,2811.0,68735e29026dafaf1e2882be7c129e2c94a69b168d1b08851288940f78f69fa5,,True,True,True,14.0,2016.0,0.09,0.96,2.03,0.08,0.08,0.08,0.03,0.03,0.96,other,0.43,0.18,labour_market,1.0,long_run,0.55,0.03,0.05,labor_income,0.95,1.57,0.05,0.11,0.76,working_age,0.71,0.02,0.02,0.02,0.05,-7.600902459542082
apep_1299_v1,apep_1299,v1,-0.1667,0.1308,-1.5062,1.1819,,1.749,True,ok,Lg. neg.,Log remittances,continuous,IV,Multiple origin countries,Other / not stated,2026-04-02T04:45:36.657085,2001.0,2023.0,,0.0,7.0,7.0,4.0,False,apep_1299/v1/tables/tabF1_sde.tex,"The Missing Dividend: Immigration Judge Leniency, Asylum Grants, and Origin-Country Remittance Flows",True,untestable,untestable,0752e64dc3a79bd569b282b5b6547a255945e0820124be556054c933397ef09c,18.68,3.05,5.0,5.0,SUSPICIOUS,False,,-0.1667,1,beneficiary outcome direction,0.65,0,False,jev-1.13.0,1819f7b1716ce436eea3c52dc6039a33b65c2f0524515f00c6920365e543a6ea,-0.1667,,0.1667,1,1,1,1,jev-1.13.0,855718488033f4a54a39d2b0af1277409acfbe1ec255b868e810e07625aafb57,3071.0,5789dadb1930b1874d72878bdcd09c73e9704e633d71fb8aa23d3718cff11f1a,,True,True,True,14.0,2012.0,0.12,0.95,2.98,0.21,0.12,0.27,0.03,0.08,0.86,public_provision,0.45,0.21,other,0.6,long_run,0.48,0.74,0.04,finance_governance,0.21,1.18,0.07,0.12,0.69,migrants_minority,0.99,0.15,0.06,0.32,0.04,-2.034085839959039
apep_1300_v1,apep_1300,v1,0.1663,0.0216,0.3479,0.0452,,2.0924,True,ok,Large positive,Employment (All),binary,DiD,United States,North America,2026-04-02T04:39:38.693553,1997.0,2016.0,,0.0,7.0,7.0,5.0,False,apep_1300/v1/tables/tabF1_sde.tex,The Racial Dividend of the Warehouse Boom: Amazon Fulfillment Center Entry and Black Employment,True,pass,pass,5b69b7f11eefc5c82000d757665d038476fcfe92bb1675dbcd6bb4735d84c773,29.38,3.16,5.0,5.0,CLEAN,False,,0.1663,1,beneficiary outcome direction,0.7899999999999999,0,False,jev-1.13.0,7d348240d3b85032df37b4345af95595c08432bc010fa1e033555d39846028cc,0.1663,,0.1663,1,1,1,1,jev-1.13.0,1ef66dffd69194badac24c55d6ff65279e097fb05261f4da2bd2aba263032087,5032.0,47e1e4566ad0474226caef86f69e3f6f9a79aeab43d51aa3a9df2f7202a4042b,,True,True,True,14.0,2006.5,0.1,0.96,2.16,0.09,0.41,0.08,0.03,0.09,0.95,infrastructure,0.78,0.16,labour_market,1.0,long_run,0.96,0.04,0.07,labor_income,1.0,1.58,0.06,0.11,0.85,migrants_minority,0.88,0.02,0.04,0.02,0.07,-3.835061964292018
apep_1301_v1,apep_1301,v1,0.8541,1.0647,0.0137,0.0171,,0.2,True,ok,Large positive,Low birth weight (%%),continuous,DiD,United States,North America,2026-04-02T04:46:42.670670,2016.0,2023.0,,0.0,7.0,7.0,5.0,False,apep_1301/v1/tables/tabF1_sde.tex,The Vanishing Aisle That Didn't Matter: Supermarket Closures and Birth Outcomes,True,untestable,untestable,cd3a98c5db34efa020984b8aef036c73efac9ab06f03afe2953c3727c7bfeae5,9.74,3.93,6.0,6.0,SUSPICIOUS,False,,0.8541,-1,beneficiary outcome direction,-0.94,0,False,jev-1.13.0,7eb0bf2f2113d9eee35768ce928014cef612dc77a3412c50a6b42d7c671267cf,-0.8541,,0.8541,-1,-1,-1,-1,jev-1.13.0,412b90bd534a145f78240522c0ef47dc83588a2f56ca80e02bd30097d0694c09,3346.0,de6865690c23f6464cd0391882e450b6be0a284ea72e32a5aaf1e154a037e69a,,True,True,True,14.0,2019.5,0.12,0.96,2.94,0.09,0.06,0.07,0.07,0.02,0.04,infrastructure,0.93,0.98,health,1.0,long_run,0.46,0.03,0.5,health_human_capital,0.87,1.31,0.86,0.86,0.81,low_income,1.0,0.02,0.05,0.02,0.05,0.0626930693384234
apep_1310_v1,apep_1310,v1,-0.289,0.097,-1.673,,0.138,0.799,True,ok,Large negative,Employment,continuous,DiD,"Lithuania, Latvia, Estonia",Northern Europe,2026-04-02T10:08:38.469843,2013.0,2023.0,,0.0,8.0,8.0,4.0,False,apep_1310/v1/tables/tabF1_sde.tex,The Compression Shock: Sector-Level Employment Responses to an Extreme Minimum Wage Increase,True,pass,untestable,624f82d128099789395f91285b1496eee74b228631e1768f3ad07351b9596dfd,20.66,2.85,7.0,7.0,CLEAN,False,,-0.289,1,beneficiary outcome direction,0.74,0,False,jev-1.13.0,68a4a5333ff0bacddb2234a8ba3b0c9b1cb5304b80e6ea8222fb8cedd51c053c,-0.289,,0.289,0,1,1,1,jev-1.13.0,9be3a55816c12b1203b8502aae22c1c9f48ace5173db4913c20aa5432f0761e6,3145.0,b75a0a034d831d356c91308c1a6cc8cd5f645f39f1c72cb259e50da464d6d8ae,,True,True,True,14.0,2018.0,0.11,0.93,2.12,0.08,0.11,0.4,0.04,0.07,0.96,price,0.99,0.22,labour_market,1.0,long_run,0.65,0.05,0.2,labor_income,1.0,2.31,0.6,0.83,0.68,firms_industry,0.43,0.02,0.03,0.02,0.05,-2.333044300478754
apep_1311_v1,apep_1311,v1,0.28,0.103,0.2562,0.0943,,0.2032,True,ok,Large positive,Competitive share,continuous,DiD,Colombia,Latin America,2026-04-02T11:33:42.647579,2015.0,2022.0,,0.0,7.0,7.0,4.0,False,apep_1311/v1/tables/tabF1_sde.tex,Click to Compete: Transactional E-Procurement and Public Contract Competition in Colombia,True,untestable,untestable,f4b141cca35d4b08794dd9e318ab64492aab616447cc98a5220060edfdac75a1,28.73,2.6,6.0,6.0,SUSPICIOUS,False,,0.28,1,beneficiary outcome direction,0.6499999999999999,0,False,jev-1.13.0,ba30f7c0690e1d5afc72b71b72bf76b50e12392366191bd939bb5662d6e18a15,0.28,,0.28,0,0,1,1,jev-1.13.0,c4af5e142f10bdbc2322901215b1e01f34410d99e4072725250504a8aae9f7cd,3580.0,f2d35fded6d10f15d366ce70c11bc42cf3247c8ff45e24cabbdbf2517852af48,,True,True,True,14.0,2018.5,0.13,0.94,1.29,0.15,0.38,0.09,0.07,0.22,0.84,infrastructure,1.0,0.19,behaviour_compliance,0.63,long_run,0.83,0.03,0.05,regulation_competition,0.76,2.16,0.06,0.11,0.76,firms_industry,1.0,0.03,0.08,0.66,0.33,-2.2730262907525014
apep_1312_v1,apep_1312,v1,-0.028,0.0619,-0.0644,0.1424,,0.2907,True,ok,Small negative,Gross wage (reform),continuous,DiD,North Macedonia,Other / not stated,2026-04-02T10:10:11.147704,2012.0,2024.0,,0.0,7.0,7.0,6.0,False,apep_1312/v1/tables/tabF1_sde.tex,The Twelve-Month Tax: Sector-Level Wage Responses to North Macedonia's Progressive Tax Experiment,True,untestable,untestable,d84b12ddef73cbd1688585582bc27df47eee429263d9072ef48d1a02f65660fb,11.01,3.68,5.0,5.0,CLEAN,False,,-0.028,1,beneficiary outcome direction,0.8099999999999999,0,False,jev-1.13.0,493a03edcaa8e889acc39e36eb9f4667b84ef8c800d15a3c4fac1863e517284f,-0.028,,0.028,0,1,1,1,jev-1.13.0,ebfe9565e7fdb88eb596ee20b30f5db3985e773a3b713e6f9d64e3f60b0c3cf3,2126.0,081e2f02a5a5bd2a1e67e6745b0fce7dec79c2fd020b23d2535fc1769b295d5a,,True,True,True,14.0,2018.0,0.11,0.98,2.0,0.1,0.46,0.92,0.05,0.06,0.96,price,1.0,0.15,labour_market,0.99,long_run,0.7,0.39,0.06,taxation_prices,0.91,1.79,0.1,0.47,0.7,working_age,0.92,0.02,0.06,0.01,0.02,-2.7822350992915865
apep_1314_v1,apep_1314,v1,0.388,0.11,131.25,37.24,,5.0,True,ok,Large,Total employment (% Delta),continuous,IV,European Union,Western Europe,2026-04-02T10:54:37.207616,2008.0,2024.0,,0.0,7.0,7.0,3.0,False,apep_1314/v1/tables/tabF1_sde.tex,The Composition Illusion: Cautionary Evidence on Shift-Share Identification with Financial Employment Shares,True,untestable,untestable,66e9743d3d9dc7d3d89b11160954c58e153bf4d7563effa26db1a03ec04f76be,11.55,4.33,5.0,5.0,CLEAN,False,,0.388,1,beneficiary outcome direction,0.7999999999999999,0,False,jev-1.13.0,35d94e995884627804f6ef5d84afb531905b6b9bfff41961a7cd2252cea63ab9,0.388,,0.388,1,1,1,1,jev-1.13.0,98229cb7c4356e9e7afee37bd62d94d115aa08ff01238d4561c98955393a5742,2545.0,e7b4e00787a5d6c968c43e1f710f295ef91d1e3daba199c4638e5fb5dfcbf58b,,True,True,True,14.0,2016.0,0.4,0.97,1.61,0.08,0.07,0.92,0.04,0.04,0.96,quantity_restriction,0.56,0.16,labour_market,1.0,long_run,0.98,0.03,0.06,finance_governance,0.98,2.45,0.06,0.55,0.82,working_age,0.54,0.02,0.02,0.02,0.11,-2.2072749131897207
apep_1315_v1,apep_1315,v1,0.0902,0.1258,0.0765,0.1067,,0.848,True,ok,Moderate positive,House Price Index (DiD),binary,DiD,United States,North America,2026-04-02T11:38:24.819862,2023.0,2025.0,,0.0,7.0,7.0,5.0,False,apep_1315/v1/tables/tabF1_sde.tex,The Forever Chemical Discount: Federal PFAS Regulation and Housing Price Capitalization,True,pass,pass,22592bb1d327382ea1e016bee1a6bf8631016ba057bd425cc890e6e4472d0796,12.23,4.06,5.0,5.0,CLEAN,False,,0.0902,1,beneficiary outcome direction,0.39,0,False,jev-1.13.0,0169a54d59a81b70855d6764fdcc899a1af2ba2526dfbdf1abe0b1e4b73e9975,0.0902,,0.0902,0,1,1,1,jev-1.13.0,4277911db6666e09178cd491352b3a22fe7417ce4a0a52e237fa8235f5d15c82,2326.0,a1927f2a9a4ed78b44a80202252987b5fc4af47cc19fbb8b90dbe6c547739b68,,True,True,True,14.0,2024.0,0.13,0.97,2.42,0.18,0.1,0.08,0.06,0.04,0.68,enforcement,0.7,0.29,prices_cost,1.0,long_run,0.89,0.58,0.89,environment_energy,0.96,1.88,0.93,0.51,0.8,general_public,0.96,0.02,0.03,0.1,0.02,-2.073061934715797
apep_1316_v1,apep_1316,v1,0.159,0.011,0.784,0.052,0.095,0.47,True,ok,Large positive,Appeal Granted,continuous,IV,United States,North America,2026-04-02T13:18:57.550273,,,,0.0,8.0,8.0,3.0,False,apep_1316/v1/tables/tabF1_sde.tex,The Appeals Lottery: Veterans Law Judge Discretion at America's Largest Federal Tribunal,True,pass,pass,4b902016b3b35f7b6070be65dc5270039f40f5e8accd4618d425a45cc9c9fe0a,30.03,3.01,6.0,6.0,SUSPICIOUS,False,,0.159,1,beneficiary outcome direction,0.6,0,False,jev-1.13.0,0f7543c08cbbcd7aad4a717355c6ad79c87ba1fbd3149ce2cd4972843b97948b,0.159,,0.159,1,1,1,1,jev-1.13.0,86cccac3a09118604d71dc74dc2516aa8ef38a45fd38b6008e939ed04c421f2c,3734.0,c6f408fe331270754e523559c8b5a04295ef2a3b1f235690a8602f890813c42e,,True,True,True,14.0,,0.11,0.94,2.84,0.06,0.85,0.18,0.03,0.06,0.96,other,0.43,0.36,administrative_process,0.61,medium_run,0.37,0.03,0.04,labor_income,0.88,1.38,0.06,0.09,0.4,elderly_retired,0.59,0.55,0.59,0.35,0.06,-4.509860006183766
apep_1317_v1,apep_1317,v1,-0.0366,0.0148,-0.421,0.171,,11.51,True,ok,Small negative,Math (DDD),binary,DiD,Colombia,Latin America,2026-04-02T13:36:33.061258,2010.0,2022.0,,0.0,7.0,7.0,5.0,False,apep_1317/v1/tables/tabF1_sde.tex,The Conscription Tax: Wartime Military Service and Academic Achievement in Colombia,True,pass,pass,f1000145540f90595a54a2d89331731138e3eb002ed03de8f38b3302c661c01e,28.57,3.51,7.0,7.0,SUSPICIOUS,False,,-0.0366,1,beneficiary outcome direction,0.85,0,False,jev-1.13.0,3bbc32019f790e46c47fed98853b7c7b91046c690fdf7ff640d8a1eb295dcbcc,-0.0366,,0.0366,1,1,1,1,jev-1.13.0,8a8280a868d51321946e6d60aed86e35a55a92b47ea54d0dd6075b7302398821,3547.0,c200cc4305126b6cb7c38334939165cf53dd28f30673945c8a52ed1239d5880c,,True,True,True,14.0,2016.0,0.11,0.95,2.44,0.05,0.12,0.9,0.03,0.04,0.96,quantity_restriction,0.34,0.11,education,1.0,long_run,0.48,0.02,0.06,health_human_capital,0.8,1.89,0.08,0.12,0.71,children_youth,0.96,0.44,0.03,0.02,0.02,-4.213128098212068
apep_1318_v1,apep_1318,v1,0.659,0.434,0.0826,0.0543,,0.125,True,ok,Large positive,Registrations (adoption),binary,DiD,European Union,Western Europe,2026-04-02T14:07:11.003360,2015.0,2023.0,,0.0,7.0,7.0,5.0,False,apep_1318/v1/tables/tabF1_sde.tex,The Secrecy Premium: Beneficial Ownership Transparency and Business Formation in Europe,True,pass,pass,11fc3df7259e98111db938a75f3883a342997ff0ae1281a876e97b60dc7c1d84,19.11,3.32,6.0,6.0,CLEAN,False,,0.659,1,beneficiary outcome direction,0.51,0,False,jev-1.13.0,8faf93233979f3799862412fcbad3d6f5918c02678d2480970654291bd743517,0.659,,0.659,1,1,1,1,jev-1.13.0,db0895a15bf4bca3ba00b18547bb0da2aa7f72683f144ff8ef627bdd624b4948,2591.0,664cdc6c808d0adef5f4a4d67cb62c2eef6409c7834b966f20a876bff4944a95,,True,True,True,14.0,2019.0,0.11,0.97,1.86,0.36,0.14,0.94,0.09,0.09,0.75,information,1.0,0.24,labour_market,0.95,long_run,0.94,0.03,0.05,finance_governance,0.97,2.53,0.06,0.09,0.57,firms_industry,1.0,0.02,0.16,0.78,0.03,-0.8347107448817322
apep_1319_v1,apep_1319,v1,-0.0194,0.0387,-2.011,4.006,,103.6,True,ok,Small negative,ASB rate per 100k,continuous,DiD,United Kingdom,Western Europe,2026-04-02T17:16:49.233598,1999.0,2013.0,,0.0,7.0,7.0,5.0,False,apep_1319/v1/tables/tabF1_sde.tex,No Toolkit Trap: Enforcement Consolidation and Anti-Social Behaviour in England and Wales,True,untestable,untestable,34622e6fa52b290fabc4165bbe6582aa504f8a328370868fd33535c0e9c34bbf,23.99,3.85,5.0,5.0,SUSPICIOUS,False,,-0.0194,-1,beneficiary outcome direction,-0.8600000000000001,0,False,jev-1.13.0,c449c60bfdb25c0b5cb69a327ca914f53e24befd11547cb12188b812c11ff197,0.0194,,0.0194,-1,-1,-1,-1,jev-1.13.0,701e4d4be743f1ba0cd0015b4020480ab53d5352924f245e17aa9082254df835,2946.0,76c6bcdc05c77469079d1f0b9a3f71f45efcf4f838a26882ae32204cd30fb183,,True,True,True,14.0,2006.0,0.14,0.96,1.55,0.25,0.3,0.06,0.38,0.06,0.06,enforcement,1.0,0.92,crime_safety,1.0,long_run,0.88,0.03,0.12,finance_governance,0.99,2.78,0.2,0.9,0.8,general_public,0.89,0.02,0.73,0.38,0.03,-3.2519156789464008
apep_1320_v1,apep_1320,v1,-0.528,0.227,-0.0667,0.0287,,0.1263,True,ok,Large negative,Manufacturing share,binary,IV,United States,North America,2026-04-02T14:59:50.693322,,,,0.0,7.0,7.0,4.0,False,apep_1320/v1/tables/tabF1_sde.tex,The Runway Reallocation: WWII Airfield Legacies and the Sectoral Composition of Local Employment,True,pass,pass,ee3464a76e8a8b27d45f05c4c5136cb04f157d385fc8a4a6c1a9bf21131dbcb2,22.42,3.1,5.0,5.0,SUSPICIOUS,False,,-0.528,0,measurement qualifier: group_composition,0.49,0,False,jev-1.13.0,04fb1f4474cd24745bd52d6765834875f4f7abb32b2adfd2bd2d2d5a93d7d5e5,,,0.528,0,0,0,1,jev-1.13.0,61024ac45d9f408ef289260fcb1cfe6ddacc5f3d6f4227992fd9a3c0686c86cc,4319.0,a6ec73898c70c8557e1b69eddad01a33d22390789fb22df66e6739d1ebae19ea,,True,True,True,14.0,,0.1,0.82,2.97,0.71,0.08,0.2,0.03,0.05,0.75,infrastructure,1.0,0.26,labour_market,1.0,long_run,0.98,0.03,0.05,housing_infrastructure,0.85,2.04,0.07,0.09,0.83,firms_industry,0.69,0.02,0.04,0.02,0.97,-1.4828052615007343
apep_1322_v1,apep_1322,v1,0.01,0.076,0.0012,0.0091,,0.1189,True,ok,Small positive,MM share (all states),binary,DiD,United States,North America,2026-04-02T16:54:39.095299,2015.0,2024.0,,0.0,7.0,7.0,4.0,False,apep_1322/v1/tables/tabF1_sde.tex,Upzoned but Unbuilt? State Single-Family Zoning Preemption and the Missing Middle Gap,True,pass,pass,5dce5753c7ddd3358af7face6d83fff5f65f678ed4ff5083441169d90845c74e,17.09,4.53,5.0,5.0,SUSPICIOUS,False,,0.01,1,beneficiary outcome direction,0.5900000000000001,0,False,jev-1.13.0,a1de7ebdc2271159a372af0770409aae7acface9dfcdc0b4edc83678336072be,0.01,,0.01,0,0,1,1,jev-1.13.0,3de392159002c8e48c37ebc45838eece6d6f85474532b6f1ff16b649bdd4842a,3837.0,ab9530ccecfb98a053fa0d82612b0a0e1f1967349796a079503b824993a36cfc,,True,True,True,14.0,2019.5,0.13,0.96,2.22,0.35,0.65,0.57,0.05,0.5,0.77,other,0.55,0.18,other,0.93,long_run,0.67,0.03,0.16,housing_infrastructure,1.0,1.63,0.25,0.47,0.76,firms_industry,0.44,0.03,0.05,0.47,0.57,-2.577021938695806
apep_1323_v1,apep_1323,v1,-0.772,0.106,-1.913,0.263,,2.48,True,ok,Large negative,Branches per 100k,binary,DiD,Nigeria,Sub-Saharan Africa,2026-04-02T16:43:54.734114,2005.0,2022.0,,0.0,8.0,8.0,4.0,False,apep_1323/v1/tables/tabF1_sde.tex,The Branch Exodus: Cash Penalties and the Decline of Physical Banking in Nigeria,True,pass,pass,a3dce4b9c82fadffdc01e3e70311d9319e96ded883a5820a8f1ea8b746773070,14.05,3.8,6.0,6.0,CLEAN,False,,-0.772,1,beneficiary outcome direction,0.7,0,False,jev-1.13.0,f04dc8f6be938c2a7f86cab45c42cbab1f1dcee5db192506fc848a380983e14f,-0.772,,0.772,0,0,1,1,jev-1.13.0,d2d113d8e91f7d7920e0c612e0ecd7b4f31213336bef13227d0b8521ada64ae2,3702.0,de26ac114a5773d52962e989155ac66776ac529b2136675bd143eb43bb54d672,,True,True,True,14.0,2013.5,0.12,0.82,1.76,0.18,0.11,0.9,0.11,0.04,0.88,price,0.99,0.18,other,0.9,long_run,0.96,0.04,0.09,finance_governance,0.99,2.41,0.14,0.39,0.78,general_public,0.63,0.02,0.06,0.3,0.1,-2.24431618487007
apep_1328_v1,apep_1328,v1,2.338,0.118,10.72,0.54,,4.58,True,ok,Large positive,Business density,binary,DiD,"Estonia , Latvia and Lithuania , plus Finland, Czech Republic, Poland, Denmark, Sweden, and Norway",Western Europe,2026-04-02T19:00:09.772135,2006.0,2022.0,,0.0,8.0,8.0,4.0,False,apep_1328/v1/tables/tabF1_sde.tex,The Digital Border Dividend: Estonia's e-Residency Program and Cross-Border Firm Formation,True,pass,pass,73798b83c9b8451770e5e49bb5ee8dffb6eb4d3c5b0494ca1643b2c2f613a194,24.54,3.97,5.0,5.0,CLEAN,False,,2.338,1,beneficiary outcome direction,0.65,0,False,jev-1.13.0,ebd0852f13df927a3b80fe6d9ebf8705f7a9d2683d4200073ee4fd65d66357df,2.338,,2.338,1,1,1,1,jev-1.13.0,2b8654ea76ef30fdc56a31ba12b624115de3fc350129ac6ffde869a55633f256,3344.0,f5579ea05102faccdfdfc840b795674d6d8e4397d044107ec9053591b7cb049c,,True,True,True,14.0,2014.0,0.12,0.82,1.61,0.25,0.58,0.97,0.06,0.25,0.77,infrastructure,0.8,0.12,labour_market,1.0,long_run,0.98,0.03,0.07,regulation_competition,0.97,1.49,0.06,0.45,0.83,firms_industry,0.78,0.02,0.12,0.63,0.17,-2.137070654516472
apep_1330_v1,apep_1330,v1,-0.013,0.007,-11.93,,3.3,3075.0,True,ok,Small negative,In-state tuition,continuous,IV,United States,North America,2026-04-02T19:39:01.294945,2020.0,2021.0,,0.0,8.0,8.0,5.0,False,apep_1330/v1/tables/tabF1_sde.tex,The Windfall Trap: Emergency Higher Education Relief and the Post-COVID Enrollment Cliff,True,pass,untestable,6124425c4e724eb1e32e1c648aeb6f491693c3053b64026133c3202bab216725,22.39,3.33,5.0,5.0,SUSPICIOUS,False,,-0.013,-1,beneficiary outcome direction,-0.75,0,False,jev-1.13.0,58c33125e6ef4190770bf3d174a58b366be8019e8579182b07f1da6408659758,0.013,,0.013,0,-1,-1,-1,jev-1.13.0,0c4c49448c19a34b7133b7010a297c6ff1fe6e3a198a01a7d6ca004d981c7d38,3082.0,fc5ab82c23160bc7d3c326728154a2698808677d350c612518649c8ed29032bf,,True,True,True,14.0,2020.5,0.12,0.97,2.12,0.22,0.29,0.15,0.08,0.07,0.14,direct_transfer,0.96,0.89,prices_cost,0.95,long_run,0.37,0.86,0.05,health_human_capital,1.0,2.17,0.07,0.13,0.72,low_income,0.53,0.03,0.03,0.11,0.02,-4.961845129926823
apep_1331_v1,apep_1331,v1,0.231,1.143,49.6,245.0,,214.4,True,ok,Large positive,New complaints,binary,DiD,United Kingdom,Western Europe,2026-04-02T20:30:45.539512,,,,0.0,7.0,7.0,4.0,False,apep_1331/v1/tables/tabF1_sde.tex,The Quality Dividend: Banning Conflicted Pension Advice and Complaint Outcomes at the UK Financial Ombudsman,True,pass,pass,ca2ea2900eb715ad02e3ea86e2f01661ddca9343dce239d23639d082371fe556,18.44,3.58,6.0,6.0,SUSPICIOUS,False,,0.231,0,measurement qualifier: administrative_detection,-0.6,0,False,jev-1.13.0,61f1482099c60f6465906bba9b503451d7a875d17fbd53b53751cc430a75b292,,,0.231,-1,-1,0,-1,jev-1.13.0,c9b07e6f3cde16c8a80b59f73d9f5e90e233b59b3a187e8dce088d3c8e701ab4,3438.0,80089af4ed16d91aaae9c64e52a3734e118f2de7c277c313702f1708128179a1,,True,True,True,14.0,,0.17,0.96,1.65,0.46,0.15,0.97,0.38,0.13,0.16,price,0.65,0.76,administrative_process,0.52,long_run,0.93,0.05,0.08,finance_governance,0.72,2.23,0.11,0.94,0.77,elderly_retired,0.86,0.02,0.83,0.89,0.05,0.1336563848126736
apep_1332_v1,apep_1332,v1,-0.257,0.091,-0.497,0.175,,1.93,True,ok,Large neg.,DO (cont.),continuous,DiD,United States,North America,2026-04-02T22:17:31.650837,2000.0,2023.0,,0.0,8.0,8.0,2.0,False,apep_1332/v1/tables/tabF1_sde.tex,The Paper Tiger: TMDL Establishment and the Dissolved Oxygen Gap in Impaired U.S.\ Waterways,True,untestable,untestable,7b21093419d576cfe653a9349b4a0ecd22dd30b0778388fc291b5884a987e298,21.86,3.77,5.0,5.0,SUSPICIOUS,False,,-0.257,1,beneficiary outcome direction,0.7000000000000001,0,False,jev-1.13.0,8fedbf649d58ae5d151e020fa5a5968394d251eeab50aad8e5501aed77cd3545,-0.257,,0.257,1,1,1,1,jev-1.13.0,2e22fda13e0e335bac8e898c7dfbba3137ecb4bb6432dd0d7924d9091f0b5bb3,3879.0,4b70b2037475d390dca62549bc8a5646d7d303137e69a4ecb0e9e792f2b2d387,,True,True,True,14.0,2011.5,0.16,0.97,1.12,0.07,0.44,0.37,0.1,0.45,0.92,quantity_restriction,0.99,0.22,environment,1.0,long_run,0.95,0.02,0.07,environment_energy,1.0,1.95,0.08,0.14,0.79,firms_industry,0.8,0.02,0.03,0.04,0.04,-2.396895772465287
apep_1333_v1,apep_1333,v1,0.011,0.154,0.001,0.019,,0.123,True,ok,Small positive,All fish density,binary,DiD,United States,North America,2026-04-02T21:19:25.282232,2001.0,2025.0,,0.0,7.0,7.0,6.0,False,apep_1333/v1/tables/tabF1_sde.tex,The Harvest Dividend: Marine Protected Areas and the Selective Recovery of Commercially Targeted Kelp Forest Fish,True,fail,pass,8251f1e5ca5615094aec264044fea1a1baabf090c0bf0090db9aa56febe0f296,21.96,3.85,5.0,5.0,SUSPICIOUS,False,,0.011,1,beneficiary outcome direction,0.63,1,True,jev-1.13.0,38da1f76e8ef13004e0092fb74c153df4f8bb1643bdfbcf4dbb93dd8e09ee9bd,0.011,0.011,0.011,0,1,1,1,jev-1.13.0,af67105f5fb5406f09573522611d7eac7fd8a6f0f4ba2272cf3518b1532981d7,2501.0,d5766029675524cdebf32a3ffff1b5544ecd25a822a69a558f263cbe2e9781ec,,True,True,True,14.0,2013.0,0.26,0.11,1.42,0.14,0.51,0.98,0.03,0.58,0.78,quantity_restriction,0.99,0.15,environment,1.0,long_run,1.0,0.02,0.09,environment_energy,0.93,1.87,0.12,0.9,0.78,firms_industry,0.65,0.03,0.43,0.04,0.02,-1.870802676568508
apep_1334_v1,apep_1334,v1,0.332,0.0139,0.134,0.0056,,0.404,True,ok,Large positive,Market Transfer,binary,IV,United States,North America,2026-04-02T22:28:20.161602,2000.0,2015.0,,0.0,8.0,8.0,4.0,False,apep_1334/v1/tables/tabF1_sde.tex,Paper Patents: Do Marginal Patent Grants Create Real Market Value?,True,pass,pass,e661068a0c078b55b84f26442139f7c9ebc654048384f918e3a1080468a026a0,36.31,3.47,5.0,5.0,SUSPICIOUS,False,,0.332,1,beneficiary outcome direction,0.39,0,False,jev-1.13.0,4f81dae6963e8badaf6b69f2e30ed823286ad98550677c11a130d19854a3a5b2,0.332,,0.332,0,0,1,1,jev-1.13.0,1a04566a9a5129902cc53a4ce69132f35d6474ee5fe08cf8692b5509a3034f50,3283.0,9f4a832293d6f7a94d9148bf03a061618123356932ff305f1cd6298132441c7b,,True,True,True,14.0,2007.5,0.1,0.97,2.96,0.53,0.14,0.15,0.03,0.05,0.67,other,0.38,0.28,other,0.8,unclear,0.94,0.04,0.05,regulation_competition,0.65,1.79,0.07,0.11,0.78,firms_industry,1.0,0.07,0.09,0.57,0.03,-4.275866438845491
apep_1335_v1,apep_1335,v1,-0.0008,0.0042,-0.0013,0.0068,,1.6367,True,ok,Null,Retail employment,binary,DiD,United States,North America,2026-04-02T23:04:24.734673,2021.0,2023.0,,0.0,7.0,7.0,6.0,False,apep_1335/v1/tables/tabF1_sde.tex,The Foot Traffic Dividend: Lottery-Allocated Cannabis Dispensaries and Local Employment Spillovers in Illinois,True,pass,pass,0bd14d01ea43434db73631212015d8a495a8b6ec26ce3d923e421ee280e6578f,22.21,3.85,5.0,5.0,CLEAN,False,,-0.0008,1,beneficiary outcome direction,0.82,0,False,jev-1.13.0,d32ff682548351a74482a7fa6d73dadaa934389e26d4b272f945cd728397c627,-0.0008,,0.0008,1,1,1,1,jev-1.13.0,cfed277d40f1d163ecc5037878d397efe1a4ef405241b0a66319f1dc19bd7597,3216.0,14d94d660fc253850626bfcb7e552f4e4fc625e545a130a23bb43f533eb507f6,,True,True,True,14.0,2022.0,0.15,0.97,3.01,0.1,0.12,0.12,0.04,0.42,0.94,quantity_restriction,0.96,0.12,labour_market,1.0,medium_run,0.38,0.05,0.09,regulation_competition,0.48,1.54,0.1,0.2,0.51,migrants_minority,0.32,0.82,0.03,0.02,0.04,-5.472670753692815
apep_1336_v1,apep_1336,v1,0.224,0.058,0.686,0.178,,2.24,True,ok,Large positive,PM2.5 (mug/m^3),continuous,Event Study,United States,North America,2026-04-03T00:20:39.549520,2017.0,2019.0,,0.0,7.0,7.0,4.0,False,apep_1336/v1/tables/tabF1_sde.tex,The Substitution Failure: Federal Enforcement Withdrawal and Ambient Air Quality Under Cooperative Federalism,True,untestable,untestable,3ec756b267d2cc69da5699d341d4cc68c959e0af479272d20ee20d3a4175d6dc,13.23,4.42,5.0,5.0,SUSPICIOUS,False,,0.224,-1,beneficiary outcome direction,-0.94,0,False,jev-1.13.0,177c0a6efaf93d63e9a26fc80b1104ac550c9a979f786d490dad9a98aa7c540f,-0.224,,0.224,-1,-1,-1,-1,jev-1.13.0,b1842e9408f251ac4c22c40e72f29823629728a1cff809c7e63f176c52e7ec56,2380.0,f193b9f23e10d05cf631cfb4898ea40bd2d44a50ffe778c3c79776576a389403,,True,True,True,14.0,2018.0,0.11,0.98,2.09,0.13,0.18,0.18,0.15,0.02,0.04,enforcement,1.0,0.98,environment,1.0,long_run,0.64,0.02,0.04,environment_energy,0.99,1.91,0.05,0.1,0.74,general_public,0.66,0.02,0.03,0.03,0.02,-2.8473122684357177
apep_1337_v1,apep_1337,v1,0.026,0.0092,0.3031,0.1069,,0.501,True,ok,Small positive,Log earnings,continuous,IV,United States,North America,2026-04-03T01:06:59.033981,,,,0.0,7.0,7.0,5.0,False,apep_1337/v1/tables/tabF1_sde.tex,The Composition Windfall: Section 301 Tariffs and the Asian-White Manufacturing Wage Gap,True,untestable,untestable,4c764b3c2e955ffdec2c0737fbeef0b629e54941b0f3123bb10aceaea5a2cf25,12.71,4.4,5.0,5.0,SUSPICIOUS,False,,0.026,1,beneficiary outcome direction,0.91,0,False,jev-1.13.0,fc1aa4b230eaf796eec620a58cd118a1692a259d724675cb62fd863432d6b814,0.026,,0.026,1,1,1,1,jev-1.13.0,5e488fad292d94665ddcd54addc6488c2ee040481581ee4e25da7bc6e64ddb37,2146.0,7db4408a89463c09607e7e4f57938dc6ce0fe8d2f5eb6318d77d3ea7e3304b13,,True,True,True,14.0,,0.08,0.97,2.07,0.06,0.1,0.26,0.03,0.09,0.97,price,1.0,0.06,labour_market,0.7,long_run,0.56,0.4,0.05,regulation_competition,0.28,2.04,0.06,0.09,0.73,migrants_minority,0.52,0.02,0.02,0.01,0.02,-4.688551794927142
apep_1338_v1,apep_1338,v1,-0.05,0.025,-0.148,,0.978,2.881,True,ok,Moderate negative,Log exports,continuous,DiD,United Kingdom,Western Europe,2026-04-03T02:06:05.476088,2017.0,2024.0,,0.0,8.0,8.0,5.0,False,apep_1338/v1/tables/tabF1_sde.tex,The Compliance Tax: Product-Level Evidence on Rules of Origin and Post-Brexit Trade Disintegration,True,pass,untestable,d422a018f401a15e986a0ea9bce3aeb234afae9c6015b582681aef0805727c08,32.04,3.19,5.0,5.0,CLEAN,False,,-0.05,1,beneficiary outcome direction,0.54,0,False,jev-1.13.0,cbf6e9d69479d578b8df5401e8362e1e5407862b3102448a434eb69e4e0feae3,-0.05,,0.05,1,1,1,1,jev-1.13.0,2e7ca2783c87117ba6848217cc5ab4120dfb1295ba5433a8d1e85ffa76cdf619,3288.0,bea5b70fa2042eb0a671ae41a3e8444aa64be205c633ff33b2b96abfc8d3021d,,True,True,True,14.0,2020.5,0.09,0.93,2.02,0.3,0.24,0.44,0.05,0.03,0.81,price,0.67,0.27,other,0.82,long_run,0.49,0.57,0.04,regulation_competition,1.0,2.21,0.07,0.1,0.66,firms_industry,1.0,0.02,0.03,0.87,0.02,-3.6888794541139363
apep_1339_v1,apep_1339,v1,-0.1171,0.0711,-0.1583,0.096,,0.223,True,ok,Moderate negative,Flood Declaration (LPM),continuous,DiD,United States,North America,2026-04-03T11:23:34.931501,2000.0,2024.0,,0.0,7.0,7.0,5.0,False,apep_1339/v1/tables/tabF1_sde.tex,"Obsolete by Design: Dam Vintage, Climate Gaps, and Downstream Flood Risk",True,untestable,untestable,1d28cdd2554c849563b0aacb3d5e80c69ac2a8c2397b71a43d6ee3c4b0e565db,12.17,4.13,7.0,7.0,SUSPICIOUS,False,,-0.1171,0,measurement qualifier: administrative_detection,-0.7,0,False,jev-1.13.0,b302d8780b952e5e01253b1fe8f00c44656ec8662e03f51cbd05788e25d45dda,,,0.1171,-1,-1,0,-1,jev-1.13.0,4f0de123cc93181d4cafe499bcc4c07327f0c4d15cf7f8f17cb12d15bb40a082,2983.0,cab26591d8bef03e86aa19242ff9f0f2a0fc8f8dfac3fff63ff95c13427c750e,,True,True,True,14.0,2012.0,0.13,0.96,0.17,0.65,0.16,0.07,0.05,0.03,0.19,infrastructure,0.43,0.89,environment,0.83,long_run,0.88,0.04,0.05,environment_energy,0.56,0.27,0.06,0.21,0.83,general_public,0.95,0.02,0.67,0.74,0.03,-2.643667942172942
apep_1340_v1,apep_1340,v1,0.0012,0.0602,0.0012,0.0573,,0.951,True,ok,Null,Log Mortgage Originations,binary,RDD,United States,North America,2026-04-03T17:36:14.472042,2018.0,2024.0,,0.0,7.0,7.0,6.0,False,apep_1340/v1/tables/tabF1_sde.tex,The Denominator Shuffle: How MSA Boundary Redefinitions Reveal CRA's Causal Effect on Mortgage Lending,True,pass,pass,cfb288a50f2a584e279678f77a7a8cf3bb291a401065e8c9097784e6bdd8e4a6,28.02,3.25,5.0,5.0,CLEAN,False,,0.0012,1,beneficiary outcome direction,0.6100000000000001,0,False,jev-1.13.0,00fbd4e3f233c9cffe7749c22e61ef4860167d8af0ffb83c7858f5114d681f1f,0.0012,,0.0012,0,1,1,1,jev-1.13.0,1cf31780016c084b9b3ba4211e35c6338e155b2253c431a902c3f695ffc900a3,3911.0,e4947eeff08cd13abf1176ab889aa9170f5a60a7b27bd51bddb7334ef2e4cdff,,True,True,True,14.0,2021.0,0.1,0.97,1.72,0.35,0.39,0.67,0.06,0.33,0.79,enforcement,0.78,0.18,behaviour_compliance,0.47,long_run,0.85,0.06,0.06,finance_governance,0.91,1.32,0.07,0.13,0.73,low_income,0.95,0.02,0.25,0.87,0.08,-2.810082926667362
apep_1343_v1,apep_1343,v1,-0.239,0.051,-0.909,0.194,,3.8,True,ok,Large negative,Alliance times Apparel times Post,binary,DiD,Bangladesh to 182 destination countries,South Asia,2026-04-03T19:48:59.487752,2008.0,2018.0,,0.0,7.0,7.0,4.0,False,apep_1343/v1/tables/tabF1_sde.tex,The Enforcement Dividend: Binding vs.\ Voluntary Private Governance and Bangladesh's Apparel Export Recovery After Rana Plaza,True,pass,pass,fde5076605ab9697eb2947362f85218daca5455caa73b99bc6e3df8900cd7c9d,12.29,4.78,6.0,6.0,SUSPICIOUS,False,,-0.239,1,beneficiary outcome direction,0.56,0,False,jev-1.13.0,cca19be05d70365b2f04d50841d3201735045d761e2af1c90f952229719b89ce,-0.239,,0.239,1,1,1,1,jev-1.13.0,7e449eecfee8d0a80183ee1ea9b65fabe1d9a61bc5e1848efa96d03e925546b8,3882.0,260682f51c21683840510d56b80c2319c44273d03f3a30a180fa5ab7f666775b,,True,True,True,14.0,2013.0,0.11,0.9,1.97,0.16,0.31,0.26,0.05,0.17,0.8,enforcement,1.0,0.24,other,0.86,long_run,0.71,0.54,0.06,regulation_competition,0.89,1.71,0.16,0.14,0.77,firms_industry,0.94,0.02,0.05,0.9,0.05,-2.9759296462578115
apep_1344_v1,apep_1344,v1,0.14,0.029,3.968,0.82,,5.057,True,ok,Moderate positive,Delta MME/Pill,continuous,Event Study,United States,North America,2026-04-03T20:22:35.999452,2007.0,2008.0,,0.0,7.0,7.0,4.0,False,apep_1344/v1/tables/tabF1_sde.tex,The Potency Arms Race: Generic Manufacturer Product-Line Expansion and the Geography of Opioid Strength,True,untestable,untestable,0eb8438d937f6dc6c0f0562d0f23bd8ce5c80b309aa287f4a2bfea3a3a2dba55,26.26,2.61,5.0,5.0,CLEAN,False,,0.14,-1,beneficiary outcome direction,-0.77,0,False,jev-1.13.0,d41ce571f9a60b07a1f6112faf296092319cb2c09ce6816e3f983de6219d9e3f,-0.14,,0.14,0,0,0,-1,jev-1.13.0,6ff7a5df0e96314dd2c6be580ca10ba949c0894064a6fac18b8ffdf76e2c5252,3780.0,bc48a0aa6c07201ba60bcd1da66bc644aae3a01d3704861cb5d4e5baf001feb6,,True,True,True,14.0,2007.5,0.13,0.96,2.78,0.7,0.37,0.31,0.03,0.07,0.11,price,0.7,0.88,health,0.99,medium_run,0.89,0.03,0.06,health_human_capital,0.49,1.88,0.06,0.11,0.77,general_public,0.81,0.02,0.04,0.21,0.04,-3.540459448995663
apep_1345_v1,apep_1345,v1,0.0078,0.0034,0.0036,0.0016,,0.4687,True,ok,Small positive,Log house price (all areas),binary,DiD,United Kingdom,Western Europe,2026-04-03T21:02:02.014572,2019.0,2024.0,,0.0,7.0,7.0,3.0,False,apep_1345/v1/tables/tabF1_sde.tex,The Inspector Lottery: Ofsted Ratings and the Spatial Inequality of School Quality Labels,True,pass,pass,eadfc447c09694b3788a035cc3b1647977f4dc3131b7f0d6c0b8840f215f5a5e,14.37,4.89,5.0,5.0,CLEAN,False,,0.0078,0,insufficient directional evidence,0.21,0,False,jev-1.13.0,d8cb4669a793138d9ab9d0499f09da51d65b0a90a7dc965998c59fb481ab3a36,,,0.0078,0,1,0,0,jev-1.13.0,9566b6a1345787473134913433b96404b6e99f3679f385c3f1e2807a7ea16653,2535.0,cfec17e4e53e52113a7aa3a5011031e9139e87fe8a5aef4d5d1c4195a05b9d6a,,True,True,True,14.0,2021.5,0.1,0.98,1.25,0.13,0.08,0.08,0.03,0.03,0.45,information,1.0,0.24,prices_cost,1.0,medium_run,0.5,0.44,0.09,health_human_capital,0.9,1.99,0.06,0.11,0.83,general_public,0.44,0.03,0.02,0.15,0.02,-5.683979847360021
apep_1346_v1,apep_1346,v1,-0.829,0.137,-0.214,0.035,,0.258,True,ok,Large negative,Payment limit at ASP adjustment,binary,Event Study,United States,North America,2026-04-03T20:59:30.670346,2017.0,2024.0,,0.0,7.0,7.0,5.0,False,apep_1346/v1/tables/tabF1_sde.tex,The Lag Windfall: Delayed Pass-Through of Generic Drug Prices in Medicare's ASP Formula,True,pass,pass,3cefb481fff3ae6cca1c7a6dbf81e37f87993d01ef191d3388f542b980ec0895,21.3,3.09,5.0,5.0,CLEAN,False,,-0.829,-1,beneficiary outcome direction,-0.24,0,False,jev-1.13.0,cae140ef37092582cbfe0723e1742457311e46ed1d706596f437be86162b1f0c,0.829,,0.829,0,0,0,-1,jev-1.13.0,eee4b211a8d3ad802e0effbb3a3bf0386b219f7491c4b044d208891a98f73db9,3276.0,ae900e2e6ab447c88fbcd984edd8a49858153fa516d94f0b1f0e30f78609cdcf,,True,True,True,14.0,2020.5,0.11,0.98,2.45,0.55,0.9,0.08,0.07,0.03,0.35,price,0.96,0.59,prices_cost,1.0,long_run,0.18,0.52,0.94,health_human_capital,0.8,1.76,0.97,0.63,0.49,elderly_retired,0.82,0.02,0.03,0.18,0.03,-1.987774353154012
apep_1348_v1,apep_1348,v1,0.03,0.0116,1.8391,0.7091,,0.3526,True,ok,Small positive,Housing price (post-earthquake),continuous,DiD,Netherlands,Western Europe,2026-04-03T23:06:26.954967,1997.0,2023.0,,0.0,7.0,7.0,5.0,False,apep_1348/v1/tables/tabF1_sde.tex,"The Regulatory Rebound: Induced Seismicity, Production Caps, and Housing Price Recovery in Groningen",True,untestable,untestable,c8cb67f99080b134ee6ec329961bdfbc9fcc7cea4921378b14f90f7689076f33,17.2,5.58,5.0,5.0,CLEAN,False,,0.03,1,beneficiary outcome direction,0.35,0,False,jev-1.13.0,60ed0943f8bd43c753090cf9fea20e81c558a45eebdebb001e843c8d789b6327,0.03,,0.03,1,1,0,1,jev-1.13.0,ba27883f73352eeb8192397f6ea99391b7d762625e302c43a2cf5386978c1ab1,3304.0,13c004cbc76fa5cdf67d2268ab4d728cae88b4cdd31460a80eb6a5af9c3c7d2f,,True,True,True,14.0,2010.0,0.14,0.98,1.83,0.09,0.14,0.06,0.12,0.13,0.58,quantity_restriction,1.0,0.23,prices_cost,1.0,long_run,0.99,0.56,0.38,environment_energy,0.77,2.45,0.11,0.5,0.74,general_public,0.91,0.02,0.03,0.16,0.02,-4.456750180869818
apep_1350_v1,apep_1350,v1,0.1548,0.1347,0.0149,0.013,,0.0962,True,ok,Large positive,B/W Earnings Ratio,binary,DiD,United States,North America,2026-04-06T00:05:49.519646,2005.0,2023.0,,0.0,7.0,7.0,5.0,False,apep_1350/v1/tables/tabF1_sde.tex,The Erosion Paradox: Medicaid Expansion and the Racial Earnings Gap in Social Assistance,True,pass,pass,5c372b0eb8f3b767519105d93e5b7341522fa24742e0b24dd51b0b17f0e0cc77,15.47,4.74,6.0,6.0,CLEAN,False,,0.1548,1,beneficiary outcome direction,0.74,0,False,jev-1.13.0,9adad4f154f1d12d860daddb09ceebeb4aef287910dd50f896f0b11c0de5c368,0.1548,,0.1548,0,1,1,1,jev-1.13.0,05c600533a5b72e4832cbece629f7c0eb7182c37590b00b9ee9b63e21be6dc35,1860.0,b66be96385c68a50b7a858915ef4013a3f2deb5aa75c5bb59678d1bed6421ec0,,True,True,True,15.0,2014.0,0.11,0.96,2.16,0.11,0.12,0.19,0.05,0.06,0.92,public_provision,0.98,0.18,labour_market,0.73,long_run,0.94,0.11,0.07,health_human_capital,0.61,2.05,0.08,0.12,0.8,low_income,0.95,0.02,0.03,0.02,0.04,-2.004705195565819
apep_1376_v1,apep_1376,v1,-0.735,0.013,-0.0401,0.0007,,0.0546,True,ok,Large negative,Log HPI (Post-Announcement),binary,,United States,North America,,2020.0,2024.0,,0.0,7.0,7.0,1.0,False,apep_1376/v1/tables/tabF1_sde.tex,,True,pass,pass,9c2135660739ebd094d91a80d8c2bbfc2ebca2624d1af38bd5aeb010679a63a2,25.0,8.33,0.0,0.0,SEVERE,True,,-0.735,1,beneficiary outcome direction,0.4499999999999999,0,False,jev-1.13.0,f8d49b11fb5c5aa0a1a7b9096dcb7bbec4ee561fdbd445e2ad71cec9e97b3136,-0.735,,0.735,1,1,1,1,jev-1.13.0,9ae134bdfd8e0b6f8a98e78b2f56c0e4f01d93d3a05ebd625af769976ad53b66,0.0,e3b0c44298fc1c149afbf4c8996fb92427ae41e4649b934ca495991b7852b855,,True,True,False,,2022.0,0.12,0.96,1.24,0.14,0.11,0.12,0.08,0.05,0.69,information,0.96,0.24,prices_cost,1.0,medium_run,0.98,0.68,0.07,environment_energy,0.94,0.5,0.07,0.12,0.78,general_public,0.99,0.02,0.03,0.07,0.02,-4.3428059215206005
apep_1377_v1,apep_1377,v1,-1.3764,0.4606,-26.671,,,19.38,True,ok,Large negative,Electricity hours/week,continuous,DiD,Nigeria,Sub-Saharan Africa,2026-04-07T18:08:03.407937,2005.0,2023.0,,0.0,7.0,7.0,5.0,False,apep_1377/v1/tables/tabF1_sde.tex,Privatization Without Power: Distribution Company Quality and Household Welfare in Nigeria,True,untestable,untestable,cc4e01a1f1f2fb0695b6b7b943f97c578c4bb6faa6bc1059c66e52a20f5c9c34,25.0,8.33,0.0,0.0,SEVERE,True,,-1.3764,1,beneficiary outcome direction,0.93,0,False,jev-1.13.0,7b11e3a9909c9a398874c012d82d724ac6fe9ab52859357f7ce6f6b259c0d512,-1.3764,,1.3764,1,1,1,1,jev-1.13.0,e9988f8da26a96ff5e2c9ef4745f185e09a7fbdb064258fe048daa45e7b29ec2,1483.0,bc5c311f24f21143989695d87637018377629b7fd125385b1f84ab7f9aad1aa3,,True,True,False,15.0,2014.0,0.11,0.67,3.12,0.05,0.47,0.89,0.04,0.17,0.97,enforcement,0.41,0.04,environment,0.88,long_run,0.96,0.04,0.96,housing_infrastructure,0.89,2.83,0.78,0.29,0.47,general_public,0.98,0.04,0.03,0.03,0.03,-0.7752252915955522
apep_1381_v1,apep_1381,v1,-0.0033,0.0144,-0.0061,0.0268,,1.8542,True,ok,Null,High Exposure,continuous,,Philippines,Southeast Asia,,2013.0,2017.0,,1.0,7.0,7.0,3.0,False,apep_1381/v1/tables/tabF1_sde.tex,,True,untestable,untestable,dce80405604acf50e08b094fdf6e8ae9d8cb8f3bf55ead1bdd166766f08d0abd,25.0,8.33,0.0,0.0,SEVERE,True,,-0.0033,0,insufficient directional evidence,-0.19,0,False,jev-1.13.0,82fd1884bc988f2f099fc9785b4b03017a82a997e231bf25342aa01ea604d6bc,,,0.0033,0,0,0,0,jev-1.13.0,90f16dc68311f17aa5af6c3041245c9aaa285f74ef7b453984f3b50ccd4ed762,1893.0,5fe6bceec37bad7c09fea3f0e2475a173fa56d80b1114d88eb9ef8b6e2db601e,,True,True,False,,2015.0,0.07,0.98,1.95,0.67,0.08,0.07,0.15,0.04,0.21,price,1.0,0.4,environment,0.58,long_run,0.98,0.03,0.6,taxation_prices,1.0,2.76,0.13,0.12,0.79,firms_industry,0.96,0.02,0.03,0.06,0.05,-4.240527072400182
apep_1389_v1,apep_1389,v1,-0.049,0.046,-110.475,104.595,,2277.23,True,ok,Small negative,Total Case Rate,binary,RDD,United States,North America,2026-04-07T20:43:15.692917,2016.0,2024.0,,0.0,7.0,7.0,4.0,False,apep_1389/v1/tables/tabF1_sde.tex,The Disclosure Dodge: Strategic Employee-Count Manipulation Under OSHA's Electronic Reporting Mandate,True,pass,pass,4a3856cd7c0628a09e533215ea5c68df7eca58ee1a76b913107490e753999e2a,24.03,4.69,5.0,5.0,SUSPICIOUS,False,,-0.049,-1,beneficiary outcome direction,-0.91,0,False,jev-1.13.0,05e1a1b3f7687d03efc4dda59555210aaa9ba21283f3faf84598f3cba904b793,0.049,,0.049,-1,-1,-1,-1,jev-1.13.0,abcb05e9e1ab4af356df28158bd00799ad671e9e649ad137fc34be7d221ecb82,4771.0,9c87aa14b11d94f87480e09d78a9ed615a2a0faad03fb6b76777ec0245c31809,,True,True,True,15.0,2020.0,0.11,0.98,2.89,0.11,0.29,0.2,0.49,0.12,0.06,information,1.0,0.97,crime_safety,0.97,long_run,0.34,0.03,0.09,regulation_competition,0.58,1.57,0.07,0.11,0.75,firms_industry,0.97,0.02,0.45,0.2,0.03,-3.079113882493042
apep_1390_v1,apep_1390,v1,0.0244,0.0108,38.6,17.0,,1584.4,True,ok,Small positive,Wage Income,binary,Event Study,United States,North America,2026-04-07T21:05:31.115543,1921.0,1929.0,,0.0,7.0,7.0,5.0,False,apep_1390/v1/tables/tabF1_sde.tex,The Visiting Nurse Dividend: Prenatal Health Investment and Long-Run Earnings in the Fetal Origins of the American Safety Net,True,pass,pass,80f18a03b083d09bd2a262839147165e8069972fdfadb6ddd4fb7020b292496e,34.48,3.63,5.0,5.0,SUSPICIOUS,False,,0.0244,1,beneficiary outcome direction,0.91,0,False,jev-1.13.0,20e0e6e991d37755b6f80b4c372cc2186519b9a5f6d8c4369c9540295fb20639,0.0244,,0.0244,1,1,1,1,jev-1.13.0,1f83b39329e913f731fb3db581c05bc098dafa80fe1714e091a0d690cc840e1e,2544.0,13e5c5d3542e70990f23ebe738efa19682ba16ca1ff0e16020e57ebc9acfeb67,,True,True,True,15.0,1925.0,0.09,0.87,2.2,0.05,0.07,0.43,0.03,0.19,0.98,public_provision,0.98,0.07,labour_market,0.75,long_run,1.0,0.89,0.08,health_human_capital,1.0,1.99,0.09,0.19,0.74,children_youth,0.96,0.02,0.02,0.01,0.02,-4.528209144851963
apep_1394_v1,apep_1394,v1,-0.054,0.175,-0.0007,0.0023,,0.013,True,ok,Moderate negative,Turnover rate,binary,DiD,United States,North America,2026-04-08T10:42:29.225323,2004.0,2024.0,,0.0,7.0,7.0,5.0,False,apep_1394/v1/tables/tabF1_sde.tex,"Paid Family Leave and the Healthcare Workforce: No Retention Dividend, but a Smaller Gender Pay Gap",True,pass,pass,4462a559af8b614e23aabe9cdd34ed1835c77f0658b7c23fb286bc0baeacb320,17.66,3.45,5.0,5.0,SUSPICIOUS,False,,-0.054,-1,beneficiary outcome direction,-0.8300000000000001,0,False,jev-1.13.0,95789336a6b4ce399163075db36a16c9d1e44e94dcf77ff18ca46ac9a8e204a8,0.054,,0.054,-1,-1,-1,-1,jev-1.13.0,d1129674578a60c8d9e93cd762522e2e45a5d0a17b1437bc3441906329210d52,3334.0,792eb2da7212701129ecf609b2ce17afe60f7a0e32f5d01b25429a592dc4d75e,,True,True,True,15.0,2014.0,0.09,0.97,2.07,0.17,0.27,0.22,0.3,0.12,0.09,direct_transfer,0.65,0.92,labour_market,1.0,long_run,0.66,0.03,0.05,labor_income,1.0,1.84,0.06,0.1,0.78,working_age,0.99,0.02,0.06,0.05,0.17,-1.742969305058623
apep_1399_v1,apep_1399,v1,-0.0048,0.0888,-0.088,1.613,,18.17,True,ok,Null,Cancer AADR,binary,DiD,United States,North America,2026-04-08T09:53:30.360088,1999.0,2017.0,969.0,0.0,8.0,8.0,6.0,False,apep_1399/v1/tables/tabF1_sde.tex,The Bedrock Dose: Do Radon-Resistant Building Codes Reduce Cancer Mortality?,True,pass,pass,3bd06c706a474363a08ee4fcc94041e1aebc31bb10ff3b110ad19889b8054122,14.89,4.41,5.0,5.0,SUSPICIOUS,False,,-0.0048,-1,beneficiary outcome direction,-0.93,0,False,jev-1.13.0,a1706ac08fb58da1c99061ddce76d66672848356ce0f8bf7dd065e48599035c5,0.0048,,0.0048,-1,-1,-1,-1,jev-1.13.0,f71391cc3341e6d8260150579df00d53197418c81c1c14da21881b54ba64cbfa,3713.0,f98143d6591a5706aea0b438f086be0511d68b1419a0fffad96bc2fc129674ec,,True,True,True,15.0,2008.0,0.12,0.96,1.68,0.08,0.09,0.24,0.2,0.05,0.05,infrastructure,0.48,0.98,health,1.0,long_run,0.94,0.03,0.08,housing_infrastructure,0.65,1.78,0.08,0.91,0.81,general_public,0.83,0.02,0.04,0.02,0.02,-2.4213686289840126
apep_1400_v1,apep_1400,v1,-0.116,0.056,-0.123,0.059,,1.056,True,ok,Mod. neg.,Log B/W hire ratio,binary,DiD,United States,North America,2026-04-07T21:36:55.999439,2004.0,2022.0,,0.0,7.0,7.0,6.0,False,apep_1400/v1/tables/tabF1_sde.tex,The Discrimination Trap: Paid Family Leave [4pt] and the Racial Hiring Gap,True,pass,pass,7be26dbfe558fe48b50939b6b00dae42956e3b27d1a4aec20f6de9e774939107,29.43,3.57,5.0,5.0,SUSPICIOUS,False,,-0.116,1,beneficiary outcome direction,0.69,0,False,jev-1.13.0,2015faef394b11067ae6eafb46cd42220e01e2e4dbbdd993c32b415c4e90b16e,-0.116,,0.116,1,1,1,1,jev-1.13.0,cb183089789f4825e2e978d6e59aa16faf8d4c4580f592f3180db9c09f22120a,3235.0,aae718950ad84be2557eda03bc844dade2932e09fc8859b089c899c0f287ecfa,,True,True,True,15.0,2013.0,0.12,0.97,1.88,0.14,0.15,0.16,0.07,0.08,0.87,direct_transfer,0.52,0.18,labour_market,1.0,long_run,0.36,0.04,0.06,labor_income,1.0,1.93,0.07,0.16,0.84,working_age,0.59,0.02,0.08,0.09,0.35,-2.8824035882469876
apep_1404_v1,apep_1404,v1,-0.108,0.488,-2.395,10.842,,22.211,True,ok,Moderate negative,Future Incidents,binary,RDD,United States,North America,2026-04-08T10:20:16.703710,2010.0,2022.0,,0.0,7.0,7.0,5.0,False,apep_1404/v1/tables/tabF1_sde.tex,Pipeline Scars That Don't Heal: Regulatory Labeling and the Limits of Name-and-Shame in Pipeline Safety,True,pass,pass,7548f43155268f469b99b9a376c0580add10a430e85cb755154e25f6e351e8dc,21.56,4.42,5.0,5.0,CLEAN,False,,-0.108,-1,beneficiary outcome direction,-0.8699999999999999,0,False,jev-1.13.0,a66f33b0d30cf53d945292a3552fe02231b62e33742d5e38e1fa6b8aac45f224,0.108,,0.108,-1,-1,-1,-1,jev-1.13.0,70c34452ee5831e3ea117f4bb0b4d43bc74788c84b2d462c62298848c79c82a1,2458.0,bd642623db14c82ba43520bd0c9869f960ae9a8ae12da3457aee64680d878197,,True,True,True,15.0,2016.0,0.11,0.95,2.97,0.24,0.31,0.28,0.35,0.14,0.07,enforcement,0.98,0.94,crime_safety,0.94,medium_run,1.0,0.42,0.05,regulation_competition,0.74,1.31,0.07,0.13,0.59,firms_industry,1.0,0.02,0.34,0.67,0.02,-0.7174398731289899
apep_1407_v1,apep_1407,v1,-0.1601,0.0318,-0.1171,0.0233,,0.731,True,ok,Large negative,Log Premium,binary,DiD,United States,North America,2026-04-08T10:18:57.464752,2019.0,2024.0,,0.0,7.0,7.0,5.0,False,apep_1407/v1/tables/tabF1_sde.tex,The Cap Trap: How Rate Ceilings Redirected the Repricing Burden Under NFIP Risk Rating 2.0,True,pass,pass,5d15a1a6893fa9a3116c1ef1ba21385d2fbf8ef6e85e890ac072afd95f0d07e4,33.64,4.07,5.0,5.0,SUSPICIOUS,False,,-0.1601,-1,beneficiary outcome direction,-0.55,0,False,jev-1.13.0,a11b72bf1e973f10693e6ac7164b7375bdf1fd2102f97a2c433440a2f7c3e9b8,0.1601,,0.1601,0,-1,-1,-1,jev-1.13.0,78221c93905b38a332ca44d6b2b2b30edaa9d6bcb81ce2b6e29e5b0240126f14,2917.0,72ded183650127729d8693ce61bfc2fbf0a0a9919b262518ff7c4ab7604effae,,True,True,True,15.0,2021.5,0.33,0.97,1.38,0.54,0.78,0.23,0.19,0.15,0.13,price,1.0,0.68,prices_cost,0.99,medium_run,0.9,0.56,0.04,housing_infrastructure,0.47,2.63,0.05,0.09,0.79,general_public,0.89,0.02,0.03,0.3,0.02,-3.448288989196006
apep_1408_v1,apep_1408,v1,-0.125,0.126,-0.386,0.389,,3.089,True,ok,Moderate negative,Coca area (IHS),binary,DiD,Colombia,Latin America,2026-04-07T22:34:59.754353,2001.0,2023.0,,0.0,7.0,7.0,5.0,False,apep_1408/v1/tables/tabF1_sde.tex,"The Substitution Mirage: Voluntary Coca Eradication, Payment Windows, and Reversion in Colombia's Peace Zones",True,pass,pass,0162268ca34555f3dd19a24641f5753e3d04d87ea7b26070699dbc3b2146e263,19.27,3.86,5.0,5.0,CLEAN,False,,-0.125,-1,beneficiary outcome direction,-0.68,-1,True,jev-1.13.0,ef303a458bc3dc9cf7cc477ed46857a7acb30056fe197d413b24484a0fc0e1df,0.125,0.125,0.125,-1,-1,-1,-1,jev-1.13.0,7e63784f8977c4da0899a1bc3c00ef9fcac43eec675c4ebe892a69ae2eb93e33,4600.0,19018780321189108d69482ff67e2264ec7d2c7b104b6c554ed3e131511743de,,True,True,True,15.0,2012.0,0.12,0.85,1.59,0.2,0.9,0.18,0.8,0.05,0.12,direct_transfer,0.98,0.8,environment,0.86,long_run,0.95,0.03,0.08,environment_energy,0.7,1.31,0.08,0.86,0.88,low_income,0.88,0.03,0.34,0.04,0.03,-2.071473372030659
apep_1409_v1,apep_1409,v1,0.109,0.0418,4.65,1.781,,42.668,True,ok,Moderate positive,Naturalization rate,binary,DiD,Switzerland,Western Europe,2026-04-08T10:44:05.298847,1981.0,2024.0,,0.0,7.0,7.0,4.0,False,apep_1409/v1/tables/tabF1_sde.tex,From the Ballot Box to the Bureau: Judicial Abolition of Direct-Democratic Naturalization and Immigrant Incorporation in Switzerland,True,pass,pass,b3d134ec04f1283790847287175465b1b751326ae185f76805c3ccaa3f0b51e7,21.08,4.62,5.0,5.0,CLEAN,False,,0.109,1,beneficiary outcome direction,0.6799999999999999,0,False,jev-1.13.0,e4dae02fc769237917adbfd6ab03beea6245547c7a2d97ad58410ab9b43f1f4c,0.109,,0.109,1,1,1,1,jev-1.13.0,2effa83770766e5a3b57b8951adc2968589477fdad2f5514602560d718070093,3632.0,41ff0bba41901298fca1f3333b5e07cc2981751a3cbe1770c3ee0bad6b50e3d6,,True,True,True,15.0,2002.5,0.14,0.98,1.95,0.22,0.84,0.83,0.06,0.2,0.82,public_provision,0.46,0.14,behaviour_compliance,0.58,long_run,0.99,0.03,0.07,finance_governance,0.71,2.36,0.08,0.16,0.74,migrants_minority,1.0,0.02,0.23,0.39,0.21,-3.1748589394514264
apep_1410_v1,apep_1410,v1,0.4868,0.25,0.014,0.0072,,0.0036,True,ok,Large positive,Capital withdrawal share,continuous,DiD,Switzerland,Western Europe,2026-04-08T10:35:26.602191,2004.0,2024.0,,0.0,7.0,7.0,5.0,False,apep_1410/v1/tables/tabF1_sde.tex,The Annuity Squeeze: Switzerland's BVG Conversion Rate Reduction and the Paradox of Persistent Annuitization,True,untestable,untestable,8ba74f926b320d40ee6c9183d5914cc7c4d27d809df4c02314a3d27e777e5c4f,19.94,4.82,5.0,5.0,CLEAN,False,,0.4868,0,ambiguous economic direction,0.0699999999999999,0,False,jev-1.13.0,07ff22586af368220fbf35327ce48cedd9459e90d401e28f281acff0ee74fac6,,,0.4868,0,0,0,0,jev-1.13.0,49c3bd5e3f29024328467bf530bcc5bbbe72401e37c27888ac2e7b1f2881b216,3863.0,9ea2a0191983a83361b49363b7b6a0c0129e209cbbb500d2022a6c4e14e3bcbb,,True,True,True,15.0,2014.0,0.14,0.97,0.89,0.78,0.34,0.81,0.06,0.06,0.41,price,0.96,0.34,behaviour_compliance,0.74,long_run,0.95,0.04,0.86,labor_income,1.0,2.45,0.92,0.69,0.39,elderly_retired,1.0,0.02,0.11,0.52,0.54,-1.3862943611198906
apep_1413_v1,apep_1413,v1,0.976,0.717,0.197,0.145,,0.202,True,ok,Large positive,Log registrations,binary,DiD,Azerbaijan,Other / not stated,2026-04-08T11:20:48.860095,2008.0,2020.0,,0.0,7.0,7.0,4.0,False,apep_1413/v1/tables/tabF1_sde.tex,The Governance Modernization Effect: Digital One-Stop-Shop Reform and State Capacity in Azerbaijan,True,pass,pass,781677cbda43f17a8d8be436dfcd191dce9929f910eabf54b6856db446221be8,13.29,4.71,5.0,5.0,SUSPICIOUS,False,,0.976,1,beneficiary outcome direction,0.37,0,False,jev-1.13.0,e330d478819920d394ed32ba33eac106280864d59ccb8f977d4dff542c731e0f,0.976,,0.976,1,1,1,1,jev-1.13.0,c49327c9a1e863dbb99023d3cc1d2c223e2eef61bd907d286fde97aee90432eb,2791.0,f32b6900825e94e678d9c823e3b0d37ee14df60d9834720bd0a35ed8d4376fd5,,True,True,True,15.0,2014.0,0.17,0.83,1.29,0.38,0.44,0.97,0.09,0.21,0.63,infrastructure,0.6,0.26,labour_market,0.54,long_run,0.97,0.04,0.14,finance_governance,0.42,2.8,0.23,0.84,0.86,firms_industry,0.73,0.02,0.22,0.92,0.03,-0.33267943838251673
apep_1414_v1,apep_1414,v1,0.001,0.022,0.0004,0.0063,,0.2849,True,ok,Null,First-test failure,binary,RDD,United Kingdom,Western Europe,2026-04-08T12:53:10.775204,2021.0,2023.0,,0.0,7.0,7.0,4.0,False,apep_1414/v1/tables/tabF1_sde.tex,First Blood Test for Cars: Mandatory Vehicle Inspection at the Age-3 Threshold and the Absence of a Safety Dividend,True,pass,pass,bda26970cc45fc180424e39a231e6dee21ae62175ee6b96da8130b4d7d7c18c8,22.82,4.69,5.0,5.0,CLEAN,False,,0.001,-1,beneficiary outcome direction,-0.8,0,False,jev-1.13.0,9ac24e467a2ea1a9749ce3bac5772cd00a82c0ac1dcc3b1b8e4d9c48307aed58,-0.001,,0.001,-1,-1,-1,-1,jev-1.13.0,5ee7220bad660ed4d79a8ca9bebbda5bd71499349731005a0dcf2bd363abfa2e,3409.0,7b3aef937ae55bc98d11207b36a6f39afe1fb2d1391ddc9dfe74a0d1bf5730af,,True,True,True,15.0,2022.0,0.12,0.98,3.56,0.25,0.67,0.27,0.22,0.05,0.06,enforcement,0.98,0.86,behaviour_compliance,0.36,short_run,0.34,0.03,0.41,regulation_competition,0.65,2.55,0.26,0.75,0.4,general_public,0.96,0.02,0.46,0.23,0.05,-3.816712825623821
apep_1415_v1,apep_1415,v1,0.0778,0.0646,0.0438,0.0363,,0.5624,True,ok,Moderate positive,TWFE DiD,binary,RDD,Morocco,North Africa,2026-04-08T11:29:02.614430,2014.0,2023.0,,0.0,7.0,7.0,5.0,False,apep_1415/v1/tables/tabF1_sde.tex,The Legalization Discount: Cannabis Formalization and Economic Activity in Morocco's Rif Mountains,True,pass,pass,697f0e3f90bfcdfb5d203530d4397e932fba961dace89f99ef6dd2095865d8a8,14.44,5.0,5.0,5.0,CLEAN,False,,0.0778,1,beneficiary outcome direction,0.6699999999999999,0,False,jev-1.13.0,0263456ded6f97f8060a54b28c6c3bddae0c29c6052652eb11e93c78984130f0,0.0778,,0.0778,1,1,1,1,jev-1.13.0,6fb46432669e32fa3b95ba1f23a492ad00980d505f74b4cd29a286bf5c8eb854,3551.0,59235d08bd9961ae6d396bff992813d4feb9ad92866f54503bcfe5668904b9ed,,True,True,True,15.0,2018.5,0.12,0.13,1.8,0.12,0.08,0.96,0.03,0.17,0.83,price,0.46,0.16,environment,0.36,long_run,0.58,0.03,0.07,regulation_competition,0.99,1.65,0.11,0.95,0.84,firms_industry,0.64,0.02,0.03,0.05,0.02,-2.739540868193581
apep_1416_v1,apep_1416,v1,0.074,0.064,0.173,0.151,,0.34,True,ok,Moderate positive,Log Median Rent,continuous,IV,United States,North America,2026-04-08T11:44:06.789283,2001.0,2023.0,,0.0,7.0,7.0,6.0,False,apep_1416/v1/tables/tabF1_sde.tex,Does Legal Status Move Housing Markets? Evidence from Immigration Judge Leniency,True,untestable,untestable,2e080c985ec0b67984f106a43da2300efe5b41e27e1a9091fd1f64cb1897b522,21.44,5.12,5.0,5.0,SUSPICIOUS,False,,0.074,-1,beneficiary outcome direction,-0.5399999999999999,0,False,jev-1.13.0,b4052b4eed779238ba178c0ee810e95aa3eec69336ce551c1099a3899881210c,-0.074,,0.074,0,0,0,-1,jev-1.13.0,a37517efd8edec5791ce25856baadf264fa55d7668cab77c97d749c5c5372b1c,2705.0,3122d46e1d15ae62038da7e052662b322bb042dc903e1401877eac140bba399d,,True,True,True,15.0,2012.0,0.11,0.97,3.0,0.61,0.12,0.12,0.03,0.03,0.15,public_provision,0.66,0.69,prices_cost,1.0,long_run,0.42,0.9,0.05,housing_infrastructure,0.55,1.4,0.07,0.12,0.68,migrants_minority,0.99,0.1,0.03,0.06,0.04,-2.7488721956224653
apep_1417_v1,apep_1417,v1,-0.883,0.237,-0.198,0.053,,0.224,True,ok,Large negative,Log Price Index,binary,DiD,Singapore,East Asia,2026-04-08T11:51:46.151841,2004.0,2025.0,,0.0,7.0,7.0,5.0,False,apep_1417/v1/tables/tabF1_sde.tex,Pricing Out the World: Dose-Response Evidence from Singapore's Escalating Foreign-Buyer Stamp Duty,True,pass,pass,84dda9c28fc265ae04c9226c5b320ea7a16a7140b73be7e55efb9b3a84df9916,29.03,3.17,6.0,6.0,CLEAN,False,,-0.883,0,insufficient directional evidence,-0.21,0,False,jev-1.13.0,8079af96b98d7a2fc74ac8ce5d68657ab49cf5297fada7310ce5ae5181716360,,,0.883,0,0,0,0,jev-1.13.0,e6bfacb61b8ec6d055e96fb91a5f18cccc8cfdfe125784bc4600f58743cc1095,2636.0,b1b94730f35e803a13a610fd3bb4d712bc2ad8fa681b932ef66ae0a1c3340563,,True,True,True,15.0,2014.5,0.09,0.96,1.36,0.43,0.54,0.88,0.31,0.05,0.25,price,1.0,0.46,prices_cost,1.0,long_run,1.0,0.39,0.05,housing_infrastructure,0.57,2.15,0.06,0.13,0.76,migrants_minority,0.88,0.02,0.02,0.15,0.03,-1.439695137847006
apep_1418_v1,apep_1418,v1,0.0041,0.0109,0.0005,0.0012,,2925.92,True,ok,Null,In-state tuition,continuous,DiD,United States,North America,2026-04-08T11:32:23.442102,2004.0,2022.0,,0.0,7.0,7.0,5.0,False,apep_1418/v1/tables/tabF1_sde.tex,The Composition Squeeze: State Disinvestment and Student Body Recomposition at Public Universities,True,untestable,untestable,2a563c0760a89f5bf6d327fea08df71318a4ced6524eff114f4db4eef42913e5,14.6,4.61,5.0,5.0,CLEAN,False,,0.0041,-1,beneficiary outcome direction,-0.73,0,False,jev-1.13.0,4c11f427d3bf9570410503f071cdeab203b422e0cf7a4df5521b3aaaadbc750e,-0.0041,,0.0041,0,-1,-1,-1,jev-1.13.0,d429c8b037eac05f4a2f24c34ff5893a72ce7ef07de24220d886e10ab1f0ea23,2626.0,fd32bf8fa772f5b99beec676520fd42cc284ed55f5a32556b8bd21b82039b3d9,,True,True,True,15.0,2013.0,0.11,0.97,2.89,0.19,0.31,0.08,0.04,0.04,0.12,price,0.57,0.85,prices_cost,0.84,long_run,0.75,0.85,0.08,health_human_capital,1.0,2.07,0.09,0.45,0.78,low_income,0.51,0.02,0.03,0.19,0.03,-4.518992489747039
apep_1419_v1,apep_1419,v1,0.0961,0.0169,0.1437,0.0252,,0.1395,True,ok,Moderate positive,Log annual pay (continuous),continuous,DiD,United Kingdom,Western Europe,2026-04-08T11:25:53.125601,2015.0,2023.0,,0.0,8.0,8.0,6.0,False,apep_1419/v1/tables/tabF1_sde.tex,The Default Floor: Pension Auto-Enrollment Step-Ups and the Absence of Wage Offsets,True,untestable,untestable,ef8c3dc14adfc1c91b27614f9ddd4ce737b3b585262586376108c6d628aa005f,16.77,4.64,5.0,5.0,CLEAN,False,,0.0961,1,beneficiary outcome direction,0.82,0,False,jev-1.13.0,fc818a55b7062f93bf41381b0022b1216b64c4a41f4c1a4120864dbe15eb3a8e,0.0961,,0.0961,1,1,1,1,jev-1.13.0,b128b6893f642de58313692dbd721773a2e68f34cfd50d5638ac08745d02982c,2811.0,b4f0cbc11e5421f2cf13185b631bb782c94ebf54e156a205a26f60fd5ec27f7e,,True,True,True,15.0,2019.0,0.09,0.98,1.71,0.08,0.18,0.11,0.03,0.04,0.96,price,0.87,0.14,labour_market,0.92,long_run,0.71,0.52,0.05,labor_income,1.0,2.05,0.06,0.09,0.77,firms_industry,0.48,0.02,0.02,0.01,0.02,-4.080441657053109
apep_1420_v1,apep_1420,v1,0.745,0.02,0.941,0.025,,0.215,True,ok,Large positive,Log charge gap (MCC/CC),continuous,DiD,United States,North America,2026-04-08T12:29:03.260241,,,,0.0,7.0,7.0,4.0,False,apep_1420/v1/tables/tabF1_sde.tex,"The Coding Dividend: How Medicare's Severity Tiers Shape Treatment, Not Just Documentation",True,untestable,untestable,a160983262b1421f4b20279b3d70906a57dee1f4430e6e941fe3969bb359c31c,30.11,2.85,5.0,5.0,SUSPICIOUS,False,,0.745,0,insufficient directional evidence,0.05,0,False,jev-1.13.0,1693286ade4875b4b1f7f59d7a778ae1031b137a96191d522afdd7454a02896b,,,0.745,0,0,0,0,jev-1.13.0,5c6bdd5b1ec28270fd0c64a1a96ec34721b0bedc479458d169f832a6d33de861,3339.0,e748d76da9d8b5055c686b7ff842f77adb588bdcdd6f78b3a707ab2abc4e1ac8,,True,True,True,15.0,,0.09,0.97,1.44,0.62,0.21,0.11,0.04,0.07,0.53,price,0.99,0.48,health,0.52,unclear,0.74,0.44,0.04,health_human_capital,0.98,2.4,0.11,0.09,0.51,elderly_retired,0.87,0.02,0.07,0.35,0.05,-3.912023005428146
apep_1421_v1,apep_1421,v1,-0.014,0.0116,-0.0192,0.016,,1.373,True,ok,Small negative,Log nightlights (dose),continuous,DiD,India,South Asia,2026-04-08T12:21:01.141297,2012.0,2021.0,,0.0,7.0,7.0,4.0,False,apep_1421/v1/tables/tabF1_sde.tex,The Transfer Trap: Mineral Royalty Redistribution and the Absence of Local Development in India's Mining Districts,True,untestable,untestable,c911217ce80fa9a538c2354d8417b50d162e4c10173502e9c99f451d1c5eadfe,21.75,3.42,7.0,7.0,CLEAN,False,,-0.014,1,beneficiary outcome direction,0.8300000000000001,0,False,jev-1.13.0,ad434f6d822c8cc683a50f3248566072670e3967aea4fdb7d7de41164d184a3f,-0.014,,0.014,1,1,1,1,jev-1.13.0,f9a4a1c89182bf722c089477e81f73bea14379f4a7cec67c4b05ad4394e7fc57,4140.0,cf3c3e89e6667f9fb8823ff670adea1a95fe74d653a04b0025e05669b78503be,,True,True,True,15.0,2016.5,0.1,0.44,1.24,0.07,0.08,0.11,0.03,0.2,0.91,direct_transfer,0.54,0.08,other,0.53,long_run,0.97,0.06,0.05,finance_governance,0.32,2.05,0.06,0.12,0.8,general_public,0.64,0.02,0.02,0.07,0.02,-4.456750180869818
apep_1422_v1,apep_1422,v1,-0.565,0.026,,0.006,,0.23,True,ok,Large negative,"Heat, rainfed states",continuous,Unknown,United States,North America,2026-04-08T12:50:34.131464,2000.0,2022.0,,0.0,7.0,7.0,1.0,False,apep_1422/v1/tables/tabF1_sde.tex,When Bugs Hatch Early: Decomposing Temperature--Yield Damage Through Pest Emergence Thresholds,True,untestable,untestable,7609f4051062bdccc7193ae2b459f71de3930c5e5b5c1574f7f200a1c06cd9de,31.02,4.15,5.0,5.0,SUSPICIOUS,False,,-0.565,0,insufficient directional evidence,0.1,0,False,jev-1.13.0,54c511d1b588f11cf35feb8781d4022b87949169bb555f9f59f3b5b9da39ee31,,,0.565,0,1,0,0,jev-1.13.0,79c11ec6a6db450875c2c274d9028ce17e8ddb09fc25451f5e9fdb498bb06b12,4990.0,139cc7580cec4e333877569cf01eb9685580b6e639ccc89f408eaf5c3ec73a56,,True,True,True,15.0,2011.0,0.13,0.97,0.41,0.15,0.16,0.2,0.07,0.05,0.53,information,0.41,0.43,other,0.47,long_run,0.63,0.03,0.04,environment_energy,0.97,0.09,0.06,0.1,0.62,firms_industry,0.99,0.02,0.03,0.04,0.03,-3.649658740960655
apep_1423_v1,apep_1423,v1,0.0095,0.0509,0.003,0.0163,,0.3195,True,ok,Small positive,Violation rate,binary,DiD,United States,North America,2026-04-08T14:10:10.741235,,,,0.0,7.0,7.0,4.0,False,apep_1423/v1/tables/tabF1_sde.tex,The Ridgeline Discontinuity: Watershed Boundaries and the Enforcement Effect of Clean Water Act Impairment Listing,True,pass,pass,d85bed28044344b6c00d9cbedd9f056df05dbfd275f3217e123ceccc72fd2c86,25.72,2.76,5.0,5.0,CLEAN,False,,0.0095,-1,beneficiary outcome direction,-0.8799999999999999,0,False,jev-1.13.0,12f6d768305fcc0fc57ecf1e60c315f18b1c1b37dcf49ed8578a19933c89307c,-0.0095,,0.0095,-1,-1,-1,-1,jev-1.13.0,0e49db41980f07eeef856c1583637814eca816f769ca45f6e4b86876f1d59e20,2520.0,78abfc945bc8c56759bcf19fe16feacacaadfca34f1e97b15ac1be5e50e95417,,True,True,True,15.0,,0.12,0.98,1.28,0.16,0.71,0.21,0.24,0.04,0.07,enforcement,0.69,0.95,behaviour_compliance,0.99,medium_run,0.96,0.03,0.05,environment_energy,0.98,1.94,0.06,0.11,0.77,firms_industry,1.0,0.02,0.54,0.29,0.07,-2.9778923554256598
apep_1425_v1,apep_1425,v1,-0.1435,0.0289,-0.0601,0.0121,,0.419,True,ok,Moderate,Pro-Worker Verdict,binary,IV,Brazil,Latin America,2026-04-08T17:51:18.661853,2012.0,2023.0,,0.0,7.0,7.0,4.0,False,apep_1425/v1/tables/tabF1_sde.tex,Leniency Compression: How Brazil's 2017 Labor Reform Disciplined Judicial Heterogeneity,True,pass,pass,ab1b99aba7e873fc4e22b5119fa0934d2acfc517a12022cdb8914e1f693c6bd0,29.97,3.25,6.0,6.0,SUSPICIOUS,False,,-0.1435,1,beneficiary outcome direction,0.75,0,False,jev-1.13.0,ccfbcc2fc1f9c05ecdfdd74a04d7745ae8d3e91d3030260fdbb3e4150e17c17a,-0.1435,,0.1435,1,1,1,1,jev-1.13.0,45e6b54558fa5e88140ea5d26d2f9b7bc144583125f0f0ac88e28ba86047bf66,3163.0,49c94d30b3c5aae6b4f37f29cf9bdc9fc6876a3b1d049a87e050dfaf4e1184d6,,True,True,True,15.0,2017.5,0.13,0.95,1.8,0.1,0.25,0.23,0.45,0.07,0.91,price,0.94,0.16,labour_market,0.62,long_run,0.91,0.04,0.07,labor_income,0.91,2.82,0.08,0.15,0.58,working_age,0.96,0.05,0.82,0.4,0.21,-3.543913683863751
apep_1426_v1,apep_1426,v1,-0.36,0.178,-0.165,0.081,,0.458,True,ok,Large,Safety Coverage (all networks),binary,DiD,United States,North America,2026-04-08T13:15:42.524559,2015.0,2023.0,,0.0,7.0,7.0,4.0,False,apep_1426/v1/tables/tabF1_sde.tex,The Visibility Cycle: How Pre-Scheduled Spectacles Crowd Out Workplace Safety News,True,pass,pass,e7af5f7ea4696840ec699181fc97ae527ef8241fd6c60ec55648bd22309c8291,17.1,5.18,5.0,5.0,SUSPICIOUS,False,,-0.36,1,beneficiary outcome direction,0.3799999999999999,0,False,jev-1.13.0,35e4d89954c4a43f74c7e1fefbe15ec87f6b60e9313ceb427a75d6aefa366896,-0.36,,0.36,0,0,1,1,jev-1.13.0,a7fc0de2f9d9d4d5806988cef2003c49fa6be8cc8ef95ba7035d166015b7bea4,2634.0,ac8489d9fe0d77d62a5da5cd83d9994d2f60946c5d3d4e6e7761b8dbab13a4d6,,True,True,True,15.0,2019.0,0.13,0.06,2.89,0.31,0.47,0.77,0.07,0.08,0.69,information,0.91,0.31,other,0.64,long_run,0.91,0.03,0.07,regulation_competition,0.63,0.42,0.09,0.11,0.68,firms_industry,0.91,0.03,0.29,0.19,0.23,-1.725971728690052
apep_1428_v1,apep_1428,v1,0.0277,0.0609,0.1249,0.2752,,4.517,True,ok,Small positive,1em Log(Party Transfer+1) --- DDD,binary,DiD,,,2026-04-08T17:32:10.822435,,,,0.0,7.0,7.0,3.0,False,apep_1428/v1/tables/tabF1_sde.tex,Does Financial Parity Follow Legal Parity? Gender Quotas and Campaign Finance in Mexico,True,pass,pass,195057cc7db98fe1b58b229f0b145d8138e0e6b106efad2341b53354ca23f2da,10.73,4.37,5.0,5.0,CLEAN,False,,0.0277,1,beneficiary outcome direction,0.39,0,False,jev-1.13.0,9cb973911a4c003cec14bac6dd5fac22ba24ae18ce89ea57020224a742bb6cb5,0.0277,,0.0277,0,0,0,1,jev-1.13.0,ea139a5a04beb00b0f6334f21d013545682e9167725fe31829e7816561107b43,3390.0,57526b0fca291dcf44100eac5a6f88728afd78172bd96b8100aa5ad7eeab3b4c,,True,True,True,15.0,,0.09,0.28,0.39,0.33,0.52,0.47,0.05,0.24,0.8,direct_transfer,0.6,0.41,political_attitudinal,0.67,unclear,0.93,0.56,0.1,labor_income,0.55,0.82,0.11,0.12,0.79,none,0.78,0.15,0.07,0.34,0.05,-2.7985221042662856
apep_1431_v1,apep_1431,v1,0.277,0.038,0.207,0.029,,0.746,True,ok,Large positive,Log transactions (March 2025),binary,RDD,France,Western Europe,2026-04-08T13:57:33.529335,2021.0,2024.0,,0.0,7.0,7.0,6.0,False,apep_1431/v1/tables/tabF1_sde.tex,The Composition Illusion: Anticipatory Bunching and Transaction Value Distortion Around France's 2025 Real Estate Transfer Tax Increase,True,pass,pass,cbd7d83d8f29bacf816b1aa8ab556d9aa73aa8001e95fe70652c29113ca22206,23.9,3.06,6.0,6.0,SUSPICIOUS,False,,0.277,0,measurement qualifier: gross_activity,0.0,0,False,jev-1.13.0,c59aa9180341279948e5581f75aa268cd64206f29e4283e0aaeb3d4d48b2849c,,,0.277,0,0,0,0,jev-1.13.0,161346ed2188f417c34f51b6df26d329336afd176f28ed36020460fc1f947885,1490.0,5475321c453e69093ebf96dca607c7e3d5cb3d38b186b35c2c4464097d32657a,,True,True,True,15.0,2022.5,0.12,0.96,1.31,0.71,0.81,0.35,0.03,0.06,0.32,price,1.0,0.32,behaviour_compliance,0.74,short_run,0.77,0.62,0.1,taxation_prices,0.96,1.47,0.06,0.1,0.79,general_public,0.91,0.02,0.19,0.86,0.11,-3.270169119255751
apep_1432_v1,apep_1432,v1,4.682,21.386,2.27,10.37,,0.485,True,ok,Large positive,Contribution count,binary,IV,United States,North America,2026-04-08T18:39:01.887407,2018.0,2023.0,,0.0,7.0,7.0,4.0,False,apep_1432/v1/tables/tabF1_sde.tex,From the Streets to the Checkbooks: Do Protests Mobilize Campaign Contributions?,True,pass,pass,29a993a3189370a19d7b5a8f98bea64bea118a7b3ca267ae4ccc8f3a71df1c83,12.89,4.28,5.0,5.0,SUSPICIOUS,False,,4.682,0,measurement qualifier: gross_activity,0.2,0,False,jev-1.13.0,2ec38d7922060f70bc48a2f4c442d9ed5e8d17811324ab231e97464d4964a66c,,,4.682,0,0,0,0,jev-1.13.0,1b5359474669307ab8ed67f01d8385e5730c1053ad93cbacfdd7fbccdf534356,1815.0,306e63c8160006e24124ab65a70c912ff69dd3fd4ee6beab31a1c80739101c33,,True,True,True,15.0,2020.5,0.13,0.79,2.89,0.63,0.13,0.39,0.02,0.07,0.46,information,0.74,0.26,behaviour_compliance,0.4,unclear,0.42,0.36,0.05,finance_governance,1.0,0.61,0.06,0.11,0.78,general_public,0.89,0.02,0.32,0.79,0.02,3.062736502334465
apep_1434_v1,apep_1434,v1,0.009,0.013,0.194,0.275,,20.796,True,ok,Small positive,Hearings (count),binary,Unknown,United States,North America,2026-04-08T18:33:50.694864,2009.0,2024.0,,0.0,7.0,7.0,5.0,False,apep_1434/v1/tables/tabF1_sde.tex,"The Asymmetric Scandal Lottery: Competing News, Political Incentives, and Congressional Oversight",True,pass,pass,28cbdafa844dff0123eeddf0df66b0001115027cd72c0fd20aa02d342a9c2237,24.99,3.04,5.0,5.0,SUSPICIOUS,False,,0.009,0,measurement qualifier: administrative_detection,0.31,0,False,jev-1.13.0,ddad084b372ce8480b0fdfa918bb143914118b503607b81ff76bb8f3e363faea,,,0.009,0,0,0,1,jev-1.13.0,4f4f139f817e1f39d9eb708855df8b4575383cb7da2f879372398630d40308e1,3676.0,b757ff59944b677eb05072e73056a2157c563ef5a446027dd0e277b47de6e136,,True,True,True,15.0,2016.5,0.1,0.89,2.13,0.63,0.22,0.91,0.04,0.03,0.63,other,0.51,0.32,other,0.42,long_run,0.94,0.02,0.27,finance_governance,0.45,0.61,0.41,0.66,0.43,none,0.39,0.02,0.82,0.93,0.02,-4.3428059215206005
apep_1435_v1,apep_1435,v1,-0.087,0.0393,-0.0049,0.0022,,0.8389,True,ok,Moderate neg.,Log page-change ratio,continuous,IV,United States,North America,2026-04-08T19:20:56.444227,2015.0,2022.0,,0.0,7.0,7.0,3.0,False,apep_1435/v1/tables/tabF1_sde.tex,A Sixty-Day Floor That Isn't: EO 12866 and the Comment Periods Agencies Actually Post,True,untestable,untestable,ce900674d9b4a056f9ce59d2e6711f12dce8a3abcaa7bc673c931e3f496fe869,14.71,4.46,5.0,5.0,SUSPICIOUS,False,,-0.087,0,ambiguous economic direction,-0.15,0,False,jev-1.13.0,a79f347d252118c7e029691ee406578558df511b65da7d525cef1060b9656dc4,,,0.087,0,0,0,0,jev-1.13.0,9ca1b11674ccff05b10410fa485442e7d646f7378ab37e384575f6a427cc421c,1269.0,e42f4c4e18ee165959ce3bad6fd3f6a6bb14e8eb9ae73c237af533c30e343533,,True,True,True,15.0,2018.5,0.89,0.97,0.31,0.81,0.51,0.38,0.04,0.07,0.22,information,0.4,0.37,administrative_process,0.98,medium_run,0.6,0.03,0.05,regulation_competition,0.7,0.94,0.06,0.21,0.8,firms_industry,0.35,0.02,0.07,0.58,0.02,-3.2365307601069215
apep_1437_v1,apep_1437,v1,-0.323,0.241,-0.45,0.336,,1.393,True,ok,Large negative,log(1+vacancies),binary,DiD,United States,North America,2026-04-09T01:03:35.230981,,,,0.0,7.0,7.0,3.0,False,apep_1437/v1/tables/tabF1_sde.tex,Selective Atrophy: How the 2025 Federal Hiring Freeze Hollowed Out Civilian Capacity,True,pass,pass,44e187345ecc02ecca9d614032bf81f2f3b33f938a18a01d103b3d2a9beead81,20.32,4.16,5.0,5.0,CLEAN,False,,-0.323,1,beneficiary outcome direction,0.3,0,False,jev-1.13.0,2ef0d4a960cd4b3dfe0a44ec3d9dd5a459cb92857be86911dad96d8022f7cec6,-0.323,,0.323,0,1,1,1,jev-1.13.0,ba650405460574ed354541963a6519cfafc0cd009c8f3418b9765cca36fdf65a,1521.0,c862132d493776ae295f7029d46a00c9613fc640281a8e9163e9f2439d612bea,,True,True,True,15.0,,0.34,0.91,1.56,0.38,0.87,0.96,0.24,0.03,0.64,quantity_restriction,1.0,0.34,labour_market,1.0,medium_run,0.91,0.03,0.06,finance_governance,0.51,2.42,0.1,0.65,0.67,working_age,0.41,0.02,0.55,0.63,0.02,-1.422958345491482
apep_1439_v1,apep_1439,v1,0.155,0.205,3.764,4.971,,24.21,True,ok,Large positive,Search intensity (levels),binary,DiD,United Kingdom,Western Europe,2026-04-09T09:32:43.297860,,,,0.0,7.0,7.0,2.0,False,apep_1439/v1/tables/tabF1_sde.tex,The Switching Paradox: Consumer Search Behavior After the UK Loyalty Penalty Ban,True,pass,pass,ad0bd98774bdc02691f6cb105340bba0874ceaa5199a9b19f87361bfe4d9384c,16.48,4.85,6.0,6.0,CLEAN,False,,0.155,1,beneficiary outcome direction,0.41,0,False,jev-1.13.0,de232336cf421214903937bd75518c69e1ff729364795339d6bee89c828ca444,0.155,,0.155,0,0,1,1,jev-1.13.0,85e55b7c2b1d4e8ade3fc9bc01c84684f6c98acf04f6de533465672e52069cbd,1426.0,bd96f9f22b961375a4bf2391842e809ab40705b131692d4c29a86cace6ed4cf6,,True,True,True,15.0,,0.12,0.05,1.7,0.42,0.12,0.9,0.11,0.1,0.71,price,0.94,0.3,behaviour_compliance,0.92,long_run,0.4,0.03,0.07,regulation_competition,0.87,2.94,0.14,0.14,0.76,general_public,0.6,0.02,0.06,0.33,0.03,-1.584745299843729
apep_1440_v1,apep_1440,v1,0.0518,0.0512,0.0246,0.0243,,0.476,True,ok,Moderate positive,Any PFAS Detection,binary,RDD,United States,North America,2026-04-09T09:53:21.520743,,,,0.0,7.0,7.0,5.0,False,apep_1440/v1/tables/tabF1_sde.tex,Limestone's Filter? Karst Geology and PFAS Contamination in U.S.\ Drinking Water,True,pass,pass,3277e43cdbc80280cb70cc331701cbd849527a2a0cc5bc7fac36b97f23571e01,13.35,4.31,5.0,5.0,SUSPICIOUS,False,,0.0518,-1,beneficiary outcome direction,-0.8799999999999999,0,False,jev-1.13.0,56f35f1b0ce1ac4d325420ff6303a76efd5078f4e4f2419477453aa9bfacf86a,-0.0518,,0.0518,0,-1,-1,-1,jev-1.13.0,0e60c8f51ba24bdcb5abd0eaff42d5a00cc13f537205c24d45ccc5da77255728,1094.0,a78a4653ba5285798c3575f1d567affbe41414ad618d49c525129990037d1f77,,True,True,True,15.0,,0.12,0.97,0.66,0.33,0.55,0.12,0.26,0.04,0.07,enforcement,0.68,0.95,environment,1.0,unclear,0.65,0.02,0.04,environment_energy,0.98,1.6,0.06,0.1,0.82,general_public,0.98,0.02,0.48,0.07,0.02,-2.972015746936675
apep_1441_v1,apep_1441,v1,-0.0026,0.0091,-0.0032,0.011,,1.2071,True,ok,Null,Employment (high-bite),binary,DiD,Switzerland,Western Europe,2026-04-09T10:14:11.423519,2011.0,2023.0,,0.0,7.0,7.0,6.0,False,apep_1441/v1/tables/tabF1_sde.tex,The Referendum Floor: Employment Effects of the World's Highest Minimum Wages,True,pass,pass,7c24c85b1ca15509b34782c37fd742964478d1b9c9a3fc6838e8648ca83a3f09,29.88,3.7,5.0,5.0,SUSPICIOUS,False,,-0.0026,1,beneficiary outcome direction,0.6299999999999999,0,False,jev-1.13.0,5121bb894e851c24aab194b3797bd1aba2e8c21a5f2d9c7a4a2437b51f033491,-0.0026,,0.0026,1,1,1,1,jev-1.13.0,531df68e6554b0d8fa2c03fadc8eb740400beff2d58e6a701eeec0eb60763c00,2168.0,304e5928219c704bced525ac87ed76b905793852586aba8d5d7dfeed8a46f3e1,,True,True,True,15.0,2017.0,0.13,0.98,1.99,0.12,0.21,0.94,0.08,0.05,0.95,price,0.99,0.32,labour_market,1.0,long_run,0.22,0.04,0.07,labor_income,1.0,1.94,0.07,0.18,0.81,low_income,0.36,0.02,0.03,0.02,0.05,-4.699480865459333
apep_1442_v1,apep_1442,v1,-0.117,0.0492,-0.0538,0.0226,,0.46,True,ok,Moderate negative [6pt],Appeal allowed (first stage),binary,IV,United Kingdom,Western Europe,2026-04-09T14:41:54.179223,2019.0,2023.0,,0.0,7.0,7.0,3.0,False,apep_1442/v1/tables/tabF1_sde.tex,The Inspector Lottery That Isn't: Small-Sample Bias in Examiner Leniency Designs Applied to England's Planning Appeals,True,pass,pass,7ffa1ff64ed46748fa83cb5eb103187677be4dfa694bf5a7cf3f34bc1634c71c,11.71,4.95,5.0,5.0,SUSPICIOUS,False,,-0.117,1,beneficiary outcome direction,0.2299999999999999,0,False,jev-1.13.0,954dce8a2ab6f3d0e03a2a5b10e18270e1d532deddc694bd656238d15269b32d,-0.117,,0.117,1,1,0,1,jev-1.13.0,5adb661d2f72406ee13432f26123f0d4ff29730537c8c9a7493de91d53209adc,3346.0,20dcce4bf7ec39ae2192ce14272e518ce731fb7be087d44f1133c27383927fe2,,True,True,True,15.0,2021.0,0.14,0.94,3.48,0.29,0.84,0.19,0.05,0.18,0.74,other,0.36,0.51,administrative_process,0.51,medium_run,0.35,0.03,0.36,housing_infrastructure,0.99,0.76,0.09,0.2,0.34,firms_industry,0.57,0.08,0.5,0.54,0.04,-3.0118616554838744
apep_1443_v1,apep_1443,v1,-0.042,0.286,-9.0,65.0,,225.0,True,ok,Small negative,"2-yr notch, Tax 2.0",binary,DiD,Taiwan,East Asia,2026-04-09T12:24:50.494019,2012.0,2024.0,,0.0,7.0,7.0,4.0,False,apep_1443/v1/tables/tabF1_sde.tex,Lock-In or Cash-Out? Holding-Period Bunching at Taiwan's Housing Tax Notches,True,pass,pass,3193274aedb33d8ee5286d42f923b29c29d47caa687c5dfa368949e8e4d6656c,16.39,4.7,5.0,5.0,CLEAN,False,,-0.042,0,measurement qualifier: gross_activity,-0.06,0,False,jev-1.13.0,9aec4383235b549b628c0a9881595a6dc6898f6dc7197fe08b75ec9d5e0f1ce4,,,0.042,0,0,0,0,jev-1.13.0,6f8074aba087767272d647f309a45758155a7d9235a4b1b930da9442b86d1168,2901.0,f717989589d417607936e7c7d270078627fc074d7875dd5865df2f559ea98fa9,,True,True,True,15.0,2018.0,0.08,0.97,2.63,0.56,0.67,0.22,0.07,0.07,0.3,price,1.0,0.36,behaviour_compliance,0.91,medium_run,0.34,0.04,0.05,taxation_prices,0.91,2.12,0.06,0.14,0.66,general_public,0.91,0.02,0.14,0.87,0.05,-1.2517634681622845
apep_1444_v1,apep_1444,v1,-0.06,0.03,-0.03,0.015,,0.49,True,ok,Moderate negative,Labor Force Participation,binary,RDD,Ecuador,Latin America,2026-04-09T14:39:56.326890,,,,0.0,7.0,7.0,6.0,False,apep_1444/v1/tables/tabF1_sde.tex,The Urban Exit: Non-Contributory Pensions and Labor Supply at the Extensive Margin in Ecuador,True,pass,pass,9b48035af1714ab1e756e605684b3dc038e3e23cd5d439e9e4f9a1e6c4107b00,26.47,4.07,5.0,5.0,SUSPICIOUS,False,,-0.06,1,beneficiary outcome direction,0.5700000000000001,0,False,jev-1.13.0,c0f31210c699a579e05b4b67878b490f7376363221607178b2ec9ccab1ca3ae5,-0.06,,0.06,0,0,1,1,jev-1.13.0,6c7c8f31bb9d50a48a136845440ef427dca60e726cfbbe0fdb5d71859d1bdf59,2731.0,af28e4f208b8742070ddb83640aab6a2992a486084619687064eb60c793ca038,,True,True,True,15.0,,0.11,0.98,2.99,0.3,0.17,0.28,0.07,0.05,0.89,direct_transfer,1.0,0.32,labour_market,1.0,medium_run,0.29,0.03,0.05,labor_income,1.0,1.66,0.06,0.11,0.43,elderly_retired,0.98,0.03,0.02,0.01,0.19,-3.506557897319982
apep_1445_v1,apep_1445,v1,0.48,0.261,0.152,0.083,,0.317,True,ok,Large positive,Closure (narrow BW),binary,RDD,United Kingdom,Western Europe,2026-04-09T14:20:31.816686,,,,0.0,7.0,7.0,6.0,False,apep_1445/v1/tables/tabF1_sde.tex,The Inadequate Cliff: Regulatory Labels and Care Home Exit in England,True,pass,pass,0070d06a7f27f0fe73f875f78278184fa5554b98d3247e07dbefd5fe37efe147,30.87,3.11,5.0,5.0,CLEAN,False,,0.48,-1,beneficiary outcome direction,-0.52,0,False,jev-1.13.0,ed8104b940ddf64764e8a426c52348b4e30f7f3aecf8633cdb865fed834473f8,-0.48,,0.48,0,0,0,-1,jev-1.13.0,dec8688054da90c3137f832093a36fd5e04b2c81020040ad16a81db72abdf906,3533.0,32d99fcec52a69f8ef2ad55fd1ba1d01b78f501a34c811b1e216680498032b05,,True,True,True,15.0,,0.13,0.98,2.82,0.65,0.51,0.14,0.06,0.05,0.09,enforcement,0.99,0.61,health,0.26,medium_run,0.46,0.03,0.05,regulation_competition,0.81,1.38,0.07,0.82,0.74,elderly_retired,0.52,0.02,0.37,0.52,0.05,-1.3432348716594436
apep_1446_v1,apep_1446,v1,-0.372,0.077,-0.088,0.018,,0.237,True,ok,Large neg.,New entrants,binary,DiD,United States,North America,2026-04-09T14:59:53.629784,,,,0.0,7.0,7.0,5.0,False,apep_1446/v1/tables/tabF1_sde.tex,Empty Chairs at New Tables: X-Waiver Elimination and the Geography of Buprenorphine Market Entry,True,pass,pass,af3defc5f93f9579b23f19afea00766bdd93e300242022b4245d96323ffd4ccf,25.83,2.8,5.0,5.0,CLEAN,False,,-0.372,1,beneficiary outcome direction,0.6900000000000001,0,False,jev-1.13.0,78901e2f439f5b2bd7b4b53b922bbaea9938a0ecf7c6c38c96e8df34c0d852a6,-0.372,,0.372,1,1,1,1,jev-1.13.0,dc52dadf1227028b697b1af99718d222f3d115ce5428c3d70457eb278574d835,3789.0,8e497cc8d137ce7bfbf3bebfbef4a48d4a25648c107b6124430f47ec59155c89,,True,True,True,15.0,,0.12,0.97,1.8,0.14,0.62,0.04,0.13,0.25,0.9,quantity_restriction,0.64,0.21,health,0.68,medium_run,0.89,0.04,0.09,regulation_competition,0.55,2.63,0.18,0.51,0.78,low_income,0.8,0.02,0.11,0.67,0.05,-2.563949857128453
apep_1447_v1,apep_1447,v1,-0.019,0.062,-0.992,3.178,,2.26,True,ok,Small negative,Unemployment rate,continuous,DiD,Indonesia,Southeast Asia,2026-04-09T15:22:57.954649,2015.0,2016.0,,0.0,7.0,7.0,5.0,False,apep_1447/v1/tables/tabF1_sde.tex,The Formula Floor: Indonesia's Mechanical Minimum Wage Reform and Provincial Labor Markets,True,untestable,untestable,a7896b4dbdf4c54053ee32f75cb5c77b6a5ff3ba767ba937328b9f3cdd425532,13.33,4.61,5.0,5.0,SUSPICIOUS,False,,-0.019,-1,beneficiary outcome direction,-0.94,0,False,jev-1.13.0,f118594489f739df53af42a33edbf75e26b7b44b8b2255b47e7130256c42925f,0.019,,0.019,-1,-1,-1,-1,jev-1.13.0,c3324a7a907ae571122057a9aa6f185363f78f281ff47fb8eb5043b010b6ced7,1766.0,fa8e155cf968c99c15750a3d781a5d0ab202d6ba60bc22d91c67d89681082055,,True,True,True,15.0,2015.5,0.13,0.98,1.76,0.08,0.09,0.09,0.06,0.04,0.04,price,0.98,0.98,labour_market,1.0,long_run,0.81,0.03,0.07,labor_income,1.0,2.83,0.08,0.47,0.58,working_age,0.71,0.02,0.06,0.02,0.28,-2.7806208939370456
apep_1448_v1,apep_1448,v1,0.02,0.106,0.01,0.052,,0.495,True,ok,Small positive,Pr( 4+ stars ) (RDD),binary,RDD,United States,North America,2026-04-09T15:33:36.315060,2015.0,2026.0,,0.0,7.0,7.0,4.0,False,apep_1448/v1/tables/tabF1_sde.tex,The Fog of Stars: Why Medicare Advantage Plans Cannot Game the Quality Bonus Threshold,True,pass,pass,901532a1a52b9fac67b3fbb92f334fe6398341ecd486bedeec797fd850e80e6e,28.53,3.31,5.0,5.0,SUSPICIOUS,False,,0.02,1,beneficiary outcome direction,0.53,0,False,jev-1.13.0,2b17960c480a504c3639560652f0c07a984f7941c25463f9771cdffe8d312044,0.02,,0.02,1,1,1,1,jev-1.13.0,df088c586f9dd4b26e0e55658db0d930f9d246cfc47e3e4add6a7f6059b0f35b,4119.0,587fe93e70237ecb46acc42aea593fef9f3b51eb8dc8e5c0070cce66dc9c1bf8,,True,True,True,15.0,2020.5,0.12,0.98,3.0,0.12,0.85,0.13,0.04,0.42,0.78,price,0.43,0.25,health,0.95,short_run,0.43,0.04,0.11,health_human_capital,0.92,2.0,0.1,0.21,0.51,elderly_retired,0.6,0.03,0.07,0.16,0.04,-2.24431618487007
apep_1449_v1,apep_1449,v1,-0.0063,0.0077,-0.0454,0.0557,,2.546,True,ok,Small negative,Log fishing hours (pooled),continuous,Unknown,Global,East Asia,2026-04-09T16:32:40.292884,,,,0.0,7.0,7.0,5.0,False,apep_1449/v1/tables/tabF1_sde.tex,Fishing Through the Moon: Subsidy Persistence and Effort Inertia in the Global Squid Fleet,True,untestable,untestable,e03e0eb4740ab01eb5f0f58eb1ec2ea1751b5c1817fbb41f927706e4014cc0a3,24.97,3.82,5.0,5.0,SUSPICIOUS,False,,-0.0063,0,insufficient directional evidence,0.1499999999999999,0,False,jev-1.13.0,ba433041787b8e5de6637cf0e42fc828d0d8cc6b9b4d9608de279c5bbcd0cd80,,,0.0063,0,0,0,0,jev-1.13.0,5fab48a8dd3969febdad7d3311996aba85ccd0edbf5c160a0f5bd06cffdc75aa,4284.0,138f51be9a3be2e0c7b731df52a24820e1d937fdc999156ba6dcdca3c26a3dfa,,True,True,True,15.0,,0.1,0.07,1.65,0.64,0.28,0.46,0.05,0.07,0.49,price,0.98,0.34,labour_market,0.82,short_run,0.62,0.03,0.04,taxation_prices,0.81,2.07,0.06,0.09,0.49,firms_industry,1.0,0.02,0.07,0.34,0.04,-4.866534950122499
apep_1450_v1,apep_1450,v1,-0.31,0.207,-0.325,0.217,,1.047,True,ok,Large negative,Star Rating,binary,RDD,United States,North America,2026-04-09T16:20:54.719218,,,,0.0,7.0,7.0,4.0,False,apep_1450/v1/tables/tabF1_sde.tex,The Penalty Lottery: Hospital-Acquired Condition Scores and the Limits of Threshold Incentives,True,pass,pass,95bdd4c1d2d7b4797b7d5f897bde51d89f481eaba7bfde4d3b7f7908f13ae10e,0.0,0.0,0.0,0.0,,False,unknown,-0.31,1,beneficiary outcome direction,0.82,0,False,jev-1.13.0,e5d01555d14de99680c48966a4170b22512bc989d2fd2e45c0f6dbf71190b102,-0.31,,0.31,1,1,1,1,jev-1.13.0,f73f7385c5e96591f1e249bad58c7421b24588d23242f3d00ff203a9c9d290b8,1436.0,4b177327b73e7b5a6c04adf38fc10a0aae35f948cd7454b17a0a5fb755447817,,True,True,False,15.0,,0.12,0.97,2.96,0.05,0.1,0.12,0.08,0.23,0.95,price,0.76,0.13,health,1.0,short_run,0.81,0.04,0.06,health_human_capital,1.0,1.07,0.09,0.18,0.62,firms_industry,0.88,0.02,0.1,0.04,0.02,-1.575036485716768
apep_1452_v1,apep_1452,v1,-0.0461,0.0178,-1.0909,0.421,0.0454,1.0757,True,ok,Small negative,Log employment,continuous,DiD,Belgium,Western Europe,2026-04-09T16:06:01.826442,2022.0,2023.0,,0.0,8.0,8.0,3.0,False,apep_1452/v1/tables/tabF1_sde.tex,The Indexation Cascade: Sector-Level Employment Effects of Belgium's Automatic Wage Increases During the Energy Crisis,True,pass,pass,5dd567925c44044efa52528e27d249991d7609adcac48410cdb05306368b69e9,23.22,3.22,6.0,6.0,SUSPICIOUS,False,,-0.0461,1,beneficiary outcome direction,0.72,0,False,jev-1.13.0,9e4ef376573f476df933ab3503f3107697ba5b797ea924c8559825b8ec361510,-0.0461,,0.0461,1,1,1,1,jev-1.13.0,0cebccc9d8772be938a277b3dcced613dfe37d1586465424e503f99464148919,3189.0,bec4e87d0f1509950192fed8f2716f6e1bfa419b0ca0f50a5c2bd4d6796d7702,,True,True,True,15.0,2022.5,0.13,0.97,1.27,0.1,0.16,0.91,0.05,0.04,0.95,price,0.95,0.23,labour_market,1.0,medium_run,0.68,0.03,0.08,labor_income,1.0,2.79,0.06,0.09,0.68,working_age,0.77,0.02,0.04,0.02,0.04,-4.028556821684098
apep_1454_v1,apep_1454,v1,-3.26,0.4,-0.597,0.074,,0.183,True,ok,Large negative,Cash benefit rate,binary,RDD,Denmark,Western Europe,2026-04-09T16:48:22.841037,2008.0,2024.0,,0.0,7.0,7.0,4.0,False,apep_1454/v1/tables/tabF1_sde.tex,The Education Cliff: Age-Based Benefit Cuts and Labor Market Outcomes in Denmark,True,pass,pass,5a8249978f127b780acd50122a323a807591896040ecbf7800910f3634587fa6,23.42,3.61,5.0,5.0,SUSPICIOUS,False,,-3.26,0,insufficient directional evidence,-0.05,-1,False,jev-1.13.0,8650e0fe4e78f6fb0947fb5eed252ff2ecd620d0dd87b79e5fd87b6ce87b515e,,3.26,3.26,0,0,0,0,jev-1.13.0,2f8af79829176c4bf52b1777edf16b18b9c7c89e588faf7ead3108c96c4ffbcb,2999.0,f9ddb91bd5121c3089e30aae0bec68bc5e53f2e631cc2ed92342762ce2010292,,True,True,True,15.0,2016.0,0.12,0.99,1.61,0.53,0.55,0.06,0.56,0.03,0.57,direct_transfer,0.53,0.62,income_distribution,0.84,long_run,0.94,0.08,0.05,labor_income,1.0,2.13,0.06,0.1,0.62,working_age,0.79,0.02,0.08,0.11,0.47,-0.916290731874155
apep_1455_v1,apep_1455,v1,0.06,0.287,0.007,,,0.124,True,ok,Moderate positive,Multi-unit share,binary,DiD,New Zealand,Oceania,2026-04-09T16:54:24.972947,2016.0,2026.0,,0.0,7.0,7.0,3.0,False,apep_1455/v1/tables/tabF1_sde.tex,The Missing Middle Stays Missing: Upzoning and Dwelling Type Composition in New Zealand,True,pass,untestable,7b71a83dea3efbf3d420e0fbe9bb61ca9ee591b5c2cb7755104f3abe39572482,17.44,5.27,5.0,5.0,CLEAN,False,,0.06,1,beneficiary outcome direction,0.39,0,False,jev-1.13.0,c2d7874f7265ea96a74b58515a9a3cf37ec2221a9739183cf163856543465d89,0.06,,0.06,0,0,0,1,jev-1.13.0,cd2b517849fe9da0696aa9e51cd182d3e5835c34e0acd4aa6b254ad0ced2e5ac,3922.0,89583adc45c9fb74aa35fb822786ef6d63690882747cf8e2e4ff8d0e381a10f2,,True,True,True,15.0,2021.0,0.12,0.98,1.78,0.71,0.62,0.96,0.03,0.37,0.63,other,0.46,0.24,other,0.9,long_run,0.75,0.03,0.08,housing_infrastructure,1.0,2.0,0.08,0.93,0.61,firms_industry,0.66,0.02,0.05,0.2,0.56,-1.248273063222516
apep_1456_v1,apep_1456,v1,-0.23,0.333,-1.581,2.292,,6.887,True,ok,Large negative,1-year survival,binary,DiD,European Union,Western Europe,2026-04-09T17:29:48.239910,2014.0,2021.0,184.0,0.0,7.0,7.0,5.0,False,apep_1456/v1/tables/tabF1_sde.tex,The Enforcement Lottery: GDPR Fine Stagger and ICT Startup Survival Across the EU,True,pass,pass,115c1041cdebeb42c370cf075c1b222fbf1e8e2e5d6f977abb511f47ba7a7077,16.37,5.11,5.0,5.0,CLEAN,False,,-0.23,1,beneficiary outcome direction,0.88,0,False,jev-1.13.0,a2b98518dd51f50df6e67fa32844f8ad3f63d56f39e38f74c85eafec45d94bc6,-0.23,,0.23,1,1,1,1,jev-1.13.0,eca0820eb148efa7533e3b4c297868eed39d007ea9926db0ca6b5ce908ae7495,3324.0,864c79e09d218db84abe6e84cdf0b1d889e0483ca652b8c3a7d3831956ccb31b,,True,True,True,15.0,2017.5,0.11,0.95,1.5,0.07,0.14,0.95,0.03,0.04,0.97,enforcement,1.0,0.09,labour_market,1.0,short_run,0.45,0.03,0.09,regulation_competition,1.0,2.07,0.09,0.43,0.8,firms_industry,1.0,0.02,0.04,0.07,0.11,-1.0996127890016931
apep_1458_v1,apep_1458,v1,-0.0482,0.0564,-0.0109,0.0128,,0.227,True,ok,Small negative,Coliform MCL viol.,binary,RDD,United States,North America,2026-04-10T16:06:26.385976,,,,0.0,7.0,7.0,5.0,False,apep_1458/v1/tables/tabF1_sde.tex,The Monitoring Mirage: Multi-Cutoff Evidence that Drinking Water Testing Requirements Do Not Affect Violations,True,pass,pass,5b5bc99db0e41674aed9e469321bd34921f6c7fb94c584c7ddb88285bb2bdadf,24.32,3.41,5.0,5.0,CLEAN,False,,-0.0482,-1,beneficiary outcome direction,-0.8899999999999999,0,False,jev-1.13.0,9d7ae71a619b0dd7b139b0cd151043fc1c4867e7d2bf31d84683de4ef106495d,0.0482,,0.0482,-1,-1,-1,-1,jev-1.13.0,5ad45ab51dbec96e98bcb3a7102a9ee4a7d806550ca3f3c48e330f807753cdb1,3865.0,8bed05d42f9f67d54428bbc38b7984d16448f03ca4c6306ec48dc948c5d7b04d,,True,True,True,15.0,,0.14,0.98,2.96,0.16,0.63,0.23,0.26,0.06,0.05,enforcement,1.0,0.94,environment,0.75,unclear,0.61,0.03,0.05,environment_energy,0.67,1.84,0.08,0.14,0.46,general_public,0.5,0.02,0.83,0.31,0.03,-2.875286120478124
apep_1459_v1,apep_1459,v1,-0.0002,0.0098,-0.0001,0.0066,,0.681,True,ok,Null,Log employment,binary,RDD,Germany,Western Europe,2026-04-10T15:56:37.260646,2012.0,2021.0,,0.0,8.0,8.0,4.0,False,apep_1459/v1/tables/tabF1_sde.tex,Paper Tiger? No Detectable Aggregate Employment Effect from Suspending Germany's Refugee Hiring Barrier,True,pass,pass,87372226edf19cf136c43f541c25fd10ed7102ed53dc4314af31d8d2141aa36f,17.59,3.91,5.0,5.0,CLEAN,False,,-0.0002,1,beneficiary outcome direction,0.77,0,False,jev-1.13.0,101ee2832065d81da8291cfccce30df06e7ecbe71ae171608463306fac98734e,-0.0002,,0.0002,1,1,1,1,jev-1.13.0,05ebe764e27fd50346383308b2dc4bd913da27286364ed649fc483032f117d49,2520.0,2385696e6179eae4ed66102118ca77f3859e0e42fc01bd739e03bdb86e3cbc2a,,True,True,True,15.0,2016.5,0.12,0.97,1.62,0.18,0.18,0.49,0.04,0.12,0.92,enforcement,0.36,0.15,labour_market,1.0,medium_run,0.39,0.03,0.05,labor_income,0.99,2.49,0.06,0.11,0.78,migrants_minority,0.9,0.02,0.04,0.02,0.04,-4.62537289330561
apep_1460_v1,apep_1460,v1,-3.336,0.346,-11.16,1.16,,3.34,True,ok,Large negative,"Empl. (F, 60--64)",binary,Event Study,Poland,Central & Eastern Europe,2026-04-10T17:13:46.328570,,,,0.0,8.0,8.0,3.0,False,apep_1460/v1/tables/tabF1_sde.tex,The Retirement Ratchet: Asymmetric Labor Supply Responses to Poland's Pension Age Reversal,True,pass,pass,c15ed303bf38e79b4bc814e02c284ad815ceafc1f796b7537c2773de9b77a4c6,31.6,2.75,5.0,5.0,CLEAN,False,,-3.336,1,beneficiary outcome direction,0.52,0,False,jev-1.13.0,4e0a7cd83b1ac05e3fc7d8e94a1afb8ca235d1ca6508d0a267d6aec8bb734a16,-3.336,,3.336,0,1,1,1,jev-1.13.0,c2dc5165c338589460394e16ff0aea6650f38973113fbee71b8c66553627b231,1168.0,abc5b93e602ba5bf786de9a41f34ec958a5ef8bf9c9315db19a2f7e961825347,,True,True,True,15.0,,0.14,0.97,1.73,0.33,0.24,0.92,0.2,0.05,0.91,public_provision,0.93,0.39,labour_market,1.0,long_run,0.93,0.02,0.07,labor_income,1.0,2.32,0.12,0.78,0.8,elderly_retired,0.97,0.02,0.04,0.02,0.34,-1.0613165039244128
apep_1461_v1,apep_1461,v1,-0.0082,0.0068,-0.161,0.135,,19.69,True,ok,Small negative,Weekly hours,binary,DiD,Mexico,North America,2026-04-10T18:00:16.048473,,,,0.0,7.0,7.0,4.0,False,apep_1461/v1/tables/tabF1_sde.tex,The Formality Tax: Mexico's Vacation Mandate and the Informal-Sector Escape Valve,True,pass,pass,ca8a425f3d5be82a395d48552b0b6cdebc549d27ebd5ed5f119dc3a11360053f,22.37,3.72,5.0,5.0,SUSPICIOUS,False,,-0.0082,0,insufficient directional evidence,-0.0399999999999999,0,False,jev-1.13.0,38a45afe8a89f5a75ab696dd617eb4b64e8f26793fd718916f5ba49df40cc2f5,,,0.0082,0,0,0,0,jev-1.13.0,98f060945d3c70e272e30b3c9c678897cc638e93cec1ab53fe45acc92b355b6c,3360.0,8c9717794e31aef653191aa4ddc8f886196e1e7f473eddd2e7658e41e3e184f5,,True,True,True,15.0,,0.09,0.98,1.27,0.55,0.15,0.1,0.06,0.06,0.46,price,0.56,0.5,labour_market,1.0,medium_run,0.81,0.03,0.04,labor_income,1.0,1.99,0.06,0.09,0.82,working_age,0.9,0.02,0.03,0.02,0.03,-4.990832666800076
