estimand,paper_version_id,mu,base,lambda,normalized_weight
binary,apep_0593_v1,19.01,Equal,0.0,0.0030211480362537764
binary,apep_0595_v1,16.8,Equal,0.0,0.0030211480362537764
binary,apep_0599_v1,22.62,Equal,0.0,0.0030211480362537764
binary,apep_0600_v1,13.99,Equal,0.0,0.0030211480362537764
binary,apep_0602_v1,18.73,Equal,0.0,0.0030211480362537764
binary,apep_0605_v1,25.93,Equal,0.0,0.0030211480362537764
binary,apep_0606_v1,15.3,Equal,0.0,0.0030211480362537764
binary,apep_0608_v1,21.27,Equal,0.0,0.0030211480362537764
binary,apep_0614_v1,19.46,Equal,0.0,0.0030211480362537764
binary,apep_0622_v1,12.04,Equal,0.0,0.0030211480362537764
binary,apep_0624_v1,26.01,Equal,0.0,0.0030211480362537764
binary,apep_0625_v1,27.13,Equal,0.0,0.0030211480362537764
binary,apep_0627_v1,17.02,Equal,0.0,0.0030211480362537764
binary,apep_0630_v1,18.76,Equal,0.0,0.0030211480362537764
binary,apep_0636_v1,18.58,Equal,0.0,0.0030211480362537764
binary,apep_0638_v1,24.82,Equal,0.0,0.0030211480362537764
binary,apep_0639_v1,22.01,Equal,0.0,0.0030211480362537764
binary,apep_0640_v1,20.18,Equal,0.0,0.0030211480362537764
binary,apep_0641_v1,26.22,Equal,0.0,0.0030211480362537764
binary,apep_0643_v1,8.46,Equal,0.0,0.0030211480362537764
binary,apep_0644_v1,20.14,Equal,0.0,0.0030211480362537764
binary,apep_0648_v1,20.54,Equal,0.0,0.0030211480362537764
binary,apep_0652_v1,14.58,Equal,0.0,0.0030211480362537764
binary,apep_0653_v1,19.74,Equal,0.0,0.0030211480362537764
binary,apep_0654_v1,25.06,Equal,0.0,0.0030211480362537764
binary,apep_0655_v1,16.36,Equal,0.0,0.0030211480362537764
binary,apep_0658_v1,15.52,Equal,0.0,0.0030211480362537764
binary,apep_0660_v1,20.22,Equal,0.0,0.0030211480362537764
binary,apep_0662_v1,21.09,Equal,0.0,0.0030211480362537764
binary,apep_0663_v1,23.31,Equal,0.0,0.0030211480362537764
binary,apep_0666_v1,10.07,Equal,0.0,0.0030211480362537764
binary,apep_0667_v1,16.79,Equal,0.0,0.0030211480362537764
binary,apep_0669_v1,16.11,Equal,0.0,0.0030211480362537764
binary,apep_0674_v1,19.21,Equal,0.0,0.0030211480362537764
binary,apep_0675_v1,22.84,Equal,0.0,0.0030211480362537764
binary,apep_0677_v1,11.22,Equal,0.0,0.0030211480362537764
binary,apep_0678_v1,22.6,Equal,0.0,0.0030211480362537764
binary,apep_0681_v1,26.53,Equal,0.0,0.0030211480362537764
binary,apep_0683_v1,15.95,Equal,0.0,0.0030211480362537764
binary,apep_0685_v1,27.67,Equal,0.0,0.0030211480362537764
binary,apep_0686_v1,18.03,Equal,0.0,0.0030211480362537764
binary,apep_0688_v1,6.6,Equal,0.0,0.0030211480362537764
binary,apep_0689_v1,13.6,Equal,0.0,0.0030211480362537764
binary,apep_0692_v1,25.91,Equal,0.0,0.0030211480362537764
binary,apep_0693_v1,18.49,Equal,0.0,0.0030211480362537764
binary,apep_0694_v1,17.97,Equal,0.0,0.0030211480362537764
binary,apep_0696_v1,13.59,Equal,0.0,0.0030211480362537764
binary,apep_0701_v1,17.76,Equal,0.0,0.0030211480362537764
binary,apep_0702_v1,21.16,Equal,0.0,0.0030211480362537764
binary,apep_0703_v1,15.34,Equal,0.0,0.0030211480362537764
binary,apep_0704_v1,24.37,Equal,0.0,0.0030211480362537764
binary,apep_0706_v1,21.14,Equal,0.0,0.0030211480362537764
binary,apep_0709_v1,13.78,Equal,0.0,0.0030211480362537764
binary,apep_0711_v1,15.97,Equal,0.0,0.0030211480362537764
binary,apep_0713_v1,17.24,Equal,0.0,0.0030211480362537764
binary,apep_0714_v1,21.47,Equal,0.0,0.0030211480362537764
binary,apep_0715_v1,14.67,Equal,0.0,0.0030211480362537764
binary,apep_0718_v1,13.65,Equal,0.0,0.0030211480362537764
binary,apep_0719_v1,22.59,Equal,0.0,0.0030211480362537764
binary,apep_0723_v1,20.93,Equal,0.0,0.0030211480362537764
binary,apep_0730_v1,16.5,Equal,0.0,0.0030211480362537764
binary,apep_0732_v1,19.94,Equal,0.0,0.0030211480362537764
binary,apep_0733_v1,19.01,Equal,0.0,0.0030211480362537764
binary,apep_0734_v1,25.67,Equal,0.0,0.0030211480362537764
binary,apep_0739_v1,16.7,Equal,0.0,0.0030211480362537764
binary,apep_0741_v1,18.31,Equal,0.0,0.0030211480362537764
binary,apep_0744_v1,17.48,Equal,0.0,0.0030211480362537764
binary,apep_0745_v1,11.78,Equal,0.0,0.0030211480362537764
binary,apep_0748_v1,13.21,Equal,0.0,0.0030211480362537764
binary,apep_0750_v1,12.82,Equal,0.0,0.0030211480362537764
binary,apep_0752_v1,11.85,Equal,0.0,0.0030211480362537764
binary,apep_0754_v1,23.76,Equal,0.0,0.0030211480362537764
binary,apep_0755_v1,19.53,Equal,0.0,0.0030211480362537764
binary,apep_0756_v1,28.29,Equal,0.0,0.0030211480362537764
binary,apep_0757_v1,22.79,Equal,0.0,0.0030211480362537764
binary,apep_0758_v1,15.64,Equal,0.0,0.0030211480362537764
binary,apep_0759_v1,19.19,Equal,0.0,0.0030211480362537764
binary,apep_0762_v1,10.86,Equal,0.0,0.0030211480362537764
binary,apep_0763_v1,13.28,Equal,0.0,0.0030211480362537764
binary,apep_0765_v1,10.79,Equal,0.0,0.0030211480362537764
binary,apep_0766_v1,20.54,Equal,0.0,0.0030211480362537764
binary,apep_0767_v1,20.15,Equal,0.0,0.0030211480362537764
binary,apep_0768_v1,23.93,Equal,0.0,0.0030211480362537764
binary,apep_0772_v1,15.62,Equal,0.0,0.0030211480362537764
binary,apep_0774_v1,24.0,Equal,0.0,0.0030211480362537764
binary,apep_0775_v1,18.19,Equal,0.0,0.0030211480362537764
binary,apep_0777_v1,12.67,Equal,0.0,0.0030211480362537764
binary,apep_0778_v1,9.14,Equal,0.0,0.0030211480362537764
binary,apep_0779_v1,13.4,Equal,0.0,0.0030211480362537764
binary,apep_0781_v1,17.04,Equal,0.0,0.0030211480362537764
binary,apep_0783_v1,25.8,Equal,0.0,0.0030211480362537764
binary,apep_0784_v1,21.06,Equal,0.0,0.0030211480362537764
binary,apep_0785_v1,16.62,Equal,0.0,0.0030211480362537764
binary,apep_0786_v1,15.54,Equal,0.0,0.0030211480362537764
binary,apep_0787_v1,14.42,Equal,0.0,0.0030211480362537764
binary,apep_0789_v1,23.48,Equal,0.0,0.0030211480362537764
binary,apep_0790_v1,10.63,Equal,0.0,0.0030211480362537764
binary,apep_0795_v1,26.35,Equal,0.0,0.0030211480362537764
binary,apep_0797_v1,26.95,Equal,0.0,0.0030211480362537764
binary,apep_0798_v1,15.53,Equal,0.0,0.0030211480362537764
binary,apep_0799_v1,12.06,Equal,0.0,0.0030211480362537764
binary,apep_0800_v1,26.35,Equal,0.0,0.0030211480362537764
binary,apep_0804_v1,21.6,Equal,0.0,0.0030211480362537764
binary,apep_0805_v1,18.17,Equal,0.0,0.0030211480362537764
binary,apep_0806_v1,23.25,Equal,0.0,0.0030211480362537764
binary,apep_0807_v1,18.19,Equal,0.0,0.0030211480362537764
binary,apep_0808_v1,18.71,Equal,0.0,0.0030211480362537764
binary,apep_0810_v1,22.17,Equal,0.0,0.0030211480362537764
binary,apep_0815_v1,23.52,Equal,0.0,0.0030211480362537764
binary,apep_0823_v1,23.35,Equal,0.0,0.0030211480362537764
binary,apep_0827_v1,13.84,Equal,0.0,0.0030211480362537764
binary,apep_0828_v1,19.01,Equal,0.0,0.0030211480362537764
binary,apep_0832_v1,13.81,Equal,0.0,0.0030211480362537764
binary,apep_0835_v1,13.38,Equal,0.0,0.0030211480362537764
binary,apep_0837_v1,12.22,Equal,0.0,0.0030211480362537764
binary,apep_0841_v1,15.26,Equal,0.0,0.0030211480362537764
binary,apep_0842_v2,27.67,Equal,0.0,0.0030211480362537764
binary,apep_0843_v1,20.0,Equal,0.0,0.0030211480362537764
binary,apep_0846_v1,20.63,Equal,0.0,0.0030211480362537764
binary,apep_0848_v1,19.3,Equal,0.0,0.0030211480362537764
binary,apep_0849_v1,21.05,Equal,0.0,0.0030211480362537764
binary,apep_0850_v1,21.66,Equal,0.0,0.0030211480362537764
binary,apep_0852_v1,19.7,Equal,0.0,0.0030211480362537764
binary,apep_0853_v1,26.42,Equal,0.0,0.0030211480362537764
binary,apep_0860_v1,15.83,Equal,0.0,0.0030211480362537764
binary,apep_0862_v1,14.8,Equal,0.0,0.0030211480362537764
binary,apep_0867_v1,12.9,Equal,0.0,0.0030211480362537764
binary,apep_0868_v1,17.37,Equal,0.0,0.0030211480362537764
binary,apep_0870_v1,15.8,Equal,0.0,0.0030211480362537764
binary,apep_0871_v1,21.83,Equal,0.0,0.0030211480362537764
binary,apep_0872_v1,12.75,Equal,0.0,0.0030211480362537764
binary,apep_0875_v1,13.89,Equal,0.0,0.0030211480362537764
binary,apep_0878_v1,24.69,Equal,0.0,0.0030211480362537764
binary,apep_0882_v1,23.13,Equal,0.0,0.0030211480362537764
binary,apep_0884_v1,25.21,Equal,0.0,0.0030211480362537764
binary,apep_0885_v1,18.31,Equal,0.0,0.0030211480362537764
binary,apep_0887_v1,20.09,Equal,0.0,0.0030211480362537764
binary,apep_0890_v1,13.39,Equal,0.0,0.0030211480362537764
binary,apep_0891_v1,6.56,Equal,0.0,0.0030211480362537764
binary,apep_0896_v1,15.18,Equal,0.0,0.0030211480362537764
binary,apep_0902_v1,18.61,Equal,0.0,0.0030211480362537764
binary,apep_0905_v1,23.54,Equal,0.0,0.0030211480362537764
binary,apep_0906_v1,24.59,Equal,0.0,0.0030211480362537764
binary,apep_0907_v1,22.68,Equal,0.0,0.0030211480362537764
binary,apep_0913_v1,17.57,Equal,0.0,0.0030211480362537764
binary,apep_0915_v1,28.45,Equal,0.0,0.0030211480362537764
binary,apep_0918_v1,19.91,Equal,0.0,0.0030211480362537764
binary,apep_0920_v1,16.96,Equal,0.0,0.0030211480362537764
binary,apep_0922_v1,22.78,Equal,0.0,0.0030211480362537764
binary,apep_0925_v1,14.9,Equal,0.0,0.0030211480362537764
binary,apep_0927_v1,15.31,Equal,0.0,0.0030211480362537764
binary,apep_0929_v1,20.3,Equal,0.0,0.0030211480362537764
binary,apep_0931_v1,18.34,Equal,0.0,0.0030211480362537764
binary,apep_0934_v1,20.73,Equal,0.0,0.0030211480362537764
binary,apep_0935_v1,15.11,Equal,0.0,0.0030211480362537764
binary,apep_0936_v1,22.99,Equal,0.0,0.0030211480362537764
binary,apep_0939_v1,12.21,Equal,0.0,0.0030211480362537764
binary,apep_0946_v1,18.83,Equal,0.0,0.0030211480362537764
binary,apep_0957_v1,26.42,Equal,0.0,0.0030211480362537764
binary,apep_0960_v1,14.37,Equal,0.0,0.0030211480362537764
binary,apep_0961_v1,22.38,Equal,0.0,0.0030211480362537764
binary,apep_0969_v1,12.7,Equal,0.0,0.0030211480362537764
binary,apep_0970_v1,24.08,Equal,0.0,0.0030211480362537764
binary,apep_0972_v1,17.7,Equal,0.0,0.0030211480362537764
binary,apep_0973_v1,18.85,Equal,0.0,0.0030211480362537764
binary,apep_0974_v1,23.95,Equal,0.0,0.0030211480362537764
binary,apep_0975_v1,22.17,Equal,0.0,0.0030211480362537764
binary,apep_0977_v1,24.22,Equal,0.0,0.0030211480362537764
binary,apep_0979_v1,18.39,Equal,0.0,0.0030211480362537764
binary,apep_0980_v1,24.11,Equal,0.0,0.0030211480362537764
binary,apep_0981_v1,23.31,Equal,0.0,0.0030211480362537764
binary,apep_0982_v1,15.34,Equal,0.0,0.0030211480362537764
binary,apep_0984_v1,19.78,Equal,0.0,0.0030211480362537764
binary,apep_0985_v1,23.32,Equal,0.0,0.0030211480362537764
binary,apep_0987_v1,19.45,Equal,0.0,0.0030211480362537764
binary,apep_0989_v1,26.57,Equal,0.0,0.0030211480362537764
binary,apep_0992_v1,26.14,Equal,0.0,0.0030211480362537764
binary,apep_0993_v1,15.49,Equal,0.0,0.0030211480362537764
binary,apep_0998_v1,15.21,Equal,0.0,0.0030211480362537764
binary,apep_1001_v1,20.81,Equal,0.0,0.0030211480362537764
binary,apep_1006_v1,29.11,Equal,0.0,0.0030211480362537764
binary,apep_1007_v1,16.21,Equal,0.0,0.0030211480362537764
binary,apep_1012_v1,21.19,Equal,0.0,0.0030211480362537764
binary,apep_1014_v1,20.74,Equal,0.0,0.0030211480362537764
binary,apep_1015_v1,19.43,Equal,0.0,0.0030211480362537764
binary,apep_1017_v1,19.48,Equal,0.0,0.0030211480362537764
binary,apep_1019_v1,22.85,Equal,0.0,0.0030211480362537764
binary,apep_1021_v1,27.11,Equal,0.0,0.0030211480362537764
binary,apep_1025_v1,14.67,Equal,0.0,0.0030211480362537764
binary,apep_1028_v1,21.59,Equal,0.0,0.0030211480362537764
binary,apep_1030_v1,13.94,Equal,0.0,0.0030211480362537764
binary,apep_1031_v1,19.45,Equal,0.0,0.0030211480362537764
binary,apep_1032_v1,21.1,Equal,0.0,0.0030211480362537764
binary,apep_1033_v1,15.93,Equal,0.0,0.0030211480362537764
binary,apep_1034_v1,22.64,Equal,0.0,0.0030211480362537764
binary,apep_1035_v1,15.19,Equal,0.0,0.0030211480362537764
binary,apep_1046_v1,32.63,Equal,0.0,0.0030211480362537764
binary,apep_1049_v1,23.12,Equal,0.0,0.0030211480362537764
binary,apep_1054_v1,22.36,Equal,0.0,0.0030211480362537764
binary,apep_1057_v1,24.15,Equal,0.0,0.0030211480362537764
binary,apep_1065_v1,28.74,Equal,0.0,0.0030211480362537764
binary,apep_1066_v1,10.06,Equal,0.0,0.0030211480362537764
binary,apep_1068_v1,36.38,Equal,0.0,0.0030211480362537764
binary,apep_1069_v1,16.81,Equal,0.0,0.0030211480362537764
binary,apep_1072_v1,34.75,Equal,0.0,0.0030211480362537764
binary,apep_1073_v1,20.32,Equal,0.0,0.0030211480362537764
binary,apep_1074_v1,15.22,Equal,0.0,0.0030211480362537764
binary,apep_1076_v1,28.93,Equal,0.0,0.0030211480362537764
binary,apep_1077_v1,21.75,Equal,0.0,0.0030211480362537764
binary,apep_1081_v1,10.2,Equal,0.0,0.0030211480362537764
binary,apep_1082_v1,10.47,Equal,0.0,0.0030211480362537764
binary,apep_1083_v1,30.32,Equal,0.0,0.0030211480362537764
binary,apep_1084_v1,29.19,Equal,0.0,0.0030211480362537764
binary,apep_1086_v1,37.54,Equal,0.0,0.0030211480362537764
binary,apep_1087_v1,9.61,Equal,0.0,0.0030211480362537764
binary,apep_1088_v1,8.89,Equal,0.0,0.0030211480362537764
binary,apep_1089_v1,23.22,Equal,0.0,0.0030211480362537764
binary,apep_1091_v1,23.92,Equal,0.0,0.0030211480362537764
binary,apep_1093_v1,18.54,Equal,0.0,0.0030211480362537764
binary,apep_1094_v1,22.17,Equal,0.0,0.0030211480362537764
binary,apep_1095_v1,13.64,Equal,0.0,0.0030211480362537764
binary,apep_1102_v1,33.31,Equal,0.0,0.0030211480362537764
binary,apep_1107_v1,28.43,Equal,0.0,0.0030211480362537764
binary,apep_1108_v1,19.67,Equal,0.0,0.0030211480362537764
binary,apep_1112_v1,31.53,Equal,0.0,0.0030211480362537764
binary,apep_1120_v1,11.62,Equal,0.0,0.0030211480362537764
binary,apep_1121_v1,18.98,Equal,0.0,0.0030211480362537764
binary,apep_1123_v1,20.84,Equal,0.0,0.0030211480362537764
binary,apep_1127_v1,32.2,Equal,0.0,0.0030211480362537764
binary,apep_1130_v1,13.22,Equal,0.0,0.0030211480362537764
binary,apep_1132_v1,11.56,Equal,0.0,0.0030211480362537764
binary,apep_1134_v1,15.44,Equal,0.0,0.0030211480362537764
binary,apep_1135_v1,26.26,Equal,0.0,0.0030211480362537764
binary,apep_1136_v1,20.62,Equal,0.0,0.0030211480362537764
binary,apep_1143_v1,14.64,Equal,0.0,0.0030211480362537764
binary,apep_1144_v1,27.52,Equal,0.0,0.0030211480362537764
binary,apep_1146_v1,21.67,Equal,0.0,0.0030211480362537764
binary,apep_1147_v1,13.07,Equal,0.0,0.0030211480362537764
binary,apep_1154_v1,23.63,Equal,0.0,0.0030211480362537764
binary,apep_1157_v1,26.58,Equal,0.0,0.0030211480362537764
binary,apep_1161_v1,31.64,Equal,0.0,0.0030211480362537764
binary,apep_1162_v1,14.44,Equal,0.0,0.0030211480362537764
binary,apep_1166_v1,19.81,Equal,0.0,0.0030211480362537764
binary,apep_1169_v1,12.2,Equal,0.0,0.0030211480362537764
binary,apep_1172_v1,30.18,Equal,0.0,0.0030211480362537764
binary,apep_1174_v1,9.76,Equal,0.0,0.0030211480362537764
binary,apep_1178_v1,22.37,Equal,0.0,0.0030211480362537764
binary,apep_1180_v1,11.06,Equal,0.0,0.0030211480362537764
binary,apep_1181_v1,22.75,Equal,0.0,0.0030211480362537764
binary,apep_1182_v1,14.78,Equal,0.0,0.0030211480362537764
binary,apep_1183_v1,24.78,Equal,0.0,0.0030211480362537764
binary,apep_1185_v1,11.95,Equal,0.0,0.0030211480362537764
binary,apep_1186_v1,21.45,Equal,0.0,0.0030211480362537764
binary,apep_1194_v1,23.6,Equal,0.0,0.0030211480362537764
binary,apep_1199_v1,14.55,Equal,0.0,0.0030211480362537764
binary,apep_1201_v1,11.49,Equal,0.0,0.0030211480362537764
binary,apep_1202_v1,23.26,Equal,0.0,0.0030211480362537764
binary,apep_1203_v1,32.77,Equal,0.0,0.0030211480362537764
binary,apep_1206_v1,23.0,Equal,0.0,0.0030211480362537764
binary,apep_1207_v1,18.52,Equal,0.0,0.0030211480362537764
binary,apep_1208_v1,20.78,Equal,0.0,0.0030211480362537764
binary,apep_1209_v1,16.84,Equal,0.0,0.0030211480362537764
binary,apep_1211_v1,24.08,Equal,0.0,0.0030211480362537764
binary,apep_1212_v1,31.41,Equal,0.0,0.0030211480362537764
binary,apep_1214_v1,22.99,Equal,0.0,0.0030211480362537764
binary,apep_1222_v1,25.21,Equal,0.0,0.0030211480362537764
binary,apep_1225_v1,14.5,Equal,0.0,0.0030211480362537764
binary,apep_1227_v1,15.93,Equal,0.0,0.0030211480362537764
binary,apep_1229_v1,10.97,Equal,0.0,0.0030211480362537764
binary,apep_1232_v1,22.2,Equal,0.0,0.0030211480362537764
binary,apep_1234_v1,18.53,Equal,0.0,0.0030211480362537764
binary,apep_1236_v1,14.81,Equal,0.0,0.0030211480362537764
binary,apep_1240_v1,19.0,Equal,0.0,0.0030211480362537764
binary,apep_1246_v1,22.78,Equal,0.0,0.0030211480362537764
binary,apep_1248_v1,22.39,Equal,0.0,0.0030211480362537764
binary,apep_1254_v1,16.76,Equal,0.0,0.0030211480362537764
binary,apep_1263_v1,10.79,Equal,0.0,0.0030211480362537764
binary,apep_1264_v1,16.18,Equal,0.0,0.0030211480362537764
binary,apep_1269_v1,20.77,Equal,0.0,0.0030211480362537764
binary,apep_1271_v1,22.43,Equal,0.0,0.0030211480362537764
binary,apep_1272_v1,9.31,Equal,0.0,0.0030211480362537764
binary,apep_1277_v1,31.84,Equal,0.0,0.0030211480362537764
binary,apep_1278_v1,26.95,Equal,0.0,0.0030211480362537764
binary,apep_1283_v1,29.1,Equal,0.0,0.0030211480362537764
binary,apep_1287_v1,33.47,Equal,0.0,0.0030211480362537764
binary,apep_1288_v1,23.79,Equal,0.0,0.0030211480362537764
binary,apep_1293_v1,26.35,Equal,0.0,0.0030211480362537764
binary,apep_1300_v1,29.38,Equal,0.0,0.0030211480362537764
binary,apep_1315_v1,12.23,Equal,0.0,0.0030211480362537764
binary,apep_1317_v1,28.57,Equal,0.0,0.0030211480362537764
binary,apep_1318_v1,19.11,Equal,0.0,0.0030211480362537764
binary,apep_1322_v1,17.09,Equal,0.0,0.0030211480362537764
binary,apep_1323_v1,14.05,Equal,0.0,0.0030211480362537764
binary,apep_1328_v1,24.54,Equal,0.0,0.0030211480362537764
binary,apep_1333_v1,21.96,Equal,0.0,0.0030211480362537764
binary,apep_1334_v1,36.31,Equal,0.0,0.0030211480362537764
binary,apep_1335_v1,22.21,Equal,0.0,0.0030211480362537764
binary,apep_1340_v1,28.02,Equal,0.0,0.0030211480362537764
binary,apep_1343_v1,12.29,Equal,0.0,0.0030211480362537764
binary,apep_1346_v1,21.3,Equal,0.0,0.0030211480362537764
binary,apep_1350_v1,15.47,Equal,0.0,0.0030211480362537764
binary,apep_1389_v1,24.03,Equal,0.0,0.0030211480362537764
binary,apep_1390_v1,34.48,Equal,0.0,0.0030211480362537764
binary,apep_1394_v1,17.66,Equal,0.0,0.0030211480362537764
binary,apep_1399_v1,14.89,Equal,0.0,0.0030211480362537764
binary,apep_1400_v1,29.43,Equal,0.0,0.0030211480362537764
binary,apep_1404_v1,21.56,Equal,0.0,0.0030211480362537764
binary,apep_1407_v1,33.64,Equal,0.0,0.0030211480362537764
binary,apep_1408_v1,19.27,Equal,0.0,0.0030211480362537764
binary,apep_1409_v1,21.08,Equal,0.0,0.0030211480362537764
binary,apep_1413_v1,13.29,Equal,0.0,0.0030211480362537764
binary,apep_1414_v1,22.82,Equal,0.0,0.0030211480362537764
binary,apep_1415_v1,14.44,Equal,0.0,0.0030211480362537764
binary,apep_1423_v1,25.72,Equal,0.0,0.0030211480362537764
binary,apep_1425_v1,29.97,Equal,0.0,0.0030211480362537764
binary,apep_1426_v1,17.1,Equal,0.0,0.0030211480362537764
binary,apep_1428_v1,10.73,Equal,0.0,0.0030211480362537764
binary,apep_1437_v1,20.32,Equal,0.0,0.0030211480362537764
binary,apep_1439_v1,16.48,Equal,0.0,0.0030211480362537764
binary,apep_1440_v1,13.35,Equal,0.0,0.0030211480362537764
binary,apep_1441_v1,29.88,Equal,0.0,0.0030211480362537764
binary,apep_1442_v1,11.71,Equal,0.0,0.0030211480362537764
binary,apep_1444_v1,26.47,Equal,0.0,0.0030211480362537764
binary,apep_1445_v1,30.87,Equal,0.0,0.0030211480362537764
binary,apep_1446_v1,25.83,Equal,0.0,0.0030211480362537764
binary,apep_1448_v1,28.53,Equal,0.0,0.0030211480362537764
binary,apep_1455_v1,17.44,Equal,0.0,0.0030211480362537764
binary,apep_1456_v1,16.37,Equal,0.0,0.0030211480362537764
binary,apep_1458_v1,24.32,Equal,0.0,0.0030211480362537764
binary,apep_1459_v1,17.59,Equal,0.0,0.0030211480362537764
binary,apep_1460_v1,31.6,Equal,0.0,0.0030211480362537764
binary,apep_0593_v1,19.01,Equal,0.5,0.002962733089329232
binary,apep_0595_v1,16.8,Equal,0.5,0.0028166957220178714
binary,apep_0599_v1,22.62,Equal,0.5,0.0032292512846724655
binary,apep_0600_v1,13.99,Equal,0.5,0.0026268471445131023
binary,apep_0602_v1,18.73,Equal,0.5,0.0029371765500497437
binary,apep_0605_v1,25.93,Equal,0.5,0.0034264017305428024
binary,apep_0606_v1,15.3,Equal,0.5,0.0027108186307171346
binary,apep_0608_v1,21.27,Equal,0.5,0.003137977930102865
binary,apep_0614_v1,19.46,Equal,0.5,0.0029992424311570723
binary,apep_0622_v1,12.04,Equal,0.5,0.002517319119029582
binary,apep_0624_v1,26.01,Equal,0.5,0.0034300526647255865
binary,apep_0625_v1,27.13,Equal,0.5,0.003488467611650131
binary,apep_0627_v1,17.02,Equal,0.5,0.0028312994587490073
binary,apep_0630_v1,18.76,Equal,0.5,0.002940827484232528
binary,apep_0636_v1,18.58,Equal,0.5,0.002926223747501392
binary,apep_0638_v1,24.82,Equal,0.5,0.0033935433228977465
binary,apep_0639_v1,22.01,Equal,0.5,0.0031817891402962737
binary,apep_0640_v1,20.18,Equal,0.5,0.0030503555097160483
binary,apep_0641_v1,26.22,Equal,0.5,0.0034373545330911547
binary,apep_0643_v1,8.46,Equal,0.5,0.0024260457644599814
binary,apep_0644_v1,20.14,Equal,0.5,0.0030430536413504805
binary,apep_0648_v1,20.54,Equal,0.5,0.003070435647721361
binary,apep_0652_v1,14.58,Equal,0.5,0.002656054617975374
binary,apep_0653_v1,19.74,Equal,0.5,0.0030174971020709923
binary,apep_0654_v1,25.06,Equal,0.5,0.0033971942570805306
binary,apep_0655_v1,16.36,Equal,0.5,0.002787488248555599
binary,apep_0658_v1,15.52,Equal,0.5,0.0027363751699966228
binary,apep_0660_v1,20.22,Equal,0.5,0.0030540064438988324
binary,apep_0662_v1,21.09,Equal,0.5,0.003119723259188945
binary,apep_0663_v1,23.31,Equal,0.5,0.0032967935670539703
binary,apep_0666_v1,10.07,Equal,0.5,0.002451602303739469
binary,apep_0667_v1,16.79,Equal,0.5,0.0028130447878350873
binary,apep_0669_v1,16.11,Equal,0.5,0.0027765354460072473
binary,apep_0674_v1,19.21,Equal,0.5,0.002977336826060368
binary,apep_0675_v1,22.84,Equal,0.5,0.003258458758134738
binary,apep_0677_v1,11.22,Equal,0.5,0.0024881116455673096
binary,apep_0678_v1,22.6,Equal,0.5,0.0032256003504896815
binary,apep_0681_v1,26.53,Equal,0.5,0.0034665620065534265
binary,apep_0683_v1,15.95,Equal,0.5,0.0027692335776416787
binary,apep_0685_v1,27.67,Equal,0.5,0.0034975949471070912
binary,apep_0686_v1,18.03,Equal,0.5,0.0028824125373079837
binary,apep_0688_v1,6.6,Equal,0.5,0.0024223948302771973
binary,apep_0689_v1,13.6,Equal,0.5,0.00259763967105083
binary,apep_0692_v1,25.91,Equal,0.5,0.0034227507963600187
binary,apep_0693_v1,18.49,Equal,0.5,0.002911620010770256
binary,apep_0694_v1,17.97,Equal,0.5,0.0028787616031252
binary,apep_0696_v1,13.59,Equal,0.5,0.0025939887368680464
binary,apep_0701_v1,17.76,Equal,0.5,0.002875110668942416
binary,apep_0702_v1,21.16,Equal,0.5,0.003130676061737297
binary,apep_0703_v1,15.34,Equal,0.5,0.002719945966174095
binary,apep_0704_v1,24.37,Equal,0.5,0.003375288651983826
binary,apep_0706_v1,21.14,Equal,0.5,0.003127025127554513
binary,apep_0709_v1,13.78,Equal,0.5,0.0026085924735991823
binary,apep_0711_v1,15.97,Equal,0.5,0.0027728845118244632
binary,apep_0713_v1,17.24,Equal,0.5,0.0028459031954801432
binary,apep_0714_v1,21.47,Equal,0.5,0.003148930732651217
binary,apep_0715_v1,14.67,Equal,0.5,0.002665181953432335
binary,apep_0718_v1,13.65,Equal,0.5,0.002604941539416398
binary,apep_0719_v1,22.59,Equal,0.5,0.0032219494163068974
binary,apep_0723_v1,20.93,Equal,0.5,0.003105119522457809
binary,apep_0730_v1,16.5,Equal,0.5,0.0027984410511039514
binary,apep_0732_v1,19.94,Equal,0.5,0.0030321008388021287
binary,apep_0733_v1,19.01,Equal,0.5,0.002962733089329232
binary,apep_0734_v1,25.67,Equal,0.5,0.003408147059628883
binary,apep_0739_v1,16.7,Equal,0.5,0.002805742919469519
binary,apep_0741_v1,18.31,Equal,0.5,0.0028988417411305117
binary,apep_0744_v1,17.48,Equal,0.5,0.0028568559980284955
binary,apep_0745_v1,11.78,Equal,0.5,0.0025063663164812296
binary,apep_0748_v1,13.21,Equal,0.5,0.0025647812634057737
binary,apep_0750_v1,12.82,Equal,0.5,0.002553828460857422
binary,apep_0752_v1,11.85,Equal,0.5,0.0025100172506640137
binary,apep_0754_v1,23.76,Equal,0.5,0.003327826507607634
binary,apep_0755_v1,19.53,Equal,0.5,0.0030065442995226405
binary,apep_0756_v1,28.29,Equal,0.5,0.003506722282564051
binary,apep_0757_v1,22.79,Equal,0.5,0.0032511568897691696
binary,apep_0758_v1,15.64,Equal,0.5,0.0027509789067277587
binary,apep_0759_v1,19.19,Equal,0.5,0.0029736858918775837
binary,apep_0762_v1,10.86,Equal,0.5,0.0024771588430189577
binary,apep_0763_v1,13.28,Equal,0.5,0.0025720831317713423
binary,apep_0765_v1,10.79,Equal,0.5,0.0024716824417447816
binary,apep_0766_v1,20.54,Equal,0.5,0.003070435647721361
binary,apep_0767_v1,20.15,Equal,0.5,0.0030467045755332646
binary,apep_0768_v1,23.93,Equal,0.5,0.003338779310155986
binary,apep_0772_v1,15.62,Equal,0.5,0.0027473279725449746
binary,apep_0774_v1,24.0,Equal,0.5,0.003346081178521554
binary,apep_0775_v1,18.19,Equal,0.5,0.002891539872764944
binary,apep_0777_v1,12.67,Equal,0.5,0.0025428756583090696
binary,apep_0778_v1,9.14,Equal,0.5,0.002433347632825549
binary,apep_0779_v1,13.4,Equal,0.5,0.0025903378026852623
binary,apep_0781_v1,17.04,Equal,0.5,0.0028349503929317914
binary,apep_0783_v1,25.8,Equal,0.5,0.0034154489279944506
binary,apep_0784_v1,21.06,Equal,0.5,0.003112421390823377
binary,apep_0785_v1,16.62,Equal,0.5,0.0028020919852867355
binary,apep_0786_v1,15.54,Equal,0.5,0.002743677038362191
binary,apep_0787_v1,14.42,Equal,0.5,0.002637799947061454
binary,apep_0789_v1,23.48,Equal,0.5,0.003309571836693714
binary,apep_0790_v1,10.63,Equal,0.5,0.002462555106287822
binary,apep_0795_v1,26.35,Equal,0.5,0.003448307335639507
binary,apep_0797_v1,26.95,Equal,0.5,0.0034793402761931712
binary,apep_0798_v1,15.53,Equal,0.5,0.002740026104179407
binary,apep_0799_v1,12.06,Equal,0.5,0.0025209700532123655
binary,apep_0800_v1,26.35,Equal,0.5,0.003448307335639507
binary,apep_0804_v1,21.6,Equal,0.5,0.003159883535199569
binary,apep_0805_v1,18.17,Equal,0.5,0.0028860634714907678
binary,apep_0806_v1,23.25,Equal,0.5,0.00328766623159701
binary,apep_0807_v1,18.19,Equal,0.5,0.002891539872764944
binary,apep_0808_v1,18.71,Equal,0.5,0.00293352561586696
binary,apep_0810_v1,22.17,Equal,0.5,0.0031890910086618414
binary,apep_0815_v1,23.52,Equal,0.5,0.003313222770876498
binary,apep_0823_v1,23.35,Equal,0.5,0.00330592090251093
binary,apep_0827_v1,13.84,Equal,0.5,0.00261589434196475
binary,apep_0828_v1,19.01,Equal,0.5,0.002962733089329232
binary,apep_0832_v1,13.81,Equal,0.5,0.0026122434077819664
binary,apep_0835_v1,13.38,Equal,0.5,0.002583035934319694
binary,apep_0837_v1,12.22,Equal,0.5,0.0025319228557607177
binary,apep_0841_v1,15.26,Equal,0.5,0.002707167696534351
binary,apep_0842_v2,27.67,Equal,0.5,0.0034975949471070912
binary,apep_0843_v1,20.0,Equal,0.5,0.0030357517729849124
binary,apep_0846_v1,20.63,Equal,0.5,0.003079562983178321
binary,apep_0848_v1,19.3,Equal,0.5,0.0029846386944259364
binary,apep_0849_v1,21.05,Equal,0.5,0.003108770456640593
binary,apep_0850_v1,21.66,Equal,0.5,0.003163534469382353
binary,apep_0852_v1,19.7,Equal,0.5,0.0030138461678882083
binary,apep_0853_v1,26.42,Equal,0.5,0.0034574346710964667
binary,apep_0860_v1,15.83,Equal,0.5,0.002758280775093327
binary,apep_0862_v1,14.8,Equal,0.5,0.002674309288889294
binary,apep_0867_v1,12.9,Equal,0.5,0.0025574793950402064
binary,apep_0868_v1,17.37,Equal,0.5,0.0028495541296629273
binary,apep_0870_v1,15.8,Equal,0.5,0.0027546298409105428
binary,apep_0871_v1,21.83,Equal,0.5,0.0031744872719307055
binary,apep_0872_v1,12.75,Equal,0.5,0.0025501775266746378
binary,apep_0875_v1,13.89,Equal,0.5,0.002619545276147534
binary,apep_0878_v1,24.69,Equal,0.5,0.0033862414545321787
binary,apep_0882_v1,23.13,Equal,0.5,0.003280364363231442
binary,apep_0884_v1,25.21,Equal,0.5,0.0034026706583547067
binary,apep_0885_v1,18.31,Equal,0.5,0.0028988417411305117
binary,apep_0887_v1,20.09,Equal,0.5,0.0030394027071676964
binary,apep_0890_v1,13.39,Equal,0.5,0.002586686868502478
binary,apep_0891_v1,6.56,Equal,0.5,0.002418743896094413
binary,apep_0896_v1,15.18,Equal,0.5,0.0026925639598032146
binary,apep_0902_v1,18.61,Equal,0.5,0.002929874681684176
binary,apep_0905_v1,23.54,Equal,0.5,0.003316873705059282
binary,apep_0906_v1,24.59,Equal,0.5,0.0033825905203493946
binary,apep_0907_v1,22.68,Equal,0.5,0.0032365531530380333
binary,apep_0913_v1,17.57,Equal,0.5,0.002860506932211279
binary,apep_0915_v1,28.45,Equal,0.5,0.003514024150929619
binary,apep_0918_v1,19.91,Equal,0.5,0.0030284499046193446
binary,apep_0920_v1,16.96,Equal,0.5,0.0028276485245662232
binary,apep_0922_v1,22.78,Equal,0.5,0.0032456804884949935
binary,apep_0925_v1,14.9,Equal,0.5,0.002685262091437647
binary,apep_0927_v1,15.31,Equal,0.5,0.0027144695648999187
binary,apep_0929_v1,20.3,Equal,0.5,0.0030576573780816164
binary,apep_0931_v1,18.34,Equal,0.5,0.002904318142404688
binary,apep_0934_v1,20.73,Equal,0.5,0.003083213917361105
binary,apep_0935_v1,15.11,Equal,0.5,0.002688913025620431
binary,apep_0936_v1,22.99,Equal,0.5,0.0032675860935916976
binary,apep_0939_v1,12.21,Equal,0.5,0.0025282719215779337
binary,apep_0946_v1,18.83,Equal,0.5,0.002944478418415312
binary,apep_0957_v1,26.42,Equal,0.5,0.0034574346710964667
binary,apep_0960_v1,14.37,Equal,0.5,0.00263414901287867
binary,apep_0961_v1,22.38,Equal,0.5,0.0032109966137585455
binary,apep_0969_v1,12.7,Equal,0.5,0.0025465265924918537
binary,apep_0970_v1,24.08,Equal,0.5,0.003355208513978514
binary,apep_0972_v1,17.7,Equal,0.5,0.002871459734759632
binary,apep_0973_v1,18.85,Equal,0.5,0.002948129352598096
binary,apep_0974_v1,23.95,Equal,0.5,0.00334243024433877
binary,apep_0975_v1,22.17,Equal,0.5,0.0031890910086618414
binary,apep_0977_v1,24.22,Equal,0.5,0.0033679867836182587
binary,apep_0979_v1,18.39,Equal,0.5,0.002907969076587472
binary,apep_0980_v1,24.11,Equal,0.5,0.00336068491525269
binary,apep_0981_v1,23.31,Equal,0.5,0.0032967935670539703
binary,apep_0982_v1,15.34,Equal,0.5,0.002719945966174095
binary,apep_0984_v1,19.78,Equal,0.5,0.0030211480362537764
binary,apep_0985_v1,23.32,Equal,0.5,0.003302269968328146
binary,apep_0987_v1,19.45,Equal,0.5,0.0029937660298828966
binary,apep_0989_v1,26.57,Equal,0.5,0.0034702129407362106
binary,apep_0992_v1,26.14,Equal,0.5,0.0034337035989083706
binary,apep_0993_v1,15.49,Equal,0.5,0.0027327242358138387
binary,apep_0998_v1,15.21,Equal,0.5,0.0026998658281687828
binary,apep_1001_v1,20.81,Equal,0.5,0.003097817654092241
binary,apep_1006_v1,29.11,Equal,0.5,0.0035359297560263233
binary,apep_1007_v1,16.21,Equal,0.5,0.0027838373143728155
binary,apep_1012_v1,21.19,Equal,0.5,0.003134326995920081
binary,apep_1014_v1,20.74,Equal,0.5,0.0030868648515438887
binary,apep_1015_v1,19.43,Equal,0.5,0.0029882896286087205
binary,apep_1017_v1,19.48,Equal,0.5,0.0030028933653398564
binary,apep_1019_v1,22.85,Equal,0.5,0.0032621096923175215
binary,apep_1021_v1,27.11,Equal,0.5,0.0034848166774673474
binary,apep_1025_v1,14.67,Equal,0.5,0.002665181953432335
binary,apep_1028_v1,21.59,Equal,0.5,0.003156232601016785
binary,apep_1030_v1,13.94,Equal,0.5,0.002623196210330318
binary,apep_1031_v1,19.45,Equal,0.5,0.0029937660298828966
binary,apep_1032_v1,21.1,Equal,0.5,0.0031233741933717287
binary,apep_1033_v1,15.93,Equal,0.5,0.0027637571763675034
binary,apep_1034_v1,22.64,Equal,0.5,0.0032329022188552496
binary,apep_1035_v1,15.19,Equal,0.5,0.0026962148939859987
binary,apep_1046_v1,32.63,Equal,0.5,0.0035906937687680838
binary,apep_1049_v1,23.12,Equal,0.5,0.0032767134290486574
binary,apep_1054_v1,22.36,Equal,0.5,0.0032036947453929774
binary,apep_1057_v1,24.15,Equal,0.5,0.003364335849435474
binary,apep_1065_v1,28.74,Equal,0.5,0.003524976953477971
binary,apep_1066_v1,10.06,Equal,0.5,0.002447951369556685
binary,apep_1068_v1,36.38,Equal,0.5,0.0036199012422303556
binary,apep_1069_v1,16.81,Equal,0.5,0.0028203466562006555
binary,apep_1072_v1,34.75,Equal,0.5,0.003612599373864788
binary,apep_1073_v1,20.32,Equal,0.5,0.0030631337793557926
binary,apep_1074_v1,15.22,Equal,0.5,0.002703516762351567
binary,apep_1076_v1,28.93,Equal,0.5,0.003528627887660755
binary,apep_1077_v1,21.75,Equal,0.5,0.003170836337747921
binary,apep_1081_v1,10.2,Equal,0.5,0.002455253237922253
binary,apep_1082_v1,10.47,Equal,0.5,0.0024589041721050373
binary,apep_1083_v1,30.32,Equal,0.5,0.003561486295305812
binary,apep_1084_v1,29.19,Equal,0.5,0.003539580690209107
binary,apep_1086_v1,37.54,Equal,0.5,0.0036235521764131397
binary,apep_1087_v1,9.61,Equal,0.5,0.0024406495011911173
binary,apep_1088_v1,8.89,Equal,0.5,0.002429696698642765
binary,apep_1089_v1,23.22,Equal,0.5,0.003284015297414226
binary,apep_1091_v1,23.92,Equal,0.5,0.003335128375973202
binary,apep_1093_v1,18.54,Equal,0.5,0.002922572813318608
binary,apep_1094_v1,22.17,Equal,0.5,0.0031890910086618414
binary,apep_1095_v1,13.64,Equal,0.5,0.002601290605233614
binary,apep_1102_v1,33.31,Equal,0.5,0.003597995637133652
binary,apep_1107_v1,28.43,Equal,0.5,0.003510373216746835
binary,apep_1108_v1,19.67,Equal,0.5,0.0030101952337054246
binary,apep_1112_v1,31.53,Equal,0.5,0.0035724390978541637
binary,apep_1120_v1,11.62,Equal,0.5,0.002499064448115662
binary,apep_1121_v1,18.98,Equal,0.5,0.00295178028678088
binary,apep_1123_v1,20.84,Equal,0.5,0.003101468588275025
binary,apep_1127_v1,32.2,Equal,0.5,0.0035870428345852997
binary,apep_1130_v1,13.22,Equal,0.5,0.002568432197588558
binary,apep_1132_v1,11.56,Equal,0.5,0.0024954135139328777
binary,apep_1134_v1,15.44,Equal,0.5,0.002725422367448271
binary,apep_1135_v1,26.26,Equal,0.5,0.0034410054672739387
binary,apep_1136_v1,20.62,Equal,0.5,0.003075912048995537
binary,apep_1143_v1,14.64,Equal,0.5,0.0026597055521581582
binary,apep_1144_v1,27.52,Equal,0.5,0.003492118545832915
binary,apep_1146_v1,21.67,Equal,0.5,0.003167185403565137
binary,apep_1147_v1,13.07,Equal,0.5,0.0025611303292229896
binary,apep_1154_v1,23.63,Equal,0.5,0.00332417557342485
binary,apep_1157_v1,26.58,Equal,0.5,0.0034738638749189947
binary,apep_1161_v1,31.64,Equal,0.5,0.003579740966219731
binary,apep_1162_v1,14.44,Equal,0.5,0.0026432763483356303
binary,apep_1166_v1,19.81,Equal,0.5,0.0030247989704365605
binary,apep_1169_v1,12.2,Equal,0.5,0.0025246209873951496
binary,apep_1172_v1,30.18,Equal,0.5,0.0035578353611230274
binary,apep_1174_v1,9.76,Equal,0.5,0.0024443004353739014
binary,apep_1178_v1,22.37,Equal,0.5,0.0032073456795757615
binary,apep_1180_v1,11.06,Equal,0.5,0.0024844607113845255
binary,apep_1181_v1,22.75,Equal,0.5,0.0032402040872208174
binary,apep_1182_v1,14.78,Equal,0.5,0.002670658354706511
binary,apep_1183_v1,24.78,Equal,0.5,0.0033898923887149624
binary,apep_1185_v1,11.95,Equal,0.5,0.0025136681848467977
binary,apep_1186_v1,21.45,Equal,0.5,0.0031452797984684333
binary,apep_1194_v1,23.6,Equal,0.5,0.003320524639242066
binary,apep_1199_v1,14.55,Equal,0.5,0.0026524036837925905
binary,apep_1201_v1,11.49,Equal,0.5,0.0024917625797500936
binary,apep_1202_v1,23.26,Equal,0.5,0.003291317165779794
binary,apep_1203_v1,32.77,Equal,0.5,0.003594344702950868
binary,apep_1206_v1,23.0,Equal,0.5,0.003273062494865874
binary,apep_1207_v1,18.52,Equal,0.5,0.00291527094495304
binary,apep_1208_v1,20.78,Equal,0.5,0.003094166719909457
binary,apep_1209_v1,16.84,Equal,0.5,0.002823997590383439
binary,apep_1211_v1,24.08,Equal,0.5,0.003355208513978514
binary,apep_1212_v1,31.41,Equal,0.5,0.0035687881636713792
binary,apep_1214_v1,22.99,Equal,0.5,0.0032675860935916976
binary,apep_1222_v1,25.21,Equal,0.5,0.0034026706583547067
binary,apep_1225_v1,14.5,Equal,0.5,0.0026487527496098064
binary,apep_1227_v1,15.93,Equal,0.5,0.0027637571763675034
binary,apep_1229_v1,10.97,Equal,0.5,0.002480809777201742
binary,apep_1232_v1,22.2,Equal,0.5,0.0031963928770274096
binary,apep_1234_v1,18.53,Equal,0.5,0.0029189218791358237
binary,apep_1236_v1,14.81,Equal,0.5,0.0026779602230720787
binary,apep_1240_v1,19.0,Equal,0.5,0.002955431220963664
binary,apep_1246_v1,22.78,Equal,0.5,0.0032456804884949935
binary,apep_1248_v1,22.39,Equal,0.5,0.0032146475479413296
binary,apep_1254_v1,16.76,Equal,0.5,0.0028093938536523032
binary,apep_1263_v1,10.79,Equal,0.5,0.0024716824417447816
binary,apep_1264_v1,16.18,Equal,0.5,0.0027801863801900314
binary,apep_1269_v1,20.77,Equal,0.5,0.003090515785726673
binary,apep_1271_v1,22.43,Equal,0.5,0.0032182984821241137
binary,apep_1272_v1,9.31,Equal,0.5,0.002436998567008333
binary,apep_1277_v1,31.84,Equal,0.5,0.0035833919004025156
binary,apep_1278_v1,26.95,Equal,0.5,0.0034793402761931712
binary,apep_1283_v1,29.1,Equal,0.5,0.003532278821843539
binary,apep_1287_v1,33.47,Equal,0.5,0.0036016465713164356
binary,apep_1288_v1,23.79,Equal,0.5,0.0033314774417904183
binary,apep_1293_v1,26.35,Equal,0.5,0.003448307335639507
binary,apep_1300_v1,29.38,Equal,0.5,0.003543231624391891
binary,apep_1315_v1,12.23,Equal,0.5,0.002535573789943502
binary,apep_1317_v1,28.57,Equal,0.5,0.0035213260192951874
binary,apep_1318_v1,19.11,Equal,0.5,0.0029700349576948005
binary,apep_1322_v1,17.09,Equal,0.5,0.0028386013271145755
binary,apep_1323_v1,14.05,Equal,0.5,0.0026304980786958864
binary,apep_1328_v1,24.54,Equal,0.5,0.0033789395861666106
binary,apep_1333_v1,21.96,Equal,0.5,0.0031781382061134896
binary,apep_1334_v1,36.31,Equal,0.5,0.0036162503080475715
binary,apep_1335_v1,22.21,Equal,0.5,0.0032000438112101933
binary,apep_1340_v1,28.02,Equal,0.5,0.003503071348381267
binary,apep_1343_v1,12.29,Equal,0.5,0.002539224724126286
binary,apep_1346_v1,21.3,Equal,0.5,0.003141628864285649
binary,apep_1350_v1,15.47,Equal,0.5,0.002729073301631055
binary,apep_1389_v1,24.03,Equal,0.5,0.003349732112704338
binary,apep_1390_v1,34.48,Equal,0.5,0.0036089484396820038
binary,apep_1394_v1,17.66,Equal,0.5,0.0028678088005768473
binary,apep_1399_v1,14.89,Equal,0.5,0.0026816111572548628
binary,apep_1400_v1,29.43,Equal,0.5,0.003546882558574675
binary,apep_1404_v1,21.56,Equal,0.5,0.003152581666834001
binary,apep_1407_v1,33.64,Equal,0.5,0.0036052975054992197
binary,apep_1408_v1,19.27,Equal,0.5,0.0029809877602431523
binary,apep_1409_v1,21.08,Equal,0.5,0.003116072325006161
binary,apep_1413_v1,13.29,Equal,0.5,0.0025757340659541264
binary,apep_1414_v1,22.82,Equal,0.5,0.0032548078239519537
binary,apep_1415_v1,14.44,Equal,0.5,0.0026432763483356303
binary,apep_1423_v1,25.72,Equal,0.5,0.0034117979938116665
binary,apep_1425_v1,29.97,Equal,0.5,0.0035541844269402433
binary,apep_1426_v1,17.1,Equal,0.5,0.0028422522612973596
binary,apep_1428_v1,10.73,Equal,0.5,0.002466206040470605
binary,apep_1437_v1,20.32,Equal,0.5,0.0030631337793557926
binary,apep_1439_v1,16.48,Equal,0.5,0.0027947901169211673
binary,apep_1440_v1,13.35,Equal,0.5,0.00257938500013691
binary,apep_1441_v1,29.88,Equal,0.5,0.003550533492757459
binary,apep_1442_v1,11.71,Equal,0.5,0.0025027153822984455
binary,apep_1444_v1,26.47,Equal,0.5,0.0034629110723706424
binary,apep_1445_v1,30.87,Equal,0.5,0.003565137229488595
binary,apep_1446_v1,25.83,Equal,0.5,0.0034190998621772347
binary,apep_1448_v1,28.53,Equal,0.5,0.0035176750851124033
binary,apep_1455_v1,17.44,Equal,0.5,0.0028532050638457114
binary,apep_1456_v1,16.37,Equal,0.5,0.0027911391827383832
binary,apep_1458_v1,24.32,Equal,0.5,0.003371637717801043
binary,apep_1459_v1,17.59,Equal,0.5,0.0028641578663940633
binary,apep_1460_v1,31.6,Equal,0.5,0.003576090032036947
binary,apep_0593_v1,19.01,Equal,1.0,0.0029237897913795357
binary,apep_0595_v1,16.8,Equal,1.0,0.002680394179193935
binary,apep_0599_v1,22.62,Equal,1.0,0.0033679867836182583
binary,apep_0600_v1,13.99,Equal,1.0,0.002363979883352653
binary,apep_0602_v1,18.73,Equal,1.0,0.002881195559247056
binary,apep_0605_v1,25.93,Equal,1.0,0.00369657086006882
binary,apep_0606_v1,15.3,Equal,1.0,0.002503932360359374
binary,apep_0608_v1,21.27,Equal,1.0,0.0032158645260022575
binary,apep_0614_v1,19.46,Equal,1.0,0.002984638694425936
binary,apep_0622_v1,12.04,Equal,1.0,0.002181433174213452
binary,apep_0624_v1,26.01,Equal,1.0,0.00370265575037346
binary,apep_0625_v1,27.13,Equal,1.0,0.0038000139952477003
binary,apep_0627_v1,17.02,Equal,1.0,0.0027047337404124947
binary,apep_0630_v1,18.76,Equal,1.0,0.0028872804495516957
binary,apep_0636_v1,18.58,Equal,1.0,0.0028629408883331354
binary,apep_0638_v1,24.82,Equal,1.0,0.0036418068473270597
binary,apep_0639_v1,22.01,Equal,1.0,0.003288883209657938
binary,apep_0640_v1,20.18,Equal,1.0,0.0030698271586908966
binary,apep_0641_v1,26.22,Equal,1.0,0.00371482553098274
binary,apep_0643_v1,8.46,Equal,1.0,0.002029310916597451
binary,apep_0644_v1,20.14,Equal,1.0,0.003057657378081617
binary,apep_0648_v1,20.54,Equal,1.0,0.003103294055366417
binary,apep_0652_v1,14.58,Equal,1.0,0.0024126590057897733
binary,apep_0653_v1,19.74,Equal,1.0,0.003015063145949136
binary,apep_0654_v1,25.06,Equal,1.0,0.0036478917376317
binary,apep_0655_v1,16.36,Equal,1.0,0.0026317150567568143
binary,apep_0658_v1,15.52,Equal,1.0,0.0025465265924918537
binary,apep_0660_v1,20.22,Equal,1.0,0.0030759120489955365
binary,apep_0662_v1,21.09,Equal,1.0,0.0031854400744790574
binary,apep_0663_v1,23.31,Equal,1.0,0.003480557254254099
binary,apep_0666_v1,10.07,Equal,1.0,0.0020719051487299313
binary,apep_0667_v1,16.79,Equal,1.0,0.0026743092888892946
binary,apep_0669_v1,16.11,Equal,1.0,0.0026134603858428943
binary,apep_0674_v1,19.21,Equal,1.0,0.0029481293525980964
binary,apep_0675_v1,22.84,Equal,1.0,0.0034166659060553784
binary,apep_0677_v1,11.22,Equal,1.0,0.002132754051776331
binary,apep_0678_v1,22.6,Equal,1.0,0.003361901893313618
binary,apep_0681_v1,26.53,Equal,1.0,0.0037635046534198607
binary,apep_0683_v1,15.95,Equal,1.0,0.002601290605233614
binary,apep_0685_v1,27.67,Equal,1.0,0.003815226221009301
binary,apep_0686_v1,18.03,Equal,1.0,0.0027899222046774553
binary,apep_0688_v1,6.6,Equal,1.0,0.0020232260262928107
binary,apep_0689_v1,13.6,Equal,1.0,0.0023153007609155326
binary,apep_0692_v1,25.91,Equal,1.0,0.0036904859697641803
binary,apep_0693_v1,18.49,Equal,1.0,0.0028386013271145755
binary,apep_0694_v1,17.97,Equal,1.0,0.002783837314372815
binary,apep_0696_v1,13.59,Equal,1.0,0.0023092158706108923
binary,apep_0701_v1,17.76,Equal,1.0,0.002777752424068175
binary,apep_0702_v1,21.16,Equal,1.0,0.0032036947453929774
binary,apep_0703_v1,15.34,Equal,1.0,0.002519144586120974
binary,apep_0704_v1,24.37,Equal,1.0,0.0036113823958038595
binary,apep_0706_v1,21.14,Equal,1.0,0.0031976098550883375
binary,apep_0709_v1,13.78,Equal,1.0,0.002333555431829453
binary,apep_0711_v1,15.97,Equal,1.0,0.002607375495538254
binary,apep_0713_v1,17.24,Equal,1.0,0.0027290733016310546
binary,apep_0714_v1,21.47,Equal,1.0,0.0032341191969161775
binary,apep_0715_v1,14.67,Equal,1.0,0.0024278712315513734
binary,apep_0718_v1,13.65,Equal,1.0,0.0023274705415248127
binary,apep_0719_v1,22.59,Equal,1.0,0.003355817003008978
binary,apep_0723_v1,20.93,Equal,1.0,0.003161100513260497
binary,apep_0730_v1,16.5,Equal,1.0,0.0026499697276707347
binary,apep_0732_v1,19.94,Equal,1.0,0.0030394027071676964
binary,apep_0733_v1,19.01,Equal,1.0,0.0029237897913795357
binary,apep_0734_v1,25.67,Equal,1.0,0.00366614640854562
binary,apep_0739_v1,16.7,Equal,1.0,0.0026621395082800144
binary,apep_0741_v1,18.31,Equal,1.0,0.002817304211048335
binary,apep_0744_v1,17.48,Equal,1.0,0.002747327972544975
binary,apep_0745_v1,11.78,Equal,1.0,0.0021631785032995314
binary,apep_0748_v1,13.21,Equal,1.0,0.002260536748173772
binary,apep_0750_v1,12.82,Equal,1.0,0.0022422820772598526
binary,apep_0752_v1,11.85,Equal,1.0,0.0021692633936041717
binary,apep_0754_v1,23.76,Equal,1.0,0.0035322788218435396
binary,apep_0755_v1,19.53,Equal,1.0,0.0029968084750352166
binary,apep_0756_v1,28.29,Equal,1.0,0.0038304384467709005
binary,apep_0757_v1,22.79,Equal,1.0,0.0034044961254460987
binary,apep_0758_v1,15.64,Equal,1.0,0.0025708661537104135
binary,apep_0759_v1,19.19,Equal,1.0,0.002942044462293456
binary,apep_0762_v1,10.86,Equal,1.0,0.0021144993808624116
binary,apep_0763_v1,13.28,Equal,1.0,0.0022727065287830527
binary,apep_0765_v1,10.79,Equal,1.0,0.0021053720454054514
binary,apep_0766_v1,20.54,Equal,1.0,0.003103294055366417
binary,apep_0767_v1,20.15,Equal,1.0,0.003063742268386257
binary,apep_0768_v1,23.93,Equal,1.0,0.003550533492757459
binary,apep_0772_v1,15.62,Equal,1.0,0.002564781263405774
binary,apep_0774_v1,24.0,Equal,1.0,0.0035627032733667394
binary,apep_0775_v1,18.19,Equal,1.0,0.0028051344304390554
binary,apep_0777_v1,12.67,Equal,1.0,0.002224027406345932
binary,apep_0778_v1,9.14,Equal,1.0,0.002041480697206731
binary,apep_0779_v1,13.4,Equal,1.0,0.002303130980306253
binary,apep_0781_v1,17.04,Equal,1.0,0.002710818630717135
binary,apep_0783_v1,25.8,Equal,1.0,0.0036783161891548997
binary,apep_0784_v1,21.06,Equal,1.0,0.003173270293869777
binary,apep_0785_v1,16.62,Equal,1.0,0.0026560546179753746
binary,apep_0786_v1,15.54,Equal,1.0,0.0025586963731011342
binary,apep_0787_v1,14.42,Equal,1.0,0.002382234554266573
binary,apep_0789_v1,23.48,Equal,1.0,0.0035018543703203395
binary,apep_0790_v1,10.63,Equal,1.0,0.0020901598196438513
binary,apep_0795_v1,26.35,Equal,1.0,0.0037330802018966606
binary,apep_0797_v1,26.95,Equal,1.0,0.0037848017694861007
binary,apep_0798_v1,15.53,Equal,1.0,0.002552611482796494
binary,apep_0799_v1,12.06,Equal,1.0,0.002187518064518092
binary,apep_0800_v1,26.35,Equal,1.0,0.0037330802018966606
binary,apep_0804_v1,21.6,Equal,1.0,0.003252373867830098
binary,apep_0805_v1,18.17,Equal,1.0,0.002796007094982095
binary,apep_0806_v1,23.25,Equal,1.0,0.003465345028492499
binary,apep_0807_v1,18.19,Equal,1.0,0.0028051344304390554
binary,apep_0808_v1,18.71,Equal,1.0,0.0028751106689424155
binary,apep_0810_v1,22.17,Equal,1.0,0.0033010529902672177
binary,apep_0815_v1,23.52,Equal,1.0,0.003507939260624979
binary,apep_0823_v1,23.35,Equal,1.0,0.003495769480015699
binary,apep_0827_v1,13.84,Equal,1.0,0.0023457252124387327
binary,apep_0828_v1,19.01,Equal,1.0,0.0029237897913795357
binary,apep_0832_v1,13.81,Equal,1.0,0.0023396403221340924
binary,apep_0835_v1,13.38,Equal,1.0,0.0022909611996969723
binary,apep_0837_v1,12.22,Equal,1.0,0.002205772735432012
binary,apep_0841_v1,15.26,Equal,1.0,0.0024978474700547335
binary,apep_0842_v2,27.67,Equal,1.0,0.003815226221009301
binary,apep_0843_v1,20.0,Equal,1.0,0.0030454875974723363
binary,apep_0846_v1,20.63,Equal,1.0,0.003118506281128017
binary,apep_0848_v1,19.3,Equal,1.0,0.002960299133207376
binary,apep_0849_v1,21.05,Equal,1.0,0.003167185403565137
binary,apep_0850_v1,21.66,Equal,1.0,0.003258458758134738
binary,apep_0852_v1,19.7,Equal,1.0,0.0030089782556444963
binary,apep_0853_v1,26.42,Equal,1.0,0.0037482924276582607
binary,apep_0860_v1,15.83,Equal,1.0,0.002583035934319694
binary,apep_0862_v1,14.8,Equal,1.0,0.0024430834573129735
binary,apep_0867_v1,12.9,Equal,1.0,0.002248366967564492
binary,apep_0868_v1,17.37,Equal,1.0,0.002735158191935695
binary,apep_0870_v1,15.8,Equal,1.0,0.002576951044015054
binary,apep_0871_v1,21.83,Equal,1.0,0.003276713429048658
binary,apep_0872_v1,12.75,Equal,1.0,0.0022361971869552123
binary,apep_0875_v1,13.89,Equal,1.0,0.0023518101027433726
binary,apep_0878_v1,24.69,Equal,1.0,0.00362963706671778
binary,apep_0882_v1,23.13,Equal,1.0,0.0034531752478832185
binary,apep_0884_v1,25.21,Equal,1.0,0.00365701907308866
binary,apep_0885_v1,18.31,Equal,1.0,0.002817304211048335
binary,apep_0887_v1,20.09,Equal,1.0,0.0030515724877769766
binary,apep_0890_v1,13.39,Equal,1.0,0.0022970460900016126
binary,apep_0891_v1,6.56,Equal,1.0,0.002017141135988171
binary,apep_0896_v1,15.18,Equal,1.0,0.0024735079088361736
binary,apep_0902_v1,18.61,Equal,1.0,0.0028690257786377757
binary,apep_0905_v1,23.54,Equal,1.0,0.0035140241509296188
binary,apep_0906_v1,24.59,Equal,1.0,0.0036235521764131397
binary,apep_0907_v1,22.68,Equal,1.0,0.0033801565642275384
binary,apep_0913_v1,17.57,Equal,1.0,0.002753412862849615
binary,apep_0915_v1,28.45,Equal,1.0,0.003842608227380181
binary,apep_0918_v1,19.91,Equal,1.0,0.0030333178168630566
binary,apep_0920_v1,16.96,Equal,1.0,0.0026986488501078544
binary,apep_0922_v1,22.78,Equal,1.0,0.0033953687899891385
binary,apep_0925_v1,14.9,Equal,1.0,0.0024613381282268935
binary,apep_0927_v1,15.31,Equal,1.0,0.0025100172506640137
binary,apep_0929_v1,20.3,Equal,1.0,0.0030819969393001767
binary,apep_0931_v1,18.34,Equal,1.0,0.0028264315465052954
binary,apep_0934_v1,20.73,Equal,1.0,0.003124591171432657
binary,apep_0935_v1,15.11,Equal,1.0,0.0024674230185315334
binary,apep_0936_v1,22.99,Equal,1.0,0.0034318781318169785
binary,apep_0939_v1,12.21,Equal,1.0,0.002199687845127372
binary,apep_0946_v1,18.83,Equal,1.0,0.0028933653398563355
binary,apep_0957_v1,26.42,Equal,1.0,0.0037482924276582607
binary,apep_0960_v1,14.37,Equal,1.0,0.002376149663961933
binary,apep_0961_v1,22.38,Equal,1.0,0.003337562332095058
binary,apep_0969_v1,12.7,Equal,1.0,0.002230112296650572
binary,apep_0970_v1,24.08,Equal,1.0,0.003577915499128339
binary,apep_0972_v1,17.7,Equal,1.0,0.0027716675337635353
binary,apep_0973_v1,18.85,Equal,1.0,0.002899450230160976
binary,apep_0974_v1,23.95,Equal,1.0,0.0035566183830620995
binary,apep_0975_v1,22.17,Equal,1.0,0.0033010529902672177
binary,apep_0977_v1,24.22,Equal,1.0,0.00359921261519458
binary,apep_0979_v1,18.39,Equal,1.0,0.002832516436809935
binary,apep_0980_v1,24.11,Equal,1.0,0.0035870428345852997
binary,apep_0981_v1,23.31,Equal,1.0,0.003480557254254099
binary,apep_0982_v1,15.34,Equal,1.0,0.002519144586120974
binary,apep_0984_v1,19.78,Equal,1.0,0.0030211480362537764
binary,apep_0985_v1,23.32,Equal,1.0,0.003489684589711059
binary,apep_0987_v1,19.45,Equal,1.0,0.002975511358968976
binary,apep_0989_v1,26.57,Equal,1.0,0.0037695895437245
binary,apep_0992_v1,26.14,Equal,1.0,0.0037087406406781
binary,apep_0993_v1,15.49,Equal,1.0,0.0025404417021872134
binary,apep_0998_v1,15.21,Equal,1.0,0.0024856776894454534
binary,apep_1001_v1,20.81,Equal,1.0,0.0031489307326512173
binary,apep_1006_v1,29.11,Equal,1.0,0.0038791175692080215
binary,apep_1007_v1,16.21,Equal,1.0,0.0026256301664521744
binary,apep_1012_v1,21.19,Equal,1.0,0.0032097796356976177
binary,apep_1014_v1,20.74,Equal,1.0,0.003130676061737297
binary,apep_1015_v1,19.43,Equal,1.0,0.0029663840235120164
binary,apep_1017_v1,19.48,Equal,1.0,0.0029907235847305763
binary,apep_1019_v1,22.85,Equal,1.0,0.0034227507963600183
binary,apep_1021_v1,27.11,Equal,1.0,0.003793929104943061
binary,apep_1025_v1,14.67,Equal,1.0,0.0024278712315513734
binary,apep_1028_v1,21.59,Equal,1.0,0.0032462889775254577
binary,apep_1030_v1,13.94,Equal,1.0,0.002357894993048013
binary,apep_1031_v1,19.45,Equal,1.0,0.002975511358968976
binary,apep_1032_v1,21.1,Equal,1.0,0.003191524964783697
binary,apep_1033_v1,15.93,Equal,1.0,0.002592163269776654
binary,apep_1034_v1,22.64,Equal,1.0,0.0033740716739228986
binary,apep_1035_v1,15.19,Equal,1.0,0.0024795927991408135
binary,apep_1046_v1,32.63,Equal,1.0,0.003970390923777622
binary,apep_1049_v1,23.12,Equal,1.0,0.0034470903575785786
binary,apep_1054_v1,22.36,Equal,1.0,0.003325392551485778
binary,apep_1057_v1,24.15,Equal,1.0,0.0035931277248899395
binary,apep_1065_v1,28.74,Equal,1.0,0.0038608628982941006
binary,apep_1066_v1,10.06,Equal,1.0,0.0020658202584252915
binary,apep_1068_v1,36.38,Equal,1.0,0.004019070046214742
binary,apep_1069_v1,16.81,Equal,1.0,0.0026864790694985743
binary,apep_1072_v1,34.75,Equal,1.0,0.004006900265605462
binary,apep_1073_v1,20.32,Equal,1.0,0.003091124274757137
binary,apep_1074_v1,15.22,Equal,1.0,0.0024917625797500936
binary,apep_1076_v1,28.93,Equal,1.0,0.003866947788598741
binary,apep_1077_v1,21.75,Equal,1.0,0.0032706285387440175
binary,apep_1081_v1,10.2,Equal,1.0,0.002077990039034571
binary,apep_1082_v1,10.47,Equal,1.0,0.0020840749293392115
binary,apep_1083_v1,30.32,Equal,1.0,0.003921711801340501
binary,apep_1084_v1,29.19,Equal,1.0,0.003885202459512661
binary,apep_1086_v1,37.54,Equal,1.0,0.0040251549365193815
binary,apep_1087_v1,9.61,Equal,1.0,0.002053650477816011
binary,apep_1088_v1,8.89,Equal,1.0,0.0020353958069020913
binary,apep_1089_v1,23.22,Equal,1.0,0.0034592601381878588
binary,apep_1091_v1,23.92,Equal,1.0,0.003544448602452819
binary,apep_1093_v1,18.54,Equal,1.0,0.0028568559980284955
binary,apep_1094_v1,22.17,Equal,1.0,0.0033010529902672177
binary,apep_1095_v1,13.64,Equal,1.0,0.0023213856512201724
binary,apep_1102_v1,33.31,Equal,1.0,0.003982560704386902
binary,apep_1107_v1,28.43,Equal,1.0,0.0038365233370755408
binary,apep_1108_v1,19.67,Equal,1.0,0.0030028933653398564
binary,apep_1112_v1,31.53,Equal,1.0,0.003939966472254422
binary,apep_1120_v1,11.62,Equal,1.0,0.0021510087226902517
binary,apep_1121_v1,18.98,Equal,1.0,0.0029055351204656157
binary,apep_1123_v1,20.84,Equal,1.0,0.003155015622955857
binary,apep_1127_v1,32.2,Equal,1.0,0.003964306033472981
binary,apep_1130_v1,13.22,Equal,1.0,0.0022666216384784124
binary,apep_1132_v1,11.56,Equal,1.0,0.002144923832385612
binary,apep_1134_v1,15.44,Equal,1.0,0.0025282719215779337
binary,apep_1135_v1,26.26,Equal,1.0,0.0037209104212873804
binary,apep_1136_v1,20.62,Equal,1.0,0.003112421390823377
binary,apep_1143_v1,14.64,Equal,1.0,0.002418743896094413
binary,apep_1144_v1,27.52,Equal,1.0,0.0038060988855523406
binary,apep_1146_v1,21.67,Equal,1.0,0.0032645436484393777
binary,apep_1147_v1,13.07,Equal,1.0,0.0022544518578691323
binary,apep_1154_v1,23.63,Equal,1.0,0.0035261939315388994
binary,apep_1157_v1,26.58,Equal,1.0,0.0037756744340291404
binary,apep_1161_v1,31.64,Equal,1.0,0.0039521362528637015
binary,apep_1162_v1,14.44,Equal,1.0,0.002391361889723533
binary,apep_1166_v1,19.81,Equal,1.0,0.0030272329265584167
binary,apep_1169_v1,12.2,Equal,1.0,0.002193602954822732
binary,apep_1172_v1,30.18,Equal,1.0,0.0039156269110358615
binary,apep_1174_v1,9.76,Equal,1.0,0.002059735368120651
binary,apep_1178_v1,22.37,Equal,1.0,0.003331477441790418
binary,apep_1180_v1,11.06,Equal,1.0,0.002126669161471692
binary,apep_1181_v1,22.75,Equal,1.0,0.0033862414545321787
binary,apep_1182_v1,14.78,Equal,1.0,0.002436998567008333
binary,apep_1183_v1,24.78,Equal,1.0,0.00363572195702242
binary,apep_1185_v1,11.95,Equal,1.0,0.002175348283908812
binary,apep_1186_v1,21.45,Equal,1.0,0.0032280343066115377
binary,apep_1194_v1,23.6,Equal,1.0,0.003520109041234259
binary,apep_1199_v1,14.55,Equal,1.0,0.002406574115485133
binary,apep_1201_v1,11.49,Equal,1.0,0.0021388389420809715
binary,apep_1202_v1,23.26,Equal,1.0,0.0034714299187971393
binary,apep_1203_v1,32.77,Equal,1.0,0.003976475814082262
binary,apep_1206_v1,23.0,Equal,1.0,0.003441005467273939
binary,apep_1207_v1,18.52,Equal,1.0,0.0028446862174192154
binary,apep_1208_v1,20.78,Equal,1.0,0.003142845842346577
binary,apep_1209_v1,16.84,Equal,1.0,0.0026925639598032146
binary,apep_1211_v1,24.08,Equal,1.0,0.003577915499128339
binary,apep_1212_v1,31.41,Equal,1.0,0.003933881581949781
binary,apep_1214_v1,22.99,Equal,1.0,0.0034318781318169785
binary,apep_1222_v1,25.21,Equal,1.0,0.00365701907308866
binary,apep_1225_v1,14.5,Equal,1.0,0.002400489225180493
binary,apep_1227_v1,15.93,Equal,1.0,0.002592163269776654
binary,apep_1229_v1,10.97,Equal,1.0,0.0021205842711670515
binary,apep_1232_v1,22.2,Equal,1.0,0.0033132227708764983
binary,apep_1234_v1,18.53,Equal,1.0,0.0028507711077238557
binary,apep_1236_v1,14.81,Equal,1.0,0.0024491683476176133
binary,apep_1240_v1,19.0,Equal,1.0,0.002911620010770256
binary,apep_1246_v1,22.78,Equal,1.0,0.0033953687899891385
binary,apep_1248_v1,22.39,Equal,1.0,0.0033436472223996984
binary,apep_1254_v1,16.76,Equal,1.0,0.0026682243985846543
binary,apep_1263_v1,10.79,Equal,1.0,0.0021053720454054514
binary,apep_1264_v1,16.18,Equal,1.0,0.0026195452761475346
binary,apep_1269_v1,20.77,Equal,1.0,0.0031367609520419368
binary,apep_1271_v1,22.43,Equal,1.0,0.0033497321127043383
binary,apep_1272_v1,9.31,Equal,1.0,0.002047565587511371
binary,apep_1277_v1,31.84,Equal,1.0,0.003958221143168341
binary,apep_1278_v1,26.95,Equal,1.0,0.0037848017694861007
binary,apep_1283_v1,29.1,Equal,1.0,0.003873032678903381
binary,apep_1287_v1,33.47,Equal,1.0,0.0039886455946915415
binary,apep_1288_v1,23.79,Equal,1.0,0.003538363712148179
binary,apep_1293_v1,26.35,Equal,1.0,0.0037330802018966606
binary,apep_1300_v1,29.38,Equal,1.0,0.0038912873498173008
binary,apep_1315_v1,12.23,Equal,1.0,0.002211857625736652
binary,apep_1317_v1,28.57,Equal,1.0,0.0038547780079894608
binary,apep_1318_v1,19.11,Equal,1.0,0.0029359595719888163
binary,apep_1322_v1,17.09,Equal,1.0,0.0027169035210217744
binary,apep_1323_v1,14.05,Equal,1.0,0.0023700647736572926
binary,apep_1328_v1,24.54,Equal,1.0,0.0036174672861085
binary,apep_1333_v1,21.96,Equal,1.0,0.003282798319353298
binary,apep_1334_v1,36.31,Equal,1.0,0.004012985155910102
binary,apep_1335_v1,22.21,Equal,1.0,0.003319307661181138
binary,apep_1340_v1,28.02,Equal,1.0,0.0038243535564662606
binary,apep_1343_v1,12.29,Equal,1.0,0.0022179425160412923
binary,apep_1346_v1,21.3,Equal,1.0,0.0032219494163068974
binary,apep_1350_v1,15.47,Equal,1.0,0.002534356811882574
binary,apep_1389_v1,24.03,Equal,1.0,0.0035687881636713792
binary,apep_1390_v1,34.48,Equal,1.0,0.004000815375300822
binary,apep_1394_v1,17.66,Equal,1.0,0.002765582643458895
binary,apep_1399_v1,14.89,Equal,1.0,0.002455253237922253
binary,apep_1400_v1,29.43,Equal,1.0,0.003897372240121941
binary,apep_1404_v1,21.56,Equal,1.0,0.0032402040872208174
binary,apep_1407_v1,33.64,Equal,1.0,0.003994730484996181
binary,apep_1408_v1,19.27,Equal,1.0,0.002954214242902736
binary,apep_1409_v1,21.08,Equal,1.0,0.0031793551841744175
binary,apep_1413_v1,13.29,Equal,1.0,0.002278791419087692
binary,apep_1414_v1,22.82,Equal,1.0,0.003410581015750739
binary,apep_1415_v1,14.44,Equal,1.0,0.002391361889723533
binary,apep_1423_v1,25.72,Equal,1.0,0.00367223129885026
binary,apep_1425_v1,29.97,Equal,1.0,0.003909542020731222
binary,apep_1426_v1,17.1,Equal,1.0,0.0027229884113264147
binary,apep_1428_v1,10.73,Equal,1.0,0.0020962447099484916
binary,apep_1437_v1,20.32,Equal,1.0,0.003091124274757137
binary,apep_1439_v1,16.48,Equal,1.0,0.0026438848373660944
binary,apep_1440_v1,13.35,Equal,1.0,0.0022848763093923324
binary,apep_1441_v1,29.88,Equal,1.0,0.0039034571304265814
binary,apep_1442_v1,11.71,Equal,1.0,0.002157093612994892
binary,apep_1444_v1,26.47,Equal,1.0,0.0037574197631152204
binary,apep_1445_v1,30.87,Equal,1.0,0.003927796691645141
binary,apep_1446_v1,25.83,Equal,1.0,0.00368440107945954
binary,apep_1448_v1,28.53,Equal,1.0,0.0038486931176848213
binary,apep_1455_v1,17.44,Equal,1.0,0.002741243082240335
binary,apep_1456_v1,16.37,Equal,1.0,0.002637799947061454
binary,apep_1458_v1,24.32,Equal,1.0,0.0036052975054992197
binary,apep_1459_v1,17.59,Equal,1.0,0.002759497753154255
binary,apep_1460_v1,31.6,Equal,1.0,0.003946051362559062
binary,apep_0593_v1,19.01,REML,0.0,0.003330077797845369
binary,apep_0595_v1,16.8,REML,0.0,0.0024108246567337804
binary,apep_0599_v1,22.62,REML,0.0,0.0033959967162015474
binary,apep_0600_v1,13.99,REML,0.0,0.0029307898723674986
binary,apep_0602_v1,18.73,REML,0.0,0.002749602024966218
binary,apep_0605_v1,25.93,REML,0.0,0.0033106402373677874
binary,apep_0606_v1,15.3,REML,0.0,0.0024884163275627116
binary,apep_0608_v1,21.27,REML,0.0,0.00334673018698795
binary,apep_0614_v1,19.46,REML,0.0,0.0033761451383034565
binary,apep_0622_v1,12.04,REML,0.0,0.0033529209384584664
binary,apep_0624_v1,26.01,REML,0.0,0.0034013417372357408
binary,apep_0625_v1,27.13,REML,0.0,0.00336169336681342
binary,apep_0627_v1,17.02,REML,0.0,0.0033993327749435925
binary,apep_0630_v1,18.76,REML,0.0,0.003403641038488768
binary,apep_0636_v1,18.58,REML,0.0,0.003328674167449451
binary,apep_0638_v1,24.82,REML,0.0,0.003406122124164956
binary,apep_0639_v1,22.01,REML,0.0,0.001452233783410613
binary,apep_0640_v1,20.18,REML,0.0,0.003409784679315697
binary,apep_0641_v1,26.22,REML,0.0,0.0033927412853061332
binary,apep_0643_v1,8.46,REML,0.0,0.002057611519241948
binary,apep_0644_v1,20.14,REML,0.0,0.0033759014795967475
binary,apep_0648_v1,20.54,REML,0.0,0.0032133766927856192
binary,apep_0652_v1,14.58,REML,0.0,0.0015572554421750626
binary,apep_0653_v1,19.74,REML,0.0,0.003138513440570154
binary,apep_0654_v1,25.06,REML,0.0,0.003301649635551706
binary,apep_0655_v1,16.36,REML,0.0,0.0034136376435714294
binary,apep_0658_v1,15.52,REML,0.0,0.0033959967162015474
binary,apep_0660_v1,20.22,REML,0.0,0.003413820187130642
binary,apep_0662_v1,21.09,REML,0.0,0.0032504981674405797
binary,apep_0663_v1,23.31,REML,0.0,0.0033863666008768735
binary,apep_0666_v1,10.07,REML,0.0,0.003400889314312894
binary,apep_0667_v1,16.79,REML,0.0,0.0031661275403466896
binary,apep_0669_v1,16.11,REML,0.0,0.0033831217049585297
binary,apep_0674_v1,19.21,REML,0.0,0.003359702040932641
binary,apep_0675_v1,22.84,REML,0.0,0.002878736877600508
binary,apep_0677_v1,11.22,REML,0.0,0.003343533238251476
binary,apep_0678_v1,22.6,REML,0.0,0.002727657436355258
binary,apep_0681_v1,26.53,REML,0.0,0.0032303675991345775
binary,apep_0683_v1,15.95,REML,0.0,0.0030752832238810164
binary,apep_0685_v1,27.67,REML,0.0,0.0033959967162015474
binary,apep_0686_v1,18.03,REML,0.0,0.0010770170170767235
binary,apep_0688_v1,6.6,REML,0.0,0.003020868772357747
binary,apep_0689_v1,13.6,REML,0.0,0.0034146776759176136
binary,apep_0692_v1,25.91,REML,0.0,0.0034004301768459453
binary,apep_0693_v1,18.49,REML,0.0,0.0034058737385567078
binary,apep_0694_v1,17.97,REML,0.0,0.0014843684978784048
binary,apep_0696_v1,13.59,REML,0.0,0.003184099063738809
binary,apep_0701_v1,17.76,REML,0.0,0.0033896475346922366
binary,apep_0702_v1,21.16,REML,0.0,0.0022567417817653665
binary,apep_0703_v1,15.34,REML,0.0,0.003411263677590997
binary,apep_0704_v1,24.37,REML,0.0,0.003379714217173881
binary,apep_0706_v1,21.14,REML,0.0,0.0033331976106897128
binary,apep_0709_v1,13.78,REML,0.0,0.003081438605729475
binary,apep_0711_v1,15.97,REML,0.0,0.0034032245159128743
binary,apep_0713_v1,17.24,REML,0.0,0.0034118495963418372
binary,apep_0714_v1,21.47,REML,0.0,0.0033501687567071363
binary,apep_0715_v1,14.67,REML,0.0,0.0031544257728366937
binary,apep_0718_v1,13.65,REML,0.0,0.003369840440112507
binary,apep_0719_v1,22.59,REML,0.0,0.002920481281452095
binary,apep_0723_v1,20.93,REML,0.0,0.002394650253122907
binary,apep_0730_v1,16.5,REML,0.0,0.003171627971903438
binary,apep_0732_v1,19.94,REML,0.0,0.0032656249301727066
binary,apep_0733_v1,19.01,REML,0.0,0.0033923648392867943
binary,apep_0734_v1,25.67,REML,0.0,0.0033155746173782067
binary,apep_0739_v1,16.7,REML,0.0,0.0033978682725180702
binary,apep_0741_v1,18.31,REML,0.0,0.0024906406852246614
binary,apep_0744_v1,17.48,REML,0.0,0.0034051105224137484
binary,apep_0745_v1,11.78,REML,0.0,0.003344820102041644
binary,apep_0748_v1,13.21,REML,0.0,0.003125185933337143
binary,apep_0750_v1,12.82,REML,0.0,0.0008926312767578246
binary,apep_0752_v1,11.85,REML,0.0,0.0030838901738829663
binary,apep_0754_v1,23.76,REML,0.0,0.0005521192081186872
binary,apep_0755_v1,19.53,REML,0.0,0.0033959967162015474
binary,apep_0756_v1,28.29,REML,0.0,0.0033529209384584664
binary,apep_0757_v1,22.79,REML,0.0,0.003402371248367488
binary,apep_0758_v1,15.64,REML,0.0,0.0029808066335645475
binary,apep_0759_v1,19.19,REML,0.0,0.003102679874794619
binary,apep_0762_v1,10.86,REML,0.0,0.003235732991160632
binary,apep_0763_v1,13.28,REML,0.0,0.0034133835693134756
binary,apep_0765_v1,10.79,REML,0.0,0.003407549138238968
binary,apep_0766_v1,20.54,REML,0.0,0.0033808680513382275
binary,apep_0767_v1,20.15,REML,0.0,0.00313793873427463
binary,apep_0768_v1,23.93,REML,0.0,0.003343533238251476
binary,apep_0772_v1,15.62,REML,0.0,0.0034002756398489016
binary,apep_0774_v1,24.0,REML,0.0,0.0034157819441283164
binary,apep_0775_v1,18.19,REML,0.0,0.0034084401033665445
binary,apep_0777_v1,12.67,REML,0.0,0.002453614929801066
binary,apep_0778_v1,9.14,REML,0.0,0.002642854848901697
binary,apep_0779_v1,13.4,REML,0.0,0.003397701836852409
binary,apep_0781_v1,17.04,REML,0.0,0.0034026586650382096
binary,apep_0783_v1,25.8,REML,0.0,0.003411263677590997
binary,apep_0784_v1,21.06,REML,0.0,0.0034090765742532817
binary,apep_0785_v1,16.62,REML,0.0,0.003391024145772017
binary,apep_0786_v1,15.54,REML,0.0,0.0032133766927856192
binary,apep_0787_v1,14.42,REML,0.0,0.0011238529843970583
binary,apep_0789_v1,23.48,REML,0.0,0.0027641780388107644
binary,apep_0790_v1,10.63,REML,0.0,0.001879262746309984
binary,apep_0795_v1,26.35,REML,0.0,0.0033799464216127
binary,apep_0797_v1,26.95,REML,0.0,0.00318731048891807
binary,apep_0798_v1,15.53,REML,0.0,0.0033655737458115295
binary,apep_0799_v1,12.06,REML,0.0,0.0034133835693134756
binary,apep_0800_v1,26.35,REML,0.0,0.0034123982415145892
binary,apep_0804_v1,21.6,REML,0.0,0.0034120892962574098
binary,apep_0805_v1,18.17,REML,0.0,0.0028927382674117917
binary,apep_0806_v1,23.25,REML,0.0,0.0033653011136487126
binary,apep_0807_v1,18.19,REML,0.0,0.0033880303981529123
binary,apep_0808_v1,18.71,REML,0.0,0.003407549138238968
binary,apep_0810_v1,22.17,REML,0.0,0.0034141091586692277
binary,apep_0815_v1,23.52,REML,0.0,0.0034155060974403978
binary,apep_0823_v1,23.35,REML,0.0,0.0034133835693134756
binary,apep_0827_v1,13.84,REML,0.0,0.0016549409310100815
binary,apep_0828_v1,19.01,REML,0.0,0.0028575848046794375
binary,apep_0832_v1,13.81,REML,0.0,0.0033804086746837387
binary,apep_0835_v1,13.38,REML,0.0,0.002481745185411512
binary,apep_0837_v1,12.22,REML,0.0,0.0031583488412850556
binary,apep_0841_v1,15.26,REML,0.0,0.003029899190620047
binary,apep_0842_v2,27.67,REML,0.0,0.0031926237273709863
binary,apep_0843_v1,20.0,REML,0.0,0.003402943088057887
binary,apep_0846_v1,20.63,REML,0.0,0.0032288930174645017
binary,apep_0848_v1,19.3,REML,0.0,0.0034155060974403978
binary,apep_0849_v1,21.05,REML,0.0,0.002810482536528538
binary,apep_0850_v1,21.66,REML,0.0,0.003333540968203757
binary,apep_0852_v1,19.7,REML,0.0,0.0033820038929560864
binary,apep_0853_v1,26.42,REML,0.0,0.003397198079741391
binary,apep_0860_v1,15.83,REML,0.0,0.003403641038488768
binary,apep_0862_v1,14.8,REML,0.0,0.003262920784891829
binary,apep_0867_v1,12.9,REML,0.0,0.0033927412853061332
binary,apep_0868_v1,17.37,REML,0.0,0.0034139958606863923
binary,apep_0870_v1,15.8,REML,0.0,0.003368526430651283
binary,apep_0871_v1,21.83,REML,0.0,0.003279262959617201
binary,apep_0872_v1,12.75,REML,0.0,0.003137363591942095
binary,apep_0875_v1,13.89,REML,0.0,0.003379714217173881
binary,apep_0878_v1,24.69,REML,0.0,0.003403084176474962
binary,apep_0882_v1,23.13,REML,0.0,0.0032835414858138306
binary,apep_0884_v1,25.21,REML,0.0,0.0033959967162015474
binary,apep_0885_v1,18.31,REML,0.0,0.0033822288989023234
binary,apep_0887_v1,20.09,REML,0.0,0.0033945793595644533
binary,apep_0890_v1,13.39,REML,0.0,0.0033644790213679314
binary,apep_0891_v1,6.56,REML,0.0,0.00336169336681342
binary,apep_0896_v1,15.18,REML,0.0,0.0034056223421652164
binary,apep_0902_v1,18.61,REML,0.0,0.0033307756852236207
binary,apep_0905_v1,23.54,REML,0.0,0.003314822463207728
binary,apep_0906_v1,24.59,REML,0.0,0.0033311236454336302
binary,apep_0907_v1,22.68,REML,0.0,0.003176538062913506
binary,apep_0913_v1,17.57,REML,0.0,0.003403778380152036
binary,apep_0915_v1,28.45,REML,0.0,0.0033824531833682686
binary,apep_0918_v1,19.91,REML,0.0,0.0032514324748522004
binary,apep_0920_v1,16.96,REML,0.0,0.003209803623247092
binary,apep_0922_v1,22.78,REML,0.0,0.0034063674976643594
binary,apep_0925_v1,14.9,REML,0.0,0.001250121226023004
binary,apep_0927_v1,15.31,REML,0.0,0.003355913955728739
binary,apep_0929_v1,20.3,REML,0.0,0.003379714217173881
binary,apep_0931_v1,18.34,REML,0.0,0.003400889314312894
binary,apep_0934_v1,20.73,REML,0.0,0.003404980687851322
binary,apep_0935_v1,15.11,REML,0.0,0.0033671948289998293
binary,apep_0936_v1,22.99,REML,0.0,0.0033144454318163284
binary,apep_0939_v1,12.21,REML,0.0,0.0034039149719120193
binary,apep_0946_v1,18.83,REML,0.0,0.0027203229978885286
binary,apep_0957_v1,26.42,REML,0.0,0.00340336410618485
binary,apep_0960_v1,14.37,REML,0.0,0.003401040868283031
binary,apep_0961_v1,22.38,REML,0.0,0.0030401403123207714
binary,apep_0969_v1,12.7,REML,0.0,0.003243419845949599
binary,apep_0970_v1,24.08,REML,0.0,0.0029546268372311582
binary,apep_0972_v1,17.7,REML,0.0,0.003118143178586117
binary,apep_0973_v1,18.85,REML,0.0,0.0014246418329175742
binary,apep_0974_v1,23.95,REML,0.0,0.0032234451681404114
binary,apep_0975_v1,22.17,REML,0.0,0.002800401610421256
binary,apep_0977_v1,24.22,REML,0.0,0.0032749251268582836
binary,apep_0979_v1,18.39,REML,0.0,0.003222447758378093
binary,apep_0980_v1,24.11,REML,0.0,0.0034126950039874084
binary,apep_0981_v1,23.31,REML,0.0,0.002836265716145088
binary,apep_0982_v1,15.34,REML,0.0,0.0034051105224137484
binary,apep_0984_v1,19.78,REML,0.0,0.002927359669457258
binary,apep_0985_v1,23.32,REML,0.0,0.0022567417817653665
binary,apep_0987_v1,19.45,REML,0.0,0.003407549138238968
binary,apep_0989_v1,26.57,REML,0.0,0.003409685794148275
binary,apep_0992_v1,26.14,REML,0.0,0.0033993327749435925
binary,apep_0993_v1,15.49,REML,0.0,0.0029613791817588724
binary,apep_0998_v1,15.21,REML,0.0,0.0034106405237550826
binary,apep_1001_v1,20.81,REML,0.0,0.0033412553781408468
binary,apep_1006_v1,29.11,REML,0.0,0.003224937318009884
binary,apep_1007_v1,16.21,REML,0.0,0.0031819484068661987
binary,apep_1012_v1,21.19,REML,0.0,0.0032031013580561545
binary,apep_1014_v1,20.74,REML,0.0,0.0031819484068661987
binary,apep_1015_v1,19.43,REML,0.0,0.0033954707478961567
binary,apep_1017_v1,19.48,REML,0.0,0.002246018205548299
binary,apep_1019_v1,22.85,REML,0.0,0.003405239605297959
binary,apep_1021_v1,27.11,REML,0.0,0.0009332130019266853
binary,apep_1025_v1,14.67,REML,0.0,0.0027203229978885286
binary,apep_1028_v1,21.59,REML,0.0,0.003301251258050869
binary,apep_1030_v1,13.94,REML,0.0,0.0029410436671864796
binary,apep_1031_v1,19.45,REML,0.0,0.0034077764121331405
binary,apep_1032_v1,21.1,REML,0.0,0.003370101127200244
binary,apep_1033_v1,15.93,REML,0.0,0.0020414690047275436
binary,apep_1034_v1,22.64,REML,0.0,0.002505477140881468
binary,apep_1035_v1,15.19,REML,0.0,0.002307129424022218
binary,apep_1046_v1,32.63,REML,0.0,0.003415408412421909
binary,apep_1049_v1,23.12,REML,0.0,0.0031020796624080453
binary,apep_1054_v1,22.36,REML,0.0,0.003394938129664207
binary,apep_1057_v1,24.15,REML,0.0,0.003217933376812222
binary,apep_1065_v1,28.74,REML,0.0,0.0033498595525545518
binary,apep_1066_v1,10.06,REML,0.0,0.0030273256049674203
binary,apep_1068_v1,36.38,REML,0.0,0.002756895724577103
binary,apep_1069_v1,16.81,REML,0.0,0.003402943088057887
binary,apep_1072_v1,34.75,REML,0.0,0.0029410436671864796
binary,apep_1073_v1,20.32,REML,0.0,0.003400737014281659
binary,apep_1074_v1,15.22,REML,0.0,0.003055338142052696
binary,apep_1076_v1,28.93,REML,0.0,0.003403778380152036
binary,apep_1077_v1,21.75,REML,0.0,0.003386155352302729
binary,apep_1081_v1,10.2,REML,0.0,0.0015845258167274908
binary,apep_1082_v1,10.47,REML,0.0,0.0028927382674117917
binary,apep_1083_v1,30.32,REML,0.0,0.00336169336681342
binary,apep_1084_v1,29.19,REML,0.0,0.0032244404641048265
binary,apep_1086_v1,37.54,REML,0.0,0.003413512132283144
binary,apep_1087_v1,9.61,REML,0.0,0.0032133766927856192
binary,apep_1088_v1,8.89,REML,0.0,0.0032514324748522004
binary,apep_1089_v1,23.22,REML,0.0,0.0032656249301727066
binary,apep_1091_v1,23.92,REML,0.0,0.003210315605839153
binary,apep_1093_v1,18.54,REML,0.0,0.003410455646370287
binary,apep_1094_v1,22.17,REML,0.0,0.003293154264766273
binary,apep_1095_v1,13.64,REML,0.0,0.0033708789527839844
binary,apep_1102_v1,33.31,REML,0.0,0.0025649042110673895
binary,apep_1107_v1,28.43,REML,0.0,0.0027129795554257426
binary,apep_1108_v1,19.67,REML,0.0,0.0034102677337024363
binary,apep_1112_v1,31.53,REML,0.0,0.0033483033426231585
binary,apep_1120_v1,11.62,REML,0.0,0.0028575848046794375
binary,apep_1121_v1,18.98,REML,0.0,0.0026687555239607217
binary,apep_1123_v1,20.84,REML,0.0,0.0029464892902353367
binary,apep_1127_v1,32.2,REML,0.0,0.001299677661925097
binary,apep_1130_v1,13.22,REML,0.0,0.0023427094300294046
binary,apep_1132_v1,11.56,REML,0.0,0.001757768089888673
binary,apep_1134_v1,15.44,REML,0.0,0.003402371248367488
binary,apep_1135_v1,26.26,REML,0.0,0.003408655286351717
binary,apep_1136_v1,20.62,REML,0.0,0.0011077289251934432
binary,apep_1143_v1,14.64,REML,0.0,0.003403778380152036
binary,apep_1144_v1,27.52,REML,0.0,0.003366657272125483
binary,apep_1146_v1,21.67,REML,0.0,0.0031487829136939774
binary,apep_1147_v1,13.07,REML,0.0,0.003087556065656247
binary,apep_1154_v1,23.63,REML,0.0,0.003224937318009884
binary,apep_1157_v1,26.58,REML,0.0,0.0033422356256954553
binary,apep_1161_v1,31.64,REML,0.0,0.003340269110237759
binary,apep_1162_v1,14.44,REML,0.0,0.003411263677590997
binary,apep_1166_v1,19.81,REML,0.0,0.0033904385625393237
binary,apep_1169_v1,12.2,REML,0.0,0.003408548072993142
binary,apep_1172_v1,30.18,REML,0.0,0.0025827391188733323
binary,apep_1174_v1,9.76,REML,0.0,0.003413512132283144
binary,apep_1178_v1,22.37,REML,0.0,0.00318731048891807
binary,apep_1180_v1,11.06,REML,0.0,0.0033529209384584664
binary,apep_1181_v1,22.75,REML,0.0,0.0030628610902230786
binary,apep_1182_v1,14.78,REML,0.0,0.0034141646621144535
binary,apep_1183_v1,24.78,REML,0.0,0.0034115193473253443
binary,apep_1185_v1,11.95,REML,0.0,0.0033644790213679314
binary,apep_1186_v1,21.45,REML,0.0,0.0033958221327017204
binary,apep_1194_v1,23.6,REML,0.0,0.0030471307749859186
binary,apep_1199_v1,14.55,REML,0.0,0.003296016154776557
binary,apep_1201_v1,11.49,REML,0.0,0.003328674167449451
binary,apep_1202_v1,23.26,REML,0.0,0.0010939442466788706
binary,apep_1203_v1,32.77,REML,0.0,0.003340269110237759
binary,apep_1206_v1,23.0,REML,0.0,0.003401787440205209
binary,apep_1207_v1,18.52,REML,0.0,4.3925228517192227e-05
binary,apep_1208_v1,20.78,REML,0.0,0.0003526366375263771
binary,apep_1209_v1,16.84,REML,0.0,0.0032606515463590173
binary,apep_1211_v1,24.08,REML,0.0,0.0033846562825847423
binary,apep_1212_v1,31.41,REML,0.0,0.0034123982415145892
binary,apep_1214_v1,22.99,REML,0.0,0.003368526430651283
binary,apep_1222_v1,25.21,REML,0.0,0.003349549668599135
binary,apep_1225_v1,14.5,REML,0.0,0.0022211049631418955
binary,apep_1227_v1,15.93,REML,0.0,0.0033880303981529123
binary,apep_1229_v1,10.97,REML,0.0,0.0018389492154731078
binary,apep_1232_v1,22.2,REML,0.0,0.0020820021828169906
binary,apep_1234_v1,18.53,REML,0.0,0.0006152965972250297
binary,apep_1236_v1,14.81,REML,0.0,0.0033117884416661025
binary,apep_1240_v1,19.0,REML,0.0,0.003357968183968858
binary,apep_1246_v1,22.78,REML,0.0,0.003394217638651466
binary,apep_1248_v1,22.39,REML,0.0,0.0033863666008768735
binary,apep_1254_v1,16.76,REML,0.0,0.0032919185852466797
binary,apep_1263_v1,10.79,REML,0.0,0.0009139788063612876
binary,apep_1264_v1,16.18,REML,0.0,0.003072810587192974
binary,apep_1269_v1,20.77,REML,0.0,0.003388642299796433
binary,apep_1271_v1,22.43,REML,0.0,0.0033338836664676464
binary,apep_1272_v1,9.31,REML,0.0,0.003180870180375442
binary,apep_1277_v1,31.84,REML,0.0,0.003358258887615941
binary,apep_1278_v1,26.95,REML,0.0,0.002927359669457258
binary,apep_1283_v1,29.1,REML,0.0,0.002382176172825338
binary,apep_1287_v1,33.47,REML,0.0,0.0024240827360394153
binary,apep_1288_v1,23.79,REML,0.0,0.0034051105224137484
binary,apep_1293_v1,26.35,REML,0.0,0.0034158053165200936
binary,apep_1300_v1,29.38,REML,0.0,0.0033983631263146664
binary,apep_1315_v1,12.23,REML,0.0,0.0029010985317541164
binary,apep_1317_v1,28.57,REML,0.0,0.0034077764121331405
binary,apep_1318_v1,19.11,REML,0.0,0.0010973700160998626
binary,apep_1322_v1,17.09,REML,0.0,0.0032082645986835716
binary,apep_1323_v1,14.05,REML,0.0,0.0030337496496141898
binary,apep_1328_v1,24.54,REML,0.0,0.0029546268372311582
binary,apep_1333_v1,21.96,REML,0.0,0.0026982675112187
binary,apep_1334_v1,36.31,REML,0.0,0.003408761743298896
binary,apep_1335_v1,22.21,REML,0.0,0.003415474301311188
binary,apep_1340_v1,28.02,REML,0.0,0.0032826905496329125
binary,apep_1343_v1,12.29,REML,0.0,0.003319297096158288
binary,apep_1346_v1,21.3,REML,0.0,0.0028219673021892227
binary,apep_1350_v1,15.47,REML,0.0,0.002838404729579341
binary,apep_1389_v1,24.03,REML,0.0,0.0033369382141154504
binary,apep_1390_v1,34.48,REML,0.0,0.0034116859927729275
binary,apep_1394_v1,17.66,REML,0.0,0.0025426100205476056
binary,apep_1399_v1,14.89,REML,0.0,0.003138513440570154
binary,apep_1400_v1,29.43,REML,0.0,0.0033000524106151486
binary,apep_1404_v1,21.56,REML,0.0,0.0009304329012103977
binary,apep_1407_v1,33.64,REML,0.0,0.003377830752112211
binary,apep_1408_v1,19.27,REML,0.0,0.0028997073225578637
binary,apep_1409_v1,21.08,REML,0.0,0.0033504772806645026
binary,apep_1413_v1,13.29,REML,0.0,0.0005048096682154776
binary,apep_1414_v1,22.82,REML,0.0,0.003397701836852409
binary,apep_1415_v1,14.44,REML,0.0,0.0032633729133396323
binary,apep_1423_v1,25.72,REML,0.0,0.003319665822997973
binary,apep_1425_v1,29.97,REML,0.0,0.0033844392288918386
binary,apep_1426_v1,17.1,REML,0.0,0.002520324527133651
binary,apep_1428_v1,10.73,REML,0.0,0.003279693489479964
binary,apep_1437_v1,20.32,REML,0.0,0.002068425850990107
binary,apep_1439_v1,16.48,REML,0.0,0.002321623180998088
binary,apep_1440_v1,13.35,REML,0.0,0.0033185577182557905
binary,apep_1441_v1,29.88,REML,0.0,0.0034129795773041047
binary,apep_1442_v1,11.71,REML,0.0,0.0033258355822138826
binary,apep_1444_v1,26.47,REML,0.0,0.0033820038929560864
binary,apep_1445_v1,30.87,REML,0.0,0.001936371582438826
binary,apep_1446_v1,25.83,REML,0.0,0.0032031013580561545
binary,apep_1448_v1,28.53,REML,0.0,0.0030337496496141898
binary,apep_1455_v1,17.44,REML,0.0,0.0017755088225925332
binary,apep_1456_v1,16.37,REML,0.0,0.0015223580597002071
binary,apep_1458_v1,24.32,REML,0.0,0.0032984452972986728
binary,apep_1459_v1,17.59,REML,0.0,0.003412473574522167
binary,apep_1460_v1,31.6,REML,0.0,0.0014580177960636955
binary,apep_0593_v1,19.01,REML,0.5,0.003256552959167489
binary,apep_0595_v1,16.8,REML,0.5,0.0022413867296996828
binary,apep_0599_v1,22.62,REML,0.5,0.0036197646980005316
binary,apep_0600_v1,13.99,REML,0.5,0.0025411524589468966
binary,apep_0602_v1,18.73,REML,0.5,0.002665699120949112
binary,apep_0605_v1,25.93,REML,0.5,0.0037442212820589195
binary,apep_0606_v1,15.3,REML,0.5,0.0022265617374475494
binary,apep_0608_v1,21.27,REML,0.5,0.0034664251212834867
binary,apep_0614_v1,19.46,REML,0.5,0.003342288368228797
binary,apep_0622_v1,12.04,REML,0.5,0.0027859468375605
binary,apep_0624_v1,26.01,REML,0.5,0.0038509004701930746
binary,apep_0625_v1,27.13,REML,0.5,0.0038708293910170778
binary,apep_0627_v1,17.02,REML,0.5,0.0031768062251584144
binary,apep_0630_v1,18.76,REML,0.5,0.0033038820735589282
binary,apep_0636_v1,18.58,REML,0.5,0.0032150671917660864
binary,apep_0638_v1,24.82,REML,0.5,0.0038152662493855256
binary,apep_0639_v1,22.01,REML,0.5,0.0015251732106227021
binary,apep_0640_v1,20.18,REML,0.5,0.0034331173661518734
binary,apep_0641_v1,26.22,REML,0.5,0.0038493403252807695
binary,apep_0643_v1,8.46,REML,0.5,0.0016476828040167693
binary,apep_0644_v1,20.14,REML,0.5,0.0033908658575968437
binary,apep_0648_v1,20.54,REML,0.5,0.003256663423484446
binary,apep_0652_v1,14.58,REML,0.5,0.0013652371461782351
binary,apep_0653_v1,19.74,REML,0.5,0.00312595046765676
binary,apep_0654_v1,25.06,REML,0.5,0.0037022232489788754
binary,apep_0655_v1,16.36,REML,0.5,0.003140810265919241
binary,apep_0658_v1,15.52,REML,0.5,0.00306728506631023
binary,apep_0660_v1,20.22,REML,0.5,0.0034412944087839213
binary,apep_0662_v1,21.09,REML,0.5,0.0033471658656850927
binary,apep_0663_v1,23.31,REML,0.5,0.0036849955165153443
binary,apep_0666_v1,10.07,REML,0.5,0.002752033751920489
binary,apep_0667_v1,16.79,REML,0.5,0.0029397898754833416
binary,apep_0669_v1,16.11,REML,0.5,0.0031005024667006215
binary,apep_0674_v1,19.21,REML,0.5,0.0033017179433107125
binary,apep_0675_v1,22.84,REML,0.5,0.0030961745567394654
binary,apep_0677_v1,11.22,REML,0.5,0.002745912830967701
binary,apep_0678_v1,22.6,REML,0.5,0.0029041003691865673
binary,apep_0681_v1,26.53,REML,0.5,0.003696256966304024
binary,apep_0683_v1,15.95,REML,0.5,0.0028109682844904204
binary,apep_0685_v1,27.67,REML,0.5,0.00392055916414303
binary,apep_0686_v1,18.03,REML,0.5,0.0010246839671047663
binary,apep_0688_v1,6.6,REML,0.5,0.002415394251309009
binary,apep_0689_v1,13.6,REML,0.5,0.002927789581824872
binary,apep_0692_v1,25.91,REML,0.5,0.0038416728591902797
binary,apep_0693_v1,18.49,REML,0.5,0.003273214579931558
binary,apep_0694_v1,17.97,REML,0.5,0.0014104531593178433
binary,apep_0696_v1,13.59,REML,0.5,0.002726251356500006
binary,apep_0701_v1,17.76,REML,0.5,0.0032167724839433517
binary,apep_0702_v1,21.16,REML,0.5,0.0023320144635808632
binary,apep_0703_v1,15.34,REML,0.5,0.0030625755012943486
binary,apep_0704_v1,24.37,REML,0.5,0.0037653221187475367
binary,apep_0706_v1,21.14,REML,0.5,0.0034403582642715284
binary,apep_0709_v1,13.78,REML,0.5,0.002653206140853222
binary,apep_0711_v1,15.97,REML,0.5,0.00311482477715053
binary,apep_0713_v1,17.24,REML,0.5,0.0032049498552096187
binary,apep_0714_v1,21.47,REML,0.5,0.0034820983168735004
binary,apep_0715_v1,14.67,REML,0.5,0.0027749707766763186
binary,apep_0718_v1,13.65,REML,0.5,0.0028974673884320954
binary,apep_0719_v1,22.59,REML,0.5,0.003105877928148837
binary,apep_0723_v1,20.93,REML,0.5,0.0024543226282971635
binary,apep_0730_v1,16.5,REML,0.5,0.0029296088571571866
binary,apep_0732_v1,19.94,REML,0.5,0.0032682944841300916
binary,apep_0733_v1,19.01,REML,0.5,0.0033174647640673936
binary,apep_0734_v1,25.67,REML,0.5,0.003729824263709264
binary,apep_0739_v1,16.7,REML,0.5,0.0031467747121281
binary,apep_0741_v1,18.31,REML,0.5,0.0023831249961518124
binary,apep_0744_v1,17.48,REML,0.5,0.0032109297226563136
binary,apep_0745_v1,11.78,REML,0.5,0.00276712353123507
binary,apep_0748_v1,13.21,REML,0.5,0.0026456807097397935
binary,apep_0750_v1,12.82,REML,0.5,0.0007524455188720906
binary,apep_0752_v1,11.85,REML,0.5,0.0025549761299104344
binary,apep_0754_v1,23.76,REML,0.5,0.0006064636435484445
binary,apep_0755_v1,19.53,REML,0.5,0.00337012575331084
binary,apep_0756_v1,28.29,REML,0.5,0.0038809310188206818
binary,apep_0757_v1,22.79,REML,0.5,0.0036511600000564202
binary,apep_0758_v1,15.64,REML,0.5,0.0027066512574938197
binary,apep_0759_v1,19.19,REML,0.5,0.003045392674268272
binary,apep_0762_v1,10.86,REML,0.5,0.0026456827780555058
binary,apep_0763_v1,13.28,REML,0.5,0.0028978862381490774
binary,apep_0765_v1,10.79,REML,0.5,0.002780007946341864
binary,apep_0766_v1,20.54,REML,0.5,0.0034264110233760566
binary,apep_0767_v1,20.15,REML,0.5,0.003155629755097992
binary,apep_0768_v1,23.93,REML,0.5,0.003684720886162821
binary,apep_0772_v1,15.62,REML,0.5,0.003083442610858837
binary,apep_0774_v1,24.0,REML,0.5,0.003772574710981145
binary,apep_0775_v1,18.19,REML,0.5,0.0032530900812066357
binary,apep_0777_v1,12.67,REML,0.5,0.0020594097651192504
binary,apep_0778_v1,9.14,REML,0.5,0.002122700423438073
binary,apep_0779_v1,13.4,REML,0.5,0.002905045280941796
binary,apep_0781_v1,17.04,REML,0.5,0.0031840148662813667
binary,apep_0783_v1,25.8,REML,0.5,0.00384569044491391
binary,apep_0784_v1,21.06,REML,0.5,0.00350224388308739
binary,apep_0785_v1,16.62,REML,0.5,0.0031363498990320177
binary,apep_0786_v1,15.54,REML,0.5,0.002910086281508396
binary,apep_0787_v1,14.42,REML,0.5,0.0009785039789164858
binary,apep_0789_v1,23.48,REML,0.5,0.0030195975338638027
binary,apep_0790_v1,10.63,REML,0.5,0.001527512243541282
binary,apep_0795_v1,26.35,REML,0.5,0.003847042813623321
binary,apep_0797_v1,26.95,REML,0.5,0.003660433437687149
binary,apep_0798_v1,15.53,REML,0.5,0.0030438626324856533
binary,apep_0799_v1,12.06,REML,0.5,0.0028402987188671934
binary,apep_0800_v1,26.35,REML,0.5,0.0038839793578668218
binary,apep_0804_v1,21.6,REML,0.5,0.003558792789293892
binary,apep_0805_v1,18.17,REML,0.5,0.0027556639607090806
binary,apep_0806_v1,23.25,REML,0.5,0.0036519337279694503
binary,apep_0807_v1,18.19,REML,0.5,0.0032336106103703316
binary,apep_0808_v1,18.71,REML,0.5,0.0032994629023422274
binary,apep_0810_v1,22.17,REML,0.5,0.0035938136451234845
binary,apep_0815_v1,23.52,REML,0.5,0.003735226482526647
binary,apep_0823_v1,23.35,REML,0.5,0.003724678479267551
binary,apep_0827_v1,13.84,REML,0.5,0.0014289398023064296
binary,apep_0828_v1,19.01,REML,0.5,0.0027944921460309343
binary,apep_0832_v1,13.81,REML,0.5,0.0029147015167602435
binary,apep_0835_v1,13.38,REML,0.5,0.0021159181972216197
binary,apep_0837_v1,12.22,REML,0.5,0.002639500831484872
binary,apep_0841_v1,15.26,REML,0.5,0.002707413410973236
binary,apep_0842_v2,27.67,REML,0.5,0.0036857721776612992
binary,apep_0843_v1,20.0,REML,0.5,0.003409825708276629
binary,apep_0846_v1,20.63,REML,0.5,0.0032821164370699335
binary,apep_0848_v1,19.3,REML,0.5,0.0033647907983091288
binary,apep_0849_v1,21.05,REML,0.5,0.002883903902547186
binary,apep_0850_v1,21.66,REML,0.5,0.003480884437098656
binary,apep_0852_v1,19.7,REML,0.5,0.0033643906870028536
binary,apep_0853_v1,26.42,REML,0.5,0.0038769133122506555
binary,apep_0860_v1,15.83,REML,0.5,0.003098799387428641
binary,apep_0862_v1,14.8,REML,0.5,0.0028802447970757684
binary,apep_0867_v1,12.9,REML,0.5,0.0028640073264569084
binary,apep_0868_v1,17.37,REML,0.5,0.0032110800989181925
binary,apep_0870_v1,15.8,REML,0.5,0.003062770425254351
binary,apep_0871_v1,21.83,REML,0.5,0.0034360626301543373
binary,apep_0872_v1,12.75,REML,0.5,0.0026408668449499
binary,apep_0875_v1,13.89,REML,0.5,0.002922248372310825
binary,apep_0878_v1,24.69,REML,0.5,0.0038036614174422334
binary,apep_0882_v1,23.13,REML,0.5,0.0035552965429315013
binary,apep_0884_v1,25.21,REML,0.5,0.0038141556795211933
binary,apep_0885_v1,18.31,REML,0.5,0.0032362252329280056
binary,apep_0887_v1,20.09,REML,0.5,0.0034055357974204386
binary,apep_0890_v1,13.39,REML,0.5,0.0028725852134364126
binary,apep_0891_v1,6.56,REML,0.5,0.00268385606650844
binary,apep_0896_v1,15.18,REML,0.5,0.003026730494545158
binary,apep_0902_v1,18.61,REML,0.5,0.0032211108304354965
binary,apep_0905_v1,23.54,REML,0.5,0.0036291126252238942
binary,apep_0906_v1,24.59,REML,0.5,0.0037192161434180305
binary,apep_0907_v1,22.68,REML,0.5,0.003393501495679607
binary,apep_0913_v1,17.57,REML,0.5,0.0032137753667476213
binary,apep_0915_v1,28.45,REML,0.5,0.003923266173396109
binary,apep_0918_v1,19.91,REML,0.5,0.0032501721963917735
binary,apep_0920_v1,16.96,REML,0.5,0.002995815934407133
binary,apep_0922_v1,22.78,REML,0.5,0.003649291054774801
binary,apep_0925_v1,14.9,REML,0.5,0.0011080262457634478
binary,apep_0927_v1,15.31,REML,0.5,0.0030068172380446827
binary,apep_0929_v1,20.3,REML,0.5,0.003410986776042252
binary,apep_0931_v1,18.34,REML,0.5,0.003260227624203647
binary,apep_0934_v1,20.73,REML,0.5,0.003465209914579707
binary,apep_0935_v1,15.11,REML,0.5,0.0029885204936525543
binary,apep_0936_v1,22.99,REML,0.5,0.0035747786046169405
binary,apep_0939_v1,12.21,REML,0.5,0.002840623804914068
binary,apep_0946_v1,18.83,REML,0.5,0.0026438699346393096
binary,apep_0957_v1,26.42,REML,0.5,0.0038839500376464716
binary,apep_0960_v1,14.37,REML,0.5,0.0029570824066182185
binary,apep_0961_v1,22.38,REML,0.5,0.003222142277734476
binary,apep_0969_v1,12.7,REML,0.5,0.0027262308192716926
binary,apep_0970_v1,24.08,REML,0.5,0.0032721514079968785
binary,apep_0972_v1,17.7,REML,0.5,0.002955357485947377
binary,apep_0973_v1,18.85,REML,0.5,0.001386319924638202
binary,apep_0974_v1,23.95,REML,0.5,0.0035562630475217912
binary,apep_0975_v1,22.17,REML,0.5,0.0029478030876085243
binary,apep_0977_v1,24.22,REML,0.5,0.0036406840535696456
binary,apep_0979_v1,18.39,REML,0.5,0.003093049760312963
binary,apep_0980_v1,24.11,REML,0.5,0.0037856155848178695
binary,apep_0981_v1,23.31,REML,0.5,0.0030863836316287973
binary,apep_0982_v1,15.34,REML,0.5,0.003057051301442752
binary,apep_0984_v1,19.78,REML,0.5,0.002919169609106236
binary,apep_0985_v1,23.32,REML,0.5,0.002459833332138648
binary,apep_0987_v1,19.45,REML,0.5,0.0033672178966031446
binary,apep_0989_v1,26.57,REML,0.5,0.0039055456888242883
binary,apep_0992_v1,26.14,REML,0.5,0.003852722443277226
binary,apep_0993_v1,15.49,REML,0.5,0.0026711671495184223
binary,apep_0998_v1,15.21,REML,0.5,0.0030394105566235396
binary,apep_1001_v1,20.81,REML,0.5,0.0034164632919874154
binary,apep_1006_v1,29.11,REML,0.5,0.0037638832537912367
binary,apep_1007_v1,16.21,REML,0.5,0.002923803778127613
binary,apep_1012_v1,21.19,REML,0.5,0.003313799456938943
binary,apep_1014_v1,20.74,REML,0.5,0.003242067009058225
binary,apep_1015_v1,19.43,REML,0.5,0.0033491447524559076
binary,apep_1017_v1,19.48,REML,0.5,0.0022262012393167614
binary,apep_1019_v1,22.85,REML,0.5,0.00366654883781754
binary,apep_1021_v1,27.11,REML,0.5,0.0010734256161210962
binary,apep_1025_v1,14.67,REML,0.5,0.0023930874795867283
binary,apep_1028_v1,21.59,REML,0.5,0.0034392109804223673
binary,apep_1030_v1,13.94,REML,0.5,0.0025464988628794484
binary,apep_1031_v1,19.45,REML,0.5,0.0033674424805175186
binary,apep_1032_v1,21.1,REML,0.5,0.0034743869750686646
binary,apep_1033_v1,15.93,REML,0.5,0.0018623183020889014
binary,apep_1034_v1,22.64,REML,0.5,0.0026735865738810034
binary,apep_1035_v1,15.19,REML,0.5,0.002053230462617113
binary,apep_1046_v1,32.63,REML,0.5,0.004047923062347278
binary,apep_1049_v1,23.12,REML,0.5,0.003355078183921664
binary,apep_1054_v1,22.36,REML,0.5,0.003589998197144906
binary,apep_1057_v1,24.15,REML,0.5,0.003573449337358049
binary,apep_1065_v1,28.74,REML,0.5,0.003897571747209259
binary,apep_1066_v1,10.06,REML,0.5,0.0024460940864253363
binary,apep_1068_v1,36.38,REML,0.5,0.0032940356859216375
binary,apep_1069_v1,16.81,REML,0.5,0.0031678777626502662
binary,apep_1072_v1,34.75,REML,0.5,0.0035069737297414253
binary,apep_1073_v1,20.32,REML,0.5,0.0034383513287042713
binary,apep_1074_v1,15.22,REML,0.5,0.0027264628590616675
binary,apep_1076_v1,28.93,REML,0.5,0.0039644082858475765
binary,apep_1077_v1,21.75,REML,0.5,0.003543985556302465
binary,apep_1081_v1,10.2,REML,0.5,0.0012841236649199562
binary,apep_1082_v1,10.47,REML,0.5,0.002347804778668648
binary,apep_1083_v1,30.32,REML,0.5,0.003951851460949409
binary,apep_1084_v1,29.19,REML,0.5,0.0037671890695339934
binary,apep_1086_v1,37.54,REML,0.5,0.004082697544134941
binary,apep_1087_v1,9.61,REML,0.5,0.0025886795464915005
binary,apep_1088_v1,8.89,REML,0.5,0.002607582395055726
binary,apep_1089_v1,23.22,REML,0.5,0.0035398324966586605
binary,apep_1091_v1,23.92,REML,0.5,0.003534040506552826
binary,apep_1093_v1,18.54,REML,0.5,0.0032899476195039383
binary,apep_1094_v1,22.17,REML,0.5,0.003466492189378836
binary,apep_1095_v1,13.64,REML,0.5,0.0028942981529967845
binary,apep_1102_v1,33.31,REML,0.5,0.003046092031763142
binary,apep_1107_v1,28.43,REML,0.5,0.00314348252891571
binary,apep_1108_v1,19.67,REML,0.5,0.003388397692516953
binary,apep_1112_v1,31.53,REML,0.5,0.003948215669344501
binary,apep_1120_v1,11.62,REML,0.5,0.0023571532642737824
binary,apep_1121_v1,18.98,REML,0.5,0.002600183852332269
binary,apep_1123_v1,20.84,REML,0.5,0.0030163622119800384
binary,apep_1127_v1,32.2,REML,0.5,0.0015388045260625372
binary,apep_1130_v1,13.22,REML,0.5,0.0019860847139325077
binary,apep_1132_v1,11.56,REML,0.5,0.0014478225495430114
binary,apep_1134_v1,15.44,REML,0.5,0.003060742212287611
binary,apep_1135_v1,26.26,REML,0.5,0.0038715037472474537
binary,apep_1136_v1,20.62,REML,0.5,0.0011246532617277011
binary,apep_1143_v1,14.64,REML,0.5,0.0029881753090946293
binary,apep_1144_v1,27.52,REML,0.5,0.003880602176348275
binary,apep_1146_v1,21.67,REML,0.5,0.003291754553222176
binary,apep_1147_v1,13.07,REML,0.5,0.002610103741729233
binary,apep_1154_v1,23.63,REML,0.5,0.0035384777517572753
binary,apep_1157_v1,26.58,REML,0.5,0.003832314109641479
binary,apep_1161_v1,31.64,REML,0.5,0.003946792522363412
binary,apep_1162_v1,14.44,REML,0.5,0.0029762478697142394
binary,apep_1166_v1,19.81,REML,0.5,0.0033850386606197984
binary,apep_1169_v1,12.2,REML,0.5,0.0028403826379409356
binary,apep_1172_v1,30.18,REML,0.5,0.003033036420677613
binary,apep_1174_v1,9.76,REML,0.5,0.002754021164532336
binary,apep_1178_v1,22.37,REML,0.5,0.003374282030438783
binary,apep_1180_v1,11.06,REML,0.5,0.002749582049252966
binary,apep_1181_v1,22.75,REML,0.5,0.003275751162445644
binary,apep_1182_v1,14.78,REML,0.5,0.0030096364272850064
binary,apep_1183_v1,24.78,REML,0.5,0.003817200640456566
binary,apep_1185_v1,11.95,REML,0.5,0.002791496004870812
binary,apep_1186_v1,21.45,REML,0.5,0.0035254572903205494
binary,apep_1194_v1,23.6,REML,0.5,0.0033397121625103818
binary,apep_1199_v1,14.55,REML,0.5,0.002885626991599009
binary,apep_1201_v1,11.49,REML,0.5,0.0027377209711545274
binary,apep_1202_v1,23.26,REML,0.5,0.0011884369907220738
binary,apep_1203_v1,32.77,REML,0.5,0.003962893664728995
binary,apep_1206_v1,23.0,REML,0.5,0.0036751300225273805
binary,apep_1207_v1,18.52,REML,0.5,4.2267269347345616e-05
binary,apep_1208_v1,20.78,REML,0.5,0.0003601491382837856
binary,apep_1209_v1,16.84,REML,0.5,0.003039344643413723
binary,apep_1211_v1,24.08,REML,0.5,0.0037483947824097667
binary,apep_1212_v1,31.41,REML,0.5,0.004019682183499014
binary,apep_1214_v1,22.99,REML,0.5,0.003633107396424976
binary,apep_1222_v1,25.21,REML,0.5,0.0037619894717140544
binary,apep_1225_v1,14.5,REML,0.5,0.0019418771019761754
binary,apep_1227_v1,15.93,REML,0.5,0.0030907111515787134
binary,apep_1229_v1,10.97,REML,0.5,0.0015058247754149642
binary,apep_1232_v1,22.2,REML,0.5,0.002196608057262384
binary,apep_1234_v1,18.53,REML,0.5,0.0005928136878142633
binary,apep_1236_v1,14.81,REML,0.5,0.002927372209663677
binary,apep_1240_v1,19.0,REML,0.5,0.003275734324309066
binary,apep_1246_v1,22.78,REML,0.5,0.003636274734062803
binary,apep_1248_v1,22.39,REML,0.5,0.0035931766913530013
binary,apep_1254_v1,16.76,REML,0.5,0.0030526214485051217
binary,apep_1263_v1,10.79,REML,0.5,0.0007456586072257081
binary,apep_1264_v1,16.18,REML,0.5,0.002819817097822443
binary,apep_1269_v1,20.77,REML,0.5,0.0034567496820023065
binary,apep_1271_v1,22.43,REML,0.5,0.0035415061422059725
binary,apep_1272_v1,9.31,REML,0.5,0.0025586592717942646
binary,apep_1277_v1,31.84,REML,0.5,0.003972095833910569
binary,apep_1278_v1,26.95,REML,0.5,0.003361895634414795
binary,apep_1283_v1,29.1,REML,0.5,0.0027774106178764337
binary,apep_1287_v1,33.47,REML,0.5,0.0028817730100087115
binary,apep_1288_v1,23.79,REML,0.5,0.0037443749161966597
binary,apep_1293_v1,26.35,REML,0.5,0.0038878572783366816
binary,apep_1300_v1,29.38,REML,0.5,0.003974482269484706
binary,apep_1315_v1,12.23,REML,0.5,0.002428007202428648
binary,apep_1317_v1,28.57,REML,0.5,0.003960851551779447
binary,apep_1318_v1,19.11,REML,0.5,0.0010757860001511987
binary,apep_1322_v1,17.09,REML,0.5,0.0030059781413397406
binary,apep_1323_v1,14.05,REML,0.5,0.0026340800294217355
binary,apep_1328_v1,24.54,REML,0.5,0.0032952950251372262
binary,apep_1333_v1,21.96,REML,0.5,0.002830538204489387
binary,apep_1334_v1,36.31,REML,0.5,0.004068800239062528
binary,apep_1335_v1,22.21,REML,0.5,0.0036075983843784553
binary,apep_1340_v1,28.02,REML,0.5,0.003795685015104173
binary,apep_1343_v1,12.29,REML,0.5,0.0027820088146015853
binary,apep_1346_v1,21.3,REML,0.5,0.0029262949198221038
binary,apep_1350_v1,15.47,REML,0.5,0.0025568235640254966
binary,apep_1389_v1,24.03,REML,0.5,0.003689516693906441
binary,apep_1390_v1,34.48,REML,0.5,0.004064068013883623
binary,apep_1394_v1,17.66,REML,0.5,0.002406806551332893
binary,apep_1399_v1,14.89,REML,0.5,0.0027779922788794802
binary,apep_1400_v1,29.43,REML,0.5,0.0038634819144649536
binary,apep_1404_v1,21.56,REML,0.5,0.0009681945695568782
binary,apep_1407_v1,33.64,REML,0.5,0.004019668429495638
binary,apep_1408_v1,19.27,REML,0.5,0.002853156511049904
binary,apep_1409_v1,21.08,REML,0.5,0.0034460807053782127
binary,apep_1413_v1,13.29,REML,0.5,0.00042918044275920455
binary,apep_1414_v1,22.82,REML,0.5,0.003650243647582257
binary,apep_1415_v1,14.44,REML,0.5,0.0028472166327140054
binary,apep_1423_v1,25.72,REML,0.5,0.003738427083741487
binary,apep_1425_v1,29.97,REML,0.5,0.003970433417802857
binary,apep_1426_v1,17.1,REML,0.5,0.0023644510319428087
binary,apep_1428_v1,10.73,REML,0.5,0.0026697700235093977
binary,apep_1437_v1,20.32,REML,0.5,0.0020913039565278965
binary,apep_1439_v1,16.48,REML,0.5,0.002141668099636574
binary,apep_1440_v1,13.35,REML,0.5,0.0028253794567090736
binary,apep_1441_v1,29.88,REML,0.5,0.003999802439151944
binary,apep_1442_v1,11.71,REML,0.5,0.002747410007797231
binary,apep_1444_v1,26.47,REML,0.5,0.0038656869371559133
binary,apep_1445_v1,30.87,REML,0.5,0.0022786424795046773
binary,apep_1446_v1,25.83,REML,0.5,0.0036148784990370645
binary,apep_1448_v1,28.53,REML,0.5,0.00352246510527112
binary,apep_1455_v1,17.44,REML,0.5,0.0016721185251706815
binary,apep_1456_v1,16.37,REML,0.5,0.0014025215465700124
binary,apep_1458_v1,24.32,REML,0.5,0.0036708059510704174
binary,apep_1459_v1,17.59,REML,0.5,0.0032260974825029853
binary,apep_1460_v1,31.6,REML,0.5,0.0017210064839779623
binary,apep_0593_v1,19.01,REML,1.0,0.003207764535777837
binary,apep_0595_v1,16.8,REML,1.0,0.002128953850266631
binary,apep_0599_v1,22.62,REML,1.0,0.003768249036536614
binary,apep_0600_v1,13.99,REML,1.0,0.0022826031654530677
binary,apep_0602_v1,18.73,REML,1.0,0.0026100241887980604
binary,apep_0605_v1,25.93,REML,1.0,0.004031929979724968
binary,apep_0606_v1,15.3,REML,1.0,0.002052804503310209
binary,apep_0608_v1,21.27,REML,1.0,0.0035458503500499436
binary,apep_0614_v1,19.46,REML,1.0,0.00331982224028195
binary,apep_0622_v1,12.04,REML,1.0,0.002409723332919205
binary,apep_0624_v1,26.01,REML,1.0,0.004149211383844044
binary,apep_0625_v1,27.13,REML,1.0,0.00420867364009594
binary,apep_0627_v1,17.02,REML,1.0,0.0030291456560013388
binary,apep_0630_v1,18.76,REML,1.0,0.0032376856329351857
binary,apep_0636_v1,18.58,REML,1.0,0.003139681712119662
binary,apep_0638_v1,24.82,REML,1.0,0.004086759491228652
binary,apep_0639_v1,22.01,REML,1.0,0.0015735731761392917
binary,apep_0640_v1,20.18,REML,1.0,0.003448600093141171
binary,apep_0641_v1,26.22,REML,1.0,0.0041523229320048535
binary,apep_0643_v1,8.46,REML,1.0,0.001375668936626952
binary,apep_0644_v1,20.14,REML,1.0,0.003400795677542865
binary,apep_0648_v1,20.54,REML,1.0,0.003285386932198838
binary,apep_0652_v1,14.58,REML,1.0,0.0012378207506836966
binary,apep_0653_v1,19.74,REML,1.0,0.003117614133262112
binary,apep_0654_v1,25.06,REML,1.0,0.00396802940921038
binary,apep_0655_v1,16.36,REML,1.0,0.002959771886882468
binary,apep_0658_v1,15.52,REML,1.0,0.002849163905674025
binary,apep_0660_v1,20.22,REML,1.0,0.0034595253084693184
binary,apep_0662_v1,21.09,REML,1.0,0.0034113110535544475
binary,apep_0663_v1,23.31,REML,1.0,0.0038831548628607865
binary,apep_0666_v1,10.07,REML,1.0,0.002321476671266111
binary,apep_0667_v1,16.79,REML,1.0,0.0027896003882169032
binary,apep_0669_v1,16.11,REML,1.0,0.002912966563159274
binary,apep_0674_v1,19.21,REML,1.0,0.0032632417935426123
binary,apep_0675_v1,22.84,REML,1.0,0.003240458335411483
binary,apep_0677_v1,11.22,REML,1.0,0.0023493535459538657
binary,apep_0678_v1,22.6,REML,1.0,0.003021181517080007
binary,apep_0681_v1,26.53,REML,1.0,0.004005404298102781
binary,apep_0683_v1,15.95,REML,1.0,0.00263557845157021
binary,apep_0685_v1,27.67,REML,1.0,0.004268639830006246
binary,apep_0686_v1,18.03,REML,1.0,0.0009899576481462204
binary,apep_0688_v1,6.6,REML,1.0,0.002013623260501511
binary,apep_0689_v1,13.6,REML,1.0,0.0026047082544104886
binary,apep_0692_v1,25.91,REML,1.0,0.004134465542464515
binary,apep_0693_v1,18.49,REML,1.0,0.003185186760844809
binary,apep_0694_v1,17.97,REML,1.0,0.0013614056143312924
binary,apep_0696_v1,13.59,REML,1.0,0.002422440179346496
binary,apep_0701_v1,17.76,REML,1.0,0.0031020588535415794
binary,apep_0702_v1,21.16,REML,1.0,0.002381962692453265
binary,apep_0703_v1,15.34,REML,1.0,0.002831198640330968
binary,apep_0704_v1,24.37,REML,1.0,0.004021197573936142
binary,apep_0706_v1,21.14,REML,1.0,0.0035114661977491794
binary,apep_0709_v1,13.78,REML,1.0,0.002369046567282299
binary,apep_0711_v1,15.97,REML,1.0,0.0029234531425680033
binary,apep_0713_v1,17.24,REML,1.0,0.0030676586710182137
binary,apep_0714_v1,21.47,REML,1.0,0.0035696420008142016
binary,apep_0715_v1,14.67,REML,1.0,0.0025231781669556906
binary,apep_0718_v1,13.65,REML,1.0,0.0025840177181211577
binary,apep_0719_v1,22.59,REML,1.0,0.0032289004366876264
binary,apep_0723_v1,20.93,REML,1.0,0.002493919057980236
binary,apep_0730_v1,16.5,REML,1.0,0.0027690137269813825
binary,apep_0732_v1,19.94,REML,1.0,0.003270065903572508
binary,apep_0733_v1,19.01,REML,1.0,0.003267763783454154
binary,apep_0734_v1,25.67,REML,1.0,0.004004705344683253
binary,apep_0739_v1,16.7,REML,1.0,0.002980158108066013
binary,apep_0741_v1,18.31,REML,1.0,0.0023117814739647383
binary,apep_0744_v1,17.48,REML,1.0,0.0030820783678888086
binary,apep_0745_v1,11.78,REML,1.0,0.002383784983418015
binary,apep_0748_v1,13.21,REML,1.0,0.0023274983881313017
binary,apep_0750_v1,12.82,REML,1.0,0.000659423320769856
binary,apep_0752_v1,11.85,REML,1.0,0.0022040079023279264
binary,apep_0754_v1,23.76,REML,1.0,0.0006425246451405004
binary,apep_0755_v1,19.53,REML,1.0,0.003352958718146852
binary,apep_0756_v1,28.29,REML,1.0,0.004231299408849761
binary,apep_0757_v1,22.79,REML,1.0,0.00381624721643456
binary,apep_0758_v1,15.64,REML,1.0,0.0025247316667431604
binary,apep_0759_v1,19.19,REML,1.0,0.0030073789602044817
binary,apep_0762_v1,10.86,REML,1.0,0.002254146800067856
binary,apep_0763_v1,13.28,REML,1.0,0.0025558208558736956
binary,apep_0765_v1,10.79,REML,1.0,0.0023635943109599684
binary,apep_0766_v1,20.54,REML,1.0,0.003456631692229741
binary,apep_0767_v1,20.15,REML,1.0,0.0031673688765927956
binary,apep_0768_v1,23.93,REML,1.0,0.003911120667800515
binary,apep_0772_v1,15.62,REML,1.0,0.002873203673376559
binary,apep_0774_v1,24.0,REML,1.0,0.004009329485076538
binary,apep_0775_v1,18.19,REML,1.0,0.0031500054258572353
binary,apep_0777_v1,12.67,REML,1.0,0.001797829477114206
binary,apep_0778_v1,9.14,REML,1.0,0.0017775447618431858
binary,apep_0779_v1,13.4,REML,1.0,0.0025781362109231713
binary,apep_0781_v1,17.04,REML,1.0,0.0030389307502589513
binary,apep_0783_v1,25.8,REML,1.0,0.004133960333526739
binary,apep_0784_v1,21.06,REML,1.0,0.003564066339160873
binary,apep_0785_v1,16.62,REML,1.0,0.0029673572810294414
binary,apep_0786_v1,15.54,REML,1.0,0.002708833735273748
binary,apep_0787_v1,14.42,REML,1.0,0.0008820556364764694
binary,apep_0789_v1,23.48,REML,1.0,0.003189084671689624
binary,apep_0790_v1,10.63,REML,1.0,0.0012941033335022072
binary,apep_0795_v1,26.35,REML,1.0,0.004156991083445906
binary,apep_0797_v1,26.95,REML,1.0,0.003974380712580683
binary,apep_0798_v1,15.53,REML,1.0,0.002830386774689293
binary,apep_0799_v1,12.06,REML,1.0,0.002460020341865043
binary,apep_0800_v1,26.35,REML,1.0,0.004196903528540045
binary,apep_0804_v1,21.6,REML,1.0,0.0036561399206811837
binary,apep_0805_v1,18.17,REML,1.0,0.00266470640906379
binary,apep_0806_v1,23.25,REML,1.0,0.0038421327626933523
binary,apep_0807_v1,18.19,REML,1.0,0.003131143224905079
binary,apep_0808_v1,18.71,REML,1.0,0.003227740785920766
binary,apep_0810_v1,22.17,REML,1.0,0.003713059042023461
binary,apep_0815_v1,23.52,REML,1.0,0.003947381365072263
binary,apep_0823_v1,23.35,REML,1.0,0.003931242521283636
binary,apep_0827_v1,13.84,REML,1.0,0.0012789736282623038
binary,apep_0828_v1,19.01,REML,1.0,0.002752626139953616
binary,apep_0832_v1,13.81,REML,1.0,0.0026056750924261882
binary,apep_0835_v1,13.38,REML,1.0,0.0018731686406348376
binary,apep_0837_v1,12.22,REML,1.0,0.0022952120600682833
binary,apep_0841_v1,15.26,REML,1.0,0.0024934235126277066
binary,apep_0842_v2,27.67,REML,1.0,0.004013007650997382
binary,apep_0843_v1,20.0,REML,1.0,0.0034143927660941027
binary,apep_0846_v1,20.63,REML,1.0,0.0033174335731106044
binary,apep_0848_v1,19.3,REML,1.0,0.003331137960290817
binary,apep_0849_v1,21.05,REML,1.0,0.0029326236652230104
binary,apep_0850_v1,21.66,REML,1.0,0.003578656233316243
binary,apep_0852_v1,19.7,REML,1.0,0.0033527032006411333
binary,apep_0853_v1,26.42,REML,1.0,0.0041952349881766065
binary,apep_0860_v1,15.83,REML,1.0,0.002896517494585852
binary,apep_0862_v1,14.8,REML,1.0,0.002626314853802862
binary,apep_0867_v1,12.9,REML,1.0,0.002513158596848146
binary,apep_0868_v1,17.37,REML,1.0,0.0030764325393233525
binary,apep_0870_v1,15.8,REML,1.0,0.002859881799947889
binary,apep_0871_v1,21.83,REML,1.0,0.003540109219729862
binary,apep_0872_v1,12.75,REML,1.0,0.0023114095630377912
binary,apep_0875_v1,13.89,REML,1.0,0.0026186905852170496
binary,apep_0878_v1,24.69,REML,1.0,0.004069469984778133
binary,apep_0882_v1,23.13,REML,1.0,0.0037356233688497914
binary,apep_0884_v1,25.21,REML,1.0,0.004091630841840117
binary,apep_0885_v1,18.31,REML,1.0,0.003139342481464868
binary,apep_0887_v1,20.09,REML,1.0,0.003412806093262939
binary,apep_0890_v1,13.39,REML,1.0,0.002546182275386423
binary,apep_0891_v1,6.56,REML,1.0,0.0022340677529092143
binary,apep_0896_v1,15.18,REML,1.0,0.0027753115698255495
binary,apep_0902_v1,18.61,REML,1.0,0.003148341199619871
binary,apep_0905_v1,23.54,REML,1.0,0.0038376642081634524
binary,apep_0906_v1,24.59,REML,1.0,0.003976740286911426
binary,apep_0907_v1,22.68,REML,1.0,0.0035374705816131444
binary,apep_0913_v1,17.57,REML,1.0,0.0030876962398841542
binary,apep_0915_v1,28.45,REML,1.0,0.004282130111169572
binary,apep_0918_v1,19.91,REML,1.0,0.003249335921192511
binary,apep_0920_v1,16.96,REML,1.0,0.002853821444503708
binary,apep_0922_v1,22.78,REML,1.0,0.0038104863401877903
binary,apep_0925_v1,14.9,REML,1.0,0.0010137371567547659
binary,apep_0927_v1,15.31,REML,1.0,0.0027751692837944685
binary,apep_0929_v1,20.3,REML,1.0,0.0034317381149092776
binary,apep_0931_v1,18.34,REML,1.0,0.003166889614693418
binary,apep_0934_v1,20.73,REML,1.0,0.00350517585081154
binary,apep_0935_v1,15.11,REML,1.0,0.002737245902209262
binary,apep_0936_v1,22.99,REML,1.0,0.003747526281257396
binary,apep_0939_v1,12.21,REML,1.0,0.0024668441619889107
binary,apep_0946_v1,18.83,REML,1.0,0.0025931384473445143
binary,apep_0957_v1,26.42,REML,1.0,0.004202849477902089
binary,apep_0960_v1,14.37,REML,1.0,0.0026624876304226974
binary,apep_0961_v1,22.38,REML,1.0,0.003342912198567017
binary,apep_0969_v1,12.7,REML,1.0,0.0023830428890459364
binary,apep_0970_v1,24.08,REML,1.0,0.0034828492275868796
binary,apep_0972_v1,17.7,REML,1.0,0.002847338788632967
binary,apep_0973_v1,18.85,REML,1.0,0.0013608908924926894
binary,apep_0974_v1,23.95,REML,1.0,0.0037771089535161484
binary,apep_0975_v1,22.17,REML,1.0,0.0030456133760306376
binary,apep_0977_v1,24.22,REML,1.0,0.003883388447021213
binary,apep_0979_v1,18.39,REML,1.0,0.0030071859294104096
binary,apep_0980_v1,24.11,REML,1.0,0.004033072192889908
binary,apep_0981_v1,23.31,REML,1.0,0.0032523528330223386
binary,apep_0982_v1,15.34,REML,1.0,0.002826091792482761
binary,apep_0984_v1,19.78,REML,1.0,0.0029137349813100023
binary,apep_0985_v1,23.32,REML,1.0,0.0025945975386931575
binary,apep_0987_v1,19.45,REML,1.0,0.0033404555435243483
binary,apep_0989_v1,26.57,REML,1.0,0.004234580378575747
binary,apep_0992_v1,26.14,REML,1.0,0.004153575427070452
binary,apep_0993_v1,15.49,REML,1.0,0.0024785929425385103
binary,apep_0998_v1,15.21,REML,1.0,0.002793075778648847
binary,apep_1001_v1,20.81,REML,1.0,0.0034663685431784376
binary,apep_1006_v1,29.11,REML,1.0,0.004121508281902237
binary,apep_1007_v1,16.21,REML,1.0,0.0027525083401622125
binary,apep_1012_v1,21.19,REML,1.0,0.003387254711161052
binary,apep_1014_v1,20.74,REML,1.0,0.003281959538849266
binary,apep_1015_v1,19.43,REML,1.0,0.0033184044975960777
binary,apep_1017_v1,19.48,REML,1.0,0.0022130514173492703
binary,apep_1019_v1,22.85,REML,1.0,0.003839944192381252
binary,apep_1021_v1,27.11,REML,1.0,0.0011664656350983166
binary,apep_1025_v1,14.67,REML,1.0,0.0021759458264783626
binary,apep_1028_v1,21.59,REML,1.0,0.0035307560618780135
binary,apep_1030_v1,13.94,REML,1.0,0.0022846932023046313
binary,apep_1031_v1,19.45,REML,1.0,0.003340678342465431
binary,apep_1032_v1,21.1,REML,1.0,0.0035435872914630242
binary,apep_1033_v1,15.93,REML,1.0,0.0017434403760973752
binary,apep_1034_v1,22.64,REML,1.0,0.002785137912727306
binary,apep_1035_v1,15.19,REML,1.0,0.0018847522959189776
binary,apep_1046_v1,32.63,REML,1.0,0.00446763690457569
binary,apep_1049_v1,23.12,REML,1.0,0.0035229588512787264
binary,apep_1054_v1,22.36,REML,1.0,0.0037194330021685018
binary,apep_1057_v1,24.15,REML,1.0,0.00380935686897304
binary,apep_1065_v1,28.74,REML,1.0,0.00426101374761353
binary,apep_1066_v1,10.06,REML,1.0,0.00206040987515792
binary,apep_1068_v1,36.38,REML,1.0,0.0036504623347224778
binary,apep_1069_v1,16.81,REML,1.0,0.003011896915545547
binary,apep_1072_v1,34.75,REML,1.0,0.003882504448303484
binary,apep_1073_v1,20.32,REML,1.0,0.003463310827161684
binary,apep_1074_v1,15.22,REML,1.0,0.0025082331174194677
binary,apep_1076_v1,28.93,REML,1.0,0.004336422012036199
binary,apep_1077_v1,21.75,REML,1.0,0.003648715970607083
binary,apep_1081_v1,10.2,REML,1.0,0.0010847876631946216
binary,apep_1082_v1,10.47,REML,1.0,0.0019862066269953167
binary,apep_1083_v1,30.32,REML,1.0,0.0043434590248868435
binary,apep_1084_v1,29.19,REML,1.0,0.004127337411672261
binary,apep_1086_v1,37.54,REML,1.0,0.00452674477751469
binary,apep_1087_v1,9.61,REML,1.0,0.0021741531168962894
binary,apep_1088_v1,8.89,REML,1.0,0.0021803467715925677
binary,apep_1089_v1,23.22,REML,1.0,0.0037217867190810225
binary,apep_1091_v1,23.92,REML,1.0,0.0037488526408165604
binary,apep_1093_v1,18.54,REML,1.0,0.0032099828519188607
binary,apep_1094_v1,22.17,REML,1.0,0.00358151296613337
binary,apep_1095_v1,13.64,REML,1.0,0.002578056373245793
binary,apep_1102_v1,33.31,REML,1.0,0.003365390863942856
binary,apep_1107_v1,28.43,REML,1.0,0.0034291487298733487
binary,apep_1108_v1,19.67,REML,1.0,0.003373885524274312
binary,apep_1112_v1,31.53,REML,1.0,0.0043462957891932845
binary,apep_1120_v1,11.62,REML,1.0,0.002025084995782733
binary,apep_1121_v1,18.98,REML,1.0,0.002554682171429544
binary,apep_1123_v1,20.84,REML,1.0,0.0030627273553907957
binary,apep_1127_v1,32.2,REML,1.0,0.001697480463353474
binary,apep_1130_v1,13.22,REML,1.0,0.001749441452239983
binary,apep_1132_v1,11.56,REML,1.0,0.0012421539003893707
binary,apep_1134_v1,15.44,REML,1.0,0.0028340495414272736
binary,apep_1135_v1,26.26,REML,1.0,0.0041786332436393216
binary,apep_1136_v1,20.62,REML,1.0,0.0011358836392609305
binary,apep_1143_v1,14.64,REML,1.0,0.0027123961444286216
binary,apep_1144_v1,27.52,REML,1.0,0.004221637424259946
binary,apep_1146_v1,21.67,REML,1.0,0.003386625361610815
binary,apep_1147_v1,13.07,REML,1.0,0.0022932836500840284
binary,apep_1154_v1,23.63,REML,1.0,0.0037465318421370138
binary,apep_1157_v1,26.58,REML,1.0,0.004157512464359005
binary,apep_1161_v1,31.64,REML,1.0,0.004349259519348829
binary,apep_1162_v1,14.44,REML,1.0,0.0026875871150967884
binary,apep_1166_v1,19.81,REML,1.0,0.003381455481032469
binary,apep_1169_v1,12.2,REML,1.0,0.0024633686070480946
binary,apep_1172_v1,30.18,REML,1.0,0.0033318374218997385
binary,apep_1174_v1,9.76,REML,1.0,0.0023164068135883937
binary,apep_1178_v1,22.37,REML,1.0,0.0034983495822153115
binary,apep_1180_v1,11.06,REML,1.0,0.002349228186486087
binary,apep_1181_v1,22.75,REML,1.0,0.003417017313665005
binary,apep_1182_v1,14.78,REML,1.0,0.0027412061233384067
binary,apep_1183_v1,24.78,REML,1.0,0.004086396072183542
binary,apep_1185_v1,11.95,REML,1.0,0.002411285201193765
binary,apep_1186_v1,21.45,REML,1.0,0.00361147849172435
binary,apep_1194_v1,23.6,REML,1.0,0.003533858587951914
binary,apep_1199_v1,14.55,REML,1.0,0.002613307587603427
binary,apep_1201_v1,11.49,REML,1.0,0.0023455858061850396
binary,apep_1202_v1,23.26,REML,1.0,0.0012511389576563708
binary,apep_1203_v1,32.77,REML,1.0,0.004376044797374073
binary,apep_1206_v1,23.0,REML,1.0,0.003856510272747058
binary,apep_1207_v1,18.52,REML,1.0,4.1167107614307094e-05
binary,apep_1208_v1,20.78,REML,1.0,0.0003651341620425363
binary,apep_1209_v1,16.84,REML,1.0,0.0028924933877822554
binary,apep_1211_v1,24.08,REML,1.0,0.003989758493662895
binary,apep_1212_v1,31.41,REML,1.0,0.004422653840588653
binary,apep_1214_v1,22.99,REML,1.0,0.0038086737548302468
binary,apep_1222_v1,25.21,REML,1.0,0.00403566960619587
binary,apep_1225_v1,14.5,REML,1.0,0.0017565915935995496
binary,apep_1227_v1,15.93,REML,1.0,0.00289342085425068
binary,apep_1229_v1,10.97,REML,1.0,0.0012847754468444897
binary,apep_1232_v1,22.2,REML,1.0,0.0022726563699949024
binary,apep_1234_v1,18.53,REML,1.0,0.0005778948423861309
binary,apep_1236_v1,14.81,REML,1.0,0.0026722875032972036
binary,apep_1240_v1,19.0,REML,1.0,0.0032211669096204806
binary,apep_1246_v1,22.78,REML,1.0,0.003796895066834114
binary,apep_1248_v1,22.39,REML,1.0,0.003730408386611892
binary,apep_1254_v1,16.76,REML,1.0,0.002893832524473232
binary,apep_1263_v1,10.79,REML,1.0,0.000633967411595408
binary,apep_1264_v1,16.18,REML,1.0,0.0026519397696135134
binary,apep_1269_v1,20.77,REML,1.0,0.0035019432772385897
binary,apep_1271_v1,22.43,REML,1.0,0.0036792769069390746
binary,apep_1272_v1,9.31,REML,1.0,0.0021457826196126127
binary,apep_1277_v1,31.84,REML,1.0,0.0043794158276237154
binary,apep_1278_v1,26.95,REML,1.0,0.0036502379826280395
binary,apep_1283_v1,29.1,REML,1.0,0.003039673899103173
binary,apep_1287_v1,33.47,REML,1.0,0.00318547972013929
binary,apep_1288_v1,23.79,REML,1.0,0.003969498495963106
binary,apep_1293_v1,26.35,REML,1.0,0.004201093885028522
binary,apep_1300_v1,29.38,REML,1.0,0.004356774093381226
binary,apep_1315_v1,12.23,REML,1.0,0.00211408090905415
binary,apep_1317_v1,28.57,REML,1.0,0.004327852208490492
binary,apep_1318_v1,19.11,REML,1.0,0.0010614636279095413
binary,apep_1322_v1,17.09,REML,1.0,0.0028717481653975697
binary,apep_1323_v1,14.05,REML,1.0,0.002368873726401343
binary,apep_1328_v1,24.54,REML,1.0,0.0035213501119054427
binary,apep_1333_v1,21.96,REML,1.0,0.002918308252018573
binary,apep_1334_v1,36.31,REML,1.0,0.004506777909790475
binary,apep_1335_v1,22.21,REML,1.0,0.003735084976346386
binary,apep_1340_v1,28.02,REML,1.0,0.004136089586239813
binary,apep_1343_v1,12.29,REML,1.0,0.002425483745873024
binary,apep_1346_v1,21.3,REML,1.0,0.002995522953121254
binary,apep_1350_v1,15.47,REML,1.0,0.0023699764879811665
binary,apep_1389_v1,24.03,REML,1.0,0.003923475019547738
binary,apep_1390_v1,34.48,REML,1.0,0.004496965124983604
binary,apep_1394_v1,17.66,REML,1.0,0.002316692281475618
binary,apep_1399_v1,14.89,REML,1.0,0.002538763476834031
binary,apep_1400_v1,29.43,REML,1.0,0.004237353352721052
binary,apep_1404_v1,21.56,REML,1.0,0.0009932518467480494
binary,apep_1407_v1,33.64,REML,1.0,0.004445568695510576
binary,apep_1408_v1,19.27,REML,1.0,0.0028222670763796386
binary,apep_1409_v1,21.08,REML,1.0,0.003509519679829668
binary,apep_1413_v1,13.29,REML,1.0,0.00037899562442376137
binary,apep_1414_v1,22.82,REML,1.0,0.003817821258183454
binary,apep_1415_v1,14.44,REML,1.0,0.002571070378189346
binary,apep_1423_v1,25.72,REML,1.0,0.004016301908844452
binary,apep_1425_v1,29.97,REML,1.0,0.004359277964850718
binary,apep_1426_v1,17.1,REML,1.0,0.0022610190188252642
binary,apep_1428_v1,10.73,REML,1.0,0.002265046873780011
binary,apep_1437_v1,20.32,REML,1.0,0.002106485039810799
binary,apep_1439_v1,16.48,REML,1.0,0.0020222564170207184
binary,apep_1440_v1,13.35,REML,1.0,0.0024981242017015834
binary,apep_1441_v1,29.88,REML,1.0,0.004389196863585736
binary,apep_1442_v1,11.71,REML,1.0,0.002363587719554211
binary,apep_1444_v1,26.47,REML,1.0,0.004186641509395147
binary,apep_1445_v1,30.87,REML,1.0,0.0025057610660977696
binary,apep_1446_v1,25.83,REML,1.0,0.003888118914896715
binary,apep_1448_v1,28.53,REML,1.0,0.0038467590037197684
binary,apep_1455_v1,17.44,REML,1.0,0.001603512463658615
binary,apep_1456_v1,16.37,REML,1.0,0.0013230023712101
binary,apep_1458_v1,24.32,REML,1.0,0.003917891011800099
binary,apep_1459_v1,17.59,REML,1.0,0.003102425049476943
binary,apep_1460_v1,31.6,REML,1.0,0.0018955162643919494
continuous,apep_0591_v2,17.22,Equal,0.0,0.006711409395973154
continuous,apep_0592_v1,16.13,Equal,0.0,0.006711409395973154
continuous,apep_0597_v1,20.29,Equal,0.0,0.006711409395973154
continuous,apep_0603_v1,22.19,Equal,0.0,0.006711409395973154
continuous,apep_0604_v1,13.01,Equal,0.0,0.006711409395973154
continuous,apep_0607_v1,21.0,Equal,0.0,0.006711409395973154
continuous,apep_0612_v1,10.82,Equal,0.0,0.006711409395973154
continuous,apep_0619_v1,23.44,Equal,0.0,0.006711409395973154
continuous,apep_0620_v1,9.58,Equal,0.0,0.006711409395973154
continuous,apep_0626_v2,28.76,Equal,0.0,0.006711409395973154
continuous,apep_0634_v1,18.71,Equal,0.0,0.006711409395973154
continuous,apep_0650_v1,25.88,Equal,0.0,0.006711409395973154
continuous,apep_0651_v1,17.59,Equal,0.0,0.006711409395973154
continuous,apep_0661_v1,5.14,Equal,0.0,0.006711409395973154
continuous,apep_0668_v1,18.01,Equal,0.0,0.006711409395973154
continuous,apep_0671_v1,26.0,Equal,0.0,0.006711409395973154
continuous,apep_0679_v1,10.66,Equal,0.0,0.006711409395973154
continuous,apep_0684_v1,24.72,Equal,0.0,0.006711409395973154
continuous,apep_0690_v1,14.59,Equal,0.0,0.006711409395973154
continuous,apep_0691_v1,18.5,Equal,0.0,0.006711409395973154
continuous,apep_0705_v1,18.78,Equal,0.0,0.006711409395973154
continuous,apep_0708_v1,28.69,Equal,0.0,0.006711409395973154
continuous,apep_0717_v1,11.08,Equal,0.0,0.006711409395973154
continuous,apep_0721_v1,20.67,Equal,0.0,0.006711409395973154
continuous,apep_0728_v1,28.07,Equal,0.0,0.006711409395973154
continuous,apep_0738_v1,23.15,Equal,0.0,0.006711409395973154
continuous,apep_0742_v1,19.16,Equal,0.0,0.006711409395973154
continuous,apep_0751_v1,9.18,Equal,0.0,0.006711409395973154
continuous,apep_0764_v1,17.93,Equal,0.0,0.006711409395973154
continuous,apep_0771_v1,15.94,Equal,0.0,0.006711409395973154
continuous,apep_0776_v1,23.8,Equal,0.0,0.006711409395973154
continuous,apep_0782_v1,26.15,Equal,0.0,0.006711409395973154
continuous,apep_0792_v1,16.1,Equal,0.0,0.006711409395973154
continuous,apep_0793_v1,17.73,Equal,0.0,0.006711409395973154
continuous,apep_0814_v1,16.05,Equal,0.0,0.006711409395973154
continuous,apep_0816_v1,25.1,Equal,0.0,0.006711409395973154
continuous,apep_0817_v1,11.29,Equal,0.0,0.006711409395973154
continuous,apep_0818_v1,20.77,Equal,0.0,0.006711409395973154
continuous,apep_0820_v1,21.37,Equal,0.0,0.006711409395973154
continuous,apep_0821_v1,18.01,Equal,0.0,0.006711409395973154
continuous,apep_0822_v1,10.96,Equal,0.0,0.006711409395973154
continuous,apep_0826_v1,6.78,Equal,0.0,0.006711409395973154
continuous,apep_0829_v1,25.3,Equal,0.0,0.006711409395973154
continuous,apep_0831_v1,20.97,Equal,0.0,0.006711409395973154
continuous,apep_0839_v1,10.26,Equal,0.0,0.006711409395973154
continuous,apep_0840_v1,19.09,Equal,0.0,0.006711409395973154
continuous,apep_0845_v1,13.61,Equal,0.0,0.006711409395973154
continuous,apep_0847_v1,21.55,Equal,0.0,0.006711409395973154
continuous,apep_0856_v1,25.27,Equal,0.0,0.006711409395973154
continuous,apep_0861_v1,20.51,Equal,0.0,0.006711409395973154
continuous,apep_0863_v1,24.17,Equal,0.0,0.006711409395973154
continuous,apep_0865_v1,19.26,Equal,0.0,0.006711409395973154
continuous,apep_0869_v3,28.37,Equal,0.0,0.006711409395973154
continuous,apep_0873_v1,8.2,Equal,0.0,0.006711409395973154
continuous,apep_0874_v1,18.18,Equal,0.0,0.006711409395973154
continuous,apep_0880_v1,6.79,Equal,0.0,0.006711409395973154
continuous,apep_0892_v1,7.74,Equal,0.0,0.006711409395973154
continuous,apep_0894_v1,17.13,Equal,0.0,0.006711409395973154
continuous,apep_0897_v1,12.36,Equal,0.0,0.006711409395973154
continuous,apep_0898_v1,15.07,Equal,0.0,0.006711409395973154
continuous,apep_0899_v1,18.57,Equal,0.0,0.006711409395973154
continuous,apep_0901_v1,17.34,Equal,0.0,0.006711409395973154
continuous,apep_0912_v1,22.17,Equal,0.0,0.006711409395973154
continuous,apep_0914_v1,27.9,Equal,0.0,0.006711409395973154
continuous,apep_0916_v1,31.16,Equal,0.0,0.006711409395973154
continuous,apep_0932_v1,22.46,Equal,0.0,0.006711409395973154
continuous,apep_0933_v1,16.5,Equal,0.0,0.006711409395973154
continuous,apep_0938_v1,10.65,Equal,0.0,0.006711409395973154
continuous,apep_0941_v1,20.01,Equal,0.0,0.006711409395973154
continuous,apep_0942_v1,28.34,Equal,0.0,0.006711409395973154
continuous,apep_0943_v1,19.74,Equal,0.0,0.006711409395973154
continuous,apep_0948_v1,13.77,Equal,0.0,0.006711409395973154
continuous,apep_0954_v1,12.88,Equal,0.0,0.006711409395973154
continuous,apep_0955_v1,27.6,Equal,0.0,0.006711409395973154
continuous,apep_0963_v1,15.26,Equal,0.0,0.006711409395973154
continuous,apep_0965_v1,22.53,Equal,0.0,0.006711409395973154
continuous,apep_0966_v1,27.1,Equal,0.0,0.006711409395973154
continuous,apep_0968_v1,17.71,Equal,0.0,0.006711409395973154
continuous,apep_0978_v1,11.19,Equal,0.0,0.006711409395973154
continuous,apep_0983_v1,23.08,Equal,0.0,0.006711409395973154
continuous,apep_1013_v1,11.29,Equal,0.0,0.006711409395973154
continuous,apep_1016_v1,5.05,Equal,0.0,0.006711409395973154
continuous,apep_1023_v1,27.29,Equal,0.0,0.006711409395973154
continuous,apep_1050_v1,29.97,Equal,0.0,0.006711409395973154
continuous,apep_1055_v1,14.68,Equal,0.0,0.006711409395973154
continuous,apep_1058_v1,29.69,Equal,0.0,0.006711409395973154
continuous,apep_1061_v1,10.98,Equal,0.0,0.006711409395973154
continuous,apep_1064_v1,8.63,Equal,0.0,0.006711409395973154
continuous,apep_1070_v1,36.0,Equal,0.0,0.006711409395973154
continuous,apep_1079_v1,22.86,Equal,0.0,0.006711409395973154
continuous,apep_1090_v1,13.28,Equal,0.0,0.006711409395973154
continuous,apep_1103_v1,21.71,Equal,0.0,0.006711409395973154
continuous,apep_1104_v1,21.5,Equal,0.0,0.006711409395973154
continuous,apep_1105_v1,14.22,Equal,0.0,0.006711409395973154
continuous,apep_1110_v1,25.16,Equal,0.0,0.006711409395973154
continuous,apep_1111_v1,18.58,Equal,0.0,0.006711409395973154
continuous,apep_1122_v1,22.77,Equal,0.0,0.006711409395973154
continuous,apep_1125_v1,17.9,Equal,0.0,0.006711409395973154
continuous,apep_1129_v1,32.15,Equal,0.0,0.006711409395973154
continuous,apep_1131_v1,21.23,Equal,0.0,0.006711409395973154
continuous,apep_1133_v1,20.56,Equal,0.0,0.006711409395973154
continuous,apep_1149_v1,24.36,Equal,0.0,0.006711409395973154
continuous,apep_1155_v1,25.55,Equal,0.0,0.006711409395973154
continuous,apep_1164_v1,18.29,Equal,0.0,0.006711409395973154
continuous,apep_1167_v1,18.78,Equal,0.0,0.006711409395973154
continuous,apep_1175_v1,13.07,Equal,0.0,0.006711409395973154
continuous,apep_1176_v1,35.81,Equal,0.0,0.006711409395973154
continuous,apep_1179_v1,15.37,Equal,0.0,0.006711409395973154
continuous,apep_1184_v1,22.86,Equal,0.0,0.006711409395973154
continuous,apep_1187_v1,10.69,Equal,0.0,0.006711409395973154
continuous,apep_1188_v1,13.75,Equal,0.0,0.006711409395973154
continuous,apep_1190_v1,9.1,Equal,0.0,0.006711409395973154
continuous,apep_1192_v1,29.72,Equal,0.0,0.006711409395973154
continuous,apep_1204_v1,27.73,Equal,0.0,0.006711409395973154
continuous,apep_1213_v1,22.01,Equal,0.0,0.006711409395973154
continuous,apep_1215_v1,9.27,Equal,0.0,0.006711409395973154
continuous,apep_1223_v1,28.21,Equal,0.0,0.006711409395973154
continuous,apep_1237_v1,29.13,Equal,0.0,0.006711409395973154
continuous,apep_1238_v1,17.56,Equal,0.0,0.006711409395973154
continuous,apep_1249_v1,20.1,Equal,0.0,0.006711409395973154
continuous,apep_1253_v1,9.78,Equal,0.0,0.006711409395973154
continuous,apep_1261_v1,8.95,Equal,0.0,0.006711409395973154
continuous,apep_1270_v1,28.1,Equal,0.0,0.006711409395973154
continuous,apep_1275_v1,18.49,Equal,0.0,0.006711409395973154
continuous,apep_1280_v1,27.1,Equal,0.0,0.006711409395973154
continuous,apep_1282_v1,16.34,Equal,0.0,0.006711409395973154
continuous,apep_1284_v1,18.47,Equal,0.0,0.006711409395973154
continuous,apep_1298_v1,13.23,Equal,0.0,0.006711409395973154
continuous,apep_1299_v1,18.68,Equal,0.0,0.006711409395973154
continuous,apep_1301_v1,9.74,Equal,0.0,0.006711409395973154
continuous,apep_1310_v1,20.66,Equal,0.0,0.006711409395973154
continuous,apep_1311_v1,28.73,Equal,0.0,0.006711409395973154
continuous,apep_1312_v1,11.01,Equal,0.0,0.006711409395973154
continuous,apep_1314_v1,11.55,Equal,0.0,0.006711409395973154
continuous,apep_1316_v1,30.03,Equal,0.0,0.006711409395973154
continuous,apep_1319_v1,23.99,Equal,0.0,0.006711409395973154
continuous,apep_1330_v1,22.39,Equal,0.0,0.006711409395973154
continuous,apep_1332_v1,21.86,Equal,0.0,0.006711409395973154
continuous,apep_1336_v1,13.23,Equal,0.0,0.006711409395973154
continuous,apep_1337_v1,12.71,Equal,0.0,0.006711409395973154
continuous,apep_1338_v1,32.04,Equal,0.0,0.006711409395973154
continuous,apep_1344_v1,26.26,Equal,0.0,0.006711409395973154
continuous,apep_1348_v1,17.2,Equal,0.0,0.006711409395973154
continuous,apep_1416_v1,21.44,Equal,0.0,0.006711409395973154
continuous,apep_1418_v1,14.6,Equal,0.0,0.006711409395973154
continuous,apep_1419_v1,16.77,Equal,0.0,0.006711409395973154
continuous,apep_1421_v1,21.75,Equal,0.0,0.006711409395973154
continuous,apep_1447_v1,13.33,Equal,0.0,0.006711409395973154
continuous,apep_1452_v1,23.22,Equal,0.0,0.006711409395973154
continuous,apep_0591_v2,17.22,Equal,0.5,0.006369082473762442
continuous,apep_0592_v1,16.13,Equal,0.5,0.006260979235169588
continuous,apep_0597_v1,20.29,Equal,0.5,0.006855547047430296
continuous,apep_0603_v1,22.19,Equal,0.5,0.007179856763208864
continuous,apep_0604_v1,13.01,Equal,0.5,0.005918652312958876
continuous,apep_0607_v1,21.0,Equal,0.5,0.006981667492455294
continuous,apep_0612_v1,10.82,Equal,0.5,0.005702445835773164
continuous,apep_0619_v1,23.44,Equal,0.5,0.007360028827530292
continuous,apep_0620_v1,9.58,Equal,0.5,0.005576325390748164
continuous,apep_0626_v2,28.76,Equal,0.5,0.007864510607630288
continuous,apep_0634_v1,18.71,Equal,0.5,0.006693392189541012
continuous,apep_0650_v1,25.88,Equal,0.5,0.0075582180982838604
continuous,apep_0651_v1,17.59,Equal,0.5,0.006423134093058872
continuous,apep_0661_v1,5.14,Equal,0.5,0.005396153326426738
continuous,apep_0668_v1,18.01,Equal,0.5,0.006522228728435655
continuous,apep_0671_v1,26.0,Equal,0.5,0.007576235304716004
continuous,apep_0679_v1,10.66,Equal,0.5,0.005666411422908878
continuous,apep_0684_v1,24.72,Equal,0.5,0.007450114859691006
continuous,apep_0690_v1,14.59,Equal,0.5,0.006098824377280303
continuous,apep_0691_v1,18.5,Equal,0.5,0.00662132336381244
continuous,apep_0705_v1,18.78,Equal,0.5,0.0067204179991892255
continuous,apep_0708_v1,28.69,Equal,0.5,0.007828476194766001
continuous,apep_0717_v1,11.08,Equal,0.5,0.005774514661501734
continuous,apep_0721_v1,20.67,Equal,0.5,0.006927615873158866
continuous,apep_0728_v1,28.07,Equal,0.5,0.007738390162605288
continuous,apep_0738_v1,23.15,Equal,0.5,0.007323994414666006
continuous,apep_0742_v1,19.16,Equal,0.5,0.006765461015269582
continuous,apep_0751_v1,9.18,Equal,0.5,0.00554029097788388
continuous,apep_0764_v1,17.93,Equal,0.5,0.006495202918787442
continuous,apep_0771_v1,15.94,Equal,0.5,0.006206927615873158
continuous,apep_0776_v1,23.8,Equal,0.5,0.0073780460339624345
continuous,apep_0782_v1,26.15,Equal,0.5,0.0075942525111481465
continuous,apep_0792_v1,16.1,Equal,0.5,0.006242962028737444
continuous,apep_0793_v1,17.73,Equal,0.5,0.006459168505923156
continuous,apep_0814_v1,16.05,Equal,0.5,0.006224944822305302
continuous,apep_0816_v1,25.1,Equal,0.5,0.0074681320661231475
continuous,apep_0817_v1,11.29,Equal,0.5,0.005819557677582091
continuous,apep_0818_v1,20.77,Equal,0.5,0.00694563307959101
continuous,apep_0820_v1,21.37,Equal,0.5,0.00701770190531958
continuous,apep_0821_v1,18.01,Equal,0.5,0.006522228728435655
continuous,apep_0822_v1,10.96,Equal,0.5,0.005720463042205306
continuous,apep_0826_v1,6.78,Equal,0.5,0.00541417053285888
continuous,apep_0829_v1,25.3,Equal,0.5,0.007522183685419576
continuous,apep_0831_v1,20.97,Equal,0.5,0.006963650286023152
continuous,apep_0839_v1,10.26,Equal,0.5,0.0056303770100445925
continuous,apep_0840_v1,19.09,Equal,0.5,0.00674744380883744
continuous,apep_0845_v1,13.61,Equal,0.5,0.006026755551551732
continuous,apep_0847_v1,21.55,Equal,0.5,0.007071753524616009
continuous,apep_0856_v1,25.27,Equal,0.5,0.007504166478987433
continuous,apep_0861_v1,20.51,Equal,0.5,0.006873564253862438
continuous,apep_0863_v1,24.17,Equal,0.5,0.00741408044682672
continuous,apep_0865_v1,19.26,Equal,0.5,0.0067834782217017255
continuous,apep_0869_v3,28.37,Equal,0.5,0.0078104589883338585
continuous,apep_0873_v1,8.2,Equal,0.5,0.005468222152155308
continuous,apep_0874_v1,18.18,Equal,0.5,0.00654925453808387
continuous,apep_0880_v1,6.79,Equal,0.5,0.005432187739291022
continuous,apep_0892_v1,7.74,Equal,0.5,0.005450204945723166
continuous,apep_0894_v1,17.13,Equal,0.5,0.006333048060898158
continuous,apep_0897_v1,12.36,Equal,0.5,0.005864600693662448
continuous,apep_0898_v1,15.07,Equal,0.5,0.00615287599657673
continuous,apep_0899_v1,18.57,Equal,0.5,0.006639340570244584
continuous,apep_0901_v1,17.34,Equal,0.5,0.006387099680194586
continuous,apep_0912_v1,22.17,Equal,0.5,0.007161839556776722
continuous,apep_0914_v1,27.9,Equal,0.5,0.0077203729561731455
continuous,apep_0916_v1,31.16,Equal,0.5,0.007972613846223144
continuous,apep_0932_v1,22.46,Equal,0.5,0.00721589117607315
continuous,apep_0933_v1,16.5,Equal,0.5,0.006297013648033872
continuous,apep_0938_v1,10.65,Equal,0.5,0.005648394216476735
continuous,apep_0941_v1,20.01,Equal,0.5,0.006819512634566011
continuous,apep_0942_v1,28.34,Equal,0.5,0.007792441781901716
continuous,apep_0943_v1,19.74,Equal,0.5,0.006801495428133868
continuous,apep_0948_v1,13.77,Equal,0.5,0.006062789964416017
continuous,apep_0954_v1,12.88,Equal,0.5,0.005900635106526732
continuous,apep_0955_v1,27.6,Equal,0.5,0.00768433854330886
continuous,apep_0963_v1,15.26,Equal,0.5,0.006170893203008874
continuous,apep_0965_v1,22.53,Equal,0.5,0.007233908382505293
continuous,apep_0966_v1,27.1,Equal,0.5,0.007639295527228503
continuous,apep_0968_v1,17.71,Equal,0.5,0.006441151299491014
continuous,apep_0978_v1,11.19,Equal,0.5,0.005792531867933878
continuous,apep_0983_v1,23.08,Equal,0.5,0.007305977208233862
continuous,apep_1013_v1,11.29,Equal,0.5,0.005819557677582091
continuous,apep_1016_v1,5.05,Equal,0.5,0.005378136119994595
continuous,apep_1023_v1,27.29,Equal,0.5,0.007666321336876718
continuous,apep_1050_v1,29.97,Equal,0.5,0.007936579433358857
continuous,apep_1055_v1,14.68,Equal,0.5,0.006134858790144588
continuous,apep_1058_v1,29.69,Equal,0.5,0.007900545020494573
continuous,apep_1061_v1,10.98,Equal,0.5,0.005738480248637448
continuous,apep_1064_v1,8.63,Equal,0.5,0.005486239358587452
continuous,apep_1070_v1,36.0,Equal,0.5,0.008044682671951714
continuous,apep_1079_v1,22.86,Equal,0.5,0.007278951398585649
continuous,apep_1090_v1,13.28,Equal,0.5,0.005990721138687446
continuous,apep_1103_v1,21.71,Equal,0.5,0.00708977073104815
continuous,apep_1104_v1,21.5,Equal,0.5,0.007053736318183866
continuous,apep_1105_v1,14.22,Equal,0.5,0.00608080717084816
continuous,apep_1110_v1,25.16,Equal,0.5,0.00748614927255529
continuous,apep_1111_v1,18.58,Equal,0.5,0.0066573577766767264
continuous,apep_1122_v1,22.77,Equal,0.5,0.0072519255889374355
continuous,apep_1125_v1,17.9,Equal,0.5,0.0064771857123553
continuous,apep_1129_v1,32.15,Equal,0.5,0.008008648259087429
continuous,apep_1131_v1,21.23,Equal,0.5,0.0069996846988874374
continuous,apep_1133_v1,20.56,Equal,0.5,0.006891581460294582
continuous,apep_1149_v1,24.36,Equal,0.5,0.007432097653258862
continuous,apep_1155_v1,25.55,Equal,0.5,0.007540200891851719
continuous,apep_1164_v1,18.29,Equal,0.5,0.006567271744516013
continuous,apep_1167_v1,18.78,Equal,0.5,0.0067204179991892255
continuous,apep_1175_v1,13.07,Equal,0.5,0.005936669519391018
continuous,apep_1176_v1,35.81,Equal,0.5,0.008026665465519571
continuous,apep_1179_v1,15.37,Equal,0.5,0.006188910409441016
continuous,apep_1184_v1,22.86,Equal,0.5,0.007278951398585649
continuous,apep_1187_v1,10.69,Equal,0.5,0.00568442862934102
continuous,apep_1188_v1,13.75,Equal,0.5,0.006044772757983874
continuous,apep_1190_v1,9.1,Equal,0.5,0.005522273771451736
continuous,apep_1192_v1,29.72,Equal,0.5,0.007918562226926716
continuous,apep_1204_v1,27.73,Equal,0.5,0.007702355749741003
continuous,apep_1213_v1,22.01,Equal,0.5,0.007143822350344578
continuous,apep_1215_v1,9.27,Equal,0.5,0.005558308184316022
continuous,apep_1223_v1,28.21,Equal,0.5,0.007774424575469572
continuous,apep_1237_v1,29.13,Equal,0.5,0.007882527814062429
continuous,apep_1238_v1,17.56,Equal,0.5,0.006405116886626728
continuous,apep_1249_v1,20.1,Equal,0.5,0.006837529840998152
continuous,apep_1253_v1,9.78,Equal,0.5,0.00561235980361245
continuous,apep_1261_v1,8.95,Equal,0.5,0.0055042565650195935
continuous,apep_1270_v1,28.1,Equal,0.5,0.007756407369037431
continuous,apep_1275_v1,18.49,Equal,0.5,0.006603306157380298
continuous,apep_1280_v1,27.1,Equal,0.5,0.007639295527228503
continuous,apep_1282_v1,16.34,Equal,0.5,0.00627899644160173
continuous,apep_1284_v1,18.47,Equal,0.5,0.006585288950948156
continuous,apep_1298_v1,13.23,Equal,0.5,0.005963695329039232
continuous,apep_1299_v1,18.68,Equal,0.5,0.006675374983108868
continuous,apep_1301_v1,9.74,Equal,0.5,0.005594342597180307
continuous,apep_1310_v1,20.66,Equal,0.5,0.0069095986667267245
continuous,apep_1311_v1,28.73,Equal,0.5,0.007846493401198145
continuous,apep_1312_v1,11.01,Equal,0.5,0.0057564974550695916
continuous,apep_1314_v1,11.55,Equal,0.5,0.005846583487230305
continuous,apep_1316_v1,30.03,Equal,0.5,0.007954596639791
continuous,apep_1319_v1,23.99,Equal,0.5,0.007396063240394576
continuous,apep_1330_v1,22.39,Equal,0.5,0.007197873969641008
continuous,apep_1332_v1,21.86,Equal,0.5,0.0071258051439124365
continuous,apep_1336_v1,13.23,Equal,0.5,0.005963695329039232
continuous,apep_1337_v1,12.71,Equal,0.5,0.00588261790009459
continuous,apep_1338_v1,32.04,Equal,0.5,0.007990631052655286
continuous,apep_1344_v1,26.26,Equal,0.5,0.007612269717580288
continuous,apep_1348_v1,17.2,Equal,0.5,0.006351065267330301
continuous,apep_1416_v1,21.44,Equal,0.5,0.007035719111751723
continuous,apep_1418_v1,14.6,Equal,0.5,0.006116841583712446
continuous,apep_1419_v1,16.77,Equal,0.5,0.006315030854466015
continuous,apep_1421_v1,21.75,Equal,0.5,0.007107787937480294
continuous,apep_1447_v1,13.33,Equal,0.5,0.00600873834511959
continuous,apep_1452_v1,23.22,Equal,0.5,0.0073420116210981485
continuous,apep_0591_v2,17.22,Equal,1.0,0.006140864525621969
continuous,apep_0592_v1,16.13,Equal,1.0,0.005960692461300543
continuous,apep_0597_v1,20.29,Equal,1.0,0.00695163881506839
continuous,apep_0603_v1,22.19,Equal,1.0,0.007492155008032671
continuous,apep_0604_v1,13.01,Equal,1.0,0.005390147590949357
continuous,apep_0607_v1,21.0,Equal,1.0,0.007161839556776722
continuous,apep_0612_v1,10.82,Equal,1.0,0.005029803462306503
continuous,apep_0619_v1,23.44,Equal,1.0,0.007792441781901717
continuous,apep_0620_v1,9.58,Equal,1.0,0.0048196027205981715
continuous,apep_0626_v2,28.76,Equal,1.0,0.008633244748735043
continuous,apep_0634_v1,18.71,Equal,1.0,0.006681380718586249
continuous,apep_0650_v1,25.88,Equal,1.0,0.008122757233157665
continuous,apep_0651_v1,17.59,Equal,1.0,0.006230950557782682
continuous,apep_0661_v1,5.14,Equal,1.0,0.004519315946729126
continuous,apep_0668_v1,18.01,Equal,1.0,0.006396108283410657
continuous,apep_0671_v1,26.0,Equal,1.0,0.00815278591054457
continuous,apep_0679_v1,10.66,Equal,1.0,0.004969746107532693
continuous,apep_0684_v1,24.72,Equal,1.0,0.007942585168836239
continuous,apep_0690_v1,14.59,Equal,1.0,0.005690434364818402
continuous,apep_0691_v1,18.5,Equal,1.0,0.0065612660090386314
continuous,apep_0705_v1,18.78,Equal,1.0,0.006726423734666607
continuous,apep_0708_v1,28.69,Equal,1.0,0.008573187393961233
continuous,apep_0717_v1,11.08,Equal,1.0,0.005149918171854121
continuous,apep_0721_v1,20.67,Equal,1.0,0.007071753524616008
continuous,apep_0728_v1,28.07,Equal,1.0,0.00842304400702671
continuous,apep_0738_v1,23.15,Equal,1.0,0.007732384427127907
continuous,apep_0742_v1,19.16,Equal,1.0,0.006801495428133867
continuous,apep_0751_v1,9.18,Equal,1.0,0.0047595453658243626
continuous,apep_0764_v1,17.93,Equal,1.0,0.006351065267330301
continuous,apep_0771_v1,15.94,Equal,1.0,0.005870606429139829
continuous,apep_0776_v1,23.8,Equal,1.0,0.00782247045928862
continuous,apep_0782_v1,26.15,Equal,1.0,0.008182814587931474
continuous,apep_0792_v1,16.1,Equal,1.0,0.005930663783913638
continuous,apep_0793_v1,17.73,Equal,1.0,0.006291007912556491
continuous,apep_0814_v1,16.05,Equal,1.0,0.005900635106526732
continuous,apep_0816_v1,25.1,Equal,1.0,0.007972613846223144
continuous,apep_0817_v1,11.29,Equal,1.0,0.0052249898653213825
continuous,apep_0818_v1,20.77,Equal,1.0,0.007101782202002913
continuous,apep_0820_v1,21.37,Equal,1.0,0.007221896911550531
continuous,apep_0821_v1,18.01,Equal,1.0,0.006396108283410657
continuous,apep_0822_v1,10.96,Equal,1.0,0.005059832139693407
continuous,apep_0826_v1,6.78,Equal,1.0,0.004549344624116031
continuous,apep_0829_v1,25.3,Equal,1.0,0.008062699878383857
continuous,apep_0831_v1,20.97,Equal,1.0,0.007131810879389818
continuous,apep_0839_v1,10.26,Equal,1.0,0.0049096887527588845
continuous,apep_0840_v1,19.09,Equal,1.0,0.006771466750746963
continuous,apep_0845_v1,13.61,Equal,1.0,0.005570319655270784
continuous,apep_0847_v1,21.55,Equal,1.0,0.007311982943711244
continuous,apep_0856_v1,25.27,Equal,1.0,0.008032671200996952
continuous,apep_0861_v1,20.51,Equal,1.0,0.006981667492455295
continuous,apep_0863_v1,24.17,Equal,1.0,0.007882527814062429
continuous,apep_0865_v1,19.26,Equal,1.0,0.006831524105520772
continuous,apep_0869_v3,28.37,Equal,1.0,0.008543158716574328
continuous,apep_0873_v1,8.2,Equal,1.0,0.004639430656276745
continuous,apep_0874_v1,18.18,Equal,1.0,0.006441151299491014
continuous,apep_0880_v1,6.79,Equal,1.0,0.004579373301502935
continuous,apep_0892_v1,7.74,Equal,1.0,0.00460940197888984
continuous,apep_0894_v1,17.13,Equal,1.0,0.00608080717084816
continuous,apep_0897_v1,12.36,Equal,1.0,0.005300061558788644
continuous,apep_0898_v1,15.07,Equal,1.0,0.005780520396979115
continuous,apep_0899_v1,18.57,Equal,1.0,0.006591294686425536
continuous,apep_0901_v1,17.34,Equal,1.0,0.006170893203008873
continuous,apep_0912_v1,22.17,Equal,1.0,0.007462126330645766
continuous,apep_0914_v1,27.9,Equal,1.0,0.008393015329639805
continuous,apep_0916_v1,31.16,Equal,1.0,0.008813416813056469
continuous,apep_0932_v1,22.46,Equal,1.0,0.00755221236280648
continuous,apep_0933_v1,16.5,Equal,1.0,0.00602074981607435
continuous,apep_0938_v1,10.65,Equal,1.0,0.004939717430145789
continuous,apep_0941_v1,20.01,Equal,1.0,0.006891581460294582
continuous,apep_0942_v1,28.34,Equal,1.0,0.008513130039187423
continuous,apep_0943_v1,19.74,Equal,1.0,0.006861552782907677
continuous,apep_0948_v1,13.77,Equal,1.0,0.0056303770100445925
continuous,apep_0954_v1,12.88,Equal,1.0,0.005360118913562452
continuous,apep_0955_v1,27.6,Equal,1.0,0.008332957974865997
continuous,apep_0963_v1,15.26,Equal,1.0,0.00581054907436602
continuous,apep_0965_v1,22.53,Equal,1.0,0.007582241040193385
continuous,apep_0966_v1,27.1,Equal,1.0,0.008257886281398735
continuous,apep_0968_v1,17.71,Equal,1.0,0.006260979235169587
continuous,apep_0978_v1,11.19,Equal,1.0,0.005179946849241025
continuous,apep_0983_v1,23.08,Equal,1.0,0.007702355749741003
continuous,apep_1013_v1,11.29,Equal,1.0,0.0052249898653213825
continuous,apep_1016_v1,5.05,Equal,1.0,0.004489287269342222
continuous,apep_1023_v1,27.29,Equal,1.0,0.008302929297479092
continuous,apep_1050_v1,29.97,Equal,1.0,0.00875335945828266
continuous,apep_1055_v1,14.68,Equal,1.0,0.0057504917195922095
continuous,apep_1058_v1,29.69,Equal,1.0,0.00869330210350885
continuous,apep_1061_v1,10.98,Equal,1.0,0.005089860817080312
continuous,apep_1064_v1,8.63,Equal,1.0,0.004669459333663649
continuous,apep_1070_v1,36.0,Equal,1.0,0.008933531522604087
continuous,apep_1079_v1,22.86,Equal,1.0,0.0076573127336606464
continuous,apep_1090_v1,13.28,Equal,1.0,0.005510262300496975
continuous,apep_1103_v1,21.71,Equal,1.0,0.0073420116210981485
continuous,apep_1104_v1,21.5,Equal,1.0,0.00728195426632434
continuous,apep_1105_v1,14.22,Equal,1.0,0.0056604056874314974
continuous,apep_1110_v1,25.16,Equal,1.0,0.008002642523610047
continuous,apep_1111_v1,18.58,Equal,1.0,0.00662132336381244
continuous,apep_1122_v1,22.77,Equal,1.0,0.007612269717580289
continuous,apep_1125_v1,17.9,Equal,1.0,0.006321036589943396
continuous,apep_1129_v1,32.15,Equal,1.0,0.008873474167830278
continuous,apep_1131_v1,21.23,Equal,1.0,0.007191868234163626
continuous,apep_1133_v1,20.56,Equal,1.0,0.0070116961698422
continuous,apep_1149_v1,24.36,Equal,1.0,0.007912556491449334
continuous,apep_1155_v1,25.55,Equal,1.0,0.008092728555770761
continuous,apep_1164_v1,18.29,Equal,1.0,0.0064711799768779185
continuous,apep_1167_v1,18.78,Equal,1.0,0.006726423734666607
continuous,apep_1175_v1,13.07,Equal,1.0,0.005420176268336262
continuous,apep_1176_v1,35.81,Equal,1.0,0.008903502845217182
continuous,apep_1179_v1,15.37,Equal,1.0,0.005840577751752924
continuous,apep_1184_v1,22.86,Equal,1.0,0.0076573127336606464
continuous,apep_1187_v1,10.69,Equal,1.0,0.004999774784919598
continuous,apep_1188_v1,13.75,Equal,1.0,0.0056003483326576885
continuous,apep_1190_v1,9.1,Equal,1.0,0.004729516688437458
continuous,apep_1192_v1,29.72,Equal,1.0,0.008723330780895756
continuous,apep_1204_v1,27.73,Equal,1.0,0.008362986652252902
continuous,apep_1213_v1,22.01,Equal,1.0,0.007432097653258862
continuous,apep_1215_v1,9.27,Equal,1.0,0.004789574043211267
continuous,apep_1223_v1,28.21,Equal,1.0,0.00848310136180052
continuous,apep_1237_v1,29.13,Equal,1.0,0.008663273426121946
continuous,apep_1238_v1,17.56,Equal,1.0,0.006200921880395778
continuous,apep_1249_v1,20.1,Equal,1.0,0.006921610137681486
continuous,apep_1253_v1,9.78,Equal,1.0,0.00487966007537198
continuous,apep_1261_v1,8.95,Equal,1.0,0.004699488011050554
continuous,apep_1270_v1,28.1,Equal,1.0,0.008453072684413615
continuous,apep_1275_v1,18.49,Equal,1.0,0.006531237331651727
continuous,apep_1280_v1,27.1,Equal,1.0,0.008257886281398735
continuous,apep_1282_v1,16.34,Equal,1.0,0.005990721138687446
continuous,apep_1284_v1,18.47,Equal,1.0,0.0065012086542648225
continuous,apep_1298_v1,13.23,Equal,1.0,0.005465219284416618
continuous,apep_1299_v1,18.68,Equal,1.0,0.006651352041199345
continuous,apep_1301_v1,9.74,Equal,1.0,0.0048496313979850755
continuous,apep_1310_v1,20.66,Equal,1.0,0.007041724847229104
continuous,apep_1311_v1,28.73,Equal,1.0,0.008603216071348138
continuous,apep_1312_v1,11.01,Equal,1.0,0.005119889494467216
continuous,apep_1314_v1,11.55,Equal,1.0,0.005270032881401739
continuous,apep_1316_v1,30.03,Equal,1.0,0.008783388135669564
continuous,apep_1319_v1,23.99,Equal,1.0,0.007852499136675524
continuous,apep_1330_v1,22.39,Equal,1.0,0.007522183685419576
continuous,apep_1332_v1,21.86,Equal,1.0,0.007402068975871958
continuous,apep_1336_v1,13.23,Equal,1.0,0.005465219284416618
continuous,apep_1337_v1,12.71,Equal,1.0,0.005330090236175548
continuous,apep_1338_v1,32.04,Equal,1.0,0.008843445490443374
continuous,apep_1344_v1,26.26,Equal,1.0,0.00821284326531838
continuous,apep_1348_v1,17.2,Equal,1.0,0.006110835848235064
continuous,apep_1416_v1,21.44,Equal,1.0,0.0072519255889374355
continuous,apep_1418_v1,14.6,Equal,1.0,0.005720463042205306
continuous,apep_1419_v1,16.77,Equal,1.0,0.006050778493461255
continuous,apep_1421_v1,21.75,Equal,1.0,0.007372040298485053
continuous,apep_1447_v1,13.33,Equal,1.0,0.00554029097788388
continuous,apep_1452_v1,23.22,Equal,1.0,0.007762413104514812
continuous,apep_0591_v2,17.22,REML,0.0,0.0074721214403837815
continuous,apep_0592_v1,16.13,REML,0.0,0.008016047580146148
continuous,apep_0597_v1,20.29,REML,0.0,0.007916704774363077
continuous,apep_0603_v1,22.19,REML,0.0,0.007859964098226166
continuous,apep_0604_v1,13.01,REML,0.0,0.007907560313296634
continuous,apep_0607_v1,21.0,REML,0.0,0.007957301758493487
continuous,apep_0612_v1,10.82,REML,0.0,0.0026496031263308355
continuous,apep_0619_v1,23.44,REML,0.0,0.00762178034747184
continuous,apep_0620_v1,9.58,REML,0.0,0.006701453908732453
continuous,apep_0626_v2,28.76,REML,0.0,0.008022885570433127
continuous,apep_0634_v1,18.71,REML,0.0,0.008029004149010798
continuous,apep_0650_v1,25.88,REML,0.0,0.007698729968597588
continuous,apep_0651_v1,17.59,REML,0.0,0.0075938489308748445
continuous,apep_0661_v1,5.14,REML,0.0,0.007948783440199628
continuous,apep_0668_v1,18.01,REML,0.0,0.007964380946327863
continuous,apep_0671_v1,26.0,REML,0.0,0.008026156437476154
continuous,apep_0679_v1,10.66,REML,0.0,0.007574804783271685
continuous,apep_0684_v1,24.72,REML,0.0,0.007702917385074696
continuous,apep_0690_v1,14.59,REML,0.0,0.0076533813385356786
continuous,apep_0691_v1,18.5,REML,0.0,0.007755211111707274
continuous,apep_0705_v1,18.78,REML,0.0,0.00799873234782759
continuous,apep_0708_v1,28.69,REML,0.0,0.008027964274119864
continuous,apep_0717_v1,11.08,REML,0.0,0.006161055364982065
continuous,apep_0721_v1,20.67,REML,0.0,0.008000093863130813
continuous,apep_0728_v1,28.07,REML,0.0,0.008020719007646044
continuous,apep_0738_v1,23.15,REML,0.0,0.008009922473572104
continuous,apep_0742_v1,19.16,REML,0.0,0.0067962716938161725
continuous,apep_0751_v1,9.18,REML,0.0,0.006430699242565938
continuous,apep_0764_v1,17.93,REML,0.0,0.007981819456348162
continuous,apep_0771_v1,15.94,REML,0.0,0.008030206369064628
continuous,apep_0776_v1,23.8,REML,0.0,0.007785364680576032
continuous,apep_0782_v1,26.15,REML,0.0,0.008024180048217833
continuous,apep_0792_v1,16.1,REML,0.0,0.0009271558180672808
continuous,apep_0793_v1,17.73,REML,0.0,0.00034394280382106556
continuous,apep_0814_v1,16.05,REML,0.0,0.0076399697911196125
continuous,apep_0816_v1,25.1,REML,0.0,0.00802507212626378
continuous,apep_0817_v1,11.29,REML,0.0,0.007972966187031957
continuous,apep_0818_v1,20.77,REML,0.0,0.00793515666694517
continuous,apep_0820_v1,21.37,REML,0.0,0.005199502358984007
continuous,apep_0821_v1,18.01,REML,0.0,0.007943229014709896
continuous,apep_0822_v1,10.96,REML,0.0,0.00763318967120965
continuous,apep_0826_v1,6.78,REML,0.0,0.007104337018778912
continuous,apep_0829_v1,25.3,REML,0.0,0.008028341009266431
continuous,apep_0831_v1,20.97,REML,0.0,0.007733577227840074
continuous,apep_0839_v1,10.26,REML,0.0,0.006619064802621313
continuous,apep_0840_v1,19.09,REML,0.0,0.00775906605970957
continuous,apep_0845_v1,13.61,REML,0.0,0.006632861072782482
continuous,apep_0847_v1,21.55,REML,0.0,0.0051892965704098
continuous,apep_0856_v1,25.27,REML,0.0,0.00450864197848117
continuous,apep_0861_v1,20.51,REML,0.0,0.00038661381406357003
continuous,apep_0863_v1,24.17,REML,0.0,0.008028341009266431
continuous,apep_0865_v1,19.26,REML,0.0,0.007612555468033294
continuous,apep_0869_v3,28.37,REML,0.0,0.008006458730664604
continuous,apep_0873_v1,8.2,REML,0.0,0.00044725839757461236
continuous,apep_0874_v1,18.18,REML,0.0,0.008023220438878143
continuous,apep_0880_v1,6.79,REML,0.0,0.005291867238920277
continuous,apep_0892_v1,7.74,REML,0.0,0.0075938489308748445
continuous,apep_0894_v1,17.13,REML,0.0,0.008024484913341947
continuous,apep_0897_v1,12.36,REML,0.0,0.0003153009527851474
continuous,apep_0898_v1,15.07,REML,0.0,0.003477729578778578
continuous,apep_0899_v1,18.57,REML,0.0,0.007443191388609323
continuous,apep_0901_v1,17.34,REML,0.0,0.00596815851462144
continuous,apep_0912_v1,22.17,REML,0.0,0.007745467742539609
continuous,apep_0914_v1,27.9,REML,0.0,0.008024782273247698
continuous,apep_0916_v1,31.16,REML,0.0,0.008011554169536127
continuous,apep_0932_v1,22.46,REML,0.0,0.008020719007646044
continuous,apep_0933_v1,16.5,REML,0.0,0.007987584632517383
continuous,apep_0938_v1,10.65,REML,0.0,0.007270220918810955
continuous,apep_0941_v1,20.01,REML,0.0,0.008026408732445497
continuous,apep_0942_v1,28.34,REML,0.0,0.007577203568345828
continuous,apep_0943_v1,19.74,REML,0.0,0.007094994225490267
continuous,apep_0948_v1,13.77,REML,0.0,0.0020783997055523785
continuous,apep_0954_v1,12.88,REML,0.0,0.008013118971258474
continuous,apep_0955_v1,27.6,REML,0.0,0.008004001440948202
continuous,apep_0963_v1,15.26,REML,0.0,0.008011554169536127
continuous,apep_0965_v1,22.53,REML,0.0,0.008027342738421477
continuous,apep_0966_v1,27.1,REML,0.0,0.0013079550546389147
continuous,apep_0968_v1,17.71,REML,0.0,0.006317623424202093
continuous,apep_0978_v1,11.19,REML,0.0,0.008024484913341947
continuous,apep_0983_v1,23.08,REML,0.0,0.006792911990192422
continuous,apep_1013_v1,11.29,REML,0.0,0.0071870961869194075
continuous,apep_1016_v1,5.05,REML,0.0,0.0017158704780060716
continuous,apep_1023_v1,27.29,REML,0.0,0.007429857141513102
continuous,apep_1050_v1,29.97,REML,0.0,0.00045150425774768185
continuous,apep_1055_v1,14.68,REML,0.0,0.007988379068007706
continuous,apep_1058_v1,29.69,REML,0.0,0.007992992152600343
continuous,apep_1061_v1,10.98,REML,0.0,0.005563273591499839
continuous,apep_1064_v1,8.63,REML,0.0,0.008012083206763027
continuous,apep_1070_v1,36.0,REML,0.0,0.00802109882380626
continuous,apep_1079_v1,22.86,REML,0.0,0.005031001275515362
continuous,apep_1090_v1,13.28,REML,0.0,0.008002728439049521
continuous,apep_1103_v1,21.71,REML,0.0,0.00785052865943649
continuous,apep_1104_v1,21.5,REML,0.0,0.00794658288514428
continuous,apep_1105_v1,14.22,REML,0.0,0.004536304863162299
continuous,apep_1110_v1,25.16,REML,0.0,0.007579597156932782
continuous,apep_1111_v1,18.58,REML,0.0,0.00802507212626378
continuous,apep_1122_v1,22.77,REML,0.0,0.008029663629543214
continuous,apep_1125_v1,17.9,REML,0.0,0.007779831013862654
continuous,apep_1129_v1,32.15,REML,0.0,0.00743520449149642
continuous,apep_1131_v1,21.23,REML,0.0,6.044575006705971e-05
continuous,apep_1133_v1,20.56,REML,0.0,0.008019936925294532
continuous,apep_1149_v1,24.36,REML,0.0,0.008024484913341947
continuous,apep_1155_v1,25.55,REML,0.0,0.007577203568345828
continuous,apep_1164_v1,18.29,REML,0.0,0.001702450115788144
continuous,apep_1167_v1,18.78,REML,0.0,0.006103936962137234
continuous,apep_1175_v1,13.07,REML,0.0,0.007988379068007706
continuous,apep_1176_v1,35.81,REML,0.0,0.0013617360815376062
continuous,apep_1179_v1,15.37,REML,0.0,0.007835933340696405
continuous,apep_1184_v1,22.86,REML,0.0,0.007855276006948509
continuous,apep_1187_v1,10.69,REML,0.0,0.0071749909466208356
continuous,apep_1188_v1,13.75,REML,0.0,0.007921778279670107
continuous,apep_1190_v1,9.1,REML,0.0,0.007976594394769327
continuous,apep_1192_v1,29.72,REML,0.0,0.007766702840288076
continuous,apep_1204_v1,27.73,REML,0.0,0.004387463513442019
continuous,apep_1213_v1,22.01,REML,0.0,0.0077275514054723346
continuous,apep_1215_v1,9.27,REML,0.0,0.005754249946839832
continuous,apep_1223_v1,28.21,REML,0.0,0.008006458730664604
continuous,apep_1237_v1,29.13,REML,0.0,0.008021835995436733
continuous,apep_1238_v1,17.56,REML,0.0,0.007879589042554352
continuous,apep_1249_v1,20.1,REML,0.0,0.007995199806990644
continuous,apep_1253_v1,9.78,REML,0.0,0.008029663629543214
continuous,apep_1261_v1,8.95,REML,0.0,0.007495368139730991
continuous,apep_1270_v1,28.1,REML,0.0,0.0010915654273559922
continuous,apep_1275_v1,18.49,REML,0.0,0.00798433394258049
continuous,apep_1280_v1,27.1,REML,0.0,0.0021149937995211957
continuous,apep_1282_v1,16.34,REML,0.0,0.007569991668892412
continuous,apep_1284_v1,18.47,REML,0.0,0.007945471993984966
continuous,apep_1298_v1,13.23,REML,0.0,0.00803041745424888
continuous,apep_1299_v1,18.68,REML,0.0,0.0044537525907615925
continuous,apep_1301_v1,9.74,REML,0.0,0.0001481339556453075
continuous,apep_1310_v1,20.66,REML,0.0,0.005570309073054149
continuous,apep_1311_v1,28.73,REML,0.0,0.005360850040112295
continuous,apep_1312_v1,11.01,REML,0.0,0.0068063382795062275
continuous,apep_1314_v1,11.55,REML,0.0,0.0051215632420756035
continuous,apep_1316_v1,30.03,REML,0.0,0.007985157548296509
continuous,apep_1319_v1,23.99,REML,0.0,0.007503030752245506
continuous,apep_1330_v1,22.39,REML,0.0,0.008012083206763027
continuous,apep_1332_v1,21.86,REML,0.0,0.005782693903043264
continuous,apep_1336_v1,13.23,REML,0.0,0.006935362541862203
continuous,apep_1337_v1,12.71,REML,0.0,0.00799873234782759
continuous,apep_1338_v1,32.04,REML,0.0,0.007801628757847431
continuous,apep_1344_v1,26.26,REML,0.0,0.007725530929462054
continuous,apep_1348_v1,17.2,REML,0.0,0.007980106787765735
continuous,apep_1416_v1,21.44,REML,0.0,0.0067354894610356
continuous,apep_1418_v1,14.6,REML,0.0,0.007985973868199025
continuous,apep_1419_v1,16.77,REML,0.0,0.007924273425562995
continuous,apep_1421_v1,21.75,REML,0.0,0.007980106787765735
continuous,apep_1447_v1,13.33,REML,0.0,0.006802984849574586
continuous,apep_1452_v1,23.22,REML,0.0,0.007912827049604505
continuous,apep_0591_v2,17.22,REML,0.5,0.007068255315278458
continuous,apep_0592_v1,16.13,REML,0.5,0.007454078875443847
continuous,apep_0597_v1,20.29,REML,0.5,0.008060797284971107
continuous,apep_0603_v1,22.19,REML,0.5,0.008381616324015753
continuous,apep_0604_v1,13.01,REML,0.5,0.006951151846108278
continuous,apep_0607_v1,21.0,REML,0.5,0.008251186876124724
continuous,apep_0612_v1,10.82,REML,0.5,0.002244054657119126
continuous,apep_0619_v1,23.44,REML,0.5,0.008331580180771667
continuous,apep_0620_v1,9.58,REML,0.5,0.005550199282854841
continuous,apep_0626_v2,28.76,REML,0.5,0.00937116823689916
continuous,apep_0634_v1,18.71,REML,0.5,0.00798177330753595
continuous,apep_0650_v1,25.88,REML,0.5,0.008642312000506292
continuous,apep_0651_v1,17.59,REML,0.5,0.00724436587379154
continuous,apep_0661_v1,5.14,REML,0.5,0.006370541958376281
continuous,apep_0668_v1,18.01,REML,0.5,0.007715063126404856
continuous,apep_0671_v1,26.0,REML,0.5,0.00903134658741959
continuous,apep_0679_v1,10.66,REML,0.5,0.006374864868166313
continuous,apep_0684_v1,24.72,REML,0.5,0.008523336655392106
continuous,apep_0690_v1,14.59,REML,0.5,0.006932516545926516
continuous,apep_0691_v1,18.5,REML,0.5,0.007626580465804453
continuous,apep_0705_v1,18.78,REML,0.5,0.007983785958920785
continuous,apep_0708_v1,28.69,REML,0.5,0.009334135489532238
continuous,apep_0717_v1,11.08,REML,0.5,0.005283990571801541
continuous,apep_0721_v1,20.67,REML,0.5,0.008231335725535872
continuous,apep_0728_v1,28.07,REML,0.5,0.009218395962743849
continuous,apep_0738_v1,23.15,REML,0.5,0.008713000746860048
continuous,apep_0742_v1,19.16,REML,0.5,0.006829038518238963
continuous,apep_0751_v1,9.18,REML,0.5,0.005291541509771819
continuous,apep_0764_v1,17.93,REML,0.5,0.007699917248837753
continuous,apep_0771_v1,15.94,REML,0.5,0.007402779631005677
continuous,apep_0776_v1,23.8,REML,0.5,0.008531232056685996
continuous,apep_0782_v1,26.15,REML,0.5,0.009050595025384457
continuous,apep_0792_v1,16.1,REML,0.5,0.0008596761050315724
continuous,apep_0793_v1,17.73,REML,0.5,0.00032995466732372
continuous,apep_0814_v1,16.05,REML,0.5,0.007063477754372975
continuous,apep_0816_v1,25.1,REML,0.5,0.008901278061983629
continuous,apep_0817_v1,11.29,REML,0.5,0.006891302804605027
continuous,apep_0818_v1,20.77,REML,0.5,0.008185755652806754
continuous,apep_0820_v1,21.37,REML,0.5,0.005419361606707649
continuous,apep_0821_v1,18.01,REML,0.5,0.0076945733370819
continuous,apep_0822_v1,10.96,REML,0.5,0.006485279117583106
continuous,apep_0826_v1,6.78,REML,0.5,0.005712772382360313
continuous,apep_0829_v1,25.3,REML,0.5,0.00896935430335031
continuous,apep_0831_v1,20.97,REML,0.5,0.007998504872435147
continuous,apep_0839_v1,10.26,REML,0.5,0.0055351009158707
continuous,apep_0840_v1,19.09,REML,0.5,0.007775711883324005
continuous,apep_0845_v1,13.61,REML,0.5,0.0059371211599732335
continuous,apep_0847_v1,21.55,REML,0.5,0.005450383249973682
continuous,apep_0856_v1,25.27,REML,0.5,0.005025041406495428
continuous,apep_0861_v1,20.51,REML,0.5,0.0003946851611494306
continuous,apep_0863_v1,24.17,REML,0.5,0.008840453403182402
continuous,apep_0865_v1,19.26,REML,0.5,0.007669628696328234
continuous,apep_0869_v3,28.37,REML,0.5,0.009287706009397505
continuous,apep_0873_v1,8.2,REML,0.5,0.0003632420245457938
continuous,apep_0874_v1,18.18,REML,0.5,0.007804265372697742
continuous,apep_0880_v1,6.79,REML,0.5,0.004269481591078167
continuous,apep_0892_v1,7.74,REML,0.5,0.006147042571730549
continuous,apep_0894_v1,17.13,REML,0.5,0.007547817363993701
continuous,apep_0897_v1,12.36,REML,0.5,0.0002746345453009566
continuous,apep_0898_v1,15.07,REML,0.5,0.003178084248383564
continuous,apep_0899_v1,18.57,REML,0.5,0.007339653660053576
continuous,apep_0901_v1,17.34,REML,0.5,0.005661551701964302
continuous,apep_0912_v1,22.17,REML,0.5,0.008238794516104252
continuous,apep_0914_v1,27.9,REML,0.5,0.009201592006572506
continuous,apep_0916_v1,31.16,REML,0.5,0.00948656391733169
continuous,apep_0932_v1,22.46,REML,0.5,0.00859596643324543
continuous,apep_0933_v1,16.5,REML,0.5,0.007470360178078401
continuous,apep_0938_v1,10.65,REML,0.5,0.006099075952693103
continuous,apep_0941_v1,20.01,REML,0.5,0.008129541347302774
continuous,apep_0942_v1,28.34,REML,0.5,0.008769482294490276
continuous,apep_0943_v1,19.74,REML,0.5,0.007167173056868649
continuous,apep_0948_v1,13.77,REML,0.5,0.0018715137810976583
continuous,apep_0954_v1,12.88,REML,0.5,0.007022500580733336
continuous,apep_0955_v1,27.6,REML,0.5,0.00913492702536774
continuous,apep_0963_v1,15.26,REML,0.5,0.007342707664827354
continuous,apep_0965_v1,22.53,REML,0.5,0.008624546031229391
continuous,apep_0966_v1,27.1,REML,0.5,0.0014840125230619638
continuous,apep_0968_v1,17.71,REML,0.5,0.006043780318722679
continuous,apep_0978_v1,11.19,REML,0.5,0.0069036224253882636
continuous,apep_0983_v1,23.08,REML,0.5,0.007370988524604923
continuous,apep_1013_v1,11.29,REML,0.5,0.006212048934867168
continuous,apep_1016_v1,5.05,REML,0.5,0.0013705905285200275
continuous,apep_1023_v1,27.29,REML,0.5,0.008459777025580999
continuous,apep_1050_v1,29.97,REML,0.5,0.0005322144374638324
continuous,apep_1055_v1,14.68,REML,0.5,0.007278714248191436
continuous,apep_1058_v1,29.69,REML,0.5,0.009379028876069078
continuous,apep_1061_v1,10.98,REML,0.5,0.004741532630040237
continuous,apep_1064_v1,8.63,REML,0.5,0.0065284733634608
continuous,apep_1070_v1,36.0,REML,0.5,0.009583722255270308
continuous,apep_1079_v1,22.86,REML,0.5,0.005438945176306712
continuous,apep_1090_v1,13.28,REML,0.5,0.0071204692999197045
continuous,apep_1103_v1,21.71,REML,0.5,0.008266516344349252
continuous,apep_1104_v1,21.5,REML,0.5,0.008325130934230858
continuous,apep_1105_v1,14.22,REML,0.5,0.004096895623115787
continuous,apep_1110_v1,25.16,REML,0.5,0.008427447214846949
continuous,apep_1111_v1,18.58,REML,0.5,0.007934914943071051
continuous,apep_1122_v1,22.77,REML,0.5,0.008648526610320095
continuous,apep_1125_v1,17.9,REML,0.5,0.007484244160287196
continuous,apep_1129_v1,32.15,REML,0.5,0.008843894872381516
continuous,apep_1131_v1,21.23,REML,0.5,6.28399285969422e-05
continuous,apep_1133_v1,20.56,REML,0.5,0.008208830360488365
continuous,apep_1149_v1,24.36,REML,0.5,0.008857680405824754
continuous,apep_1155_v1,25.55,REML,0.5,0.008485614659524118
continuous,apep_1164_v1,18.29,REML,0.5,0.0016605456399881164
continuous,apep_1167_v1,18.78,REML,0.5,0.00609253117785399
continuous,apep_1175_v1,13.07,REML,0.5,0.007043572231362932
continuous,apep_1176_v1,35.81,REML,0.5,0.0016233775735896067
continuous,apep_1179_v1,15.37,REML,0.5,0.007202717191640164
continuous,apep_1184_v1,22.86,REML,0.5,0.00849222912235773
continuous,apep_1187_v1,10.69,REML,0.5,0.006057586294387416
continuous,apep_1188_v1,13.75,REML,0.5,0.00711203845280721
continuous,apep_1190_v1,9.1,REML,0.5,0.006542246093136782
continuous,apep_1192_v1,29.72,REML,0.5,0.009134282879371299
continuous,apep_1204_v1,27.73,REML,0.5,0.005019130937819961
continuous,apep_1213_v1,22.01,REML,0.5,0.008199058462283916
continuous,apep_1215_v1,9.27,REML,0.5,0.004750319048896222
continuous,apep_1223_v1,28.21,REML,0.5,0.009244856154682866
continuous,apep_1237_v1,29.13,REML,0.5,0.009391408352251083
continuous,apep_1238_v1,17.56,REML,0.5,0.007495870264160795
continuous,apep_1249_v1,20.1,REML,0.5,0.00811932621233102
continuous,apep_1253_v1,9.78,REML,0.5,0.006693207550595553
continuous,apep_1261_v1,8.95,REML,0.5,0.006127496496501845
continuous,apep_1270_v1,28.1,REML,0.5,0.0012574821138818873
continuous,apep_1275_v1,18.49,REML,0.5,0.007830537262800715
continuous,apep_1280_v1,27.1,REML,0.5,0.0023996828282102922
continuous,apep_1282_v1,16.34,REML,0.5,0.007059550880048022
continuous,apep_1284_v1,18.47,REML,0.5,0.007771162155368906
continuous,apep_1298_v1,13.23,REML,0.5,0.007112872185620167
continuous,apep_1299_v1,18.68,REML,0.5,0.004415635222790408
continuous,apep_1301_v1,9.74,REML,0.5,0.00012308216114192527
continuous,apep_1310_v1,20.66,REML,0.5,0.005716412365221484
continuous,apep_1311_v1,28.73,REML,0.5,0.006247420046870526
continuous,apep_1312_v1,11.01,REML,0.5,0.005819199966201612
continuous,apep_1314_v1,11.55,REML,0.5,0.004447296960273553
continuous,apep_1316_v1,30.03,REML,0.5,0.009433939479545841
continuous,apep_1319_v1,23.99,REML,0.5,0.008241927246883564
continuous,apep_1330_v1,22.39,REML,0.5,0.008565271292947747
continuous,apep_1332_v1,21.86,REML,0.5,0.006120058603143022
continuous,apep_1336_v1,13.23,REML,0.5,0.006142936852567116
continuous,apep_1337_v1,12.71,REML,0.5,0.0069884882455432595
continuous,apep_1338_v1,32.04,REML,0.5,0.009258865883800161
continuous,apep_1344_v1,26.26,REML,0.5,0.008734417307735404
continuous,apep_1348_v1,17.2,REML,0.5,0.007527429782506284
continuous,apep_1416_v1,21.44,REML,0.5,0.0070383212884947135
continuous,apep_1418_v1,14.6,REML,0.5,0.007255152608699288
continuous,apep_1419_v1,16.77,REML,0.5,0.0074323535996153114
continuous,apep_1421_v1,21.75,REML,0.5,0.008424315033187883
continuous,apep_1447_v1,13.33,REML,0.5,0.006071195678753201
continuous,apep_1452_v1,23.22,REML,0.5,0.008628557056366854
continuous,apep_0591_v2,17.22,REML,1.0,0.006800447080211609
continuous,apep_0592_v1,16.13,REML,1.0,0.007081431016131856
continuous,apep_0597_v1,20.29,REML,1.0,0.008156346672635704
continuous,apep_0603_v1,22.19,REML,1.0,0.008727529866209888
continuous,apep_0604_v1,13.01,REML,1.0,0.006316946480323001
continuous,apep_0607_v1,21.0,REML,1.0,0.008446065450416413
continuous,apep_0612_v1,10.82,REML,1.0,0.0019751308404822986
continuous,apep_0619_v1,23.44,REML,1.0,0.008802256547989136
continuous,apep_0620_v1,9.58,REML,1.0,0.004786789206338958
continuous,apep_0626_v2,28.76,REML,1.0,0.010265229854924998
continuous,apep_0634_v1,18.71,REML,1.0,0.007950453997720593
continuous,apep_0650_v1,25.88,REML,1.0,0.009268012010727154
continuous,apep_0651_v1,17.59,REML,1.0,0.0070126196715597005
continuous,apep_0661_v1,5.14,REML,1.0,0.0053239920264002505
continuous,apep_0668_v1,18.01,REML,1.0,0.007549737635669819
continuous,apep_0671_v1,26.0,REML,1.0,0.009697899643565924
continuous,apep_0679_v1,10.66,REML,1.0,0.005579171020937039
continuous,apep_0684_v1,24.72,REML,1.0,0.009067366033298553
continuous,apep_0690_v1,14.59,REML,1.0,0.006454502877956359
continuous,apep_0691_v1,18.5,REML,1.0,0.0075412840170226685
continuous,apep_0705_v1,18.78,REML,1.0,0.007973874837920697
continuous,apep_0708_v1,28.69,REML,1.0,0.01020027252393561
continuous,apep_0717_v1,11.08,REML,1.0,0.004702398901443716
continuous,apep_0721_v1,20.67,REML,1.0,0.008384674842621068
continuous,apep_0728_v1,28.07,REML,1.0,0.010012589215375109
continuous,apep_0738_v1,23.15,REML,1.0,0.009179219970950671
continuous,apep_0742_v1,19.16,REML,1.0,0.00685076657333426
continuous,apep_0751_v1,9.18,REML,1.0,0.004536153021067088
continuous,apep_0764_v1,17.93,REML,1.0,0.007512984678954296
continuous,apep_0771_v1,15.94,REML,1.0,0.006986725802996465
continuous,apep_0776_v1,23.8,REML,1.0,0.00902582522301768
continuous,apep_0782_v1,26.15,REML,1.0,0.009731222506606076
continuous,apep_0792_v1,16.1,REML,1.0,0.0008149295374748163
continuous,apep_0793_v1,17.73,REML,1.0,0.0003206789744285772
continuous,apep_0814_v1,16.05,REML,1.0,0.006681199307892852
continuous,apep_0816_v1,25.1,REML,1.0,0.009482300214160994
continuous,apep_0817_v1,11.29,REML,1.0,0.006174039475553478
continuous,apep_0818_v1,20.77,REML,1.0,0.00835193069929185
continuous,apep_0820_v1,21.37,REML,1.0,0.005565152782138956
continuous,apep_0821_v1,18.01,REML,1.0,0.007529686920456741
continuous,apep_0822_v1,10.96,REML,1.0,0.005724086533527774
continuous,apep_0826_v1,6.78,REML,1.0,0.004790009996276268
continuous,apep_0829_v1,25.3,REML,1.0,0.00959335095421407
continuous,apep_0831_v1,20.97,REML,1.0,0.008174181415995022
continuous,apep_0839_v1,10.26,REML,1.0,0.004816312096156795
continuous,apep_0840_v1,19.09,REML,1.0,0.007786749918866731
continuous,apep_0845_v1,13.61,REML,1.0,0.005475768086435765
continuous,apep_0847_v1,21.55,REML,1.0,0.005623512805801698
continuous,apep_0856_v1,25.27,REML,1.0,0.005367471758558162
continuous,apep_0861_v1,20.51,REML,1.0,0.00040003736348408425
continuous,apep_0863_v1,24.17,REML,1.0,0.009378974396578
continuous,apep_0865_v1,19.26,REML,1.0,0.00770747460513093
continuous,apep_0869_v3,28.37,REML,1.0,0.010137315697043816
continuous,apep_0873_v1,8.2,REML,1.0,0.00030752980908900577
continuous,apep_0874_v1,18.18,REML,1.0,0.007659073770363114
continuous,apep_0880_v1,6.79,REML,1.0,0.003591526004100259
continuous,apep_0892_v1,7.74,REML,1.0,0.005187648769081514
continuous,apep_0894_v1,17.13,REML,1.0,0.007231733673955811
continuous,apep_0897_v1,12.36,REML,1.0,0.00024766818655519587
continuous,apep_0898_v1,15.07,REML,1.0,0.002979386011292785
continuous,apep_0899_v1,18.57,REML,1.0,0.00727099661103736
continuous,apep_0901_v1,17.34,REML,1.0,0.005458237226565389
continuous,apep_0912_v1,22.17,REML,1.0,0.008565925127776907
continuous,apep_0914_v1,27.9,REML,1.0,0.009981947966382245
continuous,apep_0916_v1,31.16,REML,1.0,0.010464659708753933
continuous,apep_0932_v1,22.46,REML,1.0,0.008977419563874652
continuous,apep_0933_v1,16.5,REML,1.0,0.00712738274158111
continuous,apep_0938_v1,10.65,REML,1.0,0.005322476364644831
continuous,apep_0941_v1,20.01,REML,1.0,0.00819792976080379
continuous,apep_0942_v1,28.34,REML,1.0,0.009560095919916831
continuous,apep_0943_v1,19.74,REML,1.0,0.007215035663408354
continuous,apep_0948_v1,13.77,REML,1.0,0.0017343253643322188
continuous,apep_0954_v1,12.88,REML,1.0,0.006365610224499289
continuous,apep_0955_v1,27.6,REML,1.0,0.009884856682568765
continuous,apep_0963_v1,15.26,REML,1.0,0.006899187917014944
continuous,apep_0965_v1,22.53,REML,1.0,0.009020558347888251
continuous,apep_0966_v1,27.1,REML,1.0,0.0016007582389261452
continuous,apep_0968_v1,17.71,REML,1.0,0.005862191831338298
continuous,apep_0978_v1,11.19,REML,1.0,0.006160365722258653
continuous,apep_0983_v1,23.08,REML,1.0,0.007754317669564031
continuous,apep_1013_v1,11.29,REML,1.0,0.005565483978197942
continuous,apep_1016_v1,5.05,REML,1.0,0.0011416314548871166
continuous,apep_1023_v1,27.29,REML,1.0,0.009142728650554611
continuous,apep_1050_v1,29.97,REML,1.0,0.0005857342784162608
continuous,apep_1055_v1,14.68,REML,1.0,0.006808127409955211
continuous,apep_1058_v1,29.69,REML,1.0,0.010298125640010833
continuous,apep_1061_v1,10.98,REML,1.0,0.004196626823658877
continuous,apep_1064_v1,8.63,REML,1.0,0.005544674750593833
continuous,apep_1070_v1,36.0,REML,1.0,0.010619915679874446
continuous,apep_1079_v1,22.86,REML,1.0,0.005709457430952296
continuous,apep_1090_v1,13.28,REML,1.0,0.006535433199503172
continuous,apep_1103_v1,21.71,REML,1.0,0.008542362524013311
continuous,apep_1104_v1,21.5,REML,1.0,0.008576150464248226
continuous,apep_1105_v1,14.22,REML,1.0,0.0038055183430375605
continuous,apep_1110_v1,25.16,REML,1.0,0.008989666260953138
continuous,apep_1111_v1,18.58,REML,1.0,0.007875130686337096
continuous,apep_1122_v1,22.77,REML,1.0,0.009058901713175882
continuous,apep_1125_v1,17.9,REML,1.0,0.007288237145476625
continuous,apep_1129_v1,32.15,REML,1.0,0.00977801353500047
continuous,apep_1131_v1,21.23,REML,1.0,6.442753569410974e-05
continuous,apep_1133_v1,20.56,REML,1.0,0.008334087752357468
continuous,apep_1149_v1,24.36,REML,1.0,0.009410181842406698
continuous,apep_1155_v1,25.55,REML,1.0,0.009087992417698715
continuous,apep_1164_v1,18.29,REML,1.0,0.0016327583040176132
continuous,apep_1167_v1,18.78,REML,1.0,0.006084967872172799
continuous,apep_1175_v1,13.07,REML,1.0,0.0064170600391483855
continuous,apep_1176_v1,35.81,REML,1.0,0.0017968750319080767
continuous,apep_1179_v1,15.37,REML,1.0,0.006782824339150109
continuous,apep_1184_v1,22.86,REML,1.0,0.00891459999986965
continuous,apep_1187_v1,10.69,REML,1.0,0.005316622521572657
continuous,apep_1188_v1,13.75,REML,1.0,0.006575090735691954
continuous,apep_1190_v1,9.1,REML,1.0,0.005591113370551625
continuous,apep_1192_v1,29.72,REML,1.0,0.010041140805333804
continuous,apep_1204_v1,27.73,REML,1.0,0.0054379968133071955
continuous,apep_1213_v1,22.01,REML,1.0,0.008511720170847227
continuous,apep_1215_v1,9.27,REML,1.0,0.004084601017117153
continuous,apep_1223_v1,28.21,REML,1.0,0.010066051614815035
continuous,apep_1237_v1,29.13,REML,1.0,0.010299587406830473
continuous,apep_1238_v1,17.56,REML,1.0,0.007241421964549663
continuous,apep_1249_v1,20.1,REML,1.0,0.008201635847809186
continuous,apep_1253_v1,9.78,REML,1.0,0.005806988277676848
continuous,apep_1261_v1,8.95,REML,1.0,0.005220445204503406
continuous,apep_1270_v1,28.1,REML,1.0,0.0013675033615788848
continuous,apep_1275_v1,18.49,REML,1.0,0.007728552929848249
continuous,apep_1280_v1,27.1,REML,1.0,0.002588463371010804
continuous,apep_1282_v1,16.34,REML,1.0,0.006721071769598001
continuous,apep_1284_v1,18.47,REML,1.0,0.007655575312767584
continuous,apep_1298_v1,13.23,REML,1.0,0.0065044374501708625
continuous,apep_1299_v1,18.68,REML,1.0,0.004390359161226457
continuous,apep_1301_v1,9.74,REML,1.0,0.00010647003040315995
continuous,apep_1310_v1,20.66,REML,1.0,0.005813295125078071
continuous,apep_1311_v1,28.73,REML,1.0,0.006835314732792018
continuous,apep_1312_v1,11.01,REML,1.0,0.005164617288874981
continuous,apep_1314_v1,11.55,REML,1.0,0.004000183296439029
continuous,apep_1316_v1,30.03,REML,1.0,0.01039464330659605
continuous,apep_1319_v1,23.99,REML,1.0,0.008731897942183878
continuous,apep_1330_v1,22.39,REML,1.0,0.00893209662394698
continuous,apep_1332_v1,21.86,REML,1.0,0.0063437689846067066
continuous,apep_1336_v1,13.23,REML,1.0,0.005617470337601533
continuous,apep_1337_v1,12.71,REML,1.0,0.006318583855941624
continuous,apep_1338_v1,32.04,REML,1.0,0.010225176446919343
continuous,apep_1344_v1,26.26,REML,1.0,0.009403421375055754
continuous,apep_1348_v1,17.2,REML,1.0,0.007227254495949965
continuous,apep_1416_v1,21.44,REML,1.0,0.007239132528141869
continuous,apep_1418_v1,14.6,REML,1.0,0.006770536693945567
continuous,apep_1419_v1,16.77,REML,1.0,0.007106155950958631
continuous,apep_1421_v1,21.75,REML,1.0,0.008718874588480178
continuous,apep_1447_v1,13.33,REML,1.0,0.005585937930959673
continuous,apep_1452_v1,23.22,REML,1.0,0.009103165789261748
