local_path,source_path,url,git_blob_sha1,sha256,checksum_kind
sde/apep_0238__v10.tex,apep_0238/v10/tables/tabF1_sde.tex,https://raw.githubusercontent.com/SocialCatalystLab/ape-papers/70c660ea5a7de722e9a12ad965e1c665890208d8/apep_0238/v10/tables/tabF1_sde.tex,61fbbd46cb654ba81dddfe5999312e03854afceb,2ec1aedb62f4a824f191e0616c0afd1ab568f43efcc2083f6579e9a06a56ddff,lf-normalized
sde/apep_0238__v11.tex,apep_0238/v11/tables/tabF1_sde.tex,https://raw.githubusercontent.com/SocialCatalystLab/ape-papers/70c660ea5a7de722e9a12ad965e1c665890208d8/apep_0238/v11/tables/tabF1_sde.tex,61fbbd46cb654ba81dddfe5999312e03854afceb,2ec1aedb62f4a824f191e0616c0afd1ab568f43efcc2083f6579e9a06a56ddff,lf-normalized
sde/apep_0569__v1.tex,apep_0569/v1/tables/tabF1_sde.tex,https://raw.githubusercontent.com/SocialCatalystLab/ape-papers/70c660ea5a7de722e9a12ad965e1c665890208d8/apep_0569/v1/tables/tabF1_sde.tex,570331c4f8a75c65ff421b8ed82c409bc98a4817,19ac4a706b505e75802cb869cf098583a9cddc8b81de9e486a77e6001d5f6355,lf-normalized
sde/apep_0572__v1.tex,apep_0572/v1/tables/tabF1_sde.tex,https://raw.githubusercontent.com/SocialCatalystLab/ape-papers/70c660ea5a7de722e9a12ad965e1c665890208d8/apep_0572/v1/tables/tabF1_sde.tex,570331c4f8a75c65ff421b8ed82c409bc98a4817,19ac4a706b505e75802cb869cf098583a9cddc8b81de9e486a77e6001d5f6355,lf-normalized
sde/apep_0591__v1.tex,apep_0591/v1/tables/tabF1_sde.tex,https://raw.githubusercontent.com/SocialCatalystLab/ape-papers/70c660ea5a7de722e9a12ad965e1c665890208d8/apep_0591/v1/tables/tabF1_sde.tex,ec9019b6ea2af39d66b784aac194e294d7edf209,dd9e2cde1e67c1ad7ebfc099240febc8b6babc76f447adbbb03fbded84be9bb6,lf-normalized
sde/apep_0591__v2.tex,apep_0591/v2/tables/tabF1_sde.tex,https://raw.githubusercontent.com/SocialCatalystLab/ape-papers/70c660ea5a7de722e9a12ad965e1c665890208d8/apep_0591/v2/tables/tabF1_sde.tex,c5d50cf5446eb9cd59e940b0d38673461ee85d1c,e5caad987d4bd1d1527885c85ad6a209d9c5f52cea9fd05459463241ce7d9aa6,lf-normalized
sde/apep_0592__v1.tex,apep_0592/v1/tables/tabF1_sde.tex,https://raw.githubusercontent.com/SocialCatalystLab/ape-papers/70c660ea5a7de722e9a12ad965e1c665890208d8/apep_0592/v1/tables/tabF1_sde.tex,5da7d4663701b13ea53382bc22da979faf072bab,47f90c2628e7d5f124746c4e62c28690a69e9c1668551d728eb42bee9b45b2d0,lf-normalized
sde/apep_0593__v1.tex,apep_0593/v1/tables/tabF1_sde.tex,https://raw.githubusercontent.com/SocialCatalystLab/ape-papers/70c660ea5a7de722e9a12ad965e1c665890208d8/apep_0593/v1/tables/tabF1_sde.tex,af6fb7544b7e03634874b3538877b70b2ca4cbfb,fc4e6c38849b3be2882616eb96ccfd77961f9b568e5eab14a349a7ef584f7f1d,lf-normalized
sde/apep_0594__v1.tex,apep_0594/v1/tables/tabF1_sde.tex,https://raw.githubusercontent.com/SocialCatalystLab/ape-papers/70c660ea5a7de722e9a12ad965e1c665890208d8/apep_0594/v1/tables/tabF1_sde.tex,bc885bb8fe90039dfd4df717416a939f54a6e8de,a70e2655c57975089e18969a4691bfbc4f75adf23d1805ac02616d617154a53a,lf-normalized
sde/apep_0595__v1.tex,apep_0595/v1/tables/tabF1_sde.tex,https://raw.githubusercontent.com/SocialCatalystLab/ape-papers/70c660ea5a7de722e9a12ad965e1c665890208d8/apep_0595/v1/tables/tabF1_sde.tex,307c4f759fa78b585288db1ae21f9a88ed676f3e,1dda0e126c8df4673dfc1ae22fd2b50b33ba8690ea00c0c4994836f9eefbe2dc,lf-normalized
sde/apep_0596__v1.tex,apep_0596/v1/tables/tabF1_sde.tex,https://raw.githubusercontent.com/SocialCatalystLab/ape-papers/70c660ea5a7de722e9a12ad965e1c665890208d8/apep_0596/v1/tables/tabF1_sde.tex,b8f005784dd60558212ea5f7b8a9756380e13afb,41a58abf39d08632a0f64f8a9e01499abc01d80704203b1b7d65d6e6fe0224d0,lf-normalized
sde/apep_0597__v1.tex,apep_0597/v1/tables/tabF1_sde.tex,https://raw.githubusercontent.com/SocialCatalystLab/ape-papers/70c660ea5a7de722e9a12ad965e1c665890208d8/apep_0597/v1/tables/tabF1_sde.tex,4740571faa9dcba1090594a386ce42a13980f0ac,738c982f707af4804d223e453559d4a52bd59cfa3d7ff45986102a08a84ceb6e,lf-normalized
sde/apep_0598__v1.tex,apep_0598/v1/tables/tabF1_sde.tex,https://raw.githubusercontent.com/SocialCatalystLab/ape-papers/70c660ea5a7de722e9a12ad965e1c665890208d8/apep_0598/v1/tables/tabF1_sde.tex,4d43664877199f1b38c53b09d4a90771e8a95f71,4efd48cefe67761f8fe396691663f5763c25f5280f0b20989ee694c2be797d1f,lf-normalized
sde/apep_0599__v1.tex,apep_0599/v1/tables/tabF1_sde.tex,https://raw.githubusercontent.com/SocialCatalystLab/ape-papers/70c660ea5a7de722e9a12ad965e1c665890208d8/apep_0599/v1/tables/tabF1_sde.tex,c2b155034be89e20972ad223f84593ec411c16e6,efa64dfd16b83136d51ed964d3a7eb026f2b23f0e5dc3e59eed6bc86666d062c,lf-normalized
sde/apep_0600__v1.tex,apep_0600/v1/tables/tabF1_sde.tex,https://raw.githubusercontent.com/SocialCatalystLab/ape-papers/70c660ea5a7de722e9a12ad965e1c665890208d8/apep_0600/v1/tables/tabF1_sde.tex,e57c573512d8ec4473c1ce086915cd5123d6a18f,32b294011b62fafb3c0cef349bacc77904a636462397a09220556f5fbabba032,lf-normalized
sde/apep_0601__v1.tex,apep_0601/v1/tables/tabF1_sde.tex,https://raw.githubusercontent.com/SocialCatalystLab/ape-papers/70c660ea5a7de722e9a12ad965e1c665890208d8/apep_0601/v1/tables/tabF1_sde.tex,308549dac84a509732d5dcc7529383f5d2875ccc,6dd5ce859c1ca75fca79997d3afcbd01efaa7665ce645c18da4f7caccc340830,lf-normalized
sde/apep_0602__v1.tex,apep_0602/v1/tables/tabF1_sde.tex,https://raw.githubusercontent.com/SocialCatalystLab/ape-papers/70c660ea5a7de722e9a12ad965e1c665890208d8/apep_0602/v1/tables/tabF1_sde.tex,7dbdf1f3bb01d57abbe101b69fff321b571a511b,c876a581e96d5146b16bb5e658eec639250d2bd04d1c847bfc700bb1d003ccd3,lf-normalized
sde/apep_0603__v1.tex,apep_0603/v1/tables/tabF1_sde.tex,https://raw.githubusercontent.com/SocialCatalystLab/ape-papers/70c660ea5a7de722e9a12ad965e1c665890208d8/apep_0603/v1/tables/tabF1_sde.tex,3445e43535b01e7266f66e26419886e7f5fcc6bb,1a51fde5800670bf3853bc3cb36a1bffc59942db6a34d0ddb8b2b66340221f97,lf-normalized
sde/apep_0604__v1.tex,apep_0604/v1/tables/tabF1_sde.tex,https://raw.githubusercontent.com/SocialCatalystLab/ape-papers/70c660ea5a7de722e9a12ad965e1c665890208d8/apep_0604/v1/tables/tabF1_sde.tex,19b7c34a1249467cdfb47b5e6df518907ae5935b,c0867ad82b65faec7cb97b60a6a7566887850a5732f9b51fa552a900e0d4d8a9,lf-normalized
sde/apep_0605__v1.tex,apep_0605/v1/tables/tabF1_sde.tex,https://raw.githubusercontent.com/SocialCatalystLab/ape-papers/70c660ea5a7de722e9a12ad965e1c665890208d8/apep_0605/v1/tables/tabF1_sde.tex,4a7b7fda3f92f848fa6658838e614b88b041b7a5,074e30b1ba65f1b41fdee31224870ea4e7c5201005a82542899451c8d7c6b428,lf-normalized
sde/apep_0606__v1.tex,apep_0606/v1/tables/tabF1_sde.tex,https://raw.githubusercontent.com/SocialCatalystLab/ape-papers/70c660ea5a7de722e9a12ad965e1c665890208d8/apep_0606/v1/tables/tabF1_sde.tex,934ff215d4989943634ba516882b2381f05c9c66,a4d85d84bdcacf9832ee8044c3e8b735eadffe3fd82154ad4ff19dfac21a3966,lf-normalized
sde/apep_0607__v1.tex,apep_0607/v1/tables/tabF1_sde.tex,https://raw.githubusercontent.com/SocialCatalystLab/ape-papers/70c660ea5a7de722e9a12ad965e1c665890208d8/apep_0607/v1/tables/tabF1_sde.tex,1c884cd3226ea9ffda76237267c9121aec90e89e,0fe5d24e854edf36f49a16f75fe0fb9068d77a907ecdfb95ffb08c050c2d6899,lf-normalized
sde/apep_0608__v1.tex,apep_0608/v1/tables/tabF1_sde.tex,https://raw.githubusercontent.com/SocialCatalystLab/ape-papers/70c660ea5a7de722e9a12ad965e1c665890208d8/apep_0608/v1/tables/tabF1_sde.tex,fbd0f50d12be7858c70bc0e0ca2ae6306993f0b0,3ba6c497f1e114a391875266ab6b771d2a90dd2f76d2418659facebee43ea0d4,lf-normalized
sde/apep_0609__v1.tex,apep_0609/v1/tables/tabF1_sde.tex,https://raw.githubusercontent.com/SocialCatalystLab/ape-papers/70c660ea5a7de722e9a12ad965e1c665890208d8/apep_0609/v1/tables/tabF1_sde.tex,61f870bd2e8342b1c9034958f99f6eaa686aeeb8,446e7e55a66961e62437b0773e965b092727a809f1e8e0878798bc9330e85ace,lf-normalized
sde/apep_0610__v1.tex,apep_0610/v1/tables/tabF1_sde.tex,https://raw.githubusercontent.com/SocialCatalystLab/ape-papers/70c660ea5a7de722e9a12ad965e1c665890208d8/apep_0610/v1/tables/tabF1_sde.tex,f2a65640bbb399b239a279cda27ecda1fdf5a5fb,2bd393a9257e7800de4e94def1edbe4fd1a2fd1b0339b223463f069dba483942,lf-normalized
sde/apep_0611__v1.tex,apep_0611/v1/tables/tabF1_sde.tex,https://raw.githubusercontent.com/SocialCatalystLab/ape-papers/70c660ea5a7de722e9a12ad965e1c665890208d8/apep_0611/v1/tables/tabF1_sde.tex,63eaf669273c2be220a1d25a6f1cdf46138596fe,7deec95877e6be9d667baf2d95e07b0011c9a1f5fbe1176ac5989197ff77e057,lf-normalized
sde/apep_0612__v1.tex,apep_0612/v1/tables/tabF1_sde.tex,https://raw.githubusercontent.com/SocialCatalystLab/ape-papers/70c660ea5a7de722e9a12ad965e1c665890208d8/apep_0612/v1/tables/tabF1_sde.tex,b372e24e1dc8f6cb30d021eebc0f0785b79fe318,357df7a33535692ed3b5c2ffd0720cf5f2e7865f37b600d6ae92b1d7784f6e4f,lf-normalized
sde/apep_0613__v1.tex,apep_0613/v1/tables/tabF1_sde.tex,https://raw.githubusercontent.com/SocialCatalystLab/ape-papers/70c660ea5a7de722e9a12ad965e1c665890208d8/apep_0613/v1/tables/tabF1_sde.tex,139873a5521626f7680905eeaea98ec45bb3f563,9814926df4eae405509b69ead01e17e932f5c1b44e0d637e32e0414a134cb1c0,lf-normalized
sde/apep_0614__v1.tex,apep_0614/v1/tables/tabF1_sde.tex,https://raw.githubusercontent.com/SocialCatalystLab/ape-papers/70c660ea5a7de722e9a12ad965e1c665890208d8/apep_0614/v1/tables/tabF1_sde.tex,7854b41f123db50a705cff9d2e9ae624f05b56ea,d462eda22335fa26031b79b922c15e3260404e5dab32ee350aadf90ec05a220f,lf-normalized
sde/apep_0615__v1.tex,apep_0615/v1/tables/tabF1_sde.tex,https://raw.githubusercontent.com/SocialCatalystLab/ape-papers/70c660ea5a7de722e9a12ad965e1c665890208d8/apep_0615/v1/tables/tabF1_sde.tex,97ce98583826a2a34a8b4d3a83d50629f0907d19,1060fd6d5f35a1e605319af2122b23794ee4a53b753d3a07419df392d9aba379,lf-normalized
sde/apep_0616__v1.tex,apep_0616/v1/tables/tabF1_sde.tex,https://raw.githubusercontent.com/SocialCatalystLab/ape-papers/70c660ea5a7de722e9a12ad965e1c665890208d8/apep_0616/v1/tables/tabF1_sde.tex,748d2e13ae4996ca0000dec93c25e853c39c5d52,341979298db930e670e58c341eca5986bb16526850b34c62bffe79f586f60171,lf-normalized
sde/apep_0617__v1.tex,apep_0617/v1/tables/tabF1_sde.tex,https://raw.githubusercontent.com/SocialCatalystLab/ape-papers/70c660ea5a7de722e9a12ad965e1c665890208d8/apep_0617/v1/tables/tabF1_sde.tex,2b856fb144560747ed4557380a816182412f3fa3,4b57164cf9284196612684b9759f9b714683e1f019a814980c9a3b73729ffac5,lf-normalized
sde/apep_0618__v1.tex,apep_0618/v1/tables/tabF1_sde.tex,https://raw.githubusercontent.com/SocialCatalystLab/ape-papers/70c660ea5a7de722e9a12ad965e1c665890208d8/apep_0618/v1/tables/tabF1_sde.tex,168bbd9074e91e4ea7c93f18dcae14aaf4f99bfd,1ddcf3cecacda70a627f040fb38af082b6ca49acc4d1d9e4d8254985983b7437,lf-normalized
sde/apep_0619__v1.tex,apep_0619/v1/tables/tabF1_sde.tex,https://raw.githubusercontent.com/SocialCatalystLab/ape-papers/70c660ea5a7de722e9a12ad965e1c665890208d8/apep_0619/v1/tables/tabF1_sde.tex,3b0f269838175f32008cb1cfa41793df0cd4e760,8615e94fcab11bed88f6379627345b8e9772b6a1f5ee42ae092f0a4986f4b7c0,lf-normalized
sde/apep_0620__v1.tex,apep_0620/v1/tables/tabF1_sde.tex,https://raw.githubusercontent.com/SocialCatalystLab/ape-papers/70c660ea5a7de722e9a12ad965e1c665890208d8/apep_0620/v1/tables/tabF1_sde.tex,84ee77b68b5e81253b568034936b69f8720d0da4,dce4de46e56022a38a78b22793d28430f3ad963308bdf82b1b1cb409fb9ea7ae,lf-normalized
sde/apep_0621__v1.tex,apep_0621/v1/tables/tabF1_sde.tex,https://raw.githubusercontent.com/SocialCatalystLab/ape-papers/70c660ea5a7de722e9a12ad965e1c665890208d8/apep_0621/v1/tables/tabF1_sde.tex,0b3c175f3eeb3ae97c00a8c832f5664dcdcb5b0c,2ea4b1fab2491d8778d58011bf56ee05ebe01f843175d3bd380d71166d870580,lf-normalized
sde/apep_0622__v1.tex,apep_0622/v1/tables/tabF1_sde.tex,https://raw.githubusercontent.com/SocialCatalystLab/ape-papers/70c660ea5a7de722e9a12ad965e1c665890208d8/apep_0622/v1/tables/tabF1_sde.tex,b123f6afb92b67257ea4e0c07ec468eb146cbf9d,e8d18a548353e4d0e7ab1a2498c888558e66c652522b384e508b02d86f1dd84d,lf-normalized
sde/apep_0623__v1.tex,apep_0623/v1/tables/tabF1_sde.tex,https://raw.githubusercontent.com/SocialCatalystLab/ape-papers/70c660ea5a7de722e9a12ad965e1c665890208d8/apep_0623/v1/tables/tabF1_sde.tex,27ea399e8e065cef44d1d6e6101f2bbda4c1fd00,c317a95d5471a90b31c8e1c4bee2369d5920bf914e7e0c16c64630456b95ce7d,lf-normalized
sde/apep_0624__v1.tex,apep_0624/v1/tables/tabF1_sde.tex,https://raw.githubusercontent.com/SocialCatalystLab/ape-papers/70c660ea5a7de722e9a12ad965e1c665890208d8/apep_0624/v1/tables/tabF1_sde.tex,a6ea92e9716dc453952bb99dbf401831265d9812,81dc6c909b775c64ef6464db8f1ca4baef595b73718bcf23743cf9f49d49943f,lf-normalized
sde/apep_0625__v1.tex,apep_0625/v1/tables/tabF1_sde.tex,https://raw.githubusercontent.com/SocialCatalystLab/ape-papers/70c660ea5a7de722e9a12ad965e1c665890208d8/apep_0625/v1/tables/tabF1_sde.tex,88adcf849e6727f86fc9734356fdce4022323afb,caf1225a53e6aff971a69066f2497098398360b8f9325ce9c8bdbaaea3c9de09,lf-normalized
sde/apep_0626__v1.tex,apep_0626/v1/tables/tabF1_sde.tex,https://raw.githubusercontent.com/SocialCatalystLab/ape-papers/70c660ea5a7de722e9a12ad965e1c665890208d8/apep_0626/v1/tables/tabF1_sde.tex,f1ef10a433d975bb2ef2ad3e9e495096ed5eb66b,e6b924835da8f14c66def34092bd9ea52d9e8954d692cc619d98736f540836a5,lf-normalized
sde/apep_0626__v2.tex,apep_0626/v2/tables/tabF1_sde.tex,https://raw.githubusercontent.com/SocialCatalystLab/ape-papers/70c660ea5a7de722e9a12ad965e1c665890208d8/apep_0626/v2/tables/tabF1_sde.tex,07e5a84add58cf78b143c58dd8ff1ee82305d283,cd7f131ae14458c8ce402f87c0776da1a1d93f73c8db48690ea7e54ce0b4bf57,lf-normalized
sde/apep_0627__v1.tex,apep_0627/v1/tables/tabF1_sde.tex,https://raw.githubusercontent.com/SocialCatalystLab/ape-papers/70c660ea5a7de722e9a12ad965e1c665890208d8/apep_0627/v1/tables/tabF1_sde.tex,75b427c8c4eba991dcfca0715fd23068e5e1b435,619c42ab2a1b3d6440c67646079cac3ebe0f19014e751def02a466591dfd94bc,lf-normalized
sde/apep_0628__v1.tex,apep_0628/v1/tables/tabF1_sde.tex,https://raw.githubusercontent.com/SocialCatalystLab/ape-papers/70c660ea5a7de722e9a12ad965e1c665890208d8/apep_0628/v1/tables/tabF1_sde.tex,6479a6e6939dadc4e656a7d8cd5e7fb07b7ba5c1,9589049e395ab8207e0426d98ef8c9ce5ef8488bac78ac3afe7a7932dc9d2f7d,lf-normalized
sde/apep_0630__v1.tex,apep_0630/v1/tables/tabF1_sde.tex,https://raw.githubusercontent.com/SocialCatalystLab/ape-papers/70c660ea5a7de722e9a12ad965e1c665890208d8/apep_0630/v1/tables/tabF1_sde.tex,ce1750060d33c7225160819edd6d1f9c35adefe0,bba39944e681dd89e28eddc9f4df7f900c3567fb085953f3a5f61c6a35e1725f,lf-normalized
sde/apep_0631__v1.tex,apep_0631/v1/tables/tabF1_sde.tex,https://raw.githubusercontent.com/SocialCatalystLab/ape-papers/70c660ea5a7de722e9a12ad965e1c665890208d8/apep_0631/v1/tables/tabF1_sde.tex,1f8d78b12a859eddb0f9c3b748630afdc710bf17,70f951cf917d0550f07acbb9517dacdf01ed5968cb701cb9ca999a9aeb0ee5cf,lf-normalized
sde/apep_0632__v1.tex,apep_0632/v1/tables/tabF1_sde.tex,https://raw.githubusercontent.com/SocialCatalystLab/ape-papers/70c660ea5a7de722e9a12ad965e1c665890208d8/apep_0632/v1/tables/tabF1_sde.tex,75b828b314a3fde55c2a08d181aa3d88bbcf3232,721ac33678eb21b93bdd8b04b3210e060d47e73fc59ee4ecf080d72425dad79f,lf-normalized
sde/apep_0633__v1.tex,apep_0633/v1/tables/tabF1_sde.tex,https://raw.githubusercontent.com/SocialCatalystLab/ape-papers/70c660ea5a7de722e9a12ad965e1c665890208d8/apep_0633/v1/tables/tabF1_sde.tex,346df5d0791ac7522ae7043da8ecac7927e9a6fd,fedc077831fe67fdae14fe38f5229e0c087ea8f1de67fcbad9816efbd74d7634,lf-normalized
sde/apep_0634__v1.tex,apep_0634/v1/tables/tabF1_sde.tex,https://raw.githubusercontent.com/SocialCatalystLab/ape-papers/70c660ea5a7de722e9a12ad965e1c665890208d8/apep_0634/v1/tables/tabF1_sde.tex,79982c2d7ca1d3251b74d20592d80b1dbac8f68f,68cdac8f479a22dcd9c370cfe56392f44dad5a8bc19a8ce8b7dd97ddd74a0ba8,lf-normalized
sde/apep_0636__v1.tex,apep_0636/v1/tables/tabF1_sde.tex,https://raw.githubusercontent.com/SocialCatalystLab/ape-papers/70c660ea5a7de722e9a12ad965e1c665890208d8/apep_0636/v1/tables/tabF1_sde.tex,0007d7ccf152bef03cc343d831246b7b47824ffd,5460bfc86ac4850a18a16e72c16efebb97ca681e1f5da711271b7b142a38a543,lf-normalized
sde/apep_0637__v1.tex,apep_0637/v1/tables/tabF1_sde.tex,https://raw.githubusercontent.com/SocialCatalystLab/ape-papers/70c660ea5a7de722e9a12ad965e1c665890208d8/apep_0637/v1/tables/tabF1_sde.tex,9869d272a78275fed537df75956d402e4e3c0fda,413e8c9b2f33ced8b8864031642f34fc578b05fb34b62b79f728204f8a23134d,lf-normalized
sde/apep_0638__v1.tex,apep_0638/v1/tables/tabF1_sde.tex,https://raw.githubusercontent.com/SocialCatalystLab/ape-papers/70c660ea5a7de722e9a12ad965e1c665890208d8/apep_0638/v1/tables/tabF1_sde.tex,07f3f51214d4877e49326777715048cd1589501f,3c920953a971b95661bb9e6faf09e4ff4de2d995e8dbcd7ea2612b16ca26cf02,lf-normalized
sde/apep_0639__v1.tex,apep_0639/v1/tables/tabF1_sde.tex,https://raw.githubusercontent.com/SocialCatalystLab/ape-papers/70c660ea5a7de722e9a12ad965e1c665890208d8/apep_0639/v1/tables/tabF1_sde.tex,a9421c9526d63cbd1f9d3aec2365328fb0f69895,a8a5118a2035f95020cabfa772ce69f05af59c06fa3e0d3651c19b2622884ea5,lf-normalized
sde/apep_0640__v1.tex,apep_0640/v1/tables/tabF1_sde.tex,https://raw.githubusercontent.com/SocialCatalystLab/ape-papers/70c660ea5a7de722e9a12ad965e1c665890208d8/apep_0640/v1/tables/tabF1_sde.tex,27edc8c5b763d3b1bc518ecf4a32f2becdfcdf3b,28aa037ea8b4f672b3cb817fbc169ef76cc962ce2aff16ce0f59f5b30c2a0106,lf-normalized
sde/apep_0641__v1.tex,apep_0641/v1/tables/tabF1_sde.tex,https://raw.githubusercontent.com/SocialCatalystLab/ape-papers/70c660ea5a7de722e9a12ad965e1c665890208d8/apep_0641/v1/tables/tabF1_sde.tex,c18c72114f8b2d39ae02454a20d96aaf2db76457,07e02dc01ff6a4475afbf311685f99164d030a43038e9f8bfa65f05606364a1c,lf-normalized
sde/apep_0642__v1.tex,apep_0642/v1/tables/tabF1_sde.tex,https://raw.githubusercontent.com/SocialCatalystLab/ape-papers/70c660ea5a7de722e9a12ad965e1c665890208d8/apep_0642/v1/tables/tabF1_sde.tex,7de7eb1c4d7efa9674b2e897d2ebbfa7fb996272,220909b111cbbdcd2ca0875757a691066bea3f2f19a398fe63530422cbba1106,lf-normalized
sde/apep_0642__v2.tex,apep_0642/v2/tables/tabF1_sde.tex,https://raw.githubusercontent.com/SocialCatalystLab/ape-papers/70c660ea5a7de722e9a12ad965e1c665890208d8/apep_0642/v2/tables/tabF1_sde.tex,c0fd7c53dfaa46c4e54184b964407c0b73e83441,30b52eebfbf4ff5b6f6ff487be23831481fb215bd15d9c109babab6e400209ec,lf-normalized
sde/apep_0643__v1.tex,apep_0643/v1/tables/tabF1_sde.tex,https://raw.githubusercontent.com/SocialCatalystLab/ape-papers/70c660ea5a7de722e9a12ad965e1c665890208d8/apep_0643/v1/tables/tabF1_sde.tex,720d57001b813ff7a8d196946aa166b53ff07465,19603b05654a5fc1d9c7baf835a209183e5a5b1aed04a08a5714f992613872e9,lf-normalized
sde/apep_0644__v1.tex,apep_0644/v1/tables/tabF1_sde.tex,https://raw.githubusercontent.com/SocialCatalystLab/ape-papers/70c660ea5a7de722e9a12ad965e1c665890208d8/apep_0644/v1/tables/tabF1_sde.tex,95da8802b8a845ac3aab2c8e847d199a3ad3b835,be21815531ca965b83e13330735ebfdc98beac78092082547d963a4af87b6d20,lf-normalized
sde/apep_0648__v1.tex,apep_0648/v1/tables/tabF1_sde.tex,https://raw.githubusercontent.com/SocialCatalystLab/ape-papers/70c660ea5a7de722e9a12ad965e1c665890208d8/apep_0648/v1/tables/tabF1_sde.tex,d4375d5594fc18283b635e97336e67c4f0b02a78,846d6cedd3b9281899774e74b4cb65e2baf78c661f4846648e29e3e6d891c62a,lf-normalized
sde/apep_0649__v1.tex,apep_0649/v1/tables/tabF1_sde.tex,https://raw.githubusercontent.com/SocialCatalystLab/ape-papers/70c660ea5a7de722e9a12ad965e1c665890208d8/apep_0649/v1/tables/tabF1_sde.tex,30f23e2f86d24d0e810d2e5a309323659aede0fd,0bb97719906044e9d69c5a7ed44abc7e0822382311ea36ca54f91fc5fa996831,lf-normalized
sde/apep_0650__v1.tex,apep_0650/v1/tables/tabF1_sde.tex,https://raw.githubusercontent.com/SocialCatalystLab/ape-papers/70c660ea5a7de722e9a12ad965e1c665890208d8/apep_0650/v1/tables/tabF1_sde.tex,5725c92cb2778f84737d1f38ddfbdbe790193191,992c31cb4a763cce0575009c8d5e40df057e5a19aabbef1d146aeb040328d7df,lf-normalized
sde/apep_0651__v1.tex,apep_0651/v1/tables/tabF1_sde.tex,https://raw.githubusercontent.com/SocialCatalystLab/ape-papers/70c660ea5a7de722e9a12ad965e1c665890208d8/apep_0651/v1/tables/tabF1_sde.tex,d9160c0bb1a8d79c31a8dce7500a89eff9fdde06,035ec0fea848f2404e79ca84cac32f0562a14b8c9a26bdcb96014e3ea593cf65,lf-normalized
sde/apep_0652__v1.tex,apep_0652/v1/tables/tabF1_sde.tex,https://raw.githubusercontent.com/SocialCatalystLab/ape-papers/70c660ea5a7de722e9a12ad965e1c665890208d8/apep_0652/v1/tables/tabF1_sde.tex,19ccf942aadb77571be98931c4e17b22dc83cb1d,b37eed20ba2b2225f5ac64cda2ab2cc8e02f28cde51c775b092c458540f8617f,lf-normalized
sde/apep_0653__v1.tex,apep_0653/v1/tables/tabF1_sde.tex,https://raw.githubusercontent.com/SocialCatalystLab/ape-papers/70c660ea5a7de722e9a12ad965e1c665890208d8/apep_0653/v1/tables/tabF1_sde.tex,e084265713285e775cc520256dccd6343ef47498,d5c44c6452a4f175593a7caacd83d7a31b3ce68ac628f3cc15b54e3b9c044bc1,lf-normalized
sde/apep_0654__v1.tex,apep_0654/v1/tables/tabF1_sde.tex,https://raw.githubusercontent.com/SocialCatalystLab/ape-papers/70c660ea5a7de722e9a12ad965e1c665890208d8/apep_0654/v1/tables/tabF1_sde.tex,dec0e15b53615dccb6d7ff31d7fdde80924b1b34,ba580216a6abcf4299771873d2a0194f31fc0dd03d1da0e75d79f17f13041941,lf-normalized
sde/apep_0655__v1.tex,apep_0655/v1/tables/tabF1_sde.tex,https://raw.githubusercontent.com/SocialCatalystLab/ape-papers/70c660ea5a7de722e9a12ad965e1c665890208d8/apep_0655/v1/tables/tabF1_sde.tex,88c4059a114fc77a06e12287c668bd248d98805f,ba9c5ff7a7dff46e8d3fb50c28cd6c061570fb7b890acdfb3d3638b789bab85e,lf-normalized
sde/apep_0658__v1.tex,apep_0658/v1/tables/tabF1_sde.tex,https://raw.githubusercontent.com/SocialCatalystLab/ape-papers/70c660ea5a7de722e9a12ad965e1c665890208d8/apep_0658/v1/tables/tabF1_sde.tex,31fbe36ce5a40dc35eba10201e3825330060d20d,6286456a833e5acf06bbd37ea2fb6812109ab5f12601bc1ea02737b2f00823f5,lf-normalized
sde/apep_0659__v1.tex,apep_0659/v1/tables/tabF1_sde.tex,https://raw.githubusercontent.com/SocialCatalystLab/ape-papers/70c660ea5a7de722e9a12ad965e1c665890208d8/apep_0659/v1/tables/tabF1_sde.tex,ea697abfb9b363e5ebf8d05ffde37ea337994525,8ffd521929c6c2fdf9dff47cb55d9edeb3d12aa7f51e99fe72c568f96326ece0,lf-normalized
sde/apep_0660__v1.tex,apep_0660/v1/tables/tabF1_sde.tex,https://raw.githubusercontent.com/SocialCatalystLab/ape-papers/70c660ea5a7de722e9a12ad965e1c665890208d8/apep_0660/v1/tables/tabF1_sde.tex,7832c20be64d51daaf69366c3b980ac884d2ef50,6a5dad6016cbd70dd54064d2d5042e8f8e18deef93d575cfbee5aad8642da1c8,lf-normalized
sde/apep_0661__v1.tex,apep_0661/v1/tables/tabF1_sde.tex,https://raw.githubusercontent.com/SocialCatalystLab/ape-papers/70c660ea5a7de722e9a12ad965e1c665890208d8/apep_0661/v1/tables/tabF1_sde.tex,f6d2368251ffbe911e3489cd1978a23f1dd8da8e,0c91f76a69ce47a58b32639590cb9b79c27f75d0a83d28c382f053e941c6d410,lf-normalized
sde/apep_0662__v1.tex,apep_0662/v1/tables/tabF1_sde.tex,https://raw.githubusercontent.com/SocialCatalystLab/ape-papers/70c660ea5a7de722e9a12ad965e1c665890208d8/apep_0662/v1/tables/tabF1_sde.tex,91ab044b0b6594b469690c5796d5f2725c516730,de90c260a4a2e6f31fd8cf15824d38a9334788d6ebe48403c8026c0e0f3e4ac0,lf-normalized
sde/apep_0663__v1.tex,apep_0663/v1/tables/tabF1_sde.tex,https://raw.githubusercontent.com/SocialCatalystLab/ape-papers/70c660ea5a7de722e9a12ad965e1c665890208d8/apep_0663/v1/tables/tabF1_sde.tex,ee04b5252d42f4c5da2db6f3308901236e145082,597bfa6a9a232792f1e92e2b3b1870378ea9afd888e97fbd9bc720bb9ab5fbdb,lf-normalized
sde/apep_0664__v1.tex,apep_0664/v1/tables/tabF1_sde.tex,https://raw.githubusercontent.com/SocialCatalystLab/ape-papers/70c660ea5a7de722e9a12ad965e1c665890208d8/apep_0664/v1/tables/tabF1_sde.tex,e073de00068e0fd1cf552fdb6f7059b2d720e302,91bb372d2e35ba9d687773cb14ac615c23a39bf3cce87785616ca747450363c4,lf-normalized
sde/apep_0665__v1.tex,apep_0665/v1/tables/tabF1_sde.tex,https://raw.githubusercontent.com/SocialCatalystLab/ape-papers/70c660ea5a7de722e9a12ad965e1c665890208d8/apep_0665/v1/tables/tabF1_sde.tex,915c888bf33f819cf018a19794a110b892dc479c,3dfea28b996c38e1eb1f1b3274eec1fddc179294cef7228bb487f97d3f28cd07,lf-normalized
sde/apep_0666__v1.tex,apep_0666/v1/tables/tabF1_sde.tex,https://raw.githubusercontent.com/SocialCatalystLab/ape-papers/70c660ea5a7de722e9a12ad965e1c665890208d8/apep_0666/v1/tables/tabF1_sde.tex,94452fc125e70729a132fc6a35a174c38eca2154,3d653f3453172e95bad46eff9a9b6815f0a01454357a001d2c01840c21385822,lf-normalized
sde/apep_0667__v1.tex,apep_0667/v1/tables/tabF1_sde.tex,https://raw.githubusercontent.com/SocialCatalystLab/ape-papers/70c660ea5a7de722e9a12ad965e1c665890208d8/apep_0667/v1/tables/tabF1_sde.tex,c056b9c5562ccee22996c77efb8f1cb2e20e92ec,f49ad0209f4f59d7ee07152b9898fd3d088c4f97f08099ad8b3cfa32af8a95db,lf-normalized
sde/apep_0668__v1.tex,apep_0668/v1/tables/tabF1_sde.tex,https://raw.githubusercontent.com/SocialCatalystLab/ape-papers/70c660ea5a7de722e9a12ad965e1c665890208d8/apep_0668/v1/tables/tabF1_sde.tex,69ad24f68fce9d5d5ed661c9b665faa42defde21,6a8e576df74f2c0ea67628e1f8ff3d33081ee7a6943b237acfc0a3916ac31b89,lf-normalized
sde/apep_0669__v1.tex,apep_0669/v1/tables/tabF1_sde.tex,https://raw.githubusercontent.com/SocialCatalystLab/ape-papers/70c660ea5a7de722e9a12ad965e1c665890208d8/apep_0669/v1/tables/tabF1_sde.tex,d14e4fbd7802c7432b464b7ad65bf6bd41324e95,37ae7c8429f6b4f49b71bcda692fd7194c101df0e0077673843fff29820ed47c,lf-normalized
sde/apep_0670__v1.tex,apep_0670/v1/tables/tabF1_sde.tex,https://raw.githubusercontent.com/SocialCatalystLab/ape-papers/70c660ea5a7de722e9a12ad965e1c665890208d8/apep_0670/v1/tables/tabF1_sde.tex,e444d173010ea334889b4c78d506c1acedf128d2,77fa303a51c8eb1d7550cbac2363cbadc6fa2a505c8b0f90636774b8400426f1,lf-normalized
sde/apep_0671__v1.tex,apep_0671/v1/tables/tabF1_sde.tex,https://raw.githubusercontent.com/SocialCatalystLab/ape-papers/70c660ea5a7de722e9a12ad965e1c665890208d8/apep_0671/v1/tables/tabF1_sde.tex,8466e281decbd1932bc91103d3d9d65135c571f9,971c457eed73569d40d460901927945ca72c321a116b4b1208e7436da503cc20,lf-normalized
sde/apep_0674__v1.tex,apep_0674/v1/tables/tabF1_sde.tex,https://raw.githubusercontent.com/SocialCatalystLab/ape-papers/70c660ea5a7de722e9a12ad965e1c665890208d8/apep_0674/v1/tables/tabF1_sde.tex,f2056d64c51c7be2e2df9162d7bae48b84cabaa4,f0adebf7284e548e99e13e790619b09d4e7f58e03f5d1e49db7b228f35377712,lf-normalized
sde/apep_0675__v1.tex,apep_0675/v1/tables/tabF1_sde.tex,https://raw.githubusercontent.com/SocialCatalystLab/ape-papers/70c660ea5a7de722e9a12ad965e1c665890208d8/apep_0675/v1/tables/tabF1_sde.tex,0dc87a998c2b40012adbf4fd0c9f5d501d6837d9,426362f0b15f14aa8542ab0775059cd309f207609f9134f3a31b1d3510eca407,lf-normalized
sde/apep_0676__v1.tex,apep_0676/v1/tables/tabF1_sde.tex,https://raw.githubusercontent.com/SocialCatalystLab/ape-papers/70c660ea5a7de722e9a12ad965e1c665890208d8/apep_0676/v1/tables/tabF1_sde.tex,642e9b77127f4b6733d4721fc37957155528581a,e317264d11b11521ec60a8d696426ffc5293143b22d38ba21cdbeaf14e72ad70,lf-normalized
sde/apep_0677__v1.tex,apep_0677/v1/tables/tabF1_sde.tex,https://raw.githubusercontent.com/SocialCatalystLab/ape-papers/70c660ea5a7de722e9a12ad965e1c665890208d8/apep_0677/v1/tables/tabF1_sde.tex,6900014af9804f141cc57c2a128568d3d2a89bb2,f5670c0da2084f2dd7dbf02202296f11339c5006735c23f72ad3ce89bac2188e,lf-normalized
sde/apep_0678__v1.tex,apep_0678/v1/tables/tabF1_sde.tex,https://raw.githubusercontent.com/SocialCatalystLab/ape-papers/70c660ea5a7de722e9a12ad965e1c665890208d8/apep_0678/v1/tables/tabF1_sde.tex,4ee8d4053fa3808aacd2b044d80a44b5239514fe,f71a6e16dae758462a2f54813dd8b1c24da1c95de849b431decac3fe5938b7c9,lf-normalized
sde/apep_0679__v1.tex,apep_0679/v1/tables/tabF1_sde.tex,https://raw.githubusercontent.com/SocialCatalystLab/ape-papers/70c660ea5a7de722e9a12ad965e1c665890208d8/apep_0679/v1/tables/tabF1_sde.tex,2f1a10ddb8957cf2a079b90cfa2ad89f3555c0b2,38b2e50aec3867b47895875c5f9817c2a154bb138c4bc2f0fc466e45bd5f5e56,lf-normalized
sde/apep_0680__v1.tex,apep_0680/v1/tables/tabF1_sde.tex,https://raw.githubusercontent.com/SocialCatalystLab/ape-papers/70c660ea5a7de722e9a12ad965e1c665890208d8/apep_0680/v1/tables/tabF1_sde.tex,78ff5bd640051e88644aa4f8231e8dc4b9b63791,dc4f970033b855a7ff795920ef605697c1972e391bc388f8663e3176177835bd,lf-normalized
sde/apep_0681__v1.tex,apep_0681/v1/tables/tabF1_sde.tex,https://raw.githubusercontent.com/SocialCatalystLab/ape-papers/70c660ea5a7de722e9a12ad965e1c665890208d8/apep_0681/v1/tables/tabF1_sde.tex,07cdf3cb13e9a3af43284c95ffd1fd9b2184fc7b,9666fc5e1941ab64d047ea7261457e37bcb702ffc85b36693ed964b6070a59df,lf-normalized
sde/apep_0682__v1.tex,apep_0682/v1/tables/tabF1_sde.tex,https://raw.githubusercontent.com/SocialCatalystLab/ape-papers/70c660ea5a7de722e9a12ad965e1c665890208d8/apep_0682/v1/tables/tabF1_sde.tex,95ef87490c853c5e1fd3431e0e61907d0e4db41e,f12f43d824ba47a6020df69dbc59a0519639c0deaf277601196fef9465e0baec,lf-normalized
sde/apep_0683__v1.tex,apep_0683/v1/tables/tabF1_sde.tex,https://raw.githubusercontent.com/SocialCatalystLab/ape-papers/70c660ea5a7de722e9a12ad965e1c665890208d8/apep_0683/v1/tables/tabF1_sde.tex,fdeb2909ff5198845da5c125a4dd05fb1b85859e,12227c46f85a7a405e0f3116be489dcc8234f5a529de5f4db44d9982c0a87a93,lf-normalized
sde/apep_0684__v1.tex,apep_0684/v1/tables/tabF1_sde.tex,https://raw.githubusercontent.com/SocialCatalystLab/ape-papers/70c660ea5a7de722e9a12ad965e1c665890208d8/apep_0684/v1/tables/tabF1_sde.tex,1aff003636f9424a3a4b552ae2371c9f9930a695,fb5dd5d769d77b18b4adbf177d95f031209b54bfd3e7b3de0d6c1736a475315f,lf-normalized
sde/apep_0685__v1.tex,apep_0685/v1/tables/tabF1_sde.tex,https://raw.githubusercontent.com/SocialCatalystLab/ape-papers/70c660ea5a7de722e9a12ad965e1c665890208d8/apep_0685/v1/tables/tabF1_sde.tex,02cf1da5a53269329968a18b8f075be241c54338,7baaff8f1a88c0747b3ebc8cecda49daec43acc0d718db4a55450e630a12e32c,lf-normalized
sde/apep_0686__v1.tex,apep_0686/v1/tables/tabF1_sde.tex,https://raw.githubusercontent.com/SocialCatalystLab/ape-papers/70c660ea5a7de722e9a12ad965e1c665890208d8/apep_0686/v1/tables/tabF1_sde.tex,676f4465fe2b9a5f46e5d2c391bffbb73469f4d5,9d7bf1601dea2b3d70176c7c6f2c102aa5a253842f644053904ac306f6960cef,lf-normalized
sde/apep_0687__v1.tex,apep_0687/v1/tables/tabF1_sde.tex,https://raw.githubusercontent.com/SocialCatalystLab/ape-papers/70c660ea5a7de722e9a12ad965e1c665890208d8/apep_0687/v1/tables/tabF1_sde.tex,78d33a80cc417b9c19e9ece0a7813a541eb2b155,4cd07ae3d6a9370cc7541f42910829ef0d889ac4c85468b008c96d76e6ba04c3,lf-normalized
sde/apep_0688__v1.tex,apep_0688/v1/tables/tabF1_sde.tex,https://raw.githubusercontent.com/SocialCatalystLab/ape-papers/70c660ea5a7de722e9a12ad965e1c665890208d8/apep_0688/v1/tables/tabF1_sde.tex,d805a36f6abe86e01a71878f796668ff8c2d6bdc,268fd5b6f6386b2e5e8c8799f28070acac875d8b00f997c4c9d30da1d28a19c0,lf-normalized
sde/apep_0689__v1.tex,apep_0689/v1/tables/tabF1_sde.tex,https://raw.githubusercontent.com/SocialCatalystLab/ape-papers/70c660ea5a7de722e9a12ad965e1c665890208d8/apep_0689/v1/tables/tabF1_sde.tex,7c8bc2fbdb0535b1c8f8e8fe2a9cfa6745645d11,bea2faaf13b9afc63062e3d3e5420405d65fde862f3f9b943c2fad69ce270017,lf-normalized
sde/apep_0690__v1.tex,apep_0690/v1/tables/tabF1_sde.tex,https://raw.githubusercontent.com/SocialCatalystLab/ape-papers/70c660ea5a7de722e9a12ad965e1c665890208d8/apep_0690/v1/tables/tabF1_sde.tex,855e38fb078f69c790f8d36c7409c98ed76f86ab,08b9f5079b6427b798fd5d50473467f12602f6dcc1845931035ac9b786f7730d,lf-normalized
sde/apep_0691__v1.tex,apep_0691/v1/tables/tabF1_sde.tex,https://raw.githubusercontent.com/SocialCatalystLab/ape-papers/70c660ea5a7de722e9a12ad965e1c665890208d8/apep_0691/v1/tables/tabF1_sde.tex,2717be2deb1b3572f487c58fe94dce5aff19496a,5d6022b28809c873466ccc715745168e58f1c0bd2397de70812211e495bbb1fb,lf-normalized
sde/apep_0692__v1.tex,apep_0692/v1/tables/tabF1_sde.tex,https://raw.githubusercontent.com/SocialCatalystLab/ape-papers/70c660ea5a7de722e9a12ad965e1c665890208d8/apep_0692/v1/tables/tabF1_sde.tex,93a46f9b41e27615b1431372020fb6e7fe1a547e,068b14d772d1e168f8c623bc79eb3ef2a76ce993aaf2a556baf4285c131f87e1,lf-normalized
sde/apep_0693__v1.tex,apep_0693/v1/tables/tabF1_sde.tex,https://raw.githubusercontent.com/SocialCatalystLab/ape-papers/70c660ea5a7de722e9a12ad965e1c665890208d8/apep_0693/v1/tables/tabF1_sde.tex,28b9bb552fa1b5f9475200a4f455e2c02f3b5f15,e58f6b2d7313426d90492b9133375a7641d9ea8b6b3d32d0deb31a3ee1efec99,lf-normalized
sde/apep_0694__v1.tex,apep_0694/v1/tables/tabF1_sde.tex,https://raw.githubusercontent.com/SocialCatalystLab/ape-papers/70c660ea5a7de722e9a12ad965e1c665890208d8/apep_0694/v1/tables/tabF1_sde.tex,ad9b5b80dcb6523f1329c17a99431a7d854bc07e,fa3ada9dce254552533f47e8294563128c1e64361ff0cc6aee1a6ae23689cf77,lf-normalized
sde/apep_0695__v1.tex,apep_0695/v1/tables/tabF1_sde.tex,https://raw.githubusercontent.com/SocialCatalystLab/ape-papers/70c660ea5a7de722e9a12ad965e1c665890208d8/apep_0695/v1/tables/tabF1_sde.tex,fec941ce5cadf1071a70d34d4c5369fed99a5f8b,ac11ddbe1eb6498951a189186d66a727b768ec4e79cd22ac481393650a341d40,lf-normalized
sde/apep_0696__v1.tex,apep_0696/v1/tables/tabF1_sde.tex,https://raw.githubusercontent.com/SocialCatalystLab/ape-papers/70c660ea5a7de722e9a12ad965e1c665890208d8/apep_0696/v1/tables/tabF1_sde.tex,f4217581bd567df64f1528f16dac22114facdc47,6e9f34ea91b295841ed2337b5e00f7eb0d9a6ae10c2352cb60841387f5c26570,lf-normalized
sde/apep_0697__v1.tex,apep_0697/v1/tables/tabF1_sde.tex,https://raw.githubusercontent.com/SocialCatalystLab/ape-papers/70c660ea5a7de722e9a12ad965e1c665890208d8/apep_0697/v1/tables/tabF1_sde.tex,6d662b551400504d27473f73b4f814cee68c3fa5,19c93e118a655c22b767b4cd4e8467eec38fafa8b2ca12c8fd01a16ebcb69e90,lf-normalized
sde/apep_0698__v1.tex,apep_0698/v1/tables/tabF1_sde.tex,https://raw.githubusercontent.com/SocialCatalystLab/ape-papers/70c660ea5a7de722e9a12ad965e1c665890208d8/apep_0698/v1/tables/tabF1_sde.tex,e96f5185a64caf1d7798f13b42da2f51a23d132d,73ac4d9da9e2f15c108499afde5e915b6e6d52f8c52621e944520492b3b81ec0,lf-normalized
sde/apep_0699__v1.tex,apep_0699/v1/tables/tabF1_sde.tex,https://raw.githubusercontent.com/SocialCatalystLab/ape-papers/70c660ea5a7de722e9a12ad965e1c665890208d8/apep_0699/v1/tables/tabF1_sde.tex,dc24394a075311a9297c954b2dbe1fe52bee066b,b1099368f6ec0b2bdcdf8e8752d30c85d38b33d3c05fc6450c554e21227ab443,lf-normalized
sde/apep_0700__v1.tex,apep_0700/v1/tables/tabF1_sde.tex,https://raw.githubusercontent.com/SocialCatalystLab/ape-papers/70c660ea5a7de722e9a12ad965e1c665890208d8/apep_0700/v1/tables/tabF1_sde.tex,93bfc5c6825690a48e386ddc93e9bc2f77d640fa,e6877f8d9bff0381e67599acce4afb5618091af77dfc3885043158335ec1f39e,lf-normalized
sde/apep_0701__v1.tex,apep_0701/v1/tables/tabF1_sde.tex,https://raw.githubusercontent.com/SocialCatalystLab/ape-papers/70c660ea5a7de722e9a12ad965e1c665890208d8/apep_0701/v1/tables/tabF1_sde.tex,c5aeedfbadd48f0cce360c54269f3f618810a8fd,c9413528a306e4002fd9c1a8783cc36ccb9a8f5142e5209b9a87afc4a00560b9,lf-normalized
sde/apep_0702__v1.tex,apep_0702/v1/tables/tabF1_sde.tex,https://raw.githubusercontent.com/SocialCatalystLab/ape-papers/70c660ea5a7de722e9a12ad965e1c665890208d8/apep_0702/v1/tables/tabF1_sde.tex,dac36ddf6267c9f59c12debafe88f24d483fffb5,9baf8b16789a6dd24056545a59eb1a5f49daba872b4a2e82d72ea4bea1aa1b0e,lf-normalized
sde/apep_0703__v1.tex,apep_0703/v1/tables/tabF1_sde.tex,https://raw.githubusercontent.com/SocialCatalystLab/ape-papers/70c660ea5a7de722e9a12ad965e1c665890208d8/apep_0703/v1/tables/tabF1_sde.tex,11e8a877fad60e2d92d7be80b2e33d5a188279b2,43ac7e64cbfa131d22097830f2cb8d977c984db252ab1a5b5904e9458b667310,lf-normalized
sde/apep_0704__v1.tex,apep_0704/v1/tables/tabF1_sde.tex,https://raw.githubusercontent.com/SocialCatalystLab/ape-papers/70c660ea5a7de722e9a12ad965e1c665890208d8/apep_0704/v1/tables/tabF1_sde.tex,4a8cfcfad0aea2a039d66d5826833f3e0e098b1c,1d083ba69a9664a385fa34bba43b9e3bdf7a8eeadff9d93f14ac5f2c7506064b,lf-normalized
sde/apep_0705__v1.tex,apep_0705/v1/tables/tabF1_sde.tex,https://raw.githubusercontent.com/SocialCatalystLab/ape-papers/70c660ea5a7de722e9a12ad965e1c665890208d8/apep_0705/v1/tables/tabF1_sde.tex,feea629a16d2f54e69f35c0fb68f1786f75d18b5,9b5a9f3aee3fb1d1c70bedfd24b999a280d8c6bb47a9c0e25fe15d9fc5d3893c,lf-normalized
sde/apep_0706__v1.tex,apep_0706/v1/tables/tabF1_sde.tex,https://raw.githubusercontent.com/SocialCatalystLab/ape-papers/70c660ea5a7de722e9a12ad965e1c665890208d8/apep_0706/v1/tables/tabF1_sde.tex,336e456d624d9425077b67b812057c4705f09308,458dbb8a9679cbd92575594bd9311c8b52392fb722609882cd5293217b0928bc,lf-normalized
sde/apep_0707__v1.tex,apep_0707/v1/tables/tabF1_sde.tex,https://raw.githubusercontent.com/SocialCatalystLab/ape-papers/70c660ea5a7de722e9a12ad965e1c665890208d8/apep_0707/v1/tables/tabF1_sde.tex,b45af2db44399ac8b667cabdd41341b20777cecb,612a333232daa113ee72edc781525c88ed4a6410851909bed81b5fb53ad8d286,lf-normalized
sde/apep_0708__v1.tex,apep_0708/v1/tables/tabF1_sde.tex,https://raw.githubusercontent.com/SocialCatalystLab/ape-papers/70c660ea5a7de722e9a12ad965e1c665890208d8/apep_0708/v1/tables/tabF1_sde.tex,3a987a2a36c432d9c49edd8b45c78ea307f38821,36dec136e4843ed8cc40f232dd10497e29d5ef426f862278c13b57e19d2311b6,lf-normalized
sde/apep_0709__v1.tex,apep_0709/v1/tables/tabF1_sde.tex,https://raw.githubusercontent.com/SocialCatalystLab/ape-papers/70c660ea5a7de722e9a12ad965e1c665890208d8/apep_0709/v1/tables/tabF1_sde.tex,c3cf301b733f762a3ba08ff40ce97237ae43be02,2b9b34943b5193cf72bdaf5d61c350aab7a8b2cc1e635d76ed252eb188e990c7,lf-normalized
sde/apep_0710__v1.tex,apep_0710/v1/tables/tabF1_sde.tex,https://raw.githubusercontent.com/SocialCatalystLab/ape-papers/70c660ea5a7de722e9a12ad965e1c665890208d8/apep_0710/v1/tables/tabF1_sde.tex,6eb23a88d0596e12ae11009523ae78809de08fa8,f8c723bfeb041247b5a03916532dfc9df42fdadcb3680e095b1d51eca3997c1c,lf-normalized
sde/apep_0711__v1.tex,apep_0711/v1/tables/tabF1_sde.tex,https://raw.githubusercontent.com/SocialCatalystLab/ape-papers/70c660ea5a7de722e9a12ad965e1c665890208d8/apep_0711/v1/tables/tabF1_sde.tex,87f0fa2df737769dcf5e02b9f293c91785b45ce9,4d1558d3c8e39554dcc08cc36a3433c118ea5169c2fcdc26b128efdb77f8103d,lf-normalized
sde/apep_0712__v1.tex,apep_0712/v1/tables/tabF1_sde.tex,https://raw.githubusercontent.com/SocialCatalystLab/ape-papers/70c660ea5a7de722e9a12ad965e1c665890208d8/apep_0712/v1/tables/tabF1_sde.tex,01275d0f9dd7bbfd40944e396c843e1227da755c,cfcbbaba1a3a2a5a73bccbccffd58e2ff2aa64d8a3503718a513fc0d49a00fa6,lf-normalized
sde/apep_0713__v1.tex,apep_0713/v1/tables/tabF1_sde.tex,https://raw.githubusercontent.com/SocialCatalystLab/ape-papers/70c660ea5a7de722e9a12ad965e1c665890208d8/apep_0713/v1/tables/tabF1_sde.tex,5f0365af9f4eaa1961dd7cb049f007b8a5b4b1b9,70c11f99d6d37887849f2ffa02b8ba51eeadb0398c1844040ed235bd155f7856,lf-normalized
sde/apep_0714__v1.tex,apep_0714/v1/tables/tabF1_sde.tex,https://raw.githubusercontent.com/SocialCatalystLab/ape-papers/70c660ea5a7de722e9a12ad965e1c665890208d8/apep_0714/v1/tables/tabF1_sde.tex,f2015086dbccbf6fb80950020a4f2d99c9963b66,f428fc032083b7379c8754acd4be504b277128ef07f0404d05b8b76a2a0f78d5,lf-normalized
sde/apep_0715__v1.tex,apep_0715/v1/tables/tabF1_sde.tex,https://raw.githubusercontent.com/SocialCatalystLab/ape-papers/70c660ea5a7de722e9a12ad965e1c665890208d8/apep_0715/v1/tables/tabF1_sde.tex,8cfe2d5b994ca4e465c19c5e5af2524caa3cc71f,72abd26d9e7d0adf832fe5ead88438d11868045690160bb91d5e77a398d2473b,lf-normalized
sde/apep_0716__v1.tex,apep_0716/v1/tables/tabF1_sde.tex,https://raw.githubusercontent.com/SocialCatalystLab/ape-papers/70c660ea5a7de722e9a12ad965e1c665890208d8/apep_0716/v1/tables/tabF1_sde.tex,86d71ee2d002070d9b396ad4c83302169943a3dc,8837c13ad3bd3c9f5b6489e3a9286157eefbd227a34837349e990a13f362a5d4,lf-normalized
sde/apep_0717__v1.tex,apep_0717/v1/tables/tabF1_sde.tex,https://raw.githubusercontent.com/SocialCatalystLab/ape-papers/70c660ea5a7de722e9a12ad965e1c665890208d8/apep_0717/v1/tables/tabF1_sde.tex,2c078833cf684978d4778b49ad72f988306b134d,271d8511b04fc727642de4691c60c0e310ef662d161ee4a64764f932bc4af4c6,lf-normalized
sde/apep_0718__v1.tex,apep_0718/v1/tables/tabF1_sde.tex,https://raw.githubusercontent.com/SocialCatalystLab/ape-papers/70c660ea5a7de722e9a12ad965e1c665890208d8/apep_0718/v1/tables/tabF1_sde.tex,6f027b954fd7623e10188184c41f2d4e1b635168,d0d5d2051b9552d359823dac2c6c7dc6fbfa56539576483c070fb54eed3f48ae,lf-normalized
sde/apep_0719__v1.tex,apep_0719/v1/tables/tabF1_sde.tex,https://raw.githubusercontent.com/SocialCatalystLab/ape-papers/70c660ea5a7de722e9a12ad965e1c665890208d8/apep_0719/v1/tables/tabF1_sde.tex,d3a1d7b36a6334b2f8fbc245494d85fd5991efbf,231cd95c3387b76b78af745ef0cdba718fa8a54ae1129cb8706a8f9db660dcf2,lf-normalized
sde/apep_0720__v1.tex,apep_0720/v1/tables/tabF1_sde.tex,https://raw.githubusercontent.com/SocialCatalystLab/ape-papers/70c660ea5a7de722e9a12ad965e1c665890208d8/apep_0720/v1/tables/tabF1_sde.tex,a67a29f22335cb929aeaaf6c5115d5fc3ac83373,df59a39ac9271e678d5348922eef89b47065c9a2829412dc80fcac2352f6df25,lf-normalized
sde/apep_0721__v1.tex,apep_0721/v1/tables/tabF1_sde.tex,https://raw.githubusercontent.com/SocialCatalystLab/ape-papers/70c660ea5a7de722e9a12ad965e1c665890208d8/apep_0721/v1/tables/tabF1_sde.tex,e99a46f84fc89fe54e38e9eaf5e29eef0e6a9645,defcf65d15a6fba3f5b94e4a980bc399397d583b1ab80366cca8e305102123a8,lf-normalized
sde/apep_0722__v1.tex,apep_0722/v1/tables/tabF1_sde.tex,https://raw.githubusercontent.com/SocialCatalystLab/ape-papers/70c660ea5a7de722e9a12ad965e1c665890208d8/apep_0722/v1/tables/tabF1_sde.tex,487b9fabfca4022f1764ee77e03f619fdcd023da,4ad38c6e4db892db4dd35f5d2ad2fb322cd3300f226a53620e7bb8f6fe8be735,lf-normalized
sde/apep_0723__v1.tex,apep_0723/v1/tables/tabF1_sde.tex,https://raw.githubusercontent.com/SocialCatalystLab/ape-papers/70c660ea5a7de722e9a12ad965e1c665890208d8/apep_0723/v1/tables/tabF1_sde.tex,d5019c77a3466d521036d8f1c358db251d5ddcd1,0febbb3794782112b0c11a4e366144f6ad5f92d473687ab93d80c6f56a6fd99c,lf-normalized
sde/apep_0726__v1.tex,apep_0726/v1/tables/tabF1_sde.tex,https://raw.githubusercontent.com/SocialCatalystLab/ape-papers/70c660ea5a7de722e9a12ad965e1c665890208d8/apep_0726/v1/tables/tabF1_sde.tex,7b5529a2ea4dcd82d48d9bd858f55dca904d00f1,665b739927acd87734f7cdfec917806295f0abd0fe522b17b4d685e0420a2c29,lf-normalized
sde/apep_0727__v1.tex,apep_0727/v1/tables/tabF1_sde.tex,https://raw.githubusercontent.com/SocialCatalystLab/ape-papers/70c660ea5a7de722e9a12ad965e1c665890208d8/apep_0727/v1/tables/tabF1_sde.tex,5d3868440adfef44eb0a292b8e18b98c03309276,7e1fa611480beeaaafb34f71619dcd900fde3208d7e6ef374d20bdfb9d09a121,lf-normalized
sde/apep_0727__v2.tex,apep_0727/v2/tables/tabF1_sde.tex,https://raw.githubusercontent.com/SocialCatalystLab/ape-papers/70c660ea5a7de722e9a12ad965e1c665890208d8/apep_0727/v2/tables/tabF1_sde.tex,26b22a47dcd0f7f18e35fd12b0119981b5aed609,4297f4945dc89fd55187046e5ddb3de7242803fd7740b31ce15a5589e9456881,lf-normalized
sde/apep_0727__v3.tex,apep_0727/v3/tables/tabF1_sde.tex,https://raw.githubusercontent.com/SocialCatalystLab/ape-papers/70c660ea5a7de722e9a12ad965e1c665890208d8/apep_0727/v3/tables/tabF1_sde.tex,22997a1ea4cb17dd5808ef1bd95c8c72d85a644a,8b5a10ef5fa1b52d29f2a98f39c48d22727583d35964761af7a709d643e80e1d,lf-normalized
sde/apep_0727__v4.tex,apep_0727/v4/tables/tabF1_sde.tex,https://raw.githubusercontent.com/SocialCatalystLab/ape-papers/70c660ea5a7de722e9a12ad965e1c665890208d8/apep_0727/v4/tables/tabF1_sde.tex,22997a1ea4cb17dd5808ef1bd95c8c72d85a644a,8b5a10ef5fa1b52d29f2a98f39c48d22727583d35964761af7a709d643e80e1d,lf-normalized
sde/apep_0728__v1.tex,apep_0728/v1/tables/tabF1_sde.tex,https://raw.githubusercontent.com/SocialCatalystLab/ape-papers/70c660ea5a7de722e9a12ad965e1c665890208d8/apep_0728/v1/tables/tabF1_sde.tex,e499b9ac93a864d1c48a77c4bca9b5fdbf8708db,f1dee90a0a3bde69d15dc92d813f4a44dcf5fa9d848057946e335df25e62708b,lf-normalized
sde/apep_0729__v1.tex,apep_0729/v1/tables/tabF1_sde.tex,https://raw.githubusercontent.com/SocialCatalystLab/ape-papers/70c660ea5a7de722e9a12ad965e1c665890208d8/apep_0729/v1/tables/tabF1_sde.tex,18172ef2e819bbac7f65d265ff9742c9d8ce3fa1,37b4d405007c07188ca355571946982b5b609ccec88c7a3c47431f5c7239663d,lf-normalized
sde/apep_0730__v1.tex,apep_0730/v1/tables/tabF1_sde.tex,https://raw.githubusercontent.com/SocialCatalystLab/ape-papers/70c660ea5a7de722e9a12ad965e1c665890208d8/apep_0730/v1/tables/tabF1_sde.tex,016db1c705270ca2e033a9224b410d9c5a8d5f4a,af1b51d3de7c82e935f2a0d1330df7b390e4609af1a546566864eb69e5316477,lf-normalized
sde/apep_0731__v1.tex,apep_0731/v1/tables/tabF1_sde.tex,https://raw.githubusercontent.com/SocialCatalystLab/ape-papers/70c660ea5a7de722e9a12ad965e1c665890208d8/apep_0731/v1/tables/tabF1_sde.tex,848128186532292cf06d094ead366624d6c05b27,a22312e12d372e9bb410c4fdfa969610f026f2b34ffa5eba3106923eddff1062,lf-normalized
sde/apep_0732__v1.tex,apep_0732/v1/tables/tabF1_sde.tex,https://raw.githubusercontent.com/SocialCatalystLab/ape-papers/70c660ea5a7de722e9a12ad965e1c665890208d8/apep_0732/v1/tables/tabF1_sde.tex,ec8fb6bb4730ffb2cafe2c04f0fc4cd9a99ccd42,acd4583cd0b5d8469bc7d8f1194c99db4fdf446c8fcae9088606869e46fef46d,lf-normalized
sde/apep_0733__v1.tex,apep_0733/v1/tables/tabF1_sde.tex,https://raw.githubusercontent.com/SocialCatalystLab/ape-papers/70c660ea5a7de722e9a12ad965e1c665890208d8/apep_0733/v1/tables/tabF1_sde.tex,63dfcdaf3a68e6d775f8ce4f34aeccf218be0661,f7214744348fc638abb96db3bef5df7060b192c63e0c9ea174f02b93b6226bc7,lf-normalized
sde/apep_0734__v1.tex,apep_0734/v1/tables/tabF1_sde.tex,https://raw.githubusercontent.com/SocialCatalystLab/ape-papers/70c660ea5a7de722e9a12ad965e1c665890208d8/apep_0734/v1/tables/tabF1_sde.tex,8535a749634ddf652400c0057710f9f59ca77063,5ac148c0bb52368970542d88f71b038c7eacf4040268c75167e878b937fd858d,lf-normalized
sde/apep_0735__v1.tex,apep_0735/v1/tables/tabF1_sde.tex,https://raw.githubusercontent.com/SocialCatalystLab/ape-papers/70c660ea5a7de722e9a12ad965e1c665890208d8/apep_0735/v1/tables/tabF1_sde.tex,3fcddb09791ab8b3486553703f6fed0b10f9ca38,eddbd6afee6916c0a7a4c9af8ea5a4cf9fb08cad1cf053383353b415273243c3,lf-normalized
sde/apep_0736__v1.tex,apep_0736/v1/tables/tabF1_sde.tex,https://raw.githubusercontent.com/SocialCatalystLab/ape-papers/70c660ea5a7de722e9a12ad965e1c665890208d8/apep_0736/v1/tables/tabF1_sde.tex,4d737ad91bfd1829a8846968995a88a6d428355d,c09e0b8b9d7a07ec1604c426d55acd7c1bc8e0f0eab9bf195753110b90192bcb,lf-normalized
sde/apep_0737__v1.tex,apep_0737/v1/tables/tabF1_sde.tex,https://raw.githubusercontent.com/SocialCatalystLab/ape-papers/70c660ea5a7de722e9a12ad965e1c665890208d8/apep_0737/v1/tables/tabF1_sde.tex,4cf9296b360a39c9db5331935b7d2c843519e043,c6977764e5214b67791aa6e864954418cb24370b35bb44b62507633eff1cb838,lf-normalized
sde/apep_0738__v1.tex,apep_0738/v1/tables/tabF1_sde.tex,https://raw.githubusercontent.com/SocialCatalystLab/ape-papers/70c660ea5a7de722e9a12ad965e1c665890208d8/apep_0738/v1/tables/tabF1_sde.tex,228e4801177d5418e6779f782eeab1b858994344,091a833bc21a2e6fe3b82c42b5d38657d522db8bd1bc1aa686e84a6b3aad300d,lf-normalized
sde/apep_0739__v1.tex,apep_0739/v1/tables/tabF1_sde.tex,https://raw.githubusercontent.com/SocialCatalystLab/ape-papers/70c660ea5a7de722e9a12ad965e1c665890208d8/apep_0739/v1/tables/tabF1_sde.tex,e52e4181ae821dfbcd18b6538a809f36013d2bda,44c0341607719adda5040526f8807cc68b2c04a82e7422db47ea105b6fd792e7,lf-normalized
sde/apep_0740__v1.tex,apep_0740/v1/tables/tabF1_sde.tex,https://raw.githubusercontent.com/SocialCatalystLab/ape-papers/70c660ea5a7de722e9a12ad965e1c665890208d8/apep_0740/v1/tables/tabF1_sde.tex,4cb13769d6b3c854b6c9f4c04e7b31ff7d8e4266,ba31a014fa79a4f83ed33734c63dbdae24b65b73dbdc255bfac216bef0bee45a,lf-normalized
sde/apep_0741__v1.tex,apep_0741/v1/tables/tabF1_sde.tex,https://raw.githubusercontent.com/SocialCatalystLab/ape-papers/70c660ea5a7de722e9a12ad965e1c665890208d8/apep_0741/v1/tables/tabF1_sde.tex,8245253a6d89453cd8b85a97fa44409cd8180f59,bdfdf9a16794cbc9f5408696daa900147522f09e49ef343e13984436fa6833de,lf-normalized
sde/apep_0742__v1.tex,apep_0742/v1/tables/tabF1_sde.tex,https://raw.githubusercontent.com/SocialCatalystLab/ape-papers/70c660ea5a7de722e9a12ad965e1c665890208d8/apep_0742/v1/tables/tabF1_sde.tex,7a51c2344b604078821f56624cce3cefac8489e4,e3476f9ac4a51ba36afee1c6145b2be1013fa1a755b62fe4846b689a77a8e833,lf-normalized
sde/apep_0743__v1.tex,apep_0743/v1/tables/tabF1_sde.tex,https://raw.githubusercontent.com/SocialCatalystLab/ape-papers/70c660ea5a7de722e9a12ad965e1c665890208d8/apep_0743/v1/tables/tabF1_sde.tex,fa727a92c98ac2b6e044eef527de130d6c385205,13ef53c5a61f8aa8578e417a673e4d01adaa8c510e949bc226bc4d3b4fb3bae3,lf-normalized
sde/apep_0744__v1.tex,apep_0744/v1/tables/tabF1_sde.tex,https://raw.githubusercontent.com/SocialCatalystLab/ape-papers/70c660ea5a7de722e9a12ad965e1c665890208d8/apep_0744/v1/tables/tabF1_sde.tex,9c659c380848b1e3766b72b535f4997c45fb70e8,dcdd16829ccc93c2c63fc00116210580198e3c1cacf6c9549daae0defc25ac2f,lf-normalized
sde/apep_0745__v1.tex,apep_0745/v1/tables/tabF1_sde.tex,https://raw.githubusercontent.com/SocialCatalystLab/ape-papers/70c660ea5a7de722e9a12ad965e1c665890208d8/apep_0745/v1/tables/tabF1_sde.tex,195a7e145732a4b38df858e9095a448eeb1982e1,633427bd7f7ec472e07822e5f2f9622d671eea2647b7ac21ee7843829437122e,lf-normalized
sde/apep_0746__v1.tex,apep_0746/v1/tables/tabF1_sde.tex,https://raw.githubusercontent.com/SocialCatalystLab/ape-papers/70c660ea5a7de722e9a12ad965e1c665890208d8/apep_0746/v1/tables/tabF1_sde.tex,4b28badc7544a9b6e219325f13608edeb90865ba,5355f537f1942ef2012b9dd0e27f06dd363b6b6833756f154214b1c4f05aa88b,lf-normalized
sde/apep_0747__v1.tex,apep_0747/v1/tables/tabF1_sde.tex,https://raw.githubusercontent.com/SocialCatalystLab/ape-papers/70c660ea5a7de722e9a12ad965e1c665890208d8/apep_0747/v1/tables/tabF1_sde.tex,c7a0fe13d2594a0fda1c721df344b92ec4a98195,a84c4eee0fdb4c0499aee472c042e3b6cd1a77131a077a43915283d74897cf48,lf-normalized
sde/apep_0748__v1.tex,apep_0748/v1/tables/tabF1_sde.tex,https://raw.githubusercontent.com/SocialCatalystLab/ape-papers/70c660ea5a7de722e9a12ad965e1c665890208d8/apep_0748/v1/tables/tabF1_sde.tex,92e3fa7b4d6861d88ea294555e63e9a8d620d517,a6efe40470cd217d96eda5d132750b33ee4a1dc37fba89676881de124d40556c,lf-normalized
sde/apep_0749__v1.tex,apep_0749/v1/tables/tabF1_sde.tex,https://raw.githubusercontent.com/SocialCatalystLab/ape-papers/70c660ea5a7de722e9a12ad965e1c665890208d8/apep_0749/v1/tables/tabF1_sde.tex,e07b1f11a24a1b16f91d44f5d6839968b8ab18b7,69e2a6a1069e3bfe4c3e54a13111cab1cb64c0a43ad57f62f9372cf8b309aaf6,lf-normalized
sde/apep_0749__v2.tex,apep_0749/v2/tables/tabF1_sde.tex,https://raw.githubusercontent.com/SocialCatalystLab/ape-papers/70c660ea5a7de722e9a12ad965e1c665890208d8/apep_0749/v2/tables/tabF1_sde.tex,3754b6396a0cc5680b1627e6efaf80b9673aeb54,f846c044dce4641a8500f46911cf60025cfdcbe3418e6908e7f2dd6fc3de8c36,lf-normalized
sde/apep_0750__v1.tex,apep_0750/v1/tables/tabF1_sde.tex,https://raw.githubusercontent.com/SocialCatalystLab/ape-papers/70c660ea5a7de722e9a12ad965e1c665890208d8/apep_0750/v1/tables/tabF1_sde.tex,3c70f2d47c0f57bcc7a418cd2606c05828ef7fff,434f9ba55bf4f356d38c3bcccaf671395b12ea4b0890d245775749d8281c95aa,lf-normalized
sde/apep_0751__v1.tex,apep_0751/v1/tables/tabF1_sde.tex,https://raw.githubusercontent.com/SocialCatalystLab/ape-papers/70c660ea5a7de722e9a12ad965e1c665890208d8/apep_0751/v1/tables/tabF1_sde.tex,aef8a4ff5b836969cb08fbb422adcec2bb036259,f41b973f3bbd853b61735e7f05bbe8ab54b143f32c32ee1860fb6dfec82c1650,lf-normalized
sde/apep_0752__v1.tex,apep_0752/v1/tables/tabF1_sde.tex,https://raw.githubusercontent.com/SocialCatalystLab/ape-papers/70c660ea5a7de722e9a12ad965e1c665890208d8/apep_0752/v1/tables/tabF1_sde.tex,a990b7c7664a46627895039eb3ed0afd6492b525,2424847808ead8fb0b761083455cc0f9f829aaa32c212edce23717d117acf5f5,lf-normalized
sde/apep_0753__v1.tex,apep_0753/v1/tables/tabF1_sde.tex,https://raw.githubusercontent.com/SocialCatalystLab/ape-papers/70c660ea5a7de722e9a12ad965e1c665890208d8/apep_0753/v1/tables/tabF1_sde.tex,c88b451b1fab79e513bf45e54d04503309aeaa72,10d0d91fdac13d2d6872b81d3db75ec98dbabf710ed5323931ac08c4d13d2fad,lf-normalized
sde/apep_0754__v1.tex,apep_0754/v1/tables/tabF1_sde.tex,https://raw.githubusercontent.com/SocialCatalystLab/ape-papers/70c660ea5a7de722e9a12ad965e1c665890208d8/apep_0754/v1/tables/tabF1_sde.tex,38ab866d01e92f7b9ffd2fdcd26e9b2dc9729429,4bc1eab6790fc5f824ec4e84f49fb65e74287f85745cd34be8099c156104c846,lf-normalized
sde/apep_0755__v1.tex,apep_0755/v1/tables/tabF1_sde.tex,https://raw.githubusercontent.com/SocialCatalystLab/ape-papers/70c660ea5a7de722e9a12ad965e1c665890208d8/apep_0755/v1/tables/tabF1_sde.tex,848bc487882ac45730fe27daa317ae1520165fed,c7efab206961c5d25b7379ca6e7ade99b1e7b33ec5e6e38712665f24c6fdae4f,lf-normalized
sde/apep_0756__v1.tex,apep_0756/v1/tables/tabF1_sde.tex,https://raw.githubusercontent.com/SocialCatalystLab/ape-papers/70c660ea5a7de722e9a12ad965e1c665890208d8/apep_0756/v1/tables/tabF1_sde.tex,c427e47ed93134723075e2e22e27dde0a928f4b2,841dbed03181b11ea992713405c9e0ba72707c2aa32cace114d66a13088cdf91,lf-normalized
sde/apep_0757__v1.tex,apep_0757/v1/tables/tabF1_sde.tex,https://raw.githubusercontent.com/SocialCatalystLab/ape-papers/70c660ea5a7de722e9a12ad965e1c665890208d8/apep_0757/v1/tables/tabF1_sde.tex,237a5db27edc006f799f69ea00107d8bbeaa53fc,51ea479b474a6a315ec7326b3d956bb225f817836f3bf60619a3eb48e34d856d,lf-normalized
sde/apep_0758__v1.tex,apep_0758/v1/tables/tabF1_sde.tex,https://raw.githubusercontent.com/SocialCatalystLab/ape-papers/70c660ea5a7de722e9a12ad965e1c665890208d8/apep_0758/v1/tables/tabF1_sde.tex,740f62075f4ffa03973c7e1dfeff1c409b6b52cd,6771ee8f64914435a03a375e4b64a17e12863540b587670a62392b2daf706cc4,lf-normalized
sde/apep_0759__v1.tex,apep_0759/v1/tables/tabF1_sde.tex,https://raw.githubusercontent.com/SocialCatalystLab/ape-papers/70c660ea5a7de722e9a12ad965e1c665890208d8/apep_0759/v1/tables/tabF1_sde.tex,4c9e04919fb1571a50a1a9d85dd3fd2918d2375d,3d28e93364d53686f4f144ac241358be189aa314555fdd8e2fe91cf59f578ea2,lf-normalized
sde/apep_0760__v1.tex,apep_0760/v1/tables/tabF1_sde.tex,https://raw.githubusercontent.com/SocialCatalystLab/ape-papers/70c660ea5a7de722e9a12ad965e1c665890208d8/apep_0760/v1/tables/tabF1_sde.tex,00791c421ff7d76f31e8866b86a83b16408cb923,c32cb1c9857514ec22195f700c6219cdff936daf18fa8b1d8a4d2c82314da38d,lf-normalized
sde/apep_0761__v1.tex,apep_0761/v1/tables/tabF1_sde.tex,https://raw.githubusercontent.com/SocialCatalystLab/ape-papers/70c660ea5a7de722e9a12ad965e1c665890208d8/apep_0761/v1/tables/tabF1_sde.tex,f62c7531fb7891a334b2f94a74fe65a3786e9670,8b82030cac50ac7f14ded74f38a4d7d40ff5016921bb1708d72d2cb3d8e1710f,lf-normalized
sde/apep_0762__v1.tex,apep_0762/v1/tables/tabF1_sde.tex,https://raw.githubusercontent.com/SocialCatalystLab/ape-papers/70c660ea5a7de722e9a12ad965e1c665890208d8/apep_0762/v1/tables/tabF1_sde.tex,c0488995914c752e753b9d724387277eb33d14c3,222e632246bbd6064e0e1e05d6c0e5359f895e6ba6fa853834bb41dbc254a2c7,lf-normalized
sde/apep_0763__v1.tex,apep_0763/v1/tables/tabF1_sde.tex,https://raw.githubusercontent.com/SocialCatalystLab/ape-papers/70c660ea5a7de722e9a12ad965e1c665890208d8/apep_0763/v1/tables/tabF1_sde.tex,1e4dcf629f9f0fe19f83935999ee13efb9fb6da3,0812618dedc95d4e2cbb10def97ff5c8eff2f094682bb1fe42838a3b9900eda1,lf-normalized
sde/apep_0764__v1.tex,apep_0764/v1/tables/tabF1_sde.tex,https://raw.githubusercontent.com/SocialCatalystLab/ape-papers/70c660ea5a7de722e9a12ad965e1c665890208d8/apep_0764/v1/tables/tabF1_sde.tex,9782397bba90644a9bcbba4e0f49748d03033947,e82a263ecbd192e267ce9b63195a9cd57fa58024b5f64a4a75cac36913e6c890,lf-normalized
sde/apep_0765__v1.tex,apep_0765/v1/tables/tabF1_sde.tex,https://raw.githubusercontent.com/SocialCatalystLab/ape-papers/70c660ea5a7de722e9a12ad965e1c665890208d8/apep_0765/v1/tables/tabF1_sde.tex,066373142a5c5d4326bc6d7685919e3d1267e839,6c7b7fe6e4f130f62d322e87047e7641f59447755cfa6d64d52b00b647beb613,lf-normalized
sde/apep_0766__v1.tex,apep_0766/v1/tables/tabF1_sde.tex,https://raw.githubusercontent.com/SocialCatalystLab/ape-papers/70c660ea5a7de722e9a12ad965e1c665890208d8/apep_0766/v1/tables/tabF1_sde.tex,e5fbb004033a93df389c518fb9d53ce31a3ee7be,a6c5aa9896f39752ec77a038ee4e0fc8db41996eb8f05bb1a28a4700357e9ee2,lf-normalized
sde/apep_0767__v1.tex,apep_0767/v1/tables/tabF1_sde.tex,https://raw.githubusercontent.com/SocialCatalystLab/ape-papers/70c660ea5a7de722e9a12ad965e1c665890208d8/apep_0767/v1/tables/tabF1_sde.tex,606a169882a7ce1c0d43fd508d9175c85bd70c3c,90fb07fef7aedaa1afd4dfe17c06bd702bd6d513be5df4dace2ed87b46697efd,lf-normalized
sde/apep_0768__v1.tex,apep_0768/v1/tables/tabF1_sde.tex,https://raw.githubusercontent.com/SocialCatalystLab/ape-papers/70c660ea5a7de722e9a12ad965e1c665890208d8/apep_0768/v1/tables/tabF1_sde.tex,e081df91eae7ecb8648acc6eefafd6991050481a,1c7da1370c0bb93c65bf15742187c4048a4b65f2cadc5601f22c7dcbfba34bd9,lf-normalized
sde/apep_0769__v1.tex,apep_0769/v1/tables/tabF1_sde.tex,https://raw.githubusercontent.com/SocialCatalystLab/ape-papers/70c660ea5a7de722e9a12ad965e1c665890208d8/apep_0769/v1/tables/tabF1_sde.tex,066373142a5c5d4326bc6d7685919e3d1267e839,6c7b7fe6e4f130f62d322e87047e7641f59447755cfa6d64d52b00b647beb613,lf-normalized
sde/apep_0770__v1.tex,apep_0770/v1/tables/tabF1_sde.tex,https://raw.githubusercontent.com/SocialCatalystLab/ape-papers/70c660ea5a7de722e9a12ad965e1c665890208d8/apep_0770/v1/tables/tabF1_sde.tex,c056445f89d2a43d8d3a9d079e9ce1a2b9ff8cce,9af6d1846393631c654029857508e8c948b6c0bba40b5d2c8df231b829816d06,lf-normalized
sde/apep_0771__v1.tex,apep_0771/v1/tables/tabF1_sde.tex,https://raw.githubusercontent.com/SocialCatalystLab/ape-papers/70c660ea5a7de722e9a12ad965e1c665890208d8/apep_0771/v1/tables/tabF1_sde.tex,ea75f8fe1508a4f6d681ef9f4e897ff204f6b597,6ffcd41e9a331c0ce5855eb469fe0842d95407766c361c30e3c9190b2e72b780,lf-normalized
sde/apep_0772__v1.tex,apep_0772/v1/tables/tabF1_sde.tex,https://raw.githubusercontent.com/SocialCatalystLab/ape-papers/70c660ea5a7de722e9a12ad965e1c665890208d8/apep_0772/v1/tables/tabF1_sde.tex,0e0784ac721c771b67b1ffd3be80ab629567d0af,b019af189f774a91f0855c4ea85fba7d925cb001744407d2accdf981f2bb3f34,lf-normalized
sde/apep_0773__v1.tex,apep_0773/v1/tables/tabF1_sde.tex,https://raw.githubusercontent.com/SocialCatalystLab/ape-papers/70c660ea5a7de722e9a12ad965e1c665890208d8/apep_0773/v1/tables/tabF1_sde.tex,faeaea3a02430a0b0ac7d9616b75cf7d9e0364d6,bc5b04011f01d23c45d847a89e51402169d6106b2c52f1e90b65d0a0abf27829,lf-normalized
sde/apep_0774__v1.tex,apep_0774/v1/tables/tabF1_sde.tex,https://raw.githubusercontent.com/SocialCatalystLab/ape-papers/70c660ea5a7de722e9a12ad965e1c665890208d8/apep_0774/v1/tables/tabF1_sde.tex,522257d9a044e572285b1ac7d54a700a5d8ed8c2,c1878b42a20ac9c1abd0176a8a00afb827b1c9564725fb4b7e7bfafdb26e5ad0,lf-normalized
sde/apep_0775__v1.tex,apep_0775/v1/tables/tabF1_sde.tex,https://raw.githubusercontent.com/SocialCatalystLab/ape-papers/70c660ea5a7de722e9a12ad965e1c665890208d8/apep_0775/v1/tables/tabF1_sde.tex,5337b499e947905eb6558c040cbae9fa9d16e482,eeaa3792dd62dd517bc0b524e0332b2d186a825ff2468f62e8f5aafbc58cf909,lf-normalized
sde/apep_0776__v1.tex,apep_0776/v1/tables/tabF1_sde.tex,https://raw.githubusercontent.com/SocialCatalystLab/ape-papers/70c660ea5a7de722e9a12ad965e1c665890208d8/apep_0776/v1/tables/tabF1_sde.tex,87ec7ad121b6c1c72d993bf8b9cf5bfa9354db27,3375e902e09696608ee07dfc95fe70ed8f4cdaa309de2f978080885f2c01b5b3,lf-normalized
sde/apep_0777__v1.tex,apep_0777/v1/tables/tabF1_sde.tex,https://raw.githubusercontent.com/SocialCatalystLab/ape-papers/70c660ea5a7de722e9a12ad965e1c665890208d8/apep_0777/v1/tables/tabF1_sde.tex,a667e1696e838b7be4fc92349ec9f5cff5391301,99ae4a2cd4cf86b8d805d5c910934a541858e25028a6d72f46297bde0c1aa14d,lf-normalized
sde/apep_0778__v1.tex,apep_0778/v1/tables/tabF1_sde.tex,https://raw.githubusercontent.com/SocialCatalystLab/ape-papers/70c660ea5a7de722e9a12ad965e1c665890208d8/apep_0778/v1/tables/tabF1_sde.tex,ec1c45783d9a6b5319d5d23657875fa79a96fb17,324d9c6f027bf1893724e5964834cad896faed941780dc9a245ca543e6970f1a,lf-normalized
sde/apep_0779__v1.tex,apep_0779/v1/tables/tabF1_sde.tex,https://raw.githubusercontent.com/SocialCatalystLab/ape-papers/70c660ea5a7de722e9a12ad965e1c665890208d8/apep_0779/v1/tables/tabF1_sde.tex,ab6fa388a78f65129cb6459e3e1511766ada4b1b,c657dd65523f5087dca0547a6f2906fd839ac33c59b3f5c3c7093e8a4fba4db0,lf-normalized
sde/apep_0780__v1.tex,apep_0780/v1/tables/tabF1_sde.tex,https://raw.githubusercontent.com/SocialCatalystLab/ape-papers/70c660ea5a7de722e9a12ad965e1c665890208d8/apep_0780/v1/tables/tabF1_sde.tex,b28aa699df7737d15865b4481e232117ecdfd3cd,e20f862028d31e5aa4528cb761484b5bb0f91f5a8399a06e85540e0509984f9b,lf-normalized
sde/apep_0781__v1.tex,apep_0781/v1/tables/tabF1_sde.tex,https://raw.githubusercontent.com/SocialCatalystLab/ape-papers/70c660ea5a7de722e9a12ad965e1c665890208d8/apep_0781/v1/tables/tabF1_sde.tex,aef203187f1bb5002401b81822d5ffadddfd0e9f,620394977d027bf1e0c7e9b973beb23d1be2d75edbdf45bb1e3be10afdbb0408,lf-normalized
sde/apep_0782__v1.tex,apep_0782/v1/tables/tabF1_sde.tex,https://raw.githubusercontent.com/SocialCatalystLab/ape-papers/70c660ea5a7de722e9a12ad965e1c665890208d8/apep_0782/v1/tables/tabF1_sde.tex,ab8769b1fba75ad8b81a3536e1b37a54db02620f,5076e3ff6330720b04835ae8a36dc379bb079f82f89efab0cdc10b74fb64d693,lf-normalized
sde/apep_0783__v1.tex,apep_0783/v1/tables/tabF1_sde.tex,https://raw.githubusercontent.com/SocialCatalystLab/ape-papers/70c660ea5a7de722e9a12ad965e1c665890208d8/apep_0783/v1/tables/tabF1_sde.tex,4bf682a043dde1a286781d2844981ac1d8881572,7ad759369fff0851fe614595fa36f4a514d8ce77a73c063003329fe9d6c9bf6f,lf-normalized
sde/apep_0784__v1.tex,apep_0784/v1/tables/tabF1_sde.tex,https://raw.githubusercontent.com/SocialCatalystLab/ape-papers/70c660ea5a7de722e9a12ad965e1c665890208d8/apep_0784/v1/tables/tabF1_sde.tex,e069f7c5bb03a847477f0624bf12c7135d986221,c0fc74ed6ffd50efedf8b9dfc13da5b3447f7d8173546645e4d094f89c8bd085,lf-normalized
sde/apep_0785__v1.tex,apep_0785/v1/tables/tabF1_sde.tex,https://raw.githubusercontent.com/SocialCatalystLab/ape-papers/70c660ea5a7de722e9a12ad965e1c665890208d8/apep_0785/v1/tables/tabF1_sde.tex,a17a7e9b29cc7b492545318defc7dd0141bc75ab,85ab3183b42e8d2a1487e9eac6ce002bef4ad249a5bb92589f73573fa0be1b64,lf-normalized
sde/apep_0786__v1.tex,apep_0786/v1/tables/tabF1_sde.tex,https://raw.githubusercontent.com/SocialCatalystLab/ape-papers/70c660ea5a7de722e9a12ad965e1c665890208d8/apep_0786/v1/tables/tabF1_sde.tex,ba3e283ed69bf136da4fc18dbef3e64506bfdc10,ef757dd84b8e529fb9e521917151c20207a974e4f07a823ea6e045b8d4ed2b29,lf-normalized
sde/apep_0787__v1.tex,apep_0787/v1/tables/tabF1_sde.tex,https://raw.githubusercontent.com/SocialCatalystLab/ape-papers/70c660ea5a7de722e9a12ad965e1c665890208d8/apep_0787/v1/tables/tabF1_sde.tex,22bc96dde8230faf2cca899ca976df63aafb3e58,ea2d23f147f422bb997a56c2df0b1a65ead5fbf51cf0aed6c9962520a0d9b861,lf-normalized
sde/apep_0788__v1.tex,apep_0788/v1/tables/tabF1_sde.tex,https://raw.githubusercontent.com/SocialCatalystLab/ape-papers/70c660ea5a7de722e9a12ad965e1c665890208d8/apep_0788/v1/tables/tabF1_sde.tex,11e92c1dbcc00965a0213aafa3d832d53c16887e,e5f3ca801e1b853252ce348626106e3311b335f0a446ef174afb9b3778447ae3,lf-normalized
sde/apep_0789__v1.tex,apep_0789/v1/tables/tabF1_sde.tex,https://raw.githubusercontent.com/SocialCatalystLab/ape-papers/70c660ea5a7de722e9a12ad965e1c665890208d8/apep_0789/v1/tables/tabF1_sde.tex,3dc5964521935a3f9d79d23f4ea1f5a62be62c98,63790e3449465a02b2ea4a90aef0e59d844252037bf866f383db40f5dda9e453,lf-normalized
sde/apep_0790__v1.tex,apep_0790/v1/tables/tabF1_sde.tex,https://raw.githubusercontent.com/SocialCatalystLab/ape-papers/70c660ea5a7de722e9a12ad965e1c665890208d8/apep_0790/v1/tables/tabF1_sde.tex,7df2c30ff1383db3ee4fc07607383bbf90de9b14,0f0e351dc48ffd59df04720672cd56a30686595911944bb84de3a00abcfeb0ca,lf-normalized
sde/apep_0791__v1.tex,apep_0791/v1/tables/tabF1_sde.tex,https://raw.githubusercontent.com/SocialCatalystLab/ape-papers/70c660ea5a7de722e9a12ad965e1c665890208d8/apep_0791/v1/tables/tabF1_sde.tex,042d8888418f4799a6fa37fd00ecd4d0f380a0a1,d5fd23dcdba36de9532144c7f784102fa24314e48aa8dda1392533ad0ecc4fbd,lf-normalized
sde/apep_0792__v1.tex,apep_0792/v1/tables/tabF1_sde.tex,https://raw.githubusercontent.com/SocialCatalystLab/ape-papers/70c660ea5a7de722e9a12ad965e1c665890208d8/apep_0792/v1/tables/tabF1_sde.tex,1bbd0850fad91bddfa49e49d807d261334b6479d,d8eef35eb3bbb7b4f6be53d4fadfd4cadc6fc7fb1bec5d9a699764988b912906,lf-normalized
sde/apep_0793__v1.tex,apep_0793/v1/tables/tabF1_sde.tex,https://raw.githubusercontent.com/SocialCatalystLab/ape-papers/70c660ea5a7de722e9a12ad965e1c665890208d8/apep_0793/v1/tables/tabF1_sde.tex,1fff75d87c2c7693a74a6b890a62165f70368e4a,b664b4dc8dcbbde8fd9f5fa355b5d16add54ef8aeaa3607c1de05ef0a4276673,lf-normalized
sde/apep_0794__v1.tex,apep_0794/v1/tables/tabF1_sde.tex,https://raw.githubusercontent.com/SocialCatalystLab/ape-papers/70c660ea5a7de722e9a12ad965e1c665890208d8/apep_0794/v1/tables/tabF1_sde.tex,3ab3217bc30276c9fe3f126dcc0e75d50b083cec,ce2c8d8ba1e80321070be232b8a4b7b5f706119ed6d84209da21a935732cc0f0,lf-normalized
sde/apep_0795__v1.tex,apep_0795/v1/tables/tabF1_sde.tex,https://raw.githubusercontent.com/SocialCatalystLab/ape-papers/70c660ea5a7de722e9a12ad965e1c665890208d8/apep_0795/v1/tables/tabF1_sde.tex,b430f76c9db7de5ea9fb1a4a5a423a466fa74aa1,968989ccdd75c57a60c8db7a1565b11fcce2f7e73178a2ae131eee6c52cce3a5,lf-normalized
sde/apep_0796__v1.tex,apep_0796/v1/tables/tabF1_sde.tex,https://raw.githubusercontent.com/SocialCatalystLab/ape-papers/70c660ea5a7de722e9a12ad965e1c665890208d8/apep_0796/v1/tables/tabF1_sde.tex,4b26b986516b96759f3770e75c446f42f64ea8d9,18996a419d12a6f9774cbe76ffe1501431f89cffe134234908ba3077f8a417e3,lf-normalized
sde/apep_0797__v1.tex,apep_0797/v1/tables/tabF1_sde.tex,https://raw.githubusercontent.com/SocialCatalystLab/ape-papers/70c660ea5a7de722e9a12ad965e1c665890208d8/apep_0797/v1/tables/tabF1_sde.tex,ef96fc6524d27ec02f8952c84ff2951b3fe4dfe2,2da90477892705958842ec06ddd866449f9ab6b96bbe564289a234e6314d0de2,lf-normalized
sde/apep_0798__v1.tex,apep_0798/v1/tables/tabF1_sde.tex,https://raw.githubusercontent.com/SocialCatalystLab/ape-papers/70c660ea5a7de722e9a12ad965e1c665890208d8/apep_0798/v1/tables/tabF1_sde.tex,c0be8428eaed0be681c7404d918ada63a095bc33,456e80b6b2f82ea129f1d24db22d906563698cd6133a8edf2cc5b527fa866f52,lf-normalized
sde/apep_0799__v1.tex,apep_0799/v1/tables/tabF1_sde.tex,https://raw.githubusercontent.com/SocialCatalystLab/ape-papers/70c660ea5a7de722e9a12ad965e1c665890208d8/apep_0799/v1/tables/tabF1_sde.tex,d3b3b18a2a5819401d0dab06db4976e1cdbb5ff7,30559089081072d3cd0ce1aba517803dc5efb6d2544326cb12efb4fb37ac517a,lf-normalized
sde/apep_0800__v1.tex,apep_0800/v1/tables/tabF1_sde.tex,https://raw.githubusercontent.com/SocialCatalystLab/ape-papers/70c660ea5a7de722e9a12ad965e1c665890208d8/apep_0800/v1/tables/tabF1_sde.tex,a35fe6862bde2e7ac3008b648e623799e09d719d,2323196717272ea81c5e69702a5b285f71515ddfb5b5df8b586b5184719af0e6,lf-normalized
sde/apep_0801__v1.tex,apep_0801/v1/tables/tabF1_sde.tex,https://raw.githubusercontent.com/SocialCatalystLab/ape-papers/70c660ea5a7de722e9a12ad965e1c665890208d8/apep_0801/v1/tables/tabF1_sde.tex,479d762550b986478701595aff4d12cf63a4eb51,e21ad04588b7eb433f48b8717a77028403706f6c5d4a2c3023f38d28cce8e343,lf-normalized
sde/apep_0802__v1.tex,apep_0802/v1/tables/tabF1_sde.tex,https://raw.githubusercontent.com/SocialCatalystLab/ape-papers/70c660ea5a7de722e9a12ad965e1c665890208d8/apep_0802/v1/tables/tabF1_sde.tex,ed9c8965f6e5b8390f63547e8c95aa1ce3a40a06,30ae2569ffb5b5b7afc126f2afcf1d032fda26013e30ddedd9c6f4f33ec55f39,lf-normalized
sde/apep_0803__v1.tex,apep_0803/v1/tables/tabF1_sde.tex,https://raw.githubusercontent.com/SocialCatalystLab/ape-papers/70c660ea5a7de722e9a12ad965e1c665890208d8/apep_0803/v1/tables/tabF1_sde.tex,7fa87b5e91e654d91bd9502d8c4c718b4534ffed,5f1c15bb0800d88fdaaffe100884a004e3b2e4e6813dfa83aaac20074b590092,lf-normalized
sde/apep_0804__v1.tex,apep_0804/v1/tables/tabF1_sde.tex,https://raw.githubusercontent.com/SocialCatalystLab/ape-papers/70c660ea5a7de722e9a12ad965e1c665890208d8/apep_0804/v1/tables/tabF1_sde.tex,3595ace84a4d07b019378da954125702ce006a2b,92a19e0c9389d686d7f6da3722dd29d55afb39610cef6bd37b60c4527c8bdebe,lf-normalized
sde/apep_0805__v1.tex,apep_0805/v1/tables/tabF1_sde.tex,https://raw.githubusercontent.com/SocialCatalystLab/ape-papers/70c660ea5a7de722e9a12ad965e1c665890208d8/apep_0805/v1/tables/tabF1_sde.tex,97c203b354ebfb9b2cea4e5697db58d7ca9a35c6,da6957cc70130076f7c4fbfbf3aa6ba4f0f5bbbfc61fe5bbc3044b0a1f7abd54,lf-normalized
sde/apep_0806__v1.tex,apep_0806/v1/tables/tabF1_sde.tex,https://raw.githubusercontent.com/SocialCatalystLab/ape-papers/70c660ea5a7de722e9a12ad965e1c665890208d8/apep_0806/v1/tables/tabF1_sde.tex,653171427fab632b68e2f1157e1e4a2652a7a921,f2dd7f27345168f7467382ac6fea415342586ac69620a3eaeb1e82ddf8194d85,lf-normalized
sde/apep_0807__v1.tex,apep_0807/v1/tables/tabF1_sde.tex,https://raw.githubusercontent.com/SocialCatalystLab/ape-papers/70c660ea5a7de722e9a12ad965e1c665890208d8/apep_0807/v1/tables/tabF1_sde.tex,ebcac509b9d901e36ec5342cb539ce97759c5d6d,1127ecfba75256d148e19614168a7430c71fda8f0869c3eb9be7c11c22387371,lf-normalized
sde/apep_0808__v1.tex,apep_0808/v1/tables/tabF1_sde.tex,https://raw.githubusercontent.com/SocialCatalystLab/ape-papers/70c660ea5a7de722e9a12ad965e1c665890208d8/apep_0808/v1/tables/tabF1_sde.tex,c8710c914457e7b4c18cd90f8824f5207639ff91,bc7cab1ceb7e0c20b60824014287628252f20489894ae125440e8fcb0ac10f2d,lf-normalized
sde/apep_0809__v1.tex,apep_0809/v1/tables/tabF1_sde.tex,https://raw.githubusercontent.com/SocialCatalystLab/ape-papers/70c660ea5a7de722e9a12ad965e1c665890208d8/apep_0809/v1/tables/tabF1_sde.tex,27fde5d9e2dda373c0ff10ab5a1f3320c83c3c48,e8b18b12997e942d434e656137f2aa015cf4bf2b0d24e55045123ad6883748e5,lf-normalized
sde/apep_0810__v1.tex,apep_0810/v1/tables/tabF1_sde.tex,https://raw.githubusercontent.com/SocialCatalystLab/ape-papers/70c660ea5a7de722e9a12ad965e1c665890208d8/apep_0810/v1/tables/tabF1_sde.tex,915fe54222a9060330693718c701f3508418a01a,7fe0720e992274bb26374b10466e7bb18cb70e14ca99a144f618ff6f4c27eeba,lf-normalized
sde/apep_0811__v1.tex,apep_0811/v1/tables/tabF1_sde.tex,https://raw.githubusercontent.com/SocialCatalystLab/ape-papers/70c660ea5a7de722e9a12ad965e1c665890208d8/apep_0811/v1/tables/tabF1_sde.tex,6e861563f4cc6173c08d99328eb7d95223e94770,6ba8ac9c54d05c81632b0eabc407eac6a73cd9450a46d34e4ff51bb5c2c52ddc,lf-normalized
sde/apep_0812__v1.tex,apep_0812/v1/tables/tabF1_sde.tex,https://raw.githubusercontent.com/SocialCatalystLab/ape-papers/70c660ea5a7de722e9a12ad965e1c665890208d8/apep_0812/v1/tables/tabF1_sde.tex,0d7dbf0bfcf3e367cf620ee476998708d4e827c8,377e61e93c069bd71225dfbbd23620a73242f875c576bca0c22c57302ff69264,lf-normalized
sde/apep_0813__v1.tex,apep_0813/v1/tables/tabF1_sde.tex,https://raw.githubusercontent.com/SocialCatalystLab/ape-papers/70c660ea5a7de722e9a12ad965e1c665890208d8/apep_0813/v1/tables/tabF1_sde.tex,ebe8b6f629e5cdb3007526e77ab33b3f4c55cdf5,52430120a38977b4197d67824538f10cdb9df86f8f4d64ffd2a0c67bfacf12bd,lf-normalized
sde/apep_0814__v1.tex,apep_0814/v1/tables/tabF1_sde.tex,https://raw.githubusercontent.com/SocialCatalystLab/ape-papers/70c660ea5a7de722e9a12ad965e1c665890208d8/apep_0814/v1/tables/tabF1_sde.tex,314944387badd2bf873f8fe068b2704bcb8dbda0,ba938072f4b718f5f6fef244d2de6c201a69ee048de2a567ed17f148a9be23c8,lf-normalized
sde/apep_0815__v1.tex,apep_0815/v1/tables/tabF1_sde.tex,https://raw.githubusercontent.com/SocialCatalystLab/ape-papers/70c660ea5a7de722e9a12ad965e1c665890208d8/apep_0815/v1/tables/tabF1_sde.tex,98daf509112b0b4d510cc53069eb201044acd934,bcaf981cadefd4cebe78ffe31b38b4bff1770c65d02b79318b8ed362eba61f48,lf-normalized
sde/apep_0816__v1.tex,apep_0816/v1/tables/tabF1_sde.tex,https://raw.githubusercontent.com/SocialCatalystLab/ape-papers/70c660ea5a7de722e9a12ad965e1c665890208d8/apep_0816/v1/tables/tabF1_sde.tex,a76c3e43ed14c5b035cfdfc432d782d43856c4a9,3d1523e3e8de61e46f7f381942047fe7ca4f525a769c4c3c5e700263f1c07e50,lf-normalized
sde/apep_0817__v1.tex,apep_0817/v1/tables/tabF1_sde.tex,https://raw.githubusercontent.com/SocialCatalystLab/ape-papers/70c660ea5a7de722e9a12ad965e1c665890208d8/apep_0817/v1/tables/tabF1_sde.tex,8a6592b9018d221738db7f4951244aa177ba7ff1,903e34cda9abe1ef8380c807ec279f5ec13a4f75dd0fb36febc7b707effceb37,lf-normalized
sde/apep_0818__v1.tex,apep_0818/v1/tables/tabF1_sde.tex,https://raw.githubusercontent.com/SocialCatalystLab/ape-papers/70c660ea5a7de722e9a12ad965e1c665890208d8/apep_0818/v1/tables/tabF1_sde.tex,848e3027bac1d272a4bf7f46ec1cecb16df6d953,c327f066a6dcd3b0aa69efbe093c0eb5659017a45856f6911a573ae1de0c399b,lf-normalized
sde/apep_0819__v1.tex,apep_0819/v1/tables/tabF1_sde.tex,https://raw.githubusercontent.com/SocialCatalystLab/ape-papers/70c660ea5a7de722e9a12ad965e1c665890208d8/apep_0819/v1/tables/tabF1_sde.tex,574279337514b1dc7e013359496beab6c2ff931c,e18a88e2552aae457197d1122acb941e61130eb3133de13722ec63e61f9d9caf,lf-normalized
sde/apep_0820__v1.tex,apep_0820/v1/tables/tabF1_sde.tex,https://raw.githubusercontent.com/SocialCatalystLab/ape-papers/70c660ea5a7de722e9a12ad965e1c665890208d8/apep_0820/v1/tables/tabF1_sde.tex,13241968a7ee325d00664ec1df0aa148025095ce,c33d05fe016863a85f765192c35c5a02246c541e58a588adb8852197ffab4fcb,lf-normalized
sde/apep_0821__v1.tex,apep_0821/v1/tables/tabF1_sde.tex,https://raw.githubusercontent.com/SocialCatalystLab/ape-papers/70c660ea5a7de722e9a12ad965e1c665890208d8/apep_0821/v1/tables/tabF1_sde.tex,7a0ebcec570b98e23671ff100023a1a547568977,076ca127eed13c3b7edbb2c8ebd848b0002cbd7ee4fd0006e545bc5e1985366d,lf-normalized
sde/apep_0822__v1.tex,apep_0822/v1/tables/tabF1_sde.tex,https://raw.githubusercontent.com/SocialCatalystLab/ape-papers/70c660ea5a7de722e9a12ad965e1c665890208d8/apep_0822/v1/tables/tabF1_sde.tex,08693d69b3ba5633bc87e6084b742c829d69c69d,fc0e226210cdd2fe99d85e4ee69be81e6346819216357928bd223c216ba4854c,lf-normalized
sde/apep_0823__v1.tex,apep_0823/v1/tables/tabF1_sde.tex,https://raw.githubusercontent.com/SocialCatalystLab/ape-papers/70c660ea5a7de722e9a12ad965e1c665890208d8/apep_0823/v1/tables/tabF1_sde.tex,4eb832fc68cbdc4692718a777e9874ff123cbe88,1c21a25ba958093faaf8caeb048f1a729a735aa376273efc63c99bdd474d7bce,lf-normalized
sde/apep_0824__v1.tex,apep_0824/v1/tables/tabF1_sde.tex,https://raw.githubusercontent.com/SocialCatalystLab/ape-papers/70c660ea5a7de722e9a12ad965e1c665890208d8/apep_0824/v1/tables/tabF1_sde.tex,b453acece3972bc6b5c4826b84577bbca4b23b7b,251ff0740bd8f0f893fd8ffbabf5638c8cf2a725c2b326406519a5a149df3172,lf-normalized
sde/apep_0825__v1.tex,apep_0825/v1/tables/tabF1_sde.tex,https://raw.githubusercontent.com/SocialCatalystLab/ape-papers/70c660ea5a7de722e9a12ad965e1c665890208d8/apep_0825/v1/tables/tabF1_sde.tex,292cc4d68b25a7a42ce3991fd0cf5742a1523ee8,f011e67013eca7e6a9a9a317bac7030d10e2ad31ef2be4d1f1be20a530e9f0ee,lf-normalized
sde/apep_0826__v1.tex,apep_0826/v1/tables/tabF1_sde.tex,https://raw.githubusercontent.com/SocialCatalystLab/ape-papers/70c660ea5a7de722e9a12ad965e1c665890208d8/apep_0826/v1/tables/tabF1_sde.tex,a72b3abbae9d14cdaa8b22d2c800a6e906275a3a,fef6633f2d9f6d01414a811588b24b79adc6af22ebdcdfe4451c12ab019f002e,lf-normalized
sde/apep_0827__v1.tex,apep_0827/v1/tables/tabF1_sde.tex,https://raw.githubusercontent.com/SocialCatalystLab/ape-papers/70c660ea5a7de722e9a12ad965e1c665890208d8/apep_0827/v1/tables/tabF1_sde.tex,b6d50f2169dd79d97991b5b24389651f901ee4cd,e171f885f8c8b3248e3935fde3b7ae453870c2ab3b6e996548126006f4d41457,lf-normalized
sde/apep_0828__v1.tex,apep_0828/v1/tables/tabF1_sde.tex,https://raw.githubusercontent.com/SocialCatalystLab/ape-papers/70c660ea5a7de722e9a12ad965e1c665890208d8/apep_0828/v1/tables/tabF1_sde.tex,ced4f510d3ebb2c73e6f53b642a6436c5a8904e5,b4274f2725f638e8efb8cb2463fe7f5a9527be1b5ede0cfe0ee013f3266f1f51,lf-normalized
sde/apep_0829__v1.tex,apep_0829/v1/tables/tabF1_sde.tex,https://raw.githubusercontent.com/SocialCatalystLab/ape-papers/70c660ea5a7de722e9a12ad965e1c665890208d8/apep_0829/v1/tables/tabF1_sde.tex,2f95d9a588090b93386753d6769cab6706a6af85,3207ff3e99b855b3900b789b836a6c1a332cb4d2bec80bc689a370471e3c130d,lf-normalized
sde/apep_0830__v1.tex,apep_0830/v1/tables/tabF1_sde.tex,https://raw.githubusercontent.com/SocialCatalystLab/ape-papers/70c660ea5a7de722e9a12ad965e1c665890208d8/apep_0830/v1/tables/tabF1_sde.tex,a76ba5bfadc21da4f144d2b3d7c968d69f6fd605,6b6e9df2684b92a5d200bc62d7ff08e0132ff9418d52da206a4b547a2f128c44,lf-normalized
sde/apep_0831__v1.tex,apep_0831/v1/tables/tabF1_sde.tex,https://raw.githubusercontent.com/SocialCatalystLab/ape-papers/70c660ea5a7de722e9a12ad965e1c665890208d8/apep_0831/v1/tables/tabF1_sde.tex,cc09f032c7a81d504eef4793d2d6da447326c9d7,3661e5f293584a93db64eb9b9c4e92fe215c764093549ac6c629235fd7a92682,lf-normalized
sde/apep_0832__v1.tex,apep_0832/v1/tables/tabF1_sde.tex,https://raw.githubusercontent.com/SocialCatalystLab/ape-papers/70c660ea5a7de722e9a12ad965e1c665890208d8/apep_0832/v1/tables/tabF1_sde.tex,6a50fd0f084af95839799b7d545d493a3276f10a,a0ef6473196e31636f28aa0a4f3610d2137daae1711d2e2149d1ea5e2bebbe12,lf-normalized
sde/apep_0834__v1.tex,apep_0834/v1/tables/tabF1_sde.tex,https://raw.githubusercontent.com/SocialCatalystLab/ape-papers/70c660ea5a7de722e9a12ad965e1c665890208d8/apep_0834/v1/tables/tabF1_sde.tex,9a4fb037d91ac0122b0ad503594e43d826a7d76d,7196e3870a46647eaa2067da4c417323fcab56b703df645898102ae4e7020905,lf-normalized
sde/apep_0835__v1.tex,apep_0835/v1/tables/tabF1_sde.tex,https://raw.githubusercontent.com/SocialCatalystLab/ape-papers/70c660ea5a7de722e9a12ad965e1c665890208d8/apep_0835/v1/tables/tabF1_sde.tex,c4415546c5e86c2514f94207a0cd7dbd915cddfe,dbd86d01061273d127621e6cab3a4e105be91842e2d41f4c616ef99613012ec2,lf-normalized
sde/apep_0836__v1.tex,apep_0836/v1/tables/tabF1_sde.tex,https://raw.githubusercontent.com/SocialCatalystLab/ape-papers/70c660ea5a7de722e9a12ad965e1c665890208d8/apep_0836/v1/tables/tabF1_sde.tex,dda289e4488e14bbbed1381719b1a2b06a05ec8d,482cf1639c5b694947b64effb1900bc79e13bcd0f0d433af6ed8641b1fedf83a,lf-normalized
sde/apep_0837__v1.tex,apep_0837/v1/tables/tabF1_sde.tex,https://raw.githubusercontent.com/SocialCatalystLab/ape-papers/70c660ea5a7de722e9a12ad965e1c665890208d8/apep_0837/v1/tables/tabF1_sde.tex,68428d82c0dd8193c3a506a9ffde345799b36bc9,aeced2758f5f81f5ef7f018f1d36b7a455be0453d5f4711e041cf757290583d9,lf-normalized
sde/apep_0838__v1.tex,apep_0838/v1/tables/tabF1_sde.tex,https://raw.githubusercontent.com/SocialCatalystLab/ape-papers/70c660ea5a7de722e9a12ad965e1c665890208d8/apep_0838/v1/tables/tabF1_sde.tex,43cbf20b271cea5005a7fd0860d0834052e2ae39,3bbd3f2f04665c5defee835ffffde58c163a7877ffb99a3983d3dc7e605dfc0d,lf-normalized
sde/apep_0839__v1.tex,apep_0839/v1/tables/tabF1_sde.tex,https://raw.githubusercontent.com/SocialCatalystLab/ape-papers/70c660ea5a7de722e9a12ad965e1c665890208d8/apep_0839/v1/tables/tabF1_sde.tex,5550140c9a99529a84bd320efc6b612f6b89f8f1,90cd06c50459678df2fcec06dcdf1416cf4dcd24939e626739f4f4bda7272a1d,lf-normalized
sde/apep_0840__v1.tex,apep_0840/v1/tables/tabF1_sde.tex,https://raw.githubusercontent.com/SocialCatalystLab/ape-papers/70c660ea5a7de722e9a12ad965e1c665890208d8/apep_0840/v1/tables/tabF1_sde.tex,33f0f33e81fa3eba7f0f9a6ce437ec8535d26d4b,ef99b8cbaa4edb22860445df7550f086886fab3f12c61af4dc9776a0c8a43c69,lf-normalized
sde/apep_0841__v1.tex,apep_0841/v1/tables/tabF1_sde.tex,https://raw.githubusercontent.com/SocialCatalystLab/ape-papers/70c660ea5a7de722e9a12ad965e1c665890208d8/apep_0841/v1/tables/tabF1_sde.tex,3a1064c60bb954f55ac7fda8659bdde9313ab164,6fb13e3276d79eb942aa33e797950b89e23082a556c1704623f7e272e9d09101,lf-normalized
sde/apep_0842__v1.tex,apep_0842/v1/tables/tabF1_sde.tex,https://raw.githubusercontent.com/SocialCatalystLab/ape-papers/70c660ea5a7de722e9a12ad965e1c665890208d8/apep_0842/v1/tables/tabF1_sde.tex,f10b46b110733de8cb0d253fc8a0f2ae36494d1e,cdfa6ebc0d0bba2b1a94acf4cf07925b0a8ecfa1b887ae81465cf6aa86367fc3,lf-normalized
sde/apep_0842__v2.tex,apep_0842/v2/tables/tabF1_sde.tex,https://raw.githubusercontent.com/SocialCatalystLab/ape-papers/70c660ea5a7de722e9a12ad965e1c665890208d8/apep_0842/v2/tables/tabF1_sde.tex,811c7281ba16ef269de3a7a9a84646606c67ac91,916f3699699c20028c37f02bfade8faa887d9e7530b599cf613ce84837bf113a,lf-normalized
sde/apep_0843__v1.tex,apep_0843/v1/tables/tabF1_sde.tex,https://raw.githubusercontent.com/SocialCatalystLab/ape-papers/70c660ea5a7de722e9a12ad965e1c665890208d8/apep_0843/v1/tables/tabF1_sde.tex,430eb2073bbcbf580746f077cca764074557b8d6,d7873e3572836062f89ec1c3cec4311442ba25b1b2698d100318e4d45149c9a5,lf-normalized
sde/apep_0844__v1.tex,apep_0844/v1/tables/tabF1_sde.tex,https://raw.githubusercontent.com/SocialCatalystLab/ape-papers/70c660ea5a7de722e9a12ad965e1c665890208d8/apep_0844/v1/tables/tabF1_sde.tex,9ac96d5cdf60463def269e802b74b852885bc7d0,769e4054631c3113a233779bc249ec43a904c95967acd4342b16852ea7104d98,lf-normalized
sde/apep_0845__v1.tex,apep_0845/v1/tables/tabF1_sde.tex,https://raw.githubusercontent.com/SocialCatalystLab/ape-papers/70c660ea5a7de722e9a12ad965e1c665890208d8/apep_0845/v1/tables/tabF1_sde.tex,b144784e0be079fe082c70eb05d536cbaf68be7e,84620a5b39e8349ba7ab3747999d914f6fbc9685470836ea6dcd420b47a060fa,lf-normalized
sde/apep_0846__v1.tex,apep_0846/v1/tables/tabF1_sde.tex,https://raw.githubusercontent.com/SocialCatalystLab/ape-papers/70c660ea5a7de722e9a12ad965e1c665890208d8/apep_0846/v1/tables/tabF1_sde.tex,c0608db7a16a1da6b62bcb2e83bd869c39b8c9fc,b6016aa81ba76546fa227c4d4136b9e2d378ec11dab0fc7420cf1713b742705a,lf-normalized
sde/apep_0847__v1.tex,apep_0847/v1/tables/tabF1_sde.tex,https://raw.githubusercontent.com/SocialCatalystLab/ape-papers/70c660ea5a7de722e9a12ad965e1c665890208d8/apep_0847/v1/tables/tabF1_sde.tex,a7d6a7eb2a64d661057225628e17a98e248bcb6c,deb06551296377e17b4369e43cc6e4702c9ba23373af537fa29a9c8781ba3b6a,lf-normalized
sde/apep_0848__v1.tex,apep_0848/v1/tables/tabF1_sde.tex,https://raw.githubusercontent.com/SocialCatalystLab/ape-papers/70c660ea5a7de722e9a12ad965e1c665890208d8/apep_0848/v1/tables/tabF1_sde.tex,98cff66c7c2d94b4c88e830ab9273d3ff34733f1,50276a506dcc1849cf4753436ccb8e37d31202f1eacd7deb81724ac8e02584dd,lf-normalized
sde/apep_0849__v1.tex,apep_0849/v1/tables/tabF1_sde.tex,https://raw.githubusercontent.com/SocialCatalystLab/ape-papers/70c660ea5a7de722e9a12ad965e1c665890208d8/apep_0849/v1/tables/tabF1_sde.tex,ba82292133db50d94d66919d6f4ebfb91e674a0c,719878448a5597a68252479ad23389562932e957ccb005837e9d1318cf644d7c,lf-normalized
sde/apep_0850__v1.tex,apep_0850/v1/tables/tabF1_sde.tex,https://raw.githubusercontent.com/SocialCatalystLab/ape-papers/70c660ea5a7de722e9a12ad965e1c665890208d8/apep_0850/v1/tables/tabF1_sde.tex,44efb194d21fe01ca1eabc313abc132b186c457c,070b599836c16aec7c3f121fe0edf519a61adf77e71ab05fdd88cd9a5ef28deb,lf-normalized
sde/apep_0851__v1.tex,apep_0851/v1/tables/tabF1_sde.tex,https://raw.githubusercontent.com/SocialCatalystLab/ape-papers/70c660ea5a7de722e9a12ad965e1c665890208d8/apep_0851/v1/tables/tabF1_sde.tex,a85dd4e23925004fac8a77295de6ea899bf3140b,6d4ca818e11724dd8ef38b9210fd7ea8e26f566d50680b5ba6ee01c79817cf56,lf-normalized
sde/apep_0852__v1.tex,apep_0852/v1/tables/tabF1_sde.tex,https://raw.githubusercontent.com/SocialCatalystLab/ape-papers/70c660ea5a7de722e9a12ad965e1c665890208d8/apep_0852/v1/tables/tabF1_sde.tex,0858a067cf3053708c210cb6c185b7fffd5ae6d0,06b1316d525e79db8fe67587550290614466dc0fb1bab22788a8eff712517bb2,lf-normalized
sde/apep_0853__v1.tex,apep_0853/v1/tables/tabF1_sde.tex,https://raw.githubusercontent.com/SocialCatalystLab/ape-papers/70c660ea5a7de722e9a12ad965e1c665890208d8/apep_0853/v1/tables/tabF1_sde.tex,a9ebdd881406b3ad6ce562cc0458bde54e50389b,6368ae5dc14cf3299630f5a8b8560f54a0b80b5f7a09fc3eff838d958031703c,lf-normalized
sde/apep_0854__v1.tex,apep_0854/v1/tables/tabF1_sde.tex,https://raw.githubusercontent.com/SocialCatalystLab/ape-papers/70c660ea5a7de722e9a12ad965e1c665890208d8/apep_0854/v1/tables/tabF1_sde.tex,5d94ac6a1ad3dd41f845789bc48fdb3fe33c9ae8,3b4226e58fae33bec1a46a7aaf4d858986df14a5d3b42fc22a55e3e99cc6fb24,lf-normalized
sde/apep_0856__v1.tex,apep_0856/v1/tables/tabF1_sde.tex,https://raw.githubusercontent.com/SocialCatalystLab/ape-papers/70c660ea5a7de722e9a12ad965e1c665890208d8/apep_0856/v1/tables/tabF1_sde.tex,7c7440622e28c272652f1225699dca26891dd5c5,2905a7806b2f75a1eb993e07339e694aa94de4a8689b8f75cbc3d611bdbb7e96,lf-normalized
sde/apep_0860__v1.tex,apep_0860/v1/tables/tabF1_sde.tex,https://raw.githubusercontent.com/SocialCatalystLab/ape-papers/70c660ea5a7de722e9a12ad965e1c665890208d8/apep_0860/v1/tables/tabF1_sde.tex,a64a1f606d983f5b60df2b8a27c7254d58d7dd83,d74a45dfa46dc70d7a2ec552df63483c2584cc501126497979a8e97c47435329,lf-normalized
sde/apep_0861__v1.tex,apep_0861/v1/tables/tabF1_sde.tex,https://raw.githubusercontent.com/SocialCatalystLab/ape-papers/70c660ea5a7de722e9a12ad965e1c665890208d8/apep_0861/v1/tables/tabF1_sde.tex,c3d3ddb25d5a52d60d7bc4cd204eafda09922d60,3dd85f4c11b28ed1bb3e1a26cdfc7bea3faf1a4b4bb52a155b7c7e7ac3e65661,lf-normalized
sde/apep_0862__v1.tex,apep_0862/v1/tables/tabF1_sde.tex,https://raw.githubusercontent.com/SocialCatalystLab/ape-papers/70c660ea5a7de722e9a12ad965e1c665890208d8/apep_0862/v1/tables/tabF1_sde.tex,9e5945a3b9deeea21a346e5541f8099d4039bb24,7b5a282bfc1f5e8bcaa54f5182de07a53349996d9fec55d0faaa00f4aef80319,lf-normalized
sde/apep_0863__v1.tex,apep_0863/v1/tables/tabF1_sde.tex,https://raw.githubusercontent.com/SocialCatalystLab/ape-papers/70c660ea5a7de722e9a12ad965e1c665890208d8/apep_0863/v1/tables/tabF1_sde.tex,9919c3792c21996e22231bf17b104342b2937d56,00a5810786b710ed4c0b4dce1dfc5c0a4082a0f20ed469c2bcffec16ad95942b,lf-normalized
sde/apep_0864__v1.tex,apep_0864/v1/tables/tabF1_sde.tex,https://raw.githubusercontent.com/SocialCatalystLab/ape-papers/70c660ea5a7de722e9a12ad965e1c665890208d8/apep_0864/v1/tables/tabF1_sde.tex,c40ca6a6c73cac8e53b5e0be944da2b8edd3446f,08ceedf5449ef09b0b5636a877b5deac90d4f6787cf7b8ac5aaf590bb197b5f9,lf-normalized
sde/apep_0865__v1.tex,apep_0865/v1/tables/tabF1_sde.tex,https://raw.githubusercontent.com/SocialCatalystLab/ape-papers/70c660ea5a7de722e9a12ad965e1c665890208d8/apep_0865/v1/tables/tabF1_sde.tex,a22e09f1958014111efa549ee8966851d2e33f55,fa0a5ee50ac055c94f79bbc1001b4cf3b1e48e063eb2f5e1d05839749a180055,lf-normalized
sde/apep_0866__v1.tex,apep_0866/v1/tables/tabF1_sde.tex,https://raw.githubusercontent.com/SocialCatalystLab/ape-papers/70c660ea5a7de722e9a12ad965e1c665890208d8/apep_0866/v1/tables/tabF1_sde.tex,52f4bdb2b72944b88871b55ce6136e7ea90cecc0,13e573343c93b23e0885695323f5809265934545aa34c93b76967239e3dacf9e,lf-normalized
sde/apep_0867__v1.tex,apep_0867/v1/tables/tabF1_sde.tex,https://raw.githubusercontent.com/SocialCatalystLab/ape-papers/70c660ea5a7de722e9a12ad965e1c665890208d8/apep_0867/v1/tables/tabF1_sde.tex,949acd43465300360551ca5a5f61519dbc0f8128,6f84c284e6e1de2199a252ff9b82db838542607687a062003549bf3066947df7,lf-normalized
sde/apep_0868__v1.tex,apep_0868/v1/tables/tabF1_sde.tex,https://raw.githubusercontent.com/SocialCatalystLab/ape-papers/70c660ea5a7de722e9a12ad965e1c665890208d8/apep_0868/v1/tables/tabF1_sde.tex,6bb18aaaf3095379b32e40e8159de37deb9d2b12,3be4db6916bd0ad8fcfd7ee4bfdec291b27e4e1d5b69842b97a07dc30b4adc94,lf-normalized
sde/apep_0869__v1.tex,apep_0869/v1/tables/tabF1_sde.tex,https://raw.githubusercontent.com/SocialCatalystLab/ape-papers/70c660ea5a7de722e9a12ad965e1c665890208d8/apep_0869/v1/tables/tabF1_sde.tex,264fb5482392bd974a015ebcf4aa530bbcd32981,86675e6deead8be415ac0ef165a6b210a393015a6acfaa32074414a0847c1fd0,lf-normalized
sde/apep_0869__v2.tex,apep_0869/v2/tables/tabF1_sde.tex,https://raw.githubusercontent.com/SocialCatalystLab/ape-papers/70c660ea5a7de722e9a12ad965e1c665890208d8/apep_0869/v2/tables/tabF1_sde.tex,35f91f5031078627b4881a00877899066926df7d,f0d3bc119099416f6a67c893463178289ecdf7ffc238b43f08f9946571b27910,lf-normalized
sde/apep_0869__v3.tex,apep_0869/v3/tables/tabF1_sde.tex,https://raw.githubusercontent.com/SocialCatalystLab/ape-papers/70c660ea5a7de722e9a12ad965e1c665890208d8/apep_0869/v3/tables/tabF1_sde.tex,5a8fbbcd0a24cd652e89243dbee14a77a50394d8,f693f3f2f125131d6286088a3dd2a6497600c706e75a106dab81c922978c724f,lf-normalized
sde/apep_0870__v1.tex,apep_0870/v1/tables/tabF1_sde.tex,https://raw.githubusercontent.com/SocialCatalystLab/ape-papers/70c660ea5a7de722e9a12ad965e1c665890208d8/apep_0870/v1/tables/tabF1_sde.tex,512cf3ad44a09acda7c417ac76abb63faf32361f,71fa9f79a6da8d6f309e875ef9986a0301ac114b0958a69c4fe87e6f3dabe227,lf-normalized
sde/apep_0871__v1.tex,apep_0871/v1/tables/tabF1_sde.tex,https://raw.githubusercontent.com/SocialCatalystLab/ape-papers/70c660ea5a7de722e9a12ad965e1c665890208d8/apep_0871/v1/tables/tabF1_sde.tex,842bbdfc60eda0b677b438486fb7f09c10077c53,ed41007f190d76ab574e2092be3a9b7f58232f071203d6b75cd2766eb16efc32,lf-normalized
sde/apep_0872__v1.tex,apep_0872/v1/tables/tabF1_sde.tex,https://raw.githubusercontent.com/SocialCatalystLab/ape-papers/70c660ea5a7de722e9a12ad965e1c665890208d8/apep_0872/v1/tables/tabF1_sde.tex,92f9ba1a22db12c9494c0c1f2646e9007ab4a06e,0c0a421a9bea5070b77c0982719fd275347cb36ef1e83c5680bb0ae126200e23,lf-normalized
sde/apep_0873__v1.tex,apep_0873/v1/tables/tabF1_sde.tex,https://raw.githubusercontent.com/SocialCatalystLab/ape-papers/70c660ea5a7de722e9a12ad965e1c665890208d8/apep_0873/v1/tables/tabF1_sde.tex,54e9507316914742352aeb9842b40199e4ae3cef,6b5ece6887af85a898f85de7e23f41bc670de0cbd25f46f68ddefbeffd3bd2d8,lf-normalized
sde/apep_0874__v1.tex,apep_0874/v1/tables/tabF1_sde.tex,https://raw.githubusercontent.com/SocialCatalystLab/ape-papers/70c660ea5a7de722e9a12ad965e1c665890208d8/apep_0874/v1/tables/tabF1_sde.tex,bebc6c0f77bd647ec1ed3c6792df786df303e9b5,a666115e50d4ac95970b90e450d6e3ee909b36fa15fac2eb13e1211ec1fbfd32,lf-normalized
sde/apep_0875__v1.tex,apep_0875/v1/tables/tabF1_sde.tex,https://raw.githubusercontent.com/SocialCatalystLab/ape-papers/70c660ea5a7de722e9a12ad965e1c665890208d8/apep_0875/v1/tables/tabF1_sde.tex,c7a7775e571505ce01df0005903290663c647561,bdc51141be6c3a2fdd670858b49b3e3cad809b181d543e90180366efc8806415,lf-normalized
sde/apep_0876__v1.tex,apep_0876/v1/tables/tabF1_sde.tex,https://raw.githubusercontent.com/SocialCatalystLab/ape-papers/70c660ea5a7de722e9a12ad965e1c665890208d8/apep_0876/v1/tables/tabF1_sde.tex,6ee252c2dc5409d6e59281fc77ee2807317818a0,8dc40e46c94d3f52198a00283fbd5dc452b8eba5cb7ed00b46acae58c6d7eca2,lf-normalized
sde/apep_0877__v1.tex,apep_0877/v1/tables/tabF1_sde.tex,https://raw.githubusercontent.com/SocialCatalystLab/ape-papers/70c660ea5a7de722e9a12ad965e1c665890208d8/apep_0877/v1/tables/tabF1_sde.tex,9836e04160cc89c8a7c3c5c917d91c435d9447cb,a83b1343cd28310db2adbe4001f827bfc8180ec524c213d2234b0d2962af9fce,lf-normalized
sde/apep_0878__v1.tex,apep_0878/v1/tables/tabF1_sde.tex,https://raw.githubusercontent.com/SocialCatalystLab/ape-papers/70c660ea5a7de722e9a12ad965e1c665890208d8/apep_0878/v1/tables/tabF1_sde.tex,24f6eb477e0e4596d66e22269ad9ba8236d74ed6,9b0eda8ccdd0e83611e83f1f6db1b7b08ae6a1df6980698dedf0c7dd5df9bb77,lf-normalized
sde/apep_0879__v1.tex,apep_0879/v1/tables/tabF1_sde.tex,https://raw.githubusercontent.com/SocialCatalystLab/ape-papers/70c660ea5a7de722e9a12ad965e1c665890208d8/apep_0879/v1/tables/tabF1_sde.tex,93353c69dbb7aeb6bc445c6b28ac0461a63b9e1c,afb1a9313a8ac319436cef4031e5ce4ff3f53ec58a76b011cee05b7241415835,lf-normalized
sde/apep_0880__v1.tex,apep_0880/v1/tables/tabF1_sde.tex,https://raw.githubusercontent.com/SocialCatalystLab/ape-papers/70c660ea5a7de722e9a12ad965e1c665890208d8/apep_0880/v1/tables/tabF1_sde.tex,d134b08160a62a6e6af513096e02c7ec3030938e,56c50210aa13faf3c4d1328367e4156274cace6567fb5d66e5e10c57abae10c4,lf-normalized
sde/apep_0881__v1.tex,apep_0881/v1/tables/tabF1_sde.tex,https://raw.githubusercontent.com/SocialCatalystLab/ape-papers/70c660ea5a7de722e9a12ad965e1c665890208d8/apep_0881/v1/tables/tabF1_sde.tex,227e3c824d945f8047ce95f7b1b12045dd64ec89,8161d2ed06a43b299b2c84b9f0c53c40639630ad01e450b56200734178026364,lf-normalized
sde/apep_0882__v1.tex,apep_0882/v1/tables/tabF1_sde.tex,https://raw.githubusercontent.com/SocialCatalystLab/ape-papers/70c660ea5a7de722e9a12ad965e1c665890208d8/apep_0882/v1/tables/tabF1_sde.tex,5070a3dbf7f2abb78eedcb3a6e92f162bfa2ffb2,ea15894807339b957f463537ce77866c718eb7184c482a2f091a7f7ae9982636,lf-normalized
sde/apep_0884__v1.tex,apep_0884/v1/tables/tabF1_sde.tex,https://raw.githubusercontent.com/SocialCatalystLab/ape-papers/70c660ea5a7de722e9a12ad965e1c665890208d8/apep_0884/v1/tables/tabF1_sde.tex,7e3e3e06db13f7e81cd9bdbe419b1fbaaf77e68e,b08e372185e78e049f10894aff8053fddff128f15f9787ef3cb485da617c615e,lf-normalized
sde/apep_0885__v1.tex,apep_0885/v1/tables/tabF1_sde.tex,https://raw.githubusercontent.com/SocialCatalystLab/ape-papers/70c660ea5a7de722e9a12ad965e1c665890208d8/apep_0885/v1/tables/tabF1_sde.tex,b966ea28b5e35e8818925ab520661965815c3394,0d3cde9a2dbb4a2fba6459ff75efb7f6601c043b46097e94c98b8aab70b55518,lf-normalized
sde/apep_0887__v1.tex,apep_0887/v1/tables/tabF1_sde.tex,https://raw.githubusercontent.com/SocialCatalystLab/ape-papers/70c660ea5a7de722e9a12ad965e1c665890208d8/apep_0887/v1/tables/tabF1_sde.tex,fea630aa1fa9846af0e41201dbb704ae302683ff,b61a611c5f2e8348f4423935686505efac55b921b2b7fa64b9394ec91d48b090,lf-normalized
sde/apep_0889__v1.tex,apep_0889/v1/tables/tabF1_sde.tex,https://raw.githubusercontent.com/SocialCatalystLab/ape-papers/70c660ea5a7de722e9a12ad965e1c665890208d8/apep_0889/v1/tables/tabF1_sde.tex,766b5b88e62c9b8ad8151d031924bb08e5187602,96927d329911bf955b20008f9de38b4d8a1029943f78f5c68918c998636e8e89,lf-normalized
sde/apep_0890__v1.tex,apep_0890/v1/tables/tabF1_sde.tex,https://raw.githubusercontent.com/SocialCatalystLab/ape-papers/70c660ea5a7de722e9a12ad965e1c665890208d8/apep_0890/v1/tables/tabF1_sde.tex,aa3051c9d2ac4d006f259b5c72c0df6fdbbb17d2,7575dad8f05e0de00c507add8eb00b83753457c4acb01011bd0143335e37ac5f,lf-normalized
sde/apep_0891__v1.tex,apep_0891/v1/tables/tabF1_sde.tex,https://raw.githubusercontent.com/SocialCatalystLab/ape-papers/70c660ea5a7de722e9a12ad965e1c665890208d8/apep_0891/v1/tables/tabF1_sde.tex,a94db3ac0d8524bf30ded0018ad5c24d1811d28c,2fd293c13f51cccbf275a7a013500612fd433bd30c0270dccf00ed3dc600d1e1,lf-normalized
sde/apep_0892__v1.tex,apep_0892/v1/tables/tabF1_sde.tex,https://raw.githubusercontent.com/SocialCatalystLab/ape-papers/70c660ea5a7de722e9a12ad965e1c665890208d8/apep_0892/v1/tables/tabF1_sde.tex,be1ea32e0158a8495b1c96fb8dc67e9d261a9f70,d030b9ef4736a840296957ebb624e10998e9a00839935094e2062fe1df9ce709,lf-normalized
sde/apep_0893__v1.tex,apep_0893/v1/tables/tabF1_sde.tex,https://raw.githubusercontent.com/SocialCatalystLab/ape-papers/70c660ea5a7de722e9a12ad965e1c665890208d8/apep_0893/v1/tables/tabF1_sde.tex,5804df3cc4a0ac4a85da784fbc52ab50a5314a04,546f14c315e11ebd7a538c4f98bb845fc7839e23c918429cd74ad6906570770b,lf-normalized
sde/apep_0894__v1.tex,apep_0894/v1/tables/tabF1_sde.tex,https://raw.githubusercontent.com/SocialCatalystLab/ape-papers/70c660ea5a7de722e9a12ad965e1c665890208d8/apep_0894/v1/tables/tabF1_sde.tex,d8cdb83537db16c4c7b36662ccee0cd9f94b138a,8aa7aa1a7b7fd8cadb0db56fe3e4948e47c62c40968ed2310b6f38aac3ddfd31,lf-normalized
sde/apep_0895__v1.tex,apep_0895/v1/tables/tabF1_sde.tex,https://raw.githubusercontent.com/SocialCatalystLab/ape-papers/70c660ea5a7de722e9a12ad965e1c665890208d8/apep_0895/v1/tables/tabF1_sde.tex,7e671e0f3ebd0ef3167c19cb40da65727ecf628b,c4388493fb1053867db4437b63a93e461da1f335ec44bd2dcb0e873ea076b661,lf-normalized
sde/apep_0896__v1.tex,apep_0896/v1/tables/tabF1_sde.tex,https://raw.githubusercontent.com/SocialCatalystLab/ape-papers/70c660ea5a7de722e9a12ad965e1c665890208d8/apep_0896/v1/tables/tabF1_sde.tex,dbbddbb4848e06d02984cea3ca6e01fe41306409,55e23e0999911e100eb7a19d8e7df9c6edc9045a6d5e20b8be3e938f02c450ca,lf-normalized
sde/apep_0897__v1.tex,apep_0897/v1/tables/tabF1_sde.tex,https://raw.githubusercontent.com/SocialCatalystLab/ape-papers/70c660ea5a7de722e9a12ad965e1c665890208d8/apep_0897/v1/tables/tabF1_sde.tex,31c6d6d1ba533d30105f4ff807f175a5ec302599,5eb625392a434c3da272b125869e4ba36c1cc55f3baa1b50bab647e84a8e5a9d,lf-normalized
sde/apep_0898__v1.tex,apep_0898/v1/tables/tabF1_sde.tex,https://raw.githubusercontent.com/SocialCatalystLab/ape-papers/70c660ea5a7de722e9a12ad965e1c665890208d8/apep_0898/v1/tables/tabF1_sde.tex,4a226a539d098a57dd90ed29fe55808143801046,c8b2007dd477e01580314985fa7fd0567a4b67ef1c348d548c91c1891663de72,lf-normalized
sde/apep_0899__v1.tex,apep_0899/v1/tables/tabF1_sde.tex,https://raw.githubusercontent.com/SocialCatalystLab/ape-papers/70c660ea5a7de722e9a12ad965e1c665890208d8/apep_0899/v1/tables/tabF1_sde.tex,683da86fb75af445cae1a4dd397820aa6076197e,e1ade9a523c168046a74f680b6ef487b820c3baede689abdfbc9399878b94a0f,lf-normalized
sde/apep_0900__v1.tex,apep_0900/v1/tables/tabF1_sde.tex,https://raw.githubusercontent.com/SocialCatalystLab/ape-papers/70c660ea5a7de722e9a12ad965e1c665890208d8/apep_0900/v1/tables/tabF1_sde.tex,3dda58ecc1c45e1e92004c50f4855aa18c7a58f8,589b4706fc678ffcb540319adec26b5e7d053ddc60d060b16897df99a2a78a0b,lf-normalized
sde/apep_0901__v1.tex,apep_0901/v1/tables/tabF1_sde.tex,https://raw.githubusercontent.com/SocialCatalystLab/ape-papers/70c660ea5a7de722e9a12ad965e1c665890208d8/apep_0901/v1/tables/tabF1_sde.tex,3273c1a0aeaa9e1cf188e1847ebf3877ec76427a,4451fa2151a3683b930e368f2a3ed759c63418905720e3f43dc4d9da2c93d282,lf-normalized
sde/apep_0902__v1.tex,apep_0902/v1/tables/tabF1_sde.tex,https://raw.githubusercontent.com/SocialCatalystLab/ape-papers/70c660ea5a7de722e9a12ad965e1c665890208d8/apep_0902/v1/tables/tabF1_sde.tex,c3db97d718773685814040329ac305445fcfb463,4426e147c36ccac1cba47d2c8d6d1521b0aa9d0420211310c84fce9bb6e159f3,lf-normalized
sde/apep_0903__v1.tex,apep_0903/v1/tables/tabF1_sde.tex,https://raw.githubusercontent.com/SocialCatalystLab/ape-papers/70c660ea5a7de722e9a12ad965e1c665890208d8/apep_0903/v1/tables/tabF1_sde.tex,b9eb1823874c4bf04523e5635f4106f55d4c78c8,63ae2f2dbacd801bbb2064df1a4d4120218ebc8034882a19ed82ffbdca32d63d,lf-normalized
sde/apep_0904__v1.tex,apep_0904/v1/tables/tabF1_sde.tex,https://raw.githubusercontent.com/SocialCatalystLab/ape-papers/70c660ea5a7de722e9a12ad965e1c665890208d8/apep_0904/v1/tables/tabF1_sde.tex,d2c016398223b509ad3ee064e8040e6d79fc5860,894ee585501a92bbfb1ea78148603697d8f2f1008e7b391e08ade964a37cd345,lf-normalized
sde/apep_0905__v1.tex,apep_0905/v1/tables/tabF1_sde.tex,https://raw.githubusercontent.com/SocialCatalystLab/ape-papers/70c660ea5a7de722e9a12ad965e1c665890208d8/apep_0905/v1/tables/tabF1_sde.tex,bde34fd18b3a6653e3beeb45700289e99735207e,ec9d98a96e1c8761e90303bc3df16bb500113736292480a0f83b95e1f5892c93,lf-normalized
sde/apep_0906__v1.tex,apep_0906/v1/tables/tabF1_sde.tex,https://raw.githubusercontent.com/SocialCatalystLab/ape-papers/70c660ea5a7de722e9a12ad965e1c665890208d8/apep_0906/v1/tables/tabF1_sde.tex,67aa029ca08969b610e6dd440483a187aebd3b99,338bf6d555922a03798e79be63e398d8f698dd9bcdd048e1eb6f0058a454c9bb,lf-normalized
sde/apep_0907__v1.tex,apep_0907/v1/tables/tabF1_sde.tex,https://raw.githubusercontent.com/SocialCatalystLab/ape-papers/70c660ea5a7de722e9a12ad965e1c665890208d8/apep_0907/v1/tables/tabF1_sde.tex,abdf081007c7bc1e3b5e0068f60d28885c2612a7,7b0d00af51d6e573464c8ef887874d055de71046759a4efe63f9d194841b16ac,lf-normalized
sde/apep_0908__v1.tex,apep_0908/v1/tables/tabF1_sde.tex,https://raw.githubusercontent.com/SocialCatalystLab/ape-papers/70c660ea5a7de722e9a12ad965e1c665890208d8/apep_0908/v1/tables/tabF1_sde.tex,cbb655e6835f0356266c442a5d406087b2f93304,4651783d15ef67076a4703746b1cadaf40860ca2c6150184f07faf5738902e69,lf-normalized
sde/apep_0909__v1.tex,apep_0909/v1/tables/tabF1_sde.tex,https://raw.githubusercontent.com/SocialCatalystLab/ape-papers/70c660ea5a7de722e9a12ad965e1c665890208d8/apep_0909/v1/tables/tabF1_sde.tex,e9a1e78b24950feaee2a56109545d7c80b012069,e85d17368ec465ffff12557f9e6a078f2be09de81130721ca324e766281ed5f7,lf-normalized
sde/apep_0910__v1.tex,apep_0910/v1/tables/tabF1_sde.tex,https://raw.githubusercontent.com/SocialCatalystLab/ape-papers/70c660ea5a7de722e9a12ad965e1c665890208d8/apep_0910/v1/tables/tabF1_sde.tex,1a9e9e74e2384993a45c87fd8597915c67c403d4,f516776da0a63cf076f2f636a6e2f14fdd9c35d48def55c8144c5b4592193506,lf-normalized
sde/apep_0912__v1.tex,apep_0912/v1/tables/tabF1_sde.tex,https://raw.githubusercontent.com/SocialCatalystLab/ape-papers/70c660ea5a7de722e9a12ad965e1c665890208d8/apep_0912/v1/tables/tabF1_sde.tex,3f2d049d24bc88b8c526aca95271782ef0d97e95,e28d73d0127ce7316a86c1731137a45e7e20efd6109fa354ec5d5763d3d7a3fa,lf-normalized
sde/apep_0913__v1.tex,apep_0913/v1/tables/tabF1_sde.tex,https://raw.githubusercontent.com/SocialCatalystLab/ape-papers/70c660ea5a7de722e9a12ad965e1c665890208d8/apep_0913/v1/tables/tabF1_sde.tex,806dd698c9433529959e23c9b854afb82db90901,b34fb1475f2402c9a76ad4846233ece56f7c50cbcdd0a00e25158312bda79e49,lf-normalized
sde/apep_0914__v1.tex,apep_0914/v1/tables/tabF1_sde.tex,https://raw.githubusercontent.com/SocialCatalystLab/ape-papers/70c660ea5a7de722e9a12ad965e1c665890208d8/apep_0914/v1/tables/tabF1_sde.tex,5a3db3a2f58efb8707a8767651a455b0c23db7d7,08af5cdf5aa651484206f572d995a7b43f7aca0dffe6b4eb9c0676ede1a84580,lf-normalized
sde/apep_0915__v1.tex,apep_0915/v1/tables/tabF1_sde.tex,https://raw.githubusercontent.com/SocialCatalystLab/ape-papers/70c660ea5a7de722e9a12ad965e1c665890208d8/apep_0915/v1/tables/tabF1_sde.tex,be905cdcc3fd17cb5b7b690fc860766d08df6bcd,804cb80f1985140c088b9bb9e1560fe2065353ce96a5d91a6a03245289a29b07,lf-normalized
sde/apep_0916__v1.tex,apep_0916/v1/tables/tabF1_sde.tex,https://raw.githubusercontent.com/SocialCatalystLab/ape-papers/70c660ea5a7de722e9a12ad965e1c665890208d8/apep_0916/v1/tables/tabF1_sde.tex,08fc14e35584730a39a362b567d7b6393ba93689,c69b1d78fd057757a0a41d4ff11c647f8ffde7008690956be936f4cdd12f73fc,lf-normalized
sde/apep_0917__v1.tex,apep_0917/v1/tables/tabF1_sde.tex,https://raw.githubusercontent.com/SocialCatalystLab/ape-papers/70c660ea5a7de722e9a12ad965e1c665890208d8/apep_0917/v1/tables/tabF1_sde.tex,0280d89b5ebd8d2bd05cb20f76336e2bfa1f07a8,eae13cb5a404eaeb6c4be93078a5f0821c0a5ba1e9dc749ab672fdce9b814c58,lf-normalized
sde/apep_0918__v1.tex,apep_0918/v1/tables/tabF1_sde.tex,https://raw.githubusercontent.com/SocialCatalystLab/ape-papers/70c660ea5a7de722e9a12ad965e1c665890208d8/apep_0918/v1/tables/tabF1_sde.tex,a61a19f04f9f5e95ac50c4570cc886eaf34d6285,9a312290cc022973f5c9ef33c5aab8382c717ee0db7e24950a49b8ca7860e7eb,lf-normalized
sde/apep_0919__v1.tex,apep_0919/v1/tables/tabF1_sde.tex,https://raw.githubusercontent.com/SocialCatalystLab/ape-papers/70c660ea5a7de722e9a12ad965e1c665890208d8/apep_0919/v1/tables/tabF1_sde.tex,2ecb50b273a2b7a68f44a5c2592ca39f33e47455,e9ce8024feb2d62f4c54ab03e6fc83d48126cd6bfd8c01f1ad74b6071d682a03,lf-normalized
sde/apep_0920__v1.tex,apep_0920/v1/tables/tabF1_sde.tex,https://raw.githubusercontent.com/SocialCatalystLab/ape-papers/70c660ea5a7de722e9a12ad965e1c665890208d8/apep_0920/v1/tables/tabF1_sde.tex,206403a1fc77ae1d68d69834b5cc1419bbee6853,c23fbaca55deb83595c17efdd2dfef2a8af4a151b8822106b2702614bd015cfd,lf-normalized
sde/apep_0921__v1.tex,apep_0921/v1/tables/tabF1_sde.tex,https://raw.githubusercontent.com/SocialCatalystLab/ape-papers/70c660ea5a7de722e9a12ad965e1c665890208d8/apep_0921/v1/tables/tabF1_sde.tex,be5fa97146e0a4f442ac5ade62bbdee9a87f716c,277d3dfd0a4a4fb747db7a73f38624d81fa5ffde757e94590fa731e766c3e5d4,lf-normalized
sde/apep_0922__v1.tex,apep_0922/v1/tables/tabF1_sde.tex,https://raw.githubusercontent.com/SocialCatalystLab/ape-papers/70c660ea5a7de722e9a12ad965e1c665890208d8/apep_0922/v1/tables/tabF1_sde.tex,39828adeffe8fbbb9c6dda63705090f5f4fd5aa1,450e26fba73b7c75d0f819497d6e6ce31b9d39219f2355f7c2dcdee2431df36f,lf-normalized
sde/apep_0923__v1.tex,apep_0923/v1/tables/tabF1_sde.tex,https://raw.githubusercontent.com/SocialCatalystLab/ape-papers/70c660ea5a7de722e9a12ad965e1c665890208d8/apep_0923/v1/tables/tabF1_sde.tex,154edfca9454690e90497781006e0ca7922b975a,20d71b5795f7439c2d6c77b38f8da7e6d845730228ba394fb5feb456776f524e,lf-normalized
sde/apep_0925__v1.tex,apep_0925/v1/tables/tabF1_sde.tex,https://raw.githubusercontent.com/SocialCatalystLab/ape-papers/70c660ea5a7de722e9a12ad965e1c665890208d8/apep_0925/v1/tables/tabF1_sde.tex,eafb52219411595f514be0b71ccfc39956811b9e,9e3f553c14a7b400a606e634076a89303563196dcb6c8053d1094db471b504d8,lf-normalized
sde/apep_0927__v1.tex,apep_0927/v1/tables/tabF1_sde.tex,https://raw.githubusercontent.com/SocialCatalystLab/ape-papers/70c660ea5a7de722e9a12ad965e1c665890208d8/apep_0927/v1/tables/tabF1_sde.tex,cd30b9540c298cfaaeec9158b618d1c08d075610,06039a93d82f562acc46006b7f35991c027026b0a1d3ad3e78baffd9e2d2532d,lf-normalized
sde/apep_0929__v1.tex,apep_0929/v1/tables/tabF1_sde.tex,https://raw.githubusercontent.com/SocialCatalystLab/ape-papers/70c660ea5a7de722e9a12ad965e1c665890208d8/apep_0929/v1/tables/tabF1_sde.tex,43df006914bf1779ce9eff53c979a8dadf634038,f8775af40335b72eed59333017c58b2c226262361c9685bddbb9725111043392,lf-normalized
sde/apep_0931__v1.tex,apep_0931/v1/tables/tabF1_sde.tex,https://raw.githubusercontent.com/SocialCatalystLab/ape-papers/70c660ea5a7de722e9a12ad965e1c665890208d8/apep_0931/v1/tables/tabF1_sde.tex,6104c0222c672ad9c1bcccf42c983fa20eaf927d,6aa63d78f8b508627e94d303e4abbd8616aacb857df8ab45770f102ae69edef8,lf-normalized
sde/apep_0932__v1.tex,apep_0932/v1/tables/tabF1_sde.tex,https://raw.githubusercontent.com/SocialCatalystLab/ape-papers/70c660ea5a7de722e9a12ad965e1c665890208d8/apep_0932/v1/tables/tabF1_sde.tex,a0dfe1fbdf143e61a569c2b29033373f74650cda,3ab3be0823884da864ce507c07f92ed5f4f6000541cd39b636b228114723af5f,lf-normalized
sde/apep_0933__v1.tex,apep_0933/v1/tables/tabF1_sde.tex,https://raw.githubusercontent.com/SocialCatalystLab/ape-papers/70c660ea5a7de722e9a12ad965e1c665890208d8/apep_0933/v1/tables/tabF1_sde.tex,5d923bb357a6c434d33147d4c717ec38a45dcd77,13c8835359e825b8a9b31244049f3a111c7251a9a7ca797957b32813f5c6af5f,lf-normalized
sde/apep_0934__v1.tex,apep_0934/v1/tables/tabF1_sde.tex,https://raw.githubusercontent.com/SocialCatalystLab/ape-papers/70c660ea5a7de722e9a12ad965e1c665890208d8/apep_0934/v1/tables/tabF1_sde.tex,41449bc290ac0f3675ff0799c716c26a475171e5,9d4e32465635de1b99686a3e2a8ad68549eef5861d3f730d09f674ef66a193e3,lf-normalized
sde/apep_0935__v1.tex,apep_0935/v1/tables/tabF1_sde.tex,https://raw.githubusercontent.com/SocialCatalystLab/ape-papers/70c660ea5a7de722e9a12ad965e1c665890208d8/apep_0935/v1/tables/tabF1_sde.tex,80a08bce9a3e300e9e9e1ba877e92591bcbd8e65,eede2c148f2ca2571cb965b936b90577dd2129f024dcbeb9919a648fef9ae310,lf-normalized
sde/apep_0936__v1.tex,apep_0936/v1/tables/tabF1_sde.tex,https://raw.githubusercontent.com/SocialCatalystLab/ape-papers/70c660ea5a7de722e9a12ad965e1c665890208d8/apep_0936/v1/tables/tabF1_sde.tex,d4cb97b9373ab1001d88d4ea39712ad84865b3c0,c797d38e2beeb097b3ff564a115e677e6387e3904bc7e762a3065f9f60ec2b1a,lf-normalized
sde/apep_0937__v1.tex,apep_0937/v1/tables/tabF1_sde.tex,https://raw.githubusercontent.com/SocialCatalystLab/ape-papers/70c660ea5a7de722e9a12ad965e1c665890208d8/apep_0937/v1/tables/tabF1_sde.tex,15b4f97725142b4d14c7ee9f002617a2e14dc9f1,d70b168cea480d974cb1e0484aefa685736f64e9384115b1b028a5de29d91da5,lf-normalized
sde/apep_0938__v1.tex,apep_0938/v1/tables/tabF1_sde.tex,https://raw.githubusercontent.com/SocialCatalystLab/ape-papers/70c660ea5a7de722e9a12ad965e1c665890208d8/apep_0938/v1/tables/tabF1_sde.tex,932a41ed80e578d4afc438547e8efb1a85c8a933,3fc634483666099ebb3c9332ac9e98d551fb428bdbd68431b4432fc65951cd1a,lf-normalized
sde/apep_0939__v1.tex,apep_0939/v1/tables/tabF1_sde.tex,https://raw.githubusercontent.com/SocialCatalystLab/ape-papers/70c660ea5a7de722e9a12ad965e1c665890208d8/apep_0939/v1/tables/tabF1_sde.tex,573f001ea2fbd82f60c0411fffc61362c5d0c73b,601d6227658fcc1e171896c7d5bc7ffbf8d9e33af2bdebe24059ff5650cf44b0,lf-normalized
sde/apep_0940__v1.tex,apep_0940/v1/tables/tabF1_sde.tex,https://raw.githubusercontent.com/SocialCatalystLab/ape-papers/70c660ea5a7de722e9a12ad965e1c665890208d8/apep_0940/v1/tables/tabF1_sde.tex,cea5408a641dece662a7e9c5526f69619645831c,03efc104444b065ae56e4f91713d49b3c023472269d3c1eb9201de2254c71ceb,lf-normalized
sde/apep_0941__v1.tex,apep_0941/v1/tables/tabF1_sde.tex,https://raw.githubusercontent.com/SocialCatalystLab/ape-papers/70c660ea5a7de722e9a12ad965e1c665890208d8/apep_0941/v1/tables/tabF1_sde.tex,93a6890e2b0349f481f7d020090e66d0b143a997,0360662e72a52f4032b2ae0aa3b5beb526a99e957a9cf86847143d3b5c710f37,lf-normalized
sde/apep_0942__v1.tex,apep_0942/v1/tables/tabF1_sde.tex,https://raw.githubusercontent.com/SocialCatalystLab/ape-papers/70c660ea5a7de722e9a12ad965e1c665890208d8/apep_0942/v1/tables/tabF1_sde.tex,602fd11369bf508f1caeed32cf4d78881918d75b,d04e1b80ab8783907a4a35e03d1ff2c78d5da18795930f0c6a231a4e960fe388,lf-normalized
sde/apep_0943__v1.tex,apep_0943/v1/tables/tabF1_sde.tex,https://raw.githubusercontent.com/SocialCatalystLab/ape-papers/70c660ea5a7de722e9a12ad965e1c665890208d8/apep_0943/v1/tables/tabF1_sde.tex,f789c0fa34ac4c16d0d6fd1c7e15b350477f14ce,c2d6a3c14c2524f0e5212a548b965330ad549c32958426ad9b428e84d8f1a3e3,lf-normalized
sde/apep_0944__v1.tex,apep_0944/v1/tables/tabF1_sde.tex,https://raw.githubusercontent.com/SocialCatalystLab/ape-papers/70c660ea5a7de722e9a12ad965e1c665890208d8/apep_0944/v1/tables/tabF1_sde.tex,d0d1073fe19bfc992fc66aa021f17052a5ff5959,a90c1637a02860b89dd2d649f5760559106ba30fdd69e98dcbcd7d830047a3f5,lf-normalized
sde/apep_0945__v1.tex,apep_0945/v1/tables/tabF1_sde.tex,https://raw.githubusercontent.com/SocialCatalystLab/ape-papers/70c660ea5a7de722e9a12ad965e1c665890208d8/apep_0945/v1/tables/tabF1_sde.tex,6b358da2bcb92b9fefc31e79dce790430081e93d,069ddae2177c5ba559461b5f233bfd634624410c714ed2312fd6bcb8466583c8,lf-normalized
sde/apep_0946__v1.tex,apep_0946/v1/tables/tabF1_sde.tex,https://raw.githubusercontent.com/SocialCatalystLab/ape-papers/70c660ea5a7de722e9a12ad965e1c665890208d8/apep_0946/v1/tables/tabF1_sde.tex,a65f5b6cc4213fc5cc9c17ec38e4a6c07c38dc77,82de8cde0cf6b1807559d5a51254ace2adccf4789314f5ffd0619f3fbbee4a1b,lf-normalized
sde/apep_0948__v1.tex,apep_0948/v1/tables/tabF1_sde.tex,https://raw.githubusercontent.com/SocialCatalystLab/ape-papers/70c660ea5a7de722e9a12ad965e1c665890208d8/apep_0948/v1/tables/tabF1_sde.tex,bcb2644556bec35006d4bdfbd4d93976c397e796,50613ea62b437f7d6757741bcef97272f8cd088f9cd54ef20e5f108887677c0b,lf-normalized
sde/apep_0952__v1.tex,apep_0952/v1/tables/tabF1_sde.tex,https://raw.githubusercontent.com/SocialCatalystLab/ape-papers/70c660ea5a7de722e9a12ad965e1c665890208d8/apep_0952/v1/tables/tabF1_sde.tex,27a578411ee8dbb7dadb63a6b9acd6391ab8f8cf,14cba331d8ce24194fd5a6185f4361e249c6e0fb1508dcdf80877ce63630e78f,lf-normalized
sde/apep_0954__v1.tex,apep_0954/v1/tables/tabF1_sde.tex,https://raw.githubusercontent.com/SocialCatalystLab/ape-papers/70c660ea5a7de722e9a12ad965e1c665890208d8/apep_0954/v1/tables/tabF1_sde.tex,514fb49f3251f580e700c201bcf98de959223212,e0fe0f42c37ba83a96af70bbef1bc4896ac17ad3b9cacdce6940f0025d48dc93,lf-normalized
sde/apep_0955__v1.tex,apep_0955/v1/tables/tabF1_sde.tex,https://raw.githubusercontent.com/SocialCatalystLab/ape-papers/70c660ea5a7de722e9a12ad965e1c665890208d8/apep_0955/v1/tables/tabF1_sde.tex,8a02ef305ce27e5ab64a91befd51c21fe31edeb4,703263fe8195290d17843c6aff7926921c3baa1b4069608b2597e4dddef18be1,lf-normalized
sde/apep_0956__v1.tex,apep_0956/v1/tables/tabF1_sde.tex,https://raw.githubusercontent.com/SocialCatalystLab/ape-papers/70c660ea5a7de722e9a12ad965e1c665890208d8/apep_0956/v1/tables/tabF1_sde.tex,7f6f678617b9c13cdf0a07d21df6bcae8a9375c7,dee007f9a07ae016dcdd4ca395d652c7fbe3ae335431f6b0ac8201a72a154789,lf-normalized
sde/apep_0957__v1.tex,apep_0957/v1/tables/tabF1_sde.tex,https://raw.githubusercontent.com/SocialCatalystLab/ape-papers/70c660ea5a7de722e9a12ad965e1c665890208d8/apep_0957/v1/tables/tabF1_sde.tex,26e300ecd6de3c3c346d4b8719703ed818987211,63ce06664797460933d5d985da5a75a766d245d02daf252c03ce093b9e6fbcc7,lf-normalized
sde/apep_0958__v1.tex,apep_0958/v1/tables/tabF1_sde.tex,https://raw.githubusercontent.com/SocialCatalystLab/ape-papers/70c660ea5a7de722e9a12ad965e1c665890208d8/apep_0958/v1/tables/tabF1_sde.tex,77af5226324b30a867ff83a14dbf279086bba4ad,1ac4fb2e942a8c3a625f5219df442c810edfb3fef33317a93c9e3dc05fb635a2,lf-normalized
sde/apep_0959__v1.tex,apep_0959/v1/tables/tabF1_sde.tex,https://raw.githubusercontent.com/SocialCatalystLab/ape-papers/70c660ea5a7de722e9a12ad965e1c665890208d8/apep_0959/v1/tables/tabF1_sde.tex,51cfbae408b9354f621a4cf2d8bfdf43b4105b44,f537f11f15437fa791bd1a6348557715841cc3ad96a44d34ef74e966d95aa202,lf-normalized
sde/apep_0959__v2.tex,apep_0959/v2/tables/tabF1_sde.tex,https://raw.githubusercontent.com/SocialCatalystLab/ape-papers/70c660ea5a7de722e9a12ad965e1c665890208d8/apep_0959/v2/tables/tabF1_sde.tex,eee0a7f50a4228e15a1690dd5b3af6a7692377cd,7909b6b107d07b1d272c45534d3a24823d9753f4f4a54daf1c5c3b606455bdb9,lf-normalized
sde/apep_0960__v1.tex,apep_0960/v1/tables/tabF1_sde.tex,https://raw.githubusercontent.com/SocialCatalystLab/ape-papers/70c660ea5a7de722e9a12ad965e1c665890208d8/apep_0960/v1/tables/tabF1_sde.tex,1e3739362e306075de82480c99dc82b6298c1fc3,9348881239f59582540db749685478d84d2ca14f02698e87425e4253fc8c86b5,lf-normalized
sde/apep_0961__v1.tex,apep_0961/v1/tables/tabF1_sde.tex,https://raw.githubusercontent.com/SocialCatalystLab/ape-papers/70c660ea5a7de722e9a12ad965e1c665890208d8/apep_0961/v1/tables/tabF1_sde.tex,77114d947498af3b7fc2c0e77d66a4a7f08bc6dc,c2c6f0bc10946caafeae78a65c7af0440e97e11b04efc507b7a1ac77d273fb46,lf-normalized
sde/apep_0963__v1.tex,apep_0963/v1/tables/tabF1_sde.tex,https://raw.githubusercontent.com/SocialCatalystLab/ape-papers/70c660ea5a7de722e9a12ad965e1c665890208d8/apep_0963/v1/tables/tabF1_sde.tex,0eabb930369ce7d9f5f37373ea3b15c2dcea2de0,5a1d1bcb9de984d78c8aa43e91599e68df92da5e31f494d706d8e17e91825063,lf-normalized
sde/apep_0964__v1.tex,apep_0964/v1/tables/tabF1_sde.tex,https://raw.githubusercontent.com/SocialCatalystLab/ape-papers/70c660ea5a7de722e9a12ad965e1c665890208d8/apep_0964/v1/tables/tabF1_sde.tex,67f7c9d4e983ed7825bd70a40fdc9e8e4715d16a,e68a7609c99b395cf1bddb2e89e3a577076f6336bae06141e1be99b3926ba97d,lf-normalized
sde/apep_0965__v1.tex,apep_0965/v1/tables/tabF1_sde.tex,https://raw.githubusercontent.com/SocialCatalystLab/ape-papers/70c660ea5a7de722e9a12ad965e1c665890208d8/apep_0965/v1/tables/tabF1_sde.tex,517e5b50b703da6fc86a0f73f2a2d44a97133ded,6e0942dc5732ddd108e1286f6a9f2a155578a4f8cef92b100509d6c061956c07,lf-normalized
sde/apep_0966__v1.tex,apep_0966/v1/tables/tabF1_sde.tex,https://raw.githubusercontent.com/SocialCatalystLab/ape-papers/70c660ea5a7de722e9a12ad965e1c665890208d8/apep_0966/v1/tables/tabF1_sde.tex,3458c22b6a993ba05d89dc7f78ec374bae1ee63f,7052597f47f8072581218154bb8b09d47e6fe7261db31045ad6e2c569f2b1092,lf-normalized
sde/apep_0967__v1.tex,apep_0967/v1/tables/tabF1_sde.tex,https://raw.githubusercontent.com/SocialCatalystLab/ape-papers/70c660ea5a7de722e9a12ad965e1c665890208d8/apep_0967/v1/tables/tabF1_sde.tex,6b1e57487dad3b98792a293ae2107729fc32cb65,3bb7b9a4d16bf917b31be45048dba6d09fdff1a2eb9c6d2ce58c9e88a5c85115,lf-normalized
sde/apep_0968__v1.tex,apep_0968/v1/tables/tabF1_sde.tex,https://raw.githubusercontent.com/SocialCatalystLab/ape-papers/70c660ea5a7de722e9a12ad965e1c665890208d8/apep_0968/v1/tables/tabF1_sde.tex,d47e4e7757b02eac60f807659114ff97f843aaa8,6f22073af12d440349d75e2c36162a128e866211bc142ff42dc5028d5d515354,lf-normalized
sde/apep_0969__v1.tex,apep_0969/v1/tables/tabF1_sde.tex,https://raw.githubusercontent.com/SocialCatalystLab/ape-papers/70c660ea5a7de722e9a12ad965e1c665890208d8/apep_0969/v1/tables/tabF1_sde.tex,6e29747b804089f345179d204a144c38483ec56e,2db25cbdc736727bd27e4373f79a1346f5becfe19ae24ff2b954aa4804b61ce4,lf-normalized
sde/apep_0970__v1.tex,apep_0970/v1/tables/tabF1_sde.tex,https://raw.githubusercontent.com/SocialCatalystLab/ape-papers/70c660ea5a7de722e9a12ad965e1c665890208d8/apep_0970/v1/tables/tabF1_sde.tex,13bf5783748abab0097b6998d8f280dad65a8465,13ce693016f898313ef13f7795860c6693a2f25ed5d09e6ab9615899719e94de,lf-normalized
sde/apep_0972__v1.tex,apep_0972/v1/tables/tabF1_sde.tex,https://raw.githubusercontent.com/SocialCatalystLab/ape-papers/70c660ea5a7de722e9a12ad965e1c665890208d8/apep_0972/v1/tables/tabF1_sde.tex,2686a55034672ef76fe048253ccfa969b20a1431,ef9ca2a21b72f7b2dc6ebc7f531bed8dac2658cec62de4526b067ff49b56d7d7,lf-normalized
sde/apep_0973__v1.tex,apep_0973/v1/tables/tabF1_sde.tex,https://raw.githubusercontent.com/SocialCatalystLab/ape-papers/70c660ea5a7de722e9a12ad965e1c665890208d8/apep_0973/v1/tables/tabF1_sde.tex,91a001e25a73703ad50dbc3a94954eafe930faa4,3b3b1108c5a04e4ae46c20109ca0aa46ba658179c53cd2d8c90899b3a894c1ac,lf-normalized
sde/apep_0974__v1.tex,apep_0974/v1/tables/tabF1_sde.tex,https://raw.githubusercontent.com/SocialCatalystLab/ape-papers/70c660ea5a7de722e9a12ad965e1c665890208d8/apep_0974/v1/tables/tabF1_sde.tex,0284070e255875f4b56d9c33c92f8f43eb437fa9,1cf7c84a564f580eed9b075fb62416a3d2f90b7bd7e8525ff2e3eed6b372727f,lf-normalized
sde/apep_0975__v1.tex,apep_0975/v1/tables/tabF1_sde.tex,https://raw.githubusercontent.com/SocialCatalystLab/ape-papers/70c660ea5a7de722e9a12ad965e1c665890208d8/apep_0975/v1/tables/tabF1_sde.tex,dbe3417d1ffeaaba922c043224e176cccc5107b8,f7ac984f3b89b8af639c69e3e78492c6638d3b8c47829bb857e62fd5d7f81cb1,lf-normalized
sde/apep_0976__v1.tex,apep_0976/v1/tables/tabF1_sde.tex,https://raw.githubusercontent.com/SocialCatalystLab/ape-papers/70c660ea5a7de722e9a12ad965e1c665890208d8/apep_0976/v1/tables/tabF1_sde.tex,2ac050bd99c1793762d6526247b3e229bef7c861,9d73c732956c313e57ee8afb7efe7688ce22de3ec8bb16512e8f5cbd2ada1cf1,lf-normalized
sde/apep_0977__v1.tex,apep_0977/v1/tables/tabF1_sde.tex,https://raw.githubusercontent.com/SocialCatalystLab/ape-papers/70c660ea5a7de722e9a12ad965e1c665890208d8/apep_0977/v1/tables/tabF1_sde.tex,2f7302edc6dc021c82c2329f7ac81730b8829002,11f96abe65ac01805b8639d12258d836ae596b2715ae865c59483377e95e216f,lf-normalized
sde/apep_0978__v1.tex,apep_0978/v1/tables/tabF1_sde.tex,https://raw.githubusercontent.com/SocialCatalystLab/ape-papers/70c660ea5a7de722e9a12ad965e1c665890208d8/apep_0978/v1/tables/tabF1_sde.tex,c709b76a672cd710f07842e573de22f35e77332a,7d38858414a041c41137e9d3d08324ecdd4f86be94b3bbe67ab4418cea19cfd1,lf-normalized
sde/apep_0979__v1.tex,apep_0979/v1/tables/tabF1_sde.tex,https://raw.githubusercontent.com/SocialCatalystLab/ape-papers/70c660ea5a7de722e9a12ad965e1c665890208d8/apep_0979/v1/tables/tabF1_sde.tex,0e0ed5564be92003125d8c658d20eec76dbd297a,970ebf5c3c574ef97b6c7033ae8383a66de9afce19608c880534380a127bc562,lf-normalized
sde/apep_0980__v1.tex,apep_0980/v1/tables/tabF1_sde.tex,https://raw.githubusercontent.com/SocialCatalystLab/ape-papers/70c660ea5a7de722e9a12ad965e1c665890208d8/apep_0980/v1/tables/tabF1_sde.tex,71b61823f631a71519aa3b05f5c69b0079d03a3a,bb3b6af8d1e3856bfbb2c68499b7f5b535b1a895bf8672d3396eedd6c604bf1c,lf-normalized
sde/apep_0981__v1.tex,apep_0981/v1/tables/tabF1_sde.tex,https://raw.githubusercontent.com/SocialCatalystLab/ape-papers/70c660ea5a7de722e9a12ad965e1c665890208d8/apep_0981/v1/tables/tabF1_sde.tex,619a377a13559272f760dc7d6bf51da7dda9d8f1,02919b7a2464362add519b8484852edf8c1fba52d26259234c65dbdd8aa62e62,lf-normalized
sde/apep_0982__v1.tex,apep_0982/v1/tables/tabF1_sde.tex,https://raw.githubusercontent.com/SocialCatalystLab/ape-papers/70c660ea5a7de722e9a12ad965e1c665890208d8/apep_0982/v1/tables/tabF1_sde.tex,b4f6d8cbebdc1b0b17f1afa91858032e00c1263a,ce10fdcea60bdbaa96f7d0c64d395d9faebe9cc0946c5783befd651201fa8fae,lf-normalized
sde/apep_0983__v1.tex,apep_0983/v1/tables/tabF1_sde.tex,https://raw.githubusercontent.com/SocialCatalystLab/ape-papers/70c660ea5a7de722e9a12ad965e1c665890208d8/apep_0983/v1/tables/tabF1_sde.tex,33756cefd7859c329258bbbcd2aac3b8b7b2a1c6,1c4b0abbfc84c93ad4aa3875e7e8677f14a5b2b7e2b8b19aa3b8f9bc067778e6,lf-normalized
sde/apep_0984__v1.tex,apep_0984/v1/tables/tabF1_sde.tex,https://raw.githubusercontent.com/SocialCatalystLab/ape-papers/70c660ea5a7de722e9a12ad965e1c665890208d8/apep_0984/v1/tables/tabF1_sde.tex,16274d38a4b0a7bf34d8da56a756ece56c2a7b8e,6ffad24000e1c436e7d17c4b5c2c244b4cf1c83e11acebeebb1a495debd2191d,lf-normalized
sde/apep_0985__v1.tex,apep_0985/v1/tables/tabF1_sde.tex,https://raw.githubusercontent.com/SocialCatalystLab/ape-papers/70c660ea5a7de722e9a12ad965e1c665890208d8/apep_0985/v1/tables/tabF1_sde.tex,0716fcc63f0af10820df3849fe5bf33b5d9f7936,4fd39e0ee3ff8a6e770751c5bb3aa3cc262691e2488af7b8c902ed604c77b62e,lf-normalized
sde/apep_0987__v1.tex,apep_0987/v1/tables/tabF1_sde.tex,https://raw.githubusercontent.com/SocialCatalystLab/ape-papers/70c660ea5a7de722e9a12ad965e1c665890208d8/apep_0987/v1/tables/tabF1_sde.tex,86d267ada23be8293b5580c046f76be969ca6e52,0d3f591122f78e999ac5b10457ed15a00f5486d4f739ed2687a3bcf85aec81a2,lf-normalized
sde/apep_0988__v1.tex,apep_0988/v1/tables/tabF1_sde.tex,https://raw.githubusercontent.com/SocialCatalystLab/ape-papers/70c660ea5a7de722e9a12ad965e1c665890208d8/apep_0988/v1/tables/tabF1_sde.tex,55383c708c7008667a77756f15c85d0adfc21809,de38065a147da2387101a9d1fba3f0d17b56791208b1223a5ef8cf58ca6eec8a,lf-normalized
sde/apep_0989__v1.tex,apep_0989/v1/tables/tabF1_sde.tex,https://raw.githubusercontent.com/SocialCatalystLab/ape-papers/70c660ea5a7de722e9a12ad965e1c665890208d8/apep_0989/v1/tables/tabF1_sde.tex,8093d5fe6e743935ca72eed720bb63a74f769e96,282ff94fae75b8bc3f53831b427c94ba3f12aa0f04419d337bd0ab70d1ccf05f,lf-normalized
sde/apep_0990__v1.tex,apep_0990/v1/tables/tabF1_sde.tex,https://raw.githubusercontent.com/SocialCatalystLab/ape-papers/70c660ea5a7de722e9a12ad965e1c665890208d8/apep_0990/v1/tables/tabF1_sde.tex,5eda32cc8e3ca56058823ba251b8b92294222fda,adc6bafc8e445da2002ab8ddc0af2a07f7a98d21175c5c96379643045abf52f8,lf-normalized
sde/apep_0991__v1.tex,apep_0991/v1/tables/tabF1_sde.tex,https://raw.githubusercontent.com/SocialCatalystLab/ape-papers/70c660ea5a7de722e9a12ad965e1c665890208d8/apep_0991/v1/tables/tabF1_sde.tex,2f0e2981216ab1ee569c33b5b3c9999436cee494,a9132e06c8caa582922b1f5edf2a089702fe28784a9a764820002036fd71f290,lf-normalized
sde/apep_0992__v1.tex,apep_0992/v1/tables/tabF1_sde.tex,https://raw.githubusercontent.com/SocialCatalystLab/ape-papers/70c660ea5a7de722e9a12ad965e1c665890208d8/apep_0992/v1/tables/tabF1_sde.tex,28df09f286ff65a96e6bee9813638ec6b0a1549c,f72d2215a6c7b9136210c0c8d2f4caa6c12954c051d23ef540c9ef1e39a38c61,lf-normalized
sde/apep_0993__v1.tex,apep_0993/v1/tables/tabF1_sde.tex,https://raw.githubusercontent.com/SocialCatalystLab/ape-papers/70c660ea5a7de722e9a12ad965e1c665890208d8/apep_0993/v1/tables/tabF1_sde.tex,ee904b53624bf2d42277c556d5310174edfee2d5,5277010debc1aaa683fa6a680b88fb1f58efd8e19eacddd6fb855111e297d501,lf-normalized
sde/apep_0995__v1.tex,apep_0995/v1/tables/tabF1_sde.tex,https://raw.githubusercontent.com/SocialCatalystLab/ape-papers/70c660ea5a7de722e9a12ad965e1c665890208d8/apep_0995/v1/tables/tabF1_sde.tex,6251282ec95bbfbb14c69e875fa891a0a010594e,9a5684f6010861c74a70d374ae4820ae93b8b45ab65cf04e973e03b335d4990e,lf-normalized
sde/apep_0997__v1.tex,apep_0997/v1/tables/tabF1_sde.tex,https://raw.githubusercontent.com/SocialCatalystLab/ape-papers/70c660ea5a7de722e9a12ad965e1c665890208d8/apep_0997/v1/tables/tabF1_sde.tex,0f50fc70db028fee219c48269c243e4c9682b617,a569e2f270996159063112fff18502e0275e5abef0d75c15e2d7ade67f59d714,lf-normalized
sde/apep_0998__v1.tex,apep_0998/v1/tables/tabF1_sde.tex,https://raw.githubusercontent.com/SocialCatalystLab/ape-papers/70c660ea5a7de722e9a12ad965e1c665890208d8/apep_0998/v1/tables/tabF1_sde.tex,34501a5415b9386deb487d350374f2d46f5f98a3,47573d3b7f4867ebcfb8f8ea4da8d4fe4f982527f897383032db891006f7171b,lf-normalized
sde/apep_0999__v1.tex,apep_0999/v1/tables/tabF1_sde.tex,https://raw.githubusercontent.com/SocialCatalystLab/ape-papers/70c660ea5a7de722e9a12ad965e1c665890208d8/apep_0999/v1/tables/tabF1_sde.tex,9ede1916bbd523af3cba7cd76f4a9790e5e765fd,c78db0f3a2b28097220f3d9f4a2bf7251e6e10210eb16ef52390a3d0892f7de6,lf-normalized
sde/apep_1001__v1.tex,apep_1001/v1/tables/tabF1_sde.tex,https://raw.githubusercontent.com/SocialCatalystLab/ape-papers/70c660ea5a7de722e9a12ad965e1c665890208d8/apep_1001/v1/tables/tabF1_sde.tex,ad9ead214bfa3fad26b1bb237d46dcc88bdbb00f,b8f04b1d649ef1ea9dab583d15f0861f0b06375e787c19bf5213280b6fc39aa3,lf-normalized
sde/apep_1002__v1.tex,apep_1002/v1/tables/tabF1_sde.tex,https://raw.githubusercontent.com/SocialCatalystLab/ape-papers/70c660ea5a7de722e9a12ad965e1c665890208d8/apep_1002/v1/tables/tabF1_sde.tex,b871cbcef7139e89e6fcdda61d02a635f9c36c24,0a3969e8a4a751dd6282bc1cf9efa894439bcc19c69bb4622f4dbfa7b2ee0c6b,lf-normalized
sde/apep_1006__v1.tex,apep_1006/v1/tables/tabF1_sde.tex,https://raw.githubusercontent.com/SocialCatalystLab/ape-papers/70c660ea5a7de722e9a12ad965e1c665890208d8/apep_1006/v1/tables/tabF1_sde.tex,1a70f3ab0202d6d730683d26e068d1605eac9b99,a48a6d571406e15915054581bfa95906de90acf6e3777a5987aa8fc89e5f4b65,lf-normalized
sde/apep_1007__v1.tex,apep_1007/v1/tables/tabF1_sde.tex,https://raw.githubusercontent.com/SocialCatalystLab/ape-papers/70c660ea5a7de722e9a12ad965e1c665890208d8/apep_1007/v1/tables/tabF1_sde.tex,e681fa4baed869bafbae001a073462b2a5c7540f,091d74b28557a2c614052c3da095044709690b46ddc3f71260e2610dd7083ddb,lf-normalized
sde/apep_1012__v1.tex,apep_1012/v1/tables/tabF1_sde.tex,https://raw.githubusercontent.com/SocialCatalystLab/ape-papers/70c660ea5a7de722e9a12ad965e1c665890208d8/apep_1012/v1/tables/tabF1_sde.tex,b52ce17ca9ead72ac8a1e80b885748b108906445,8aa7bccac8a3f770a20e18e8e33e25533bb6479a1418eee9bd62f682dd72cd10,lf-normalized
sde/apep_1013__v1.tex,apep_1013/v1/tables/tabF1_sde.tex,https://raw.githubusercontent.com/SocialCatalystLab/ape-papers/70c660ea5a7de722e9a12ad965e1c665890208d8/apep_1013/v1/tables/tabF1_sde.tex,f52662956bb20aa9c022db9c8a7cb4185ba596cc,152bc66a9c6a061e77029fc915df433c84415dc6fec9b703a616967565d1ab86,lf-normalized
sde/apep_1014__v1.tex,apep_1014/v1/tables/tabF1_sde.tex,https://raw.githubusercontent.com/SocialCatalystLab/ape-papers/70c660ea5a7de722e9a12ad965e1c665890208d8/apep_1014/v1/tables/tabF1_sde.tex,9f273990a9dbb13044504dd2ebb666b7b313f3ec,be0def616e36ac7b43a565819474a9d9e55e3a72933caf6e4121d2f52f36cec3,lf-normalized
sde/apep_1015__v1.tex,apep_1015/v1/tables/tabF1_sde.tex,https://raw.githubusercontent.com/SocialCatalystLab/ape-papers/70c660ea5a7de722e9a12ad965e1c665890208d8/apep_1015/v1/tables/tabF1_sde.tex,fde63f6eed152b10e80dbf98aeea75964ab8bb23,0b2d4d33bdd4bfe19bd4ff37e33c2581e7560c694c689076e23c08ce6f9b646a,lf-normalized
sde/apep_1016__v1.tex,apep_1016/v1/tables/tabF1_sde.tex,https://raw.githubusercontent.com/SocialCatalystLab/ape-papers/70c660ea5a7de722e9a12ad965e1c665890208d8/apep_1016/v1/tables/tabF1_sde.tex,640bb61b6c9870e114c783f53f19c7ef362ced66,2cad9830e011b9477fe9af89bf0a715715eefd05ff0a87b0b1d8b23c7f14d30d,lf-normalized
sde/apep_1017__v1.tex,apep_1017/v1/tables/tabF1_sde.tex,https://raw.githubusercontent.com/SocialCatalystLab/ape-papers/70c660ea5a7de722e9a12ad965e1c665890208d8/apep_1017/v1/tables/tabF1_sde.tex,39733a454d6a31d0144d674037eede7b833cbb79,038ea11dfe205c5eb14071120a53407fb74549c2948e4cb1768d60982337e3dd,lf-normalized
sde/apep_1018__v1.tex,apep_1018/v1/tables/tabF1_sde.tex,https://raw.githubusercontent.com/SocialCatalystLab/ape-papers/70c660ea5a7de722e9a12ad965e1c665890208d8/apep_1018/v1/tables/tabF1_sde.tex,ed64c881729b2e9ec324b872b771645c49be2cca,77c412c7ea31f3e0d96160c2fdbc54de393bb63c06e220fcc3df0744b216ab30,lf-normalized
sde/apep_1019__v1.tex,apep_1019/v1/tables/tabF1_sde.tex,https://raw.githubusercontent.com/SocialCatalystLab/ape-papers/70c660ea5a7de722e9a12ad965e1c665890208d8/apep_1019/v1/tables/tabF1_sde.tex,305f7a9381c8b16985b6f22110fe5e541848cd9e,a8872f5f281e84a29e5f541de87cceea1c9a9f4e138bf82fec88219ae63cee49,lf-normalized
sde/apep_1020__v1.tex,apep_1020/v1/tables/tabF1_sde.tex,https://raw.githubusercontent.com/SocialCatalystLab/ape-papers/70c660ea5a7de722e9a12ad965e1c665890208d8/apep_1020/v1/tables/tabF1_sde.tex,b837abe9e1086149736c4bc8fd3dbd3e7548eb34,f32c56488cf898cc6d5bf4dd515a460c5533200052b569868611082e8ec4c704,lf-normalized
sde/apep_1021__v1.tex,apep_1021/v1/tables/tabF1_sde.tex,https://raw.githubusercontent.com/SocialCatalystLab/ape-papers/70c660ea5a7de722e9a12ad965e1c665890208d8/apep_1021/v1/tables/tabF1_sde.tex,bf9d5e71933a966256260b84935ab95604b4c010,92a2ce248f5038eaa9f7e1b26e686c659f0bae5fbebd89b1302cd9693fc482e3,lf-normalized
sde/apep_1022__v1.tex,apep_1022/v1/tables/tabF1_sde.tex,https://raw.githubusercontent.com/SocialCatalystLab/ape-papers/70c660ea5a7de722e9a12ad965e1c665890208d8/apep_1022/v1/tables/tabF1_sde.tex,e6eb8a7b837629c2c0bf8488527721e382dcd822,86e95a077e9a8f3d52093ddcd09226c600dfffa1e552028d22e8154218450663,lf-normalized
sde/apep_1023__v1.tex,apep_1023/v1/tables/tabF1_sde.tex,https://raw.githubusercontent.com/SocialCatalystLab/ape-papers/70c660ea5a7de722e9a12ad965e1c665890208d8/apep_1023/v1/tables/tabF1_sde.tex,86592cf4333838150f65a2130e5cfdbfc15e0063,07942b8098704ec0ada419348d8842e0d5d9fb84876f78180c6036c0b8410afd,lf-normalized
sde/apep_1024__v1.tex,apep_1024/v1/tables/tabF1_sde.tex,https://raw.githubusercontent.com/SocialCatalystLab/ape-papers/70c660ea5a7de722e9a12ad965e1c665890208d8/apep_1024/v1/tables/tabF1_sde.tex,004ee8d0cb54bd3d82c7f3d753915a738248c4e7,2ce785629cc45644d8d78897b1161780b711532f2b19a3184b91dd6fdced6155,lf-normalized
sde/apep_1025__v1.tex,apep_1025/v1/tables/tabF1_sde.tex,https://raw.githubusercontent.com/SocialCatalystLab/ape-papers/70c660ea5a7de722e9a12ad965e1c665890208d8/apep_1025/v1/tables/tabF1_sde.tex,ea255fa6716e1f6d7e722d83c770152a4bfacc55,85647da566b5e05b0dd18da104cd35100293fa1594f9a6cba9195896c10f3a02,lf-normalized
sde/apep_1026__v1.tex,apep_1026/v1/tables/tabF1_sde.tex,https://raw.githubusercontent.com/SocialCatalystLab/ape-papers/70c660ea5a7de722e9a12ad965e1c665890208d8/apep_1026/v1/tables/tabF1_sde.tex,9377b249961482d9f96188ef7f9d72ab8dcf8362,e9d8c421cb8e1deb123961d3118e2caf43b934a427446012a452e688b8e1d9b4,lf-normalized
sde/apep_1028__v1.tex,apep_1028/v1/tables/tabF1_sde.tex,https://raw.githubusercontent.com/SocialCatalystLab/ape-papers/70c660ea5a7de722e9a12ad965e1c665890208d8/apep_1028/v1/tables/tabF1_sde.tex,5bad37084fb2a144c9e65eeda43325643f3bc93d,5506e783547c2e152c04a9204f19b28050ef22ef674d83fa828ee833290a3ee6,lf-normalized
sde/apep_1029__v1.tex,apep_1029/v1/tables/tabF1_sde.tex,https://raw.githubusercontent.com/SocialCatalystLab/ape-papers/70c660ea5a7de722e9a12ad965e1c665890208d8/apep_1029/v1/tables/tabF1_sde.tex,a2972b407aa90b52163a6822e78584900e54098f,c80316071511c93a8da3d529f08daaac39ae0de07c4ffae63e224c0f53923a8e,lf-normalized
sde/apep_1030__v1.tex,apep_1030/v1/tables/tabF1_sde.tex,https://raw.githubusercontent.com/SocialCatalystLab/ape-papers/70c660ea5a7de722e9a12ad965e1c665890208d8/apep_1030/v1/tables/tabF1_sde.tex,3f86f6efa007f4e273c4c8e77d28e0383fb29c53,d92250c0b67f016f0aca1e83793d8276902e3ef35a7f5ca173b4bd19d6c80bbc,lf-normalized
sde/apep_1031__v1.tex,apep_1031/v1/tables/tabF1_sde.tex,https://raw.githubusercontent.com/SocialCatalystLab/ape-papers/70c660ea5a7de722e9a12ad965e1c665890208d8/apep_1031/v1/tables/tabF1_sde.tex,f993395d0b2b5024be125f235749df4e9814a76f,ba6f6e491e345c04d2144adf92f2c25549fee8363c3ef24f9c3d49c993c3d913,lf-normalized
sde/apep_1032__v1.tex,apep_1032/v1/tables/tabF1_sde.tex,https://raw.githubusercontent.com/SocialCatalystLab/ape-papers/70c660ea5a7de722e9a12ad965e1c665890208d8/apep_1032/v1/tables/tabF1_sde.tex,7d5f07c8a375dfa497bd2ff1ce6cd529fa38af75,57d63457a649f65064aad4ac8dcd6f14d7afd8ee1e5fe3e0e815d68e96bd9e06,lf-normalized
sde/apep_1033__v1.tex,apep_1033/v1/tables/tabF1_sde.tex,https://raw.githubusercontent.com/SocialCatalystLab/ape-papers/70c660ea5a7de722e9a12ad965e1c665890208d8/apep_1033/v1/tables/tabF1_sde.tex,96bec22d0808ec211af800e9f06d266f45f69daa,78339a6040bcefca8634830dab75b9660190f8231834fc83d37d6ad2af959c04,lf-normalized
sde/apep_1034__v1.tex,apep_1034/v1/tables/tabF1_sde.tex,https://raw.githubusercontent.com/SocialCatalystLab/ape-papers/70c660ea5a7de722e9a12ad965e1c665890208d8/apep_1034/v1/tables/tabF1_sde.tex,c1d96e82d17f7a4801a064c6e998596f48505b59,81b7cdba69f70fc6ad2482ad1ed219aeaf84c1e2324cbb706f1e0fcbe574ec12,lf-normalized
sde/apep_1035__v1.tex,apep_1035/v1/tables/tabF1_sde.tex,https://raw.githubusercontent.com/SocialCatalystLab/ape-papers/70c660ea5a7de722e9a12ad965e1c665890208d8/apep_1035/v1/tables/tabF1_sde.tex,7a1af560815d4da20a712ec42e8bd531a8be9c50,5b21b80675c968e2b6875e0c637fa8fb346531b14498217f74d740761fb82509,lf-normalized
sde/apep_1036__v1.tex,apep_1036/v1/tables/tabF1_sde.tex,https://raw.githubusercontent.com/SocialCatalystLab/ape-papers/70c660ea5a7de722e9a12ad965e1c665890208d8/apep_1036/v1/tables/tabF1_sde.tex,16073e1af1a154c3714e6d131c29e018000340be,cd778af4531c7c586934e1e356b0267ca1596915efd4a7eadba510d30877ee40,lf-normalized
sde/apep_1037__v1.tex,apep_1037/v1/tables/tabF1_sde.tex,https://raw.githubusercontent.com/SocialCatalystLab/ape-papers/70c660ea5a7de722e9a12ad965e1c665890208d8/apep_1037/v1/tables/tabF1_sde.tex,0e3cf7cccfaa5f3e3e714bc6b940ac1bee48bff3,a20b9da849f67a97d52ff993c700cac14e07937f4146798fe76dacc09216a9fc,lf-normalized
sde/apep_1038__v1.tex,apep_1038/v1/tables/tabF1_sde.tex,https://raw.githubusercontent.com/SocialCatalystLab/ape-papers/70c660ea5a7de722e9a12ad965e1c665890208d8/apep_1038/v1/tables/tabF1_sde.tex,74c28220f3c7321c655c86e65c5499e7e358d33e,3bab011f5ee55f5db85bf6507a19b411d30e63ab37d94a4017294c8bbe3a12ce,lf-normalized
sde/apep_1046__v1.tex,apep_1046/v1/tables/tabF1_sde.tex,https://raw.githubusercontent.com/SocialCatalystLab/ape-papers/70c660ea5a7de722e9a12ad965e1c665890208d8/apep_1046/v1/tables/tabF1_sde.tex,e69e530a12775a50cbaf54aaf371f3e8b84e93d1,bcfbe6dce35d0cd0146855be2ed6387a290eb0d60dabb1289fc74cafee13037f,lf-normalized
sde/apep_1049__v1.tex,apep_1049/v1/tables/tabF1_sde.tex,https://raw.githubusercontent.com/SocialCatalystLab/ape-papers/70c660ea5a7de722e9a12ad965e1c665890208d8/apep_1049/v1/tables/tabF1_sde.tex,508ee019f209f5a83a24b66ed8757768609fbd38,1277c90b436089ca83503de07915b2083ce442b880fa82dbaf101d5dc16651e4,lf-normalized
sde/apep_1050__v1.tex,apep_1050/v1/tables/tabF1_sde.tex,https://raw.githubusercontent.com/SocialCatalystLab/ape-papers/70c660ea5a7de722e9a12ad965e1c665890208d8/apep_1050/v1/tables/tabF1_sde.tex,9896433e938d97d9a2065c5644fb99f6184b5eaa,f0c144053979606e8d48117c45b2d61a7cd6242f0dc5af00c654ac41a5ac1ef8,lf-normalized
sde/apep_1051__v1.tex,apep_1051/v1/tables/tabF1_sde.tex,https://raw.githubusercontent.com/SocialCatalystLab/ape-papers/70c660ea5a7de722e9a12ad965e1c665890208d8/apep_1051/v1/tables/tabF1_sde.tex,877e5ae3869ed3cdd74a9e57ed6a7928becc7911,989e296558277fa6a2af33167850f6b45a72e879684798df76e374166242fc4e,lf-normalized
sde/apep_1054__v1.tex,apep_1054/v1/tables/tabF1_sde.tex,https://raw.githubusercontent.com/SocialCatalystLab/ape-papers/70c660ea5a7de722e9a12ad965e1c665890208d8/apep_1054/v1/tables/tabF1_sde.tex,dcd6824e413d45b38263dc72ee9c156ad844bbf5,ffab344f7ad90f5a5150efdeca21b89044fba1ccfa73a87ffb31a5304cf5de26,lf-normalized
sde/apep_1055__v1.tex,apep_1055/v1/tables/tabF1_sde.tex,https://raw.githubusercontent.com/SocialCatalystLab/ape-papers/70c660ea5a7de722e9a12ad965e1c665890208d8/apep_1055/v1/tables/tabF1_sde.tex,aac048961917548bd8716c766457d27ae0c32fd5,5719bf8b2b60eed860bccb0368e6d4ed4a63bf73edb36ef24f32f93cbd885c7f,lf-normalized
sde/apep_1057__v1.tex,apep_1057/v1/tables/tabF1_sde.tex,https://raw.githubusercontent.com/SocialCatalystLab/ape-papers/70c660ea5a7de722e9a12ad965e1c665890208d8/apep_1057/v1/tables/tabF1_sde.tex,b1b9d0572e3a1d25c85b959075ca2c4108698c0a,9c391a74c272218da23ff7f55ecae7c8143abb1e51bccf4d816e98560fcfb1e4,lf-normalized
sde/apep_1058__v1.tex,apep_1058/v1/tables/tabF1_sde.tex,https://raw.githubusercontent.com/SocialCatalystLab/ape-papers/70c660ea5a7de722e9a12ad965e1c665890208d8/apep_1058/v1/tables/tabF1_sde.tex,a89c32eb1dd1aae88adbeb9685459d0e95ebe0bd,106e57cecbee7b7802898b4c4c4c1681777972e9b5b8d8c7f6bc829ee201789e,lf-normalized
sde/apep_1061__v1.tex,apep_1061/v1/tables/tabF1_sde.tex,https://raw.githubusercontent.com/SocialCatalystLab/ape-papers/70c660ea5a7de722e9a12ad965e1c665890208d8/apep_1061/v1/tables/tabF1_sde.tex,8d0ab8fb6c230b69109f2a1d68120dab3fc27692,3adb07eddb042ac2db468896dd5770db9dc3c81bf99d61d4b949bca74750244d,lf-normalized
sde/apep_1064__v1.tex,apep_1064/v1/tables/tabF1_sde.tex,https://raw.githubusercontent.com/SocialCatalystLab/ape-papers/70c660ea5a7de722e9a12ad965e1c665890208d8/apep_1064/v1/tables/tabF1_sde.tex,c5b149863bc96ab5ec2669d7b83d35abb7625c54,70db456f71a743a8472280539a9848d9eb975a9922405e8d91cc4b708efa0338,lf-normalized
sde/apep_1065__v1.tex,apep_1065/v1/tables/tabF1_sde.tex,https://raw.githubusercontent.com/SocialCatalystLab/ape-papers/70c660ea5a7de722e9a12ad965e1c665890208d8/apep_1065/v1/tables/tabF1_sde.tex,84f711efdf40b582afb20a0e986920b4c7c469bc,5daef99c0cf21d8fe4d2ea518aef5bafe965e680dd3608c460d9262d227d86ce,lf-normalized
sde/apep_1066__v1.tex,apep_1066/v1/tables/tabF1_sde.tex,https://raw.githubusercontent.com/SocialCatalystLab/ape-papers/70c660ea5a7de722e9a12ad965e1c665890208d8/apep_1066/v1/tables/tabF1_sde.tex,ca4a2bba7c677191fe5889c3d93682fc1335b753,b273fd025d458595aca4b00f3ca0231b00c2f304f33f84102706a5ee6c1af15d,lf-normalized
sde/apep_1067__v1.tex,apep_1067/v1/tables/tabF1_sde.tex,https://raw.githubusercontent.com/SocialCatalystLab/ape-papers/70c660ea5a7de722e9a12ad965e1c665890208d8/apep_1067/v1/tables/tabF1_sde.tex,a6ba624615dd802cb60a009a95e7971ad11a504a,fdd25f3779ab0bd4d6cdd41b507ba22d731172d5fb81736b02e96e5ec597b44b,lf-normalized
sde/apep_1068__v1.tex,apep_1068/v1/tables/tabF1_sde.tex,https://raw.githubusercontent.com/SocialCatalystLab/ape-papers/70c660ea5a7de722e9a12ad965e1c665890208d8/apep_1068/v1/tables/tabF1_sde.tex,169f1ac1c9a774774c73321bdefc15ff2ce92b7a,52cbe8958fa8f9c2970a3e7b9383acbe6f5e403e8c68ccee7d33e79332afeb65,lf-normalized
sde/apep_1069__v1.tex,apep_1069/v1/tables/tabF1_sde.tex,https://raw.githubusercontent.com/SocialCatalystLab/ape-papers/70c660ea5a7de722e9a12ad965e1c665890208d8/apep_1069/v1/tables/tabF1_sde.tex,cfea4810b35dc5b564ed5321955cca2d5b2e4428,ac8f1c61c8a35f497e7cbc531722b426b6ffcce5d76d9da2a7c44abaf1d73ce5,lf-normalized
sde/apep_1070__v1.tex,apep_1070/v1/tables/tabF1_sde.tex,https://raw.githubusercontent.com/SocialCatalystLab/ape-papers/70c660ea5a7de722e9a12ad965e1c665890208d8/apep_1070/v1/tables/tabF1_sde.tex,f389289a76fe997e5fd1d2e866aff5f553856f03,bb6e0a612ed278637f0beeac37c0840e184defb12d246ed27706962531e9cbb4,lf-normalized
sde/apep_1071__v1.tex,apep_1071/v1/tables/tabF1_sde.tex,https://raw.githubusercontent.com/SocialCatalystLab/ape-papers/70c660ea5a7de722e9a12ad965e1c665890208d8/apep_1071/v1/tables/tabF1_sde.tex,cee124322623874df98388585aed6d978f7009f7,1bc5866065113884486ff33fc9352528d8488ce6cd24bc1aa734490c5022b023,lf-normalized
sde/apep_1072__v1.tex,apep_1072/v1/tables/tabF1_sde.tex,https://raw.githubusercontent.com/SocialCatalystLab/ape-papers/70c660ea5a7de722e9a12ad965e1c665890208d8/apep_1072/v1/tables/tabF1_sde.tex,5fb008e0596b5e151eac06ad94371f452d13f84d,de14675d9985bd0da9d1c30b865247865e513a0da902aca3f9e5be1a6b6a3315,lf-normalized
sde/apep_1073__v1.tex,apep_1073/v1/tables/tabF1_sde.tex,https://raw.githubusercontent.com/SocialCatalystLab/ape-papers/70c660ea5a7de722e9a12ad965e1c665890208d8/apep_1073/v1/tables/tabF1_sde.tex,e438a2d30c63bfde1de10fc98c65eded3dc198c5,cf73fa0d8e5fd494dd96292a77c37845cf6941f32dc837c0e657a005d4ca0e38,lf-normalized
sde/apep_1074__v1.tex,apep_1074/v1/tables/tabF1_sde.tex,https://raw.githubusercontent.com/SocialCatalystLab/ape-papers/70c660ea5a7de722e9a12ad965e1c665890208d8/apep_1074/v1/tables/tabF1_sde.tex,b20e4160c4d37acba6ae3563ea9485c8cc212c6a,eceda151e336b858d92735be65a8671f865526d08fd92168914c216e5a72262e,lf-normalized
sde/apep_1076__v1.tex,apep_1076/v1/tables/tabF1_sde.tex,https://raw.githubusercontent.com/SocialCatalystLab/ape-papers/70c660ea5a7de722e9a12ad965e1c665890208d8/apep_1076/v1/tables/tabF1_sde.tex,4103f709568958f5c8059c1886008a7b2ae4882a,0b407871099afebad0e983e2768ddf54b1adc1f5ccf4affe6ec40dc95427d117,lf-normalized
sde/apep_1077__v1.tex,apep_1077/v1/tables/tabF1_sde.tex,https://raw.githubusercontent.com/SocialCatalystLab/ape-papers/70c660ea5a7de722e9a12ad965e1c665890208d8/apep_1077/v1/tables/tabF1_sde.tex,89e3bb46f29e091b194720e11eee10bcdeb7ba2a,30da53e948f7ae0900855abfc4679cd12f54d1f5fb2445adf39c72d3d8286a76,lf-normalized
sde/apep_1079__v1.tex,apep_1079/v1/tables/tabF1_sde.tex,https://raw.githubusercontent.com/SocialCatalystLab/ape-papers/70c660ea5a7de722e9a12ad965e1c665890208d8/apep_1079/v1/tables/tabF1_sde.tex,a7a7d4396b769508325bc8fe73e401d6bb94cb7c,cdcce60e8d70bb2edf2b9c3c25d32aae0e7f6201b4c088a88006846f64d04df1,lf-normalized
sde/apep_1081__v1.tex,apep_1081/v1/tables/tabF1_sde.tex,https://raw.githubusercontent.com/SocialCatalystLab/ape-papers/70c660ea5a7de722e9a12ad965e1c665890208d8/apep_1081/v1/tables/tabF1_sde.tex,d0fd47a1c55eccdc16f96f9e6ef57e7fcfb65945,4654da38c3ee022a5b2b36784f113139a3c4e6d3f0e07edc479a50c89bb02ce6,lf-normalized
sde/apep_1082__v1.tex,apep_1082/v1/tables/tabF1_sde.tex,https://raw.githubusercontent.com/SocialCatalystLab/ape-papers/70c660ea5a7de722e9a12ad965e1c665890208d8/apep_1082/v1/tables/tabF1_sde.tex,b5d1b3e2c70ab053f0e4641f39e3e8d352518999,0591ec08ca0ceaff29850c6e57e06cdf67f1e9c55fb408a37b9338726004251e,lf-normalized
sde/apep_1083__v1.tex,apep_1083/v1/tables/tabF1_sde.tex,https://raw.githubusercontent.com/SocialCatalystLab/ape-papers/70c660ea5a7de722e9a12ad965e1c665890208d8/apep_1083/v1/tables/tabF1_sde.tex,8780d422fad03b787efe24953e4dded65d766a17,e47449bb77c84a51a9ff9a98752d89cd5767751fa8bf6589d2ca8c32ed568150,lf-normalized
sde/apep_1084__v1.tex,apep_1084/v1/tables/tabF1_sde.tex,https://raw.githubusercontent.com/SocialCatalystLab/ape-papers/70c660ea5a7de722e9a12ad965e1c665890208d8/apep_1084/v1/tables/tabF1_sde.tex,c7af4382bdf8549237d87b1b1cb44d1e3829597a,304813a0759d8c2f27e6a4c84c1fb542add92956ab0a36681a0f5285e3bc2c15,lf-normalized
sde/apep_1085__v1.tex,apep_1085/v1/tables/tabF1_sde.tex,https://raw.githubusercontent.com/SocialCatalystLab/ape-papers/70c660ea5a7de722e9a12ad965e1c665890208d8/apep_1085/v1/tables/tabF1_sde.tex,f86685a5953c9a9c96fdb75289f77a9e9788026f,ec5cca3553a03f5c9c2d711883a699dcc921103e03f62a078c78e3f7c2a5dc17,lf-normalized
sde/apep_1086__v1.tex,apep_1086/v1/tables/tabF1_sde.tex,https://raw.githubusercontent.com/SocialCatalystLab/ape-papers/70c660ea5a7de722e9a12ad965e1c665890208d8/apep_1086/v1/tables/tabF1_sde.tex,b507c26fb6822410403940da6c16c86197541458,d37a8fe24053f339b15595d68790fe985772063e2992457ba1fc1b56311a21fa,lf-normalized
sde/apep_1087__v1.tex,apep_1087/v1/tables/tabF1_sde.tex,https://raw.githubusercontent.com/SocialCatalystLab/ape-papers/70c660ea5a7de722e9a12ad965e1c665890208d8/apep_1087/v1/tables/tabF1_sde.tex,f8b4fda72b6e53601dfd9fd19312a2e6d18ef05e,3b3f369922bc9af051791232bbbb4050828d25a45b11c7ff304ba80d3ccadff8,lf-normalized
sde/apep_1088__v1.tex,apep_1088/v1/tables/tabF1_sde.tex,https://raw.githubusercontent.com/SocialCatalystLab/ape-papers/70c660ea5a7de722e9a12ad965e1c665890208d8/apep_1088/v1/tables/tabF1_sde.tex,4d58e4409186d7954260c494776f2493c9242343,5f87f64c90c7c975f19dbcfa6dfb5e8ba311793e8ad219d4cf1c4b69396fa08d,lf-normalized
sde/apep_1089__v1.tex,apep_1089/v1/tables/tabF1_sde.tex,https://raw.githubusercontent.com/SocialCatalystLab/ape-papers/70c660ea5a7de722e9a12ad965e1c665890208d8/apep_1089/v1/tables/tabF1_sde.tex,d36158b620ca9bd8b56d7d0a51524596df2da2db,baee0711b5914de2bed76c3e62397e4f58173fb6be132b726d8edae7e2edf659,lf-normalized
sde/apep_1090__v1.tex,apep_1090/v1/tables/tabF1_sde.tex,https://raw.githubusercontent.com/SocialCatalystLab/ape-papers/70c660ea5a7de722e9a12ad965e1c665890208d8/apep_1090/v1/tables/tabF1_sde.tex,af2dc2216f39ba25fc87dfcb6eb8e2ec5f20be77,acfa9a7e9b5999f0d1f1d865e1baac88ed8f047bac6ff90d0a1168c757c7eda4,lf-normalized
sde/apep_1091__v1.tex,apep_1091/v1/tables/tabF1_sde.tex,https://raw.githubusercontent.com/SocialCatalystLab/ape-papers/70c660ea5a7de722e9a12ad965e1c665890208d8/apep_1091/v1/tables/tabF1_sde.tex,53c2d3059bb0b55d861076450da6dc1df34ea138,e500a3bde965eb6f82a42aef10778587317de6b98b779e205f6b45fcd7491d13,lf-normalized
sde/apep_1093__v1.tex,apep_1093/v1/tables/tabF1_sde.tex,https://raw.githubusercontent.com/SocialCatalystLab/ape-papers/70c660ea5a7de722e9a12ad965e1c665890208d8/apep_1093/v1/tables/tabF1_sde.tex,58859dcd1e3aae9fa2f4c3a6830dde7f674592ed,7e5072c37208eb3e1a34f4ad297bf63cd22090f88d9e97828a5adaf81665f6e5,lf-normalized
sde/apep_1094__v1.tex,apep_1094/v1/tables/tabF1_sde.tex,https://raw.githubusercontent.com/SocialCatalystLab/ape-papers/70c660ea5a7de722e9a12ad965e1c665890208d8/apep_1094/v1/tables/tabF1_sde.tex,3a6a9b20d490b55fc7891eff760dfe5e1a45ca61,03db85307a5023333b1dc5a92f3073af926a43d1ee9a985d597e9d63327fad05,lf-normalized
sde/apep_1095__v1.tex,apep_1095/v1/tables/tabF1_sde.tex,https://raw.githubusercontent.com/SocialCatalystLab/ape-papers/70c660ea5a7de722e9a12ad965e1c665890208d8/apep_1095/v1/tables/tabF1_sde.tex,a359ac97ad35d89ec38d572009517b952c390ab8,b3b82e7c8fa5533f56fae9db7f84a78a04c1d4c42e1ff5c13e7719b052840ecd,lf-normalized
sde/apep_1100__v1.tex,apep_1100/v1/tables/tabF1_sde.tex,https://raw.githubusercontent.com/SocialCatalystLab/ape-papers/70c660ea5a7de722e9a12ad965e1c665890208d8/apep_1100/v1/tables/tabF1_sde.tex,a25bd0e3f7724bfee35b9a11cf193c3dbe5a8cac,743c26bb6a93b93987d43f33c6fc9dcd6c98a7704c458acc649c59f1139bcdf1,lf-normalized
sde/apep_1102__v1.tex,apep_1102/v1/tables/tabF1_sde.tex,https://raw.githubusercontent.com/SocialCatalystLab/ape-papers/70c660ea5a7de722e9a12ad965e1c665890208d8/apep_1102/v1/tables/tabF1_sde.tex,595b0fcca5aec33dce2fa04a50770975d669454a,8658ff3f46fd3ce72b27b43b0fb668a4ed05794027e796bd2bfff030fb472d3c,lf-normalized
sde/apep_1103__v1.tex,apep_1103/v1/tables/tabF1_sde.tex,https://raw.githubusercontent.com/SocialCatalystLab/ape-papers/70c660ea5a7de722e9a12ad965e1c665890208d8/apep_1103/v1/tables/tabF1_sde.tex,af75b72034bc2eef6cff2901ec726449579f7740,c9f19b9e12031eba4328bc26338e475aed07bc09e5912cf2123f40f3bd7674ac,lf-normalized
sde/apep_1104__v1.tex,apep_1104/v1/tables/tabF1_sde.tex,https://raw.githubusercontent.com/SocialCatalystLab/ape-papers/70c660ea5a7de722e9a12ad965e1c665890208d8/apep_1104/v1/tables/tabF1_sde.tex,02228a5d90ececfefbbb02665ce3ce375f5c8f51,1ef0cf634724a4e95272dcf97393bfb7e3373a06bddae28c315cfac00017ba66,lf-normalized
sde/apep_1105__v1.tex,apep_1105/v1/tables/tabF1_sde.tex,https://raw.githubusercontent.com/SocialCatalystLab/ape-papers/70c660ea5a7de722e9a12ad965e1c665890208d8/apep_1105/v1/tables/tabF1_sde.tex,014924d1e2f96d45a693253f946b14db524d0244,26ab7fd0c97ff842d1ace9e94025385f6a01aac21ec894c24880c62fce4ee75a,lf-normalized
sde/apep_1106__v1.tex,apep_1106/v1/tables/tabF1_sde.tex,https://raw.githubusercontent.com/SocialCatalystLab/ape-papers/70c660ea5a7de722e9a12ad965e1c665890208d8/apep_1106/v1/tables/tabF1_sde.tex,6e4e1fc8e9008438290ca29d491ac7879a8ef687,a2b8b72042139a459ec984138cd5b1c16c4649b855644b2daf654bef51c960f9,lf-normalized
sde/apep_1107__v1.tex,apep_1107/v1/tables/tabF1_sde.tex,https://raw.githubusercontent.com/SocialCatalystLab/ape-papers/70c660ea5a7de722e9a12ad965e1c665890208d8/apep_1107/v1/tables/tabF1_sde.tex,236b2d42c2b44ea06cb560181dfb658fbcc97321,2fed08a43bbf2d91d8137db3b2e46409f6839d4ea4b4d9fc01ebe259f4badf56,lf-normalized
sde/apep_1108__v1.tex,apep_1108/v1/tables/tabF1_sde.tex,https://raw.githubusercontent.com/SocialCatalystLab/ape-papers/70c660ea5a7de722e9a12ad965e1c665890208d8/apep_1108/v1/tables/tabF1_sde.tex,0c3039b693dda1db94acab9c2235fdc5246fc163,c1562228906b190156534b2599a5586e49e6b66826bb5cebd57936b2ebd8c5d9,lf-normalized
sde/apep_1109__v1.tex,apep_1109/v1/tables/tabF1_sde.tex,https://raw.githubusercontent.com/SocialCatalystLab/ape-papers/70c660ea5a7de722e9a12ad965e1c665890208d8/apep_1109/v1/tables/tabF1_sde.tex,f1421aec3dba1be83e1a01f5a0fd5e11d46af50e,1eef3831a6a9155dee5afeca339e14f12eec65e60b5689ed24232594beab6dd7,lf-normalized
sde/apep_1110__v1.tex,apep_1110/v1/tables/tabF1_sde.tex,https://raw.githubusercontent.com/SocialCatalystLab/ape-papers/70c660ea5a7de722e9a12ad965e1c665890208d8/apep_1110/v1/tables/tabF1_sde.tex,02d7ffc7478a7fe355b9af8dc235fac5be3e2069,9474fd4ae323c20fd559603b267a6e5564ea7451024f04b6aee663c2e30ef63c,lf-normalized
sde/apep_1111__v1.tex,apep_1111/v1/tables/tabF1_sde.tex,https://raw.githubusercontent.com/SocialCatalystLab/ape-papers/70c660ea5a7de722e9a12ad965e1c665890208d8/apep_1111/v1/tables/tabF1_sde.tex,c095fda01bdbc7b743c5b0149636e7b50724f7e1,07ba834ea618c4d1643e3cbbeb2e52e94680b6b3cc0504b92fc6e2157ba92957,lf-normalized
sde/apep_1112__v1.tex,apep_1112/v1/tables/tabF1_sde.tex,https://raw.githubusercontent.com/SocialCatalystLab/ape-papers/70c660ea5a7de722e9a12ad965e1c665890208d8/apep_1112/v1/tables/tabF1_sde.tex,aeb29ee7153a98f107a4003de9cda70de1701233,13c3ce3b3b2af00960eff15c0946eaecadf1df2e93491a12cab05051f035df1c,lf-normalized
sde/apep_1113__v1.tex,apep_1113/v1/tables/tabF1_sde.tex,https://raw.githubusercontent.com/SocialCatalystLab/ape-papers/70c660ea5a7de722e9a12ad965e1c665890208d8/apep_1113/v1/tables/tabF1_sde.tex,66346b3c3ffd620cf6db64df26efbb60c9a309a2,cc47c0d2d0ed21ff01b2c94edbbb15c22d642464fc857fbceafe38b96569b651,lf-normalized
sde/apep_1114__v1.tex,apep_1114/v1/tables/tabF1_sde.tex,https://raw.githubusercontent.com/SocialCatalystLab/ape-papers/70c660ea5a7de722e9a12ad965e1c665890208d8/apep_1114/v1/tables/tabF1_sde.tex,3568d0bf1a0d7a9caf54b1246f3864fc834a1f95,509c38cd4347480768a738703becb97a1fa18a3b7602d5746069b3e5f0fbd18e,lf-normalized
sde/apep_1115__v1.tex,apep_1115/v1/tables/tabF1_sde.tex,https://raw.githubusercontent.com/SocialCatalystLab/ape-papers/70c660ea5a7de722e9a12ad965e1c665890208d8/apep_1115/v1/tables/tabF1_sde.tex,8647a0d1e113891c278dfa559fc3c0f4cd989726,014d2309fd10be764b5e72cba232cc9effd0dc2aae6fc131e01b0514e36c1d5d,lf-normalized
sde/apep_1116__v1.tex,apep_1116/v1/tables/tabF1_sde.tex,https://raw.githubusercontent.com/SocialCatalystLab/ape-papers/70c660ea5a7de722e9a12ad965e1c665890208d8/apep_1116/v1/tables/tabF1_sde.tex,7b3af61fa7ceefd71b8f96fd9df7b7c4a459f797,bc7c062e3ce4f7992f66cd318027d5ed0ab3eed2fc203a486684da1e4117e907,lf-normalized
sde/apep_1117__v1.tex,apep_1117/v1/tables/tabF1_sde.tex,https://raw.githubusercontent.com/SocialCatalystLab/ape-papers/70c660ea5a7de722e9a12ad965e1c665890208d8/apep_1117/v1/tables/tabF1_sde.tex,14315fd72241b80b837d975def96c50a556639fb,528a13148a3cdd783b03c885154dd99f6ffaa897f2ccb3ec6f06666f5a8ae87d,lf-normalized
sde/apep_1120__v1.tex,apep_1120/v1/tables/tabF1_sde.tex,https://raw.githubusercontent.com/SocialCatalystLab/ape-papers/70c660ea5a7de722e9a12ad965e1c665890208d8/apep_1120/v1/tables/tabF1_sde.tex,edb9733e6f8ed50d20a248364338c84d1a402eb3,366708c10d67453f3bb9f9c4d93e3007b52aa0bb60aed8acb60f7ae6382e51ff,lf-normalized
sde/apep_1121__v1.tex,apep_1121/v1/tables/tabF1_sde.tex,https://raw.githubusercontent.com/SocialCatalystLab/ape-papers/70c660ea5a7de722e9a12ad965e1c665890208d8/apep_1121/v1/tables/tabF1_sde.tex,ef7feaccb0164cc7320f151dec70f04d9ac5f418,71c52c04dbde19982a611ee030569f227ef45e8dd429d2eec761de36fc25ccf7,lf-normalized
sde/apep_1122__v1.tex,apep_1122/v1/tables/tabF1_sde.tex,https://raw.githubusercontent.com/SocialCatalystLab/ape-papers/70c660ea5a7de722e9a12ad965e1c665890208d8/apep_1122/v1/tables/tabF1_sde.tex,c61c12228fd046f1a0e9212eebc2e87a3070faa5,168c2909d59c63eb532883757935b23b381784ab3b5e152de04b1881c4f48493,lf-normalized
sde/apep_1123__v1.tex,apep_1123/v1/tables/tabF1_sde.tex,https://raw.githubusercontent.com/SocialCatalystLab/ape-papers/70c660ea5a7de722e9a12ad965e1c665890208d8/apep_1123/v1/tables/tabF1_sde.tex,434adf21c10652f73e3895d642cf16bf407fb1d0,6cb7cafa887051f5923be40fb427ed8b9ba4bc95058464f9099dc3c3d9f1c43e,lf-normalized
sde/apep_1124__v1.tex,apep_1124/v1/tables/tabF1_sde.tex,https://raw.githubusercontent.com/SocialCatalystLab/ape-papers/70c660ea5a7de722e9a12ad965e1c665890208d8/apep_1124/v1/tables/tabF1_sde.tex,45bb3bbee980ca6ab08721ddd431340b958081dc,aba21fb1a58f23da7b4da649da559eb89a7e0b895b01119643cd112aee947b1f,lf-normalized
sde/apep_1125__v1.tex,apep_1125/v1/tables/tabF1_sde.tex,https://raw.githubusercontent.com/SocialCatalystLab/ape-papers/70c660ea5a7de722e9a12ad965e1c665890208d8/apep_1125/v1/tables/tabF1_sde.tex,468474e8fa188789c640f0f76e8287b8ca2b7ca8,d7385a9c9c5c7bf409bee47168425b91e60f968b1118b47e27c3e58f610be1d0,lf-normalized
sde/apep_1126__v1.tex,apep_1126/v1/tables/tabF1_sde.tex,https://raw.githubusercontent.com/SocialCatalystLab/ape-papers/70c660ea5a7de722e9a12ad965e1c665890208d8/apep_1126/v1/tables/tabF1_sde.tex,aeddc0752b63841b8b924a1d45945e5d8beda33a,ff18d5bffac1df52818f13163defe88b14b179ca7e0a7d4b7e678819b9a59978,lf-normalized
sde/apep_1127__v1.tex,apep_1127/v1/tables/tabF1_sde.tex,https://raw.githubusercontent.com/SocialCatalystLab/ape-papers/70c660ea5a7de722e9a12ad965e1c665890208d8/apep_1127/v1/tables/tabF1_sde.tex,a02dc0da55149c36734915b9e9eb0b3156fbd8e9,efe054d543b65c82f01cf4e79b04e615413f4d02e695225e1d8f49915462c2be,lf-normalized
sde/apep_1128__v1.tex,apep_1128/v1/tables/tabF1_sde.tex,https://raw.githubusercontent.com/SocialCatalystLab/ape-papers/70c660ea5a7de722e9a12ad965e1c665890208d8/apep_1128/v1/tables/tabF1_sde.tex,13375a0e37bb4a754fdc825d5d0c7226ab09df47,486ff8a845e1b60a83e35836d86d3d9e07b0c4a66a68643a97b269623cb93b15,lf-normalized
sde/apep_1129__v1.tex,apep_1129/v1/tables/tabF1_sde.tex,https://raw.githubusercontent.com/SocialCatalystLab/ape-papers/70c660ea5a7de722e9a12ad965e1c665890208d8/apep_1129/v1/tables/tabF1_sde.tex,25d38d3b19dba4df74e549ec019dd2bfaf196cc1,6df965e674d0922422882ce31d09fa4667b989756d71a82290f43a9eb608051a,lf-normalized
sde/apep_1130__v1.tex,apep_1130/v1/tables/tabF1_sde.tex,https://raw.githubusercontent.com/SocialCatalystLab/ape-papers/70c660ea5a7de722e9a12ad965e1c665890208d8/apep_1130/v1/tables/tabF1_sde.tex,6eef0b785984662bcacfe4543ac90896b49eda27,6a86c6e488da3341f89cd47bc3dbadb87fdf2a94d0c570387cfc01ba4772618b,lf-normalized
sde/apep_1131__v1.tex,apep_1131/v1/tables/tabF1_sde.tex,https://raw.githubusercontent.com/SocialCatalystLab/ape-papers/70c660ea5a7de722e9a12ad965e1c665890208d8/apep_1131/v1/tables/tabF1_sde.tex,83f14894b0255fd01a68e5428282ee19f142b46a,0b96b83caa491ad6adfe67680378b7f9691da98110afa58f3834bba8cee7e6f9,lf-normalized
sde/apep_1132__v1.tex,apep_1132/v1/tables/tabF1_sde.tex,https://raw.githubusercontent.com/SocialCatalystLab/ape-papers/70c660ea5a7de722e9a12ad965e1c665890208d8/apep_1132/v1/tables/tabF1_sde.tex,93f6cb261e99cc1e8eaf67747c4d7c8f5ba8029e,19706232ebedf977f9c36b1fe2f6c56a640002e19a973bb09c082a14c361425e,lf-normalized
sde/apep_1133__v1.tex,apep_1133/v1/tables/tabF1_sde.tex,https://raw.githubusercontent.com/SocialCatalystLab/ape-papers/70c660ea5a7de722e9a12ad965e1c665890208d8/apep_1133/v1/tables/tabF1_sde.tex,a65c16365daba9a6c372d3b1d86ccb97ef5f85a4,1e975bef6165cc4fcfc83786c0af3983ae304deb3e9d12ead8d049bf476156b4,lf-normalized
sde/apep_1134__v1.tex,apep_1134/v1/tables/tabF1_sde.tex,https://raw.githubusercontent.com/SocialCatalystLab/ape-papers/70c660ea5a7de722e9a12ad965e1c665890208d8/apep_1134/v1/tables/tabF1_sde.tex,8f6d91db4665310c01c2eef5f89d1c5f76137f22,64d6216578ea3647ac87c457e473d6f7c622d02d5b333ff78f40e1ddae9ccccf,lf-normalized
sde/apep_1135__v1.tex,apep_1135/v1/tables/tabF1_sde.tex,https://raw.githubusercontent.com/SocialCatalystLab/ape-papers/70c660ea5a7de722e9a12ad965e1c665890208d8/apep_1135/v1/tables/tabF1_sde.tex,5adedef1c4b1ac485e4c5789b231badd4044cb34,a67818c5fea32d7bfc9abed35294fd46631625a50f638ca1f382270840c2d91f,lf-normalized
sde/apep_1136__v1.tex,apep_1136/v1/tables/tabF1_sde.tex,https://raw.githubusercontent.com/SocialCatalystLab/ape-papers/70c660ea5a7de722e9a12ad965e1c665890208d8/apep_1136/v1/tables/tabF1_sde.tex,ff840c254d29c4da15db3f55107f19bbd84e225a,3818a45990889daacd2082b0daf7530bf8489d0461564316745c75a74a99fcb0,lf-normalized
sde/apep_1143__v1.tex,apep_1143/v1/tables/tabF1_sde.tex,https://raw.githubusercontent.com/SocialCatalystLab/ape-papers/70c660ea5a7de722e9a12ad965e1c665890208d8/apep_1143/v1/tables/tabF1_sde.tex,77662747afc525488e0eb919dc7875375e56730d,f1563ea1ed360c47e6761bcee72b67a18099ed48e92f6daad70021adfa452202,lf-normalized
sde/apep_1144__v1.tex,apep_1144/v1/tables/tabF1_sde.tex,https://raw.githubusercontent.com/SocialCatalystLab/ape-papers/70c660ea5a7de722e9a12ad965e1c665890208d8/apep_1144/v1/tables/tabF1_sde.tex,1f61654205ed53fb2cd290a214c1bea36efe4b22,a6ed647bf2f6247486bc78456bc49dda25febe1c705f3ff71dae8e3f0bc62400,lf-normalized
sde/apep_1146__v1.tex,apep_1146/v1/tables/tabF1_sde.tex,https://raw.githubusercontent.com/SocialCatalystLab/ape-papers/70c660ea5a7de722e9a12ad965e1c665890208d8/apep_1146/v1/tables/tabF1_sde.tex,4b4ca25eeeb55ed3b50c82a957c6e2be4999edc5,f21c1577c58eee503d07432d0a565ffa0661141f43e45b5435f9be7a045f476d,lf-normalized
sde/apep_1147__v1.tex,apep_1147/v1/tables/tabF1_sde.tex,https://raw.githubusercontent.com/SocialCatalystLab/ape-papers/70c660ea5a7de722e9a12ad965e1c665890208d8/apep_1147/v1/tables/tabF1_sde.tex,a8299751e9082e65e03e0ffc1ae7b43d087f77d9,d82cd938e5525d862f2127f625a0f127bd4b6a6f02d08c75d866bbb422ce0bee,lf-normalized
sde/apep_1148__v1.tex,apep_1148/v1/tables/tabF1_sde.tex,https://raw.githubusercontent.com/SocialCatalystLab/ape-papers/70c660ea5a7de722e9a12ad965e1c665890208d8/apep_1148/v1/tables/tabF1_sde.tex,2ec33e3473483da813179e0c7f3a06e1ed50b94d,e1f456257de0f36d23efdc386f92ae96bbd4c826c23e40aa565975b124f1d251,lf-normalized
sde/apep_1149__v1.tex,apep_1149/v1/tables/tabF1_sde.tex,https://raw.githubusercontent.com/SocialCatalystLab/ape-papers/70c660ea5a7de722e9a12ad965e1c665890208d8/apep_1149/v1/tables/tabF1_sde.tex,b0a962905bcdffa4bee60ecbe7a0d066737a3005,c2e0259b83bffac7f3988ca9a8d7c4a1637f3f6c082a5db55d9e607c3e832495,lf-normalized
sde/apep_1150__v1.tex,apep_1150/v1/tables/tabF1_sde.tex,https://raw.githubusercontent.com/SocialCatalystLab/ape-papers/70c660ea5a7de722e9a12ad965e1c665890208d8/apep_1150/v1/tables/tabF1_sde.tex,0ceac9d091308fe3b5f74e3b28f7fb50c681dde1,d90e8485b6f0e804b1ef3eba9de6b999729643962d0c0dc16e745c61a75bdc2a,lf-normalized
sde/apep_1152__v1.tex,apep_1152/v1/tables/tabF1_sde.tex,https://raw.githubusercontent.com/SocialCatalystLab/ape-papers/70c660ea5a7de722e9a12ad965e1c665890208d8/apep_1152/v1/tables/tabF1_sde.tex,f2511230d5c30816aa698c7f56bc428bc4032c3a,3f8defa4f19aaa4408fcfb77a0f505c8add800ae8ef22226ba1137da32eb3317,lf-normalized
sde/apep_1154__v1.tex,apep_1154/v1/tables/tabF1_sde.tex,https://raw.githubusercontent.com/SocialCatalystLab/ape-papers/70c660ea5a7de722e9a12ad965e1c665890208d8/apep_1154/v1/tables/tabF1_sde.tex,ec8fba2ef56290b37df190b849c0a9b6a57fefd7,b06b2f6b78a99fb8d7cd6b952ebca05f28c24fda581421d62f71b395dd34914d,lf-normalized
sde/apep_1155__v1.tex,apep_1155/v1/tables/tabF1_sde.tex,https://raw.githubusercontent.com/SocialCatalystLab/ape-papers/70c660ea5a7de722e9a12ad965e1c665890208d8/apep_1155/v1/tables/tabF1_sde.tex,e15cd981a54699e83da0dc84831b2b7e66e101e6,9f01813120fd15e0d4ad86241499c7b6fab7ada415a12a01c97770222bdbcec3,lf-normalized
sde/apep_1156__v1.tex,apep_1156/v1/tables/tabF1_sde.tex,https://raw.githubusercontent.com/SocialCatalystLab/ape-papers/70c660ea5a7de722e9a12ad965e1c665890208d8/apep_1156/v1/tables/tabF1_sde.tex,4a867ccc5b01b582f78c43fb7f484083f02a1a96,0ff9181e501fb019ad86f8a5c3dcc436eac680eb533688b2542b527d05bf402c,lf-normalized
sde/apep_1157__v1.tex,apep_1157/v1/tables/tabF1_sde.tex,https://raw.githubusercontent.com/SocialCatalystLab/ape-papers/70c660ea5a7de722e9a12ad965e1c665890208d8/apep_1157/v1/tables/tabF1_sde.tex,78e04d2542d47586561d9b385c718090c871f630,326fc286e7174aacbe3671210194cb719aee33e1b54c558543df91231ade3a2e,lf-normalized
sde/apep_1161__v1.tex,apep_1161/v1/tables/tabF1_sde.tex,https://raw.githubusercontent.com/SocialCatalystLab/ape-papers/70c660ea5a7de722e9a12ad965e1c665890208d8/apep_1161/v1/tables/tabF1_sde.tex,b10a04d1d1483e8ecc265a7767092d6ee3b06e11,31bb5c51e2642de367b146758fa0cdae9ea76bbf113d76b73f5992938548bbd9,lf-normalized
sde/apep_1162__v1.tex,apep_1162/v1/tables/tabF1_sde.tex,https://raw.githubusercontent.com/SocialCatalystLab/ape-papers/70c660ea5a7de722e9a12ad965e1c665890208d8/apep_1162/v1/tables/tabF1_sde.tex,18603c91283b6888fb3d1f6703e0cf919a67c176,301caa57bb234d5381894f41da060a7689a1b7a24f5c6920d93dc81b8d31ae36,lf-normalized
sde/apep_1163__v1.tex,apep_1163/v1/tables/tabF1_sde.tex,https://raw.githubusercontent.com/SocialCatalystLab/ape-papers/70c660ea5a7de722e9a12ad965e1c665890208d8/apep_1163/v1/tables/tabF1_sde.tex,d3bfd05bd48ac8ba44e1a020ab9db3d7269b124e,6a134a61a5d3b659e01416373cbea5e813b4880b18202711a571f6d34917cd01,lf-normalized
sde/apep_1164__v1.tex,apep_1164/v1/tables/tabF1_sde.tex,https://raw.githubusercontent.com/SocialCatalystLab/ape-papers/70c660ea5a7de722e9a12ad965e1c665890208d8/apep_1164/v1/tables/tabF1_sde.tex,62dc5ac5090eb16a95d5173181c3de169e677b50,a7c2c50bbadc77e23259cf2d75cd54660a35ed9c519e682a4d0b93c5577b8d9c,lf-normalized
sde/apep_1165__v1.tex,apep_1165/v1/tables/tabF1_sde.tex,https://raw.githubusercontent.com/SocialCatalystLab/ape-papers/70c660ea5a7de722e9a12ad965e1c665890208d8/apep_1165/v1/tables/tabF1_sde.tex,3545c05b958f2da6e327c564b93b0d4873f96323,57c06cb451035f879831357ede48dc2c193514c0abef41547bef88695f0e414a,lf-normalized
sde/apep_1166__v1.tex,apep_1166/v1/tables/tabF1_sde.tex,https://raw.githubusercontent.com/SocialCatalystLab/ape-papers/70c660ea5a7de722e9a12ad965e1c665890208d8/apep_1166/v1/tables/tabF1_sde.tex,bd95185b757bc6f7303835c33d5918d930fda52d,f78289a79bbaba302ba7049f3f2d480a4fa9f15304cddde28ba41409d1560a51,lf-normalized
sde/apep_1167__v1.tex,apep_1167/v1/tables/tabF1_sde.tex,https://raw.githubusercontent.com/SocialCatalystLab/ape-papers/70c660ea5a7de722e9a12ad965e1c665890208d8/apep_1167/v1/tables/tabF1_sde.tex,a7086ee3a1ae25622f9050447ac4bdcde64beccc,0e4eb6ce802c35ea680ea7931d40ccf2a6954bd5b67c762936229ef2184a2d10,lf-normalized
sde/apep_1168__v1.tex,apep_1168/v1/tables/tabF1_sde.tex,https://raw.githubusercontent.com/SocialCatalystLab/ape-papers/70c660ea5a7de722e9a12ad965e1c665890208d8/apep_1168/v1/tables/tabF1_sde.tex,3547ad2c343a9c649ca3525fcde6b8ce9f18461b,7ff74698f82c5917ff9cae0a7a55511cb8705f7e6c9003870473bdf9560cd301,lf-normalized
sde/apep_1169__v1.tex,apep_1169/v1/tables/tabF1_sde.tex,https://raw.githubusercontent.com/SocialCatalystLab/ape-papers/70c660ea5a7de722e9a12ad965e1c665890208d8/apep_1169/v1/tables/tabF1_sde.tex,c3cc45e150ea251bacb01f21409d478afdfcc61c,73ff8639263eb97905b3aec3a01211604837a297c3c00cd2910838d43d2c7d9f,lf-normalized
sde/apep_1170__v1.tex,apep_1170/v1/tables/tabF1_sde.tex,https://raw.githubusercontent.com/SocialCatalystLab/ape-papers/70c660ea5a7de722e9a12ad965e1c665890208d8/apep_1170/v1/tables/tabF1_sde.tex,62dc5ac5090eb16a95d5173181c3de169e677b50,a7c2c50bbadc77e23259cf2d75cd54660a35ed9c519e682a4d0b93c5577b8d9c,lf-normalized
sde/apep_1171__v1.tex,apep_1171/v1/tables/tabF1_sde.tex,https://raw.githubusercontent.com/SocialCatalystLab/ape-papers/70c660ea5a7de722e9a12ad965e1c665890208d8/apep_1171/v1/tables/tabF1_sde.tex,62dc5ac5090eb16a95d5173181c3de169e677b50,a7c2c50bbadc77e23259cf2d75cd54660a35ed9c519e682a4d0b93c5577b8d9c,lf-normalized
sde/apep_1172__v1.tex,apep_1172/v1/tables/tabF1_sde.tex,https://raw.githubusercontent.com/SocialCatalystLab/ape-papers/70c660ea5a7de722e9a12ad965e1c665890208d8/apep_1172/v1/tables/tabF1_sde.tex,461b7d76945d602cb700491c3189b3e07a56c95a,2e7f825e02221acce79d3520f48a654a9ac897268023d7debe82a547edf6500a,lf-normalized
sde/apep_1173__v1.tex,apep_1173/v1/tables/tabF1_sde.tex,https://raw.githubusercontent.com/SocialCatalystLab/ape-papers/70c660ea5a7de722e9a12ad965e1c665890208d8/apep_1173/v1/tables/tabF1_sde.tex,656e160315a70c54b466ab8c2a6bac76fa6955d1,f231c44195ed5d04036133cedc236127f86d7b8df18a52a1fd2584bba2a16bbd,lf-normalized
sde/apep_1174__v1.tex,apep_1174/v1/tables/tabF1_sde.tex,https://raw.githubusercontent.com/SocialCatalystLab/ape-papers/70c660ea5a7de722e9a12ad965e1c665890208d8/apep_1174/v1/tables/tabF1_sde.tex,56b165d6b8423df5b1bca722a08662843e2dc32e,be4ef68a8b071e12bf08b43c75a68f074559bd309c40f662286e2d3255af9275,lf-normalized
sde/apep_1175__v1.tex,apep_1175/v1/tables/tabF1_sde.tex,https://raw.githubusercontent.com/SocialCatalystLab/ape-papers/70c660ea5a7de722e9a12ad965e1c665890208d8/apep_1175/v1/tables/tabF1_sde.tex,1eeda502ef6a7241d603823cc6674f84cbaa837a,c8ba420fa98ee3ecb2160198d5617d9591a5a13542b1392a6c780b37c38caa6b,lf-normalized
sde/apep_1176__v1.tex,apep_1176/v1/tables/tabF1_sde.tex,https://raw.githubusercontent.com/SocialCatalystLab/ape-papers/70c660ea5a7de722e9a12ad965e1c665890208d8/apep_1176/v1/tables/tabF1_sde.tex,4c8ff8dd5e59225d2d7a5f30f8bc419be2281e72,4a35502403fef796ce67ed72768ff7bddb8322d3d4acd42e39a0100ecfcd3d99,lf-normalized
sde/apep_1177__v1.tex,apep_1177/v1/tables/tabF1_sde.tex,https://raw.githubusercontent.com/SocialCatalystLab/ape-papers/70c660ea5a7de722e9a12ad965e1c665890208d8/apep_1177/v1/tables/tabF1_sde.tex,5c7eeac34860116c7794af828220512c2fe00deb,0fba19365ee2e4ff1286bf5a5cf9f5169fa516159ba16609089f2c2bab9b59b3,lf-normalized
sde/apep_1177__v2.tex,apep_1177/v2/tables/tabF1_sde.tex,https://raw.githubusercontent.com/SocialCatalystLab/ape-papers/70c660ea5a7de722e9a12ad965e1c665890208d8/apep_1177/v2/tables/tabF1_sde.tex,ffda79b203ef89683c1945cc4777ed24af64a56f,6842189c75c67f7ca017396899298d05ed3dfe5ffbe545a60da4c6526bef1643,lf-normalized
sde/apep_1178__v1.tex,apep_1178/v1/tables/tabF1_sde.tex,https://raw.githubusercontent.com/SocialCatalystLab/ape-papers/70c660ea5a7de722e9a12ad965e1c665890208d8/apep_1178/v1/tables/tabF1_sde.tex,588412a15dab478c147b82fdae270c86c1876573,e95253b0f3649588ba191d1b6fd02273bc206a90fb0b6a0b7253afd315a0c0aa,lf-normalized
sde/apep_1179__v1.tex,apep_1179/v1/tables/tabF1_sde.tex,https://raw.githubusercontent.com/SocialCatalystLab/ape-papers/70c660ea5a7de722e9a12ad965e1c665890208d8/apep_1179/v1/tables/tabF1_sde.tex,b269ee537ce7479548c0ff9dbb98e0aa4457b472,befc98667471db922ac906e1f12664db49b3c8d815288a0314b467b26cb9965e,lf-normalized
sde/apep_1180__v1.tex,apep_1180/v1/tables/tabF1_sde.tex,https://raw.githubusercontent.com/SocialCatalystLab/ape-papers/70c660ea5a7de722e9a12ad965e1c665890208d8/apep_1180/v1/tables/tabF1_sde.tex,9b258cb1e34a9672f277bf1ed5c1b9c49ea18bad,2e324c15ecd88cf9ee75d79ee0e409da130ec10416f970cbc9dbfa7cdae494cb,lf-normalized
sde/apep_1181__v1.tex,apep_1181/v1/tables/tabF1_sde.tex,https://raw.githubusercontent.com/SocialCatalystLab/ape-papers/70c660ea5a7de722e9a12ad965e1c665890208d8/apep_1181/v1/tables/tabF1_sde.tex,2a112e218ac2da87585b33b9e26209e3ad575c8c,f354768e6c86f7b01f3de22f07a0fa43795cc91837f8e8c3efadda59cf774abf,lf-normalized
sde/apep_1182__v1.tex,apep_1182/v1/tables/tabF1_sde.tex,https://raw.githubusercontent.com/SocialCatalystLab/ape-papers/70c660ea5a7de722e9a12ad965e1c665890208d8/apep_1182/v1/tables/tabF1_sde.tex,442104d0ad931803baab386f7757772627b562ee,63bca75780bff9a3a1e533bdfc36567b4431152ee85e0a82de6981f914494229,lf-normalized
sde/apep_1183__v1.tex,apep_1183/v1/tables/tabF1_sde.tex,https://raw.githubusercontent.com/SocialCatalystLab/ape-papers/70c660ea5a7de722e9a12ad965e1c665890208d8/apep_1183/v1/tables/tabF1_sde.tex,c8bcd7e92534ecb3c52ec27fca6cacab4deae9e0,2b6bfdabb1f68a2b4512490407ece37ad398e0b8fc8f3dc95c7b66573e5898f8,lf-normalized
sde/apep_1184__v1.tex,apep_1184/v1/tables/tabF1_sde.tex,https://raw.githubusercontent.com/SocialCatalystLab/ape-papers/70c660ea5a7de722e9a12ad965e1c665890208d8/apep_1184/v1/tables/tabF1_sde.tex,93f7188a891179435d8bc5112d121368b83eadfa,ff966c4363675ed67f109896c969568feb67b48fee3144a64212a0b527ca12f6,lf-normalized
sde/apep_1185__v1.tex,apep_1185/v1/tables/tabF1_sde.tex,https://raw.githubusercontent.com/SocialCatalystLab/ape-papers/70c660ea5a7de722e9a12ad965e1c665890208d8/apep_1185/v1/tables/tabF1_sde.tex,36fe1fec2b9661fd944c260877e152f86d012e3d,d1091fe752eefd5708101c5683983c14417c72ba9b0a0b2abd3cc6a32af45345,lf-normalized
sde/apep_1186__v1.tex,apep_1186/v1/tables/tabF1_sde.tex,https://raw.githubusercontent.com/SocialCatalystLab/ape-papers/70c660ea5a7de722e9a12ad965e1c665890208d8/apep_1186/v1/tables/tabF1_sde.tex,74486839a48632152815db464d0b8ea5f1c07c72,05091c265470a83ba0297ad3a14d516110990ef8c20066c28fad0788105bd1b0,lf-normalized
sde/apep_1187__v1.tex,apep_1187/v1/tables/tabF1_sde.tex,https://raw.githubusercontent.com/SocialCatalystLab/ape-papers/70c660ea5a7de722e9a12ad965e1c665890208d8/apep_1187/v1/tables/tabF1_sde.tex,5065a4b62961eb304ccde3de11225ee19db96967,89b8b6dcf4a7279360a128680a52156085f85eb4204c27f3aea85de7afc940e9,lf-normalized
sde/apep_1188__v1.tex,apep_1188/v1/tables/tabF1_sde.tex,https://raw.githubusercontent.com/SocialCatalystLab/ape-papers/70c660ea5a7de722e9a12ad965e1c665890208d8/apep_1188/v1/tables/tabF1_sde.tex,7da0efb0f94f6dd77627d0921cfc322b8c3a47c7,fab9c8aafada03eff76c724c36ffba529c788a14157860583a1ab490fbb21415,lf-normalized
sde/apep_1190__v1.tex,apep_1190/v1/tables/tabF1_sde.tex,https://raw.githubusercontent.com/SocialCatalystLab/ape-papers/70c660ea5a7de722e9a12ad965e1c665890208d8/apep_1190/v1/tables/tabF1_sde.tex,fb0616f211d75381a2721cf41a74f9f251255cf2,e9e659d9b55586916d43f2b269c549631b5a2f35dc643c9cc8302945673dce05,lf-normalized
sde/apep_1192__v1.tex,apep_1192/v1/tables/tabF1_sde.tex,https://raw.githubusercontent.com/SocialCatalystLab/ape-papers/70c660ea5a7de722e9a12ad965e1c665890208d8/apep_1192/v1/tables/tabF1_sde.tex,de882e96a6100bd5ba270e174f625e7d1951d678,ca8a8310a975fc0e961341559de48985772522670b9eb98fd0f861e156922975,lf-normalized
sde/apep_1194__v1.tex,apep_1194/v1/tables/tabF1_sde.tex,https://raw.githubusercontent.com/SocialCatalystLab/ape-papers/70c660ea5a7de722e9a12ad965e1c665890208d8/apep_1194/v1/tables/tabF1_sde.tex,6740f94d35526c63ae17a1f5efa05342980ec527,8173770851022c6f6c401f44b1c408cac4394f791199bb5314dd9b464aa1dc87,lf-normalized
sde/apep_1197__v1.tex,apep_1197/v1/tables/tabF1_sde.tex,https://raw.githubusercontent.com/SocialCatalystLab/ape-papers/70c660ea5a7de722e9a12ad965e1c665890208d8/apep_1197/v1/tables/tabF1_sde.tex,c8bcd7e92534ecb3c52ec27fca6cacab4deae9e0,2b6bfdabb1f68a2b4512490407ece37ad398e0b8fc8f3dc95c7b66573e5898f8,lf-normalized
sde/apep_1198__v1.tex,apep_1198/v1/tables/tabF1_sde.tex,https://raw.githubusercontent.com/SocialCatalystLab/ape-papers/70c660ea5a7de722e9a12ad965e1c665890208d8/apep_1198/v1/tables/tabF1_sde.tex,7981f12acd6eb0f342ba9a74efb30c1274439dd9,b8e6ca8bae9d4b0bfcc57892f12c71434ef2d2880503562382180a1b0362f9ba,lf-normalized
sde/apep_1199__v1.tex,apep_1199/v1/tables/tabF1_sde.tex,https://raw.githubusercontent.com/SocialCatalystLab/ape-papers/70c660ea5a7de722e9a12ad965e1c665890208d8/apep_1199/v1/tables/tabF1_sde.tex,7e7c198dce209e31565ad40b7957ce70242a6f27,19309bf9c0195d828670330604af0ab6898cf57fdfd15ce8cc119d22e56024b6,lf-normalized
sde/apep_1200__v1.tex,apep_1200/v1/tables/tabF1_sde.tex,https://raw.githubusercontent.com/SocialCatalystLab/ape-papers/70c660ea5a7de722e9a12ad965e1c665890208d8/apep_1200/v1/tables/tabF1_sde.tex,1edce642894a1808db27923e4f3c78d8dbe2d59e,c5819488515fbb54dcc20419ed3a51dedec7f438fc5d8b389249a3b97e8a6932,lf-normalized
sde/apep_1201__v1.tex,apep_1201/v1/tables/tabF1_sde.tex,https://raw.githubusercontent.com/SocialCatalystLab/ape-papers/70c660ea5a7de722e9a12ad965e1c665890208d8/apep_1201/v1/tables/tabF1_sde.tex,d683d1ce62da740ab7476187136f8a2e2e1a311b,042c8ea6a51e342a292aa2614a1f58f0a9e3aa15a145c11036475adeba5315d2,lf-normalized
sde/apep_1202__v1.tex,apep_1202/v1/tables/tabF1_sde.tex,https://raw.githubusercontent.com/SocialCatalystLab/ape-papers/70c660ea5a7de722e9a12ad965e1c665890208d8/apep_1202/v1/tables/tabF1_sde.tex,b35a7626f4f57e4e6dab904413a5d5a38f904ec7,22da5b5ba85d45906b57665dbfc8893e3ea337f3f5aa63f4440ac3d32503693a,lf-normalized
sde/apep_1203__v1.tex,apep_1203/v1/tables/tabF1_sde.tex,https://raw.githubusercontent.com/SocialCatalystLab/ape-papers/70c660ea5a7de722e9a12ad965e1c665890208d8/apep_1203/v1/tables/tabF1_sde.tex,ea3325f9f36c356e333015266d3ffe6c2dc58b1f,2fa430fe5c678a24b4845d4d8b92427ec1915f035f329b59c3180b96345bf157,lf-normalized
sde/apep_1204__v1.tex,apep_1204/v1/tables/tabF1_sde.tex,https://raw.githubusercontent.com/SocialCatalystLab/ape-papers/70c660ea5a7de722e9a12ad965e1c665890208d8/apep_1204/v1/tables/tabF1_sde.tex,50f29c90ced73e5bf05847451f87a2eb58d06ae2,b1ddbf411da2ec26cd8f25937f0128bf92e52e1a054c4c24831207ad690b4557,lf-normalized
sde/apep_1206__v1.tex,apep_1206/v1/tables/tabF1_sde.tex,https://raw.githubusercontent.com/SocialCatalystLab/ape-papers/70c660ea5a7de722e9a12ad965e1c665890208d8/apep_1206/v1/tables/tabF1_sde.tex,cc736bdd5f4891f34b7563f1e3b8163b43b15a64,c3a582e1c0d3d15a981aa13da118e5c75775acf0b1c1fa5bb5a4001f5e1b1fad,lf-normalized
sde/apep_1207__v1.tex,apep_1207/v1/tables/tabF1_sde.tex,https://raw.githubusercontent.com/SocialCatalystLab/ape-papers/70c660ea5a7de722e9a12ad965e1c665890208d8/apep_1207/v1/tables/tabF1_sde.tex,269f8aa688a42563e0cc2ec479f01c97ac7154c5,a827bb2295c0fbb23186be86d320705dd6d00d2693ce6e0452ff6784537cc59d,lf-normalized
sde/apep_1208__v1.tex,apep_1208/v1/tables/tabF1_sde.tex,https://raw.githubusercontent.com/SocialCatalystLab/ape-papers/70c660ea5a7de722e9a12ad965e1c665890208d8/apep_1208/v1/tables/tabF1_sde.tex,ff4145ca53279c497c000d37397430301e0a5c3a,8ea57fddfa299f811c782497518e64080b8b1fb3001547c695d3f0781eaaa5c0,lf-normalized
sde/apep_1209__v1.tex,apep_1209/v1/tables/tabF1_sde.tex,https://raw.githubusercontent.com/SocialCatalystLab/ape-papers/70c660ea5a7de722e9a12ad965e1c665890208d8/apep_1209/v1/tables/tabF1_sde.tex,0b4c295a690c0c505061e7d2bba09efa11a0de46,13446143679fd881667528c379a733a1a7478f1cb6f7ba06590f06d92ded090e,lf-normalized
sde/apep_1211__v1.tex,apep_1211/v1/tables/tabF1_sde.tex,https://raw.githubusercontent.com/SocialCatalystLab/ape-papers/70c660ea5a7de722e9a12ad965e1c665890208d8/apep_1211/v1/tables/tabF1_sde.tex,830e3662ed61708cb008f4e54adf46bf74c247d3,e85df8b61c1c5d6c8de5c31ab087f7e2fa20065a859bac16a1cfbd798647932b,lf-normalized
sde/apep_1212__v1.tex,apep_1212/v1/tables/tabF1_sde.tex,https://raw.githubusercontent.com/SocialCatalystLab/ape-papers/70c660ea5a7de722e9a12ad965e1c665890208d8/apep_1212/v1/tables/tabF1_sde.tex,79645f550a7938a2e37188b8ad9e6786945240fc,23600a3069f75d2c104e6be7af234dfb1e0e4f9dde9fb4e3d40b00bec08f27c6,lf-normalized
sde/apep_1213__v1.tex,apep_1213/v1/tables/tabF1_sde.tex,https://raw.githubusercontent.com/SocialCatalystLab/ape-papers/70c660ea5a7de722e9a12ad965e1c665890208d8/apep_1213/v1/tables/tabF1_sde.tex,109b5d9774b842d7395afc8d1093d3726e8c86c3,65907071a51cb9277629cdea9393d03afc1b8b62cc1d18a45a10c46ab1985463,lf-normalized
sde/apep_1214__v1.tex,apep_1214/v1/tables/tabF1_sde.tex,https://raw.githubusercontent.com/SocialCatalystLab/ape-papers/70c660ea5a7de722e9a12ad965e1c665890208d8/apep_1214/v1/tables/tabF1_sde.tex,f567866ca913a247dd27ab6d6a90a25a4cfc5709,e22ca89cc522cd7c5fa2d587fe52efded7c4b8506fa9cd51f501b4d4fff25fb8,lf-normalized
sde/apep_1215__v1.tex,apep_1215/v1/tables/tabF1_sde.tex,https://raw.githubusercontent.com/SocialCatalystLab/ape-papers/70c660ea5a7de722e9a12ad965e1c665890208d8/apep_1215/v1/tables/tabF1_sde.tex,5f5219fe30f6144a8d685538577bd0cdda53fbb9,a93505ed0564a9a76216c799869f05cb45e794c06d4ea6954822335deca9d0cb,lf-normalized
sde/apep_1220__v1.tex,apep_1220/v1/tables/tabF1_sde.tex,https://raw.githubusercontent.com/SocialCatalystLab/ape-papers/70c660ea5a7de722e9a12ad965e1c665890208d8/apep_1220/v1/tables/tabF1_sde.tex,6a44494158ceff09677bfa76737bb2eb7cabb4d3,5a9664fb67d0fa0c04575958e5af2f2bc9ae5ca5625fa07b4cfdbdc62ceee9fe,lf-normalized
sde/apep_1221__v1.tex,apep_1221/v1/tables/tabF1_sde.tex,https://raw.githubusercontent.com/SocialCatalystLab/ape-papers/70c660ea5a7de722e9a12ad965e1c665890208d8/apep_1221/v1/tables/tabF1_sde.tex,36a30bae7a86f7bb2e07473e2fb3b35e3947cc3f,a15b5ceae59657e4e7e9d03676e4a1086ca9d54763002ac0b2659bf56662e6e0,lf-normalized
sde/apep_1222__v1.tex,apep_1222/v1/tables/tabF1_sde.tex,https://raw.githubusercontent.com/SocialCatalystLab/ape-papers/70c660ea5a7de722e9a12ad965e1c665890208d8/apep_1222/v1/tables/tabF1_sde.tex,add0046fb8dbd1a3e0c1e025db87f45ecc90617f,89fcb480670c3e10d99fca8fed7cd102820dd0ca0fe8f3c1d0b3d55aa2854b4f,lf-normalized
sde/apep_1223__v1.tex,apep_1223/v1/tables/tabF1_sde.tex,https://raw.githubusercontent.com/SocialCatalystLab/ape-papers/70c660ea5a7de722e9a12ad965e1c665890208d8/apep_1223/v1/tables/tabF1_sde.tex,91f10c9411b4c1a9cbf9e1adf337b4e89a1450d0,67484b7a0c3f5e48905ec6db91d32f7504c6d6e257e3b0f68a271978dda4fdf1,lf-normalized
sde/apep_1225__v1.tex,apep_1225/v1/tables/tabF1_sde.tex,https://raw.githubusercontent.com/SocialCatalystLab/ape-papers/70c660ea5a7de722e9a12ad965e1c665890208d8/apep_1225/v1/tables/tabF1_sde.tex,3fa4e040ac5040006316c450183793393501cf17,6363b48d8bbf2e1d14499855c6d275cfedef0348ebb8b6a57fd4bbfd6fdc7469,lf-normalized
sde/apep_1227__v1.tex,apep_1227/v1/tables/tabF1_sde.tex,https://raw.githubusercontent.com/SocialCatalystLab/ape-papers/70c660ea5a7de722e9a12ad965e1c665890208d8/apep_1227/v1/tables/tabF1_sde.tex,ffb86dafa439f627e5b8220e74e3afcbd9c43179,243b6a3c4728c83f6435d83605d77def29a3e1bbc650698b2e8aab426bb951a7,lf-normalized
sde/apep_1228__v1.tex,apep_1228/v1/tables/tabF1_sde.tex,https://raw.githubusercontent.com/SocialCatalystLab/ape-papers/70c660ea5a7de722e9a12ad965e1c665890208d8/apep_1228/v1/tables/tabF1_sde.tex,ffcced040389abaac714cf6ecbc3eabd0dad7fbc,6961a4f0752a8dc4b73875117ef141b67c8b8263b33109ecb73eaf55c64598cd,lf-normalized
sde/apep_1229__v1.tex,apep_1229/v1/tables/tabF1_sde.tex,https://raw.githubusercontent.com/SocialCatalystLab/ape-papers/70c660ea5a7de722e9a12ad965e1c665890208d8/apep_1229/v1/tables/tabF1_sde.tex,eeb7eabe09a433c5ddfbe1053b08b8d9abd83a49,beb75ab15d9caa3da6d2f5df2a4e9f642ec46af4595178a3d86be767465529fb,lf-normalized
sde/apep_1230__v1.tex,apep_1230/v1/tables/tabF1_sde.tex,https://raw.githubusercontent.com/SocialCatalystLab/ape-papers/70c660ea5a7de722e9a12ad965e1c665890208d8/apep_1230/v1/tables/tabF1_sde.tex,b048069d52b8df8992cbcf042a9f5b59ab253d4f,6dc3342d44970a828767b3f0bf9afaf1a277c44530b0738de39d590ecd372164,lf-normalized
sde/apep_1232__v1.tex,apep_1232/v1/tables/tabF1_sde.tex,https://raw.githubusercontent.com/SocialCatalystLab/ape-papers/70c660ea5a7de722e9a12ad965e1c665890208d8/apep_1232/v1/tables/tabF1_sde.tex,93c0768ef206475495c975336f4beae6b1162f8d,683e24c12e3a0c15154fc3eae47da3f4eb27a5fd4f3ee8c2318449c7917689a5,lf-normalized
sde/apep_1234__v1.tex,apep_1234/v1/tables/tabF1_sde.tex,https://raw.githubusercontent.com/SocialCatalystLab/ape-papers/70c660ea5a7de722e9a12ad965e1c665890208d8/apep_1234/v1/tables/tabF1_sde.tex,f3268934d8fcd3e346ef3e4dbfc396df7c8c4c5e,405416a68cf3c2585ed32c712b6ea20a2ca76d327459affdad987e2c59c88fbf,lf-normalized
sde/apep_1235__v1.tex,apep_1235/v1/tables/tabF1_sde.tex,https://raw.githubusercontent.com/SocialCatalystLab/ape-papers/70c660ea5a7de722e9a12ad965e1c665890208d8/apep_1235/v1/tables/tabF1_sde.tex,35599ca9d9ebe66099c98c9bb98f9d74fc414b83,0b0ac0dfc50a0e1257e005a6c40fcd90ab445d6a2e1c504187a115d49479771d,lf-normalized
sde/apep_1236__v1.tex,apep_1236/v1/tables/tabF1_sde.tex,https://raw.githubusercontent.com/SocialCatalystLab/ape-papers/70c660ea5a7de722e9a12ad965e1c665890208d8/apep_1236/v1/tables/tabF1_sde.tex,6de22970e8a333cf087d218585d1cb05119a4b5f,7b298e263f15176e4fd064c89b5b90f6be3001753b71f2b160a46727aee1fc33,lf-normalized
sde/apep_1237__v1.tex,apep_1237/v1/tables/tabF1_sde.tex,https://raw.githubusercontent.com/SocialCatalystLab/ape-papers/70c660ea5a7de722e9a12ad965e1c665890208d8/apep_1237/v1/tables/tabF1_sde.tex,59d5376aeb8d95a8bc879ae64e98182cebc8cadb,a686571bcb9a8e8ed4c17bbf665bd9710d904e0f411a0ebc228e79a6eb98865a,lf-normalized
sde/apep_1238__v1.tex,apep_1238/v1/tables/tabF1_sde.tex,https://raw.githubusercontent.com/SocialCatalystLab/ape-papers/70c660ea5a7de722e9a12ad965e1c665890208d8/apep_1238/v1/tables/tabF1_sde.tex,48475dc371389cccbaf5854c3b21318d87e763fe,0dc5d16fe044278b5cf1b93b1db260297f59deeaab640bbeca75aedb6235612a,lf-normalized
sde/apep_1239__v1.tex,apep_1239/v1/tables/tabF1_sde.tex,https://raw.githubusercontent.com/SocialCatalystLab/ape-papers/70c660ea5a7de722e9a12ad965e1c665890208d8/apep_1239/v1/tables/tabF1_sde.tex,f37dff6f34058a7b486f3a321af50750cba402a4,3e1aded76c60aa3efc99d0bec80086f2077b757552cdb12c59b06483bbd9943b,lf-normalized
sde/apep_1240__v1.tex,apep_1240/v1/tables/tabF1_sde.tex,https://raw.githubusercontent.com/SocialCatalystLab/ape-papers/70c660ea5a7de722e9a12ad965e1c665890208d8/apep_1240/v1/tables/tabF1_sde.tex,b731d4bbb604e7e2d0aa9586a8b06b4392580b1e,64d2e745feb479e72895c706d3dd23d9a7873016defa4a304b7fb5121efbcc43,lf-normalized
sde/apep_1241__v1.tex,apep_1241/v1/tables/tabF1_sde.tex,https://raw.githubusercontent.com/SocialCatalystLab/ape-papers/70c660ea5a7de722e9a12ad965e1c665890208d8/apep_1241/v1/tables/tabF1_sde.tex,53f66fa60beac040deee835a1f6a741a3824c3c5,35509f57f46d8812b8abe2cd194d2d326f75b2f15f7020142250ab56a5b6df10,lf-normalized
sde/apep_1242__v1.tex,apep_1242/v1/tables/tabF1_sde.tex,https://raw.githubusercontent.com/SocialCatalystLab/ape-papers/70c660ea5a7de722e9a12ad965e1c665890208d8/apep_1242/v1/tables/tabF1_sde.tex,b4632d75710d948de55154a06184e93795474e6a,b5a611ce934d1ecdfde33f3eace42fa325df1de93f835547a66130bf6f3d44af,lf-normalized
sde/apep_1243__v1.tex,apep_1243/v1/tables/tabF1_sde.tex,https://raw.githubusercontent.com/SocialCatalystLab/ape-papers/70c660ea5a7de722e9a12ad965e1c665890208d8/apep_1243/v1/tables/tabF1_sde.tex,9ab32e03ad44e6193eb1485b889f9b1eea0c1ac9,41b90a1752bf04bb0e7eb23223ae7372d238457ebbab32ba1b3749dcfd6d4ddd,lf-normalized
sde/apep_1244__v1.tex,apep_1244/v1/tables/tabF1_sde.tex,https://raw.githubusercontent.com/SocialCatalystLab/ape-papers/70c660ea5a7de722e9a12ad965e1c665890208d8/apep_1244/v1/tables/tabF1_sde.tex,930f6cce67b2d6ed2e8c89e08e70e6311dc2ccd5,c432afacc7bec72e47903291097c019fd12240741504ac2bb1c6f53baa43a8bb,lf-normalized
sde/apep_1245__v1.tex,apep_1245/v1/tables/tabF1_sde.tex,https://raw.githubusercontent.com/SocialCatalystLab/ape-papers/70c660ea5a7de722e9a12ad965e1c665890208d8/apep_1245/v1/tables/tabF1_sde.tex,f8ac8f560e1182b1d38df2515245a4dbe4dd72c0,26a46dacfc8a995ef8b72e0852bddbfae4e2e6fc871e1d0e4086d3940331544b,lf-normalized
sde/apep_1246__v1.tex,apep_1246/v1/tables/tabF1_sde.tex,https://raw.githubusercontent.com/SocialCatalystLab/ape-papers/70c660ea5a7de722e9a12ad965e1c665890208d8/apep_1246/v1/tables/tabF1_sde.tex,a8740992edd2447c019eee8882a24bcd346e7df6,be03a2f2f9ad0e0a8852601cde549722603144e5ab5e4851bb035a9fc11de45b,lf-normalized
sde/apep_1247__v1.tex,apep_1247/v1/tables/tabF1_sde.tex,https://raw.githubusercontent.com/SocialCatalystLab/ape-papers/70c660ea5a7de722e9a12ad965e1c665890208d8/apep_1247/v1/tables/tabF1_sde.tex,8fa2267954efb9f0a66eb72bed9062e383f538e6,9f3f157b994f0a3de9b3f51a9c4e567de3c86683c971845252fa25fa129e0aeb,lf-normalized
sde/apep_1248__v1.tex,apep_1248/v1/tables/tabF1_sde.tex,https://raw.githubusercontent.com/SocialCatalystLab/ape-papers/70c660ea5a7de722e9a12ad965e1c665890208d8/apep_1248/v1/tables/tabF1_sde.tex,64f2a7bc6f4803c3f73d822c1b8b796bd532f6e1,d3ccb2b2a4d6e2a2e7063799a0568a2122c3320df20904aa67c2e5f45bb2c02d,lf-normalized
sde/apep_1249__v1.tex,apep_1249/v1/tables/tabF1_sde.tex,https://raw.githubusercontent.com/SocialCatalystLab/ape-papers/70c660ea5a7de722e9a12ad965e1c665890208d8/apep_1249/v1/tables/tabF1_sde.tex,346d391d258a0a1c1ee42167bbc3ae2f0e2e02da,16c8e3d904f51ec4a566374d47cde496de87ae85cd8d6bc3bfc037564d0c138f,lf-normalized
sde/apep_1250__v1.tex,apep_1250/v1/tables/tabF1_sde.tex,https://raw.githubusercontent.com/SocialCatalystLab/ape-papers/70c660ea5a7de722e9a12ad965e1c665890208d8/apep_1250/v1/tables/tabF1_sde.tex,2eb74044515c03338d544e787461df7cf5f392a6,db2ebb002c138439ce0ab999c4083c2b15415abfa36ea37520d995aa6268ee9d,lf-normalized
sde/apep_1251__v1.tex,apep_1251/v1/tables/tabF1_sde.tex,https://raw.githubusercontent.com/SocialCatalystLab/ape-papers/70c660ea5a7de722e9a12ad965e1c665890208d8/apep_1251/v1/tables/tabF1_sde.tex,e9e657734150fdd935d3bae819c97f594bc0d088,42792d873e7ce78c3d1280107ad3193a1516deb214b5ffca711206f158b61464,lf-normalized
sde/apep_1253__v1.tex,apep_1253/v1/tables/tabF1_sde.tex,https://raw.githubusercontent.com/SocialCatalystLab/ape-papers/70c660ea5a7de722e9a12ad965e1c665890208d8/apep_1253/v1/tables/tabF1_sde.tex,b7352200a408b54cf95e3f9f17ca252eff8fd66e,60aa07e149837abdfff47c63a68af35284c979081460288fd7c9f479986e30a3,lf-normalized
sde/apep_1254__v1.tex,apep_1254/v1/tables/tabF1_sde.tex,https://raw.githubusercontent.com/SocialCatalystLab/ape-papers/70c660ea5a7de722e9a12ad965e1c665890208d8/apep_1254/v1/tables/tabF1_sde.tex,39951e8cde0e953a9673ead5af79d41d8d7c52af,bc299ec9d48ced33381b7d3a6e8d1083ea9dc9656a179f791ed005649c5c4a2a,lf-normalized
sde/apep_1261__v1.tex,apep_1261/v1/tables/tabF1_sde.tex,https://raw.githubusercontent.com/SocialCatalystLab/ape-papers/70c660ea5a7de722e9a12ad965e1c665890208d8/apep_1261/v1/tables/tabF1_sde.tex,2e0dcefcfa9921cfc6c4271e33e02bd1cedf7e38,e8922acd3320d7bbe1307bc88478b9747f908352650307e07c12a254f101f9a5,lf-normalized
sde/apep_1262__v1.tex,apep_1262/v1/tables/tabF1_sde.tex,https://raw.githubusercontent.com/SocialCatalystLab/ape-papers/70c660ea5a7de722e9a12ad965e1c665890208d8/apep_1262/v1/tables/tabF1_sde.tex,d61c2b46d4e0b686c7611e2840cee0230f093984,502de0a3b8178fa0bacc48e2452a458c24b7b4258e68a40beb02f84086263995,lf-normalized
sde/apep_1263__v1.tex,apep_1263/v1/tables/tabF1_sde.tex,https://raw.githubusercontent.com/SocialCatalystLab/ape-papers/70c660ea5a7de722e9a12ad965e1c665890208d8/apep_1263/v1/tables/tabF1_sde.tex,662a6ddb973d5bab68c8edd67528dfadba42fa0c,4c8c47defa140eae04ec92488c3d90d15f8242a944ddcb7b97f167ac8e3bd281,lf-normalized
sde/apep_1264__v1.tex,apep_1264/v1/tables/tabF1_sde.tex,https://raw.githubusercontent.com/SocialCatalystLab/ape-papers/70c660ea5a7de722e9a12ad965e1c665890208d8/apep_1264/v1/tables/tabF1_sde.tex,f0eb860c1dd50102d4f790d72c19a40d6bf9a4a6,b214a2a11b7a2f1ef23804dfc6e31330781721fd4707fcffb097240ec9f9dc9d,lf-normalized
sde/apep_1269__v1.tex,apep_1269/v1/tables/tabF1_sde.tex,https://raw.githubusercontent.com/SocialCatalystLab/ape-papers/70c660ea5a7de722e9a12ad965e1c665890208d8/apep_1269/v1/tables/tabF1_sde.tex,3c2cb9d3f4a216c51989bbb3d38431b5113e5ed7,06a6945bfc0883786d7f594502066e4a532226f35457eca3d738905a7c5de544,lf-normalized
sde/apep_1270__v1.tex,apep_1270/v1/tables/tabF1_sde.tex,https://raw.githubusercontent.com/SocialCatalystLab/ape-papers/70c660ea5a7de722e9a12ad965e1c665890208d8/apep_1270/v1/tables/tabF1_sde.tex,45db27a3081791090577561db68bef5dde19c5d8,3ba04e570d3b6fcf77b4cac479e9ab5d253206343312cb7cc42a24f78ea959d5,lf-normalized
sde/apep_1271__v1.tex,apep_1271/v1/tables/tabF1_sde.tex,https://raw.githubusercontent.com/SocialCatalystLab/ape-papers/70c660ea5a7de722e9a12ad965e1c665890208d8/apep_1271/v1/tables/tabF1_sde.tex,535264dc7db9c308d9500c8c12c88da8c471f504,12320e8c56a50ca90293e3787fabd033c75c2e9e36cde4ba5a8163f9940ff48c,lf-normalized
sde/apep_1272__v1.tex,apep_1272/v1/tables/tabF1_sde.tex,https://raw.githubusercontent.com/SocialCatalystLab/ape-papers/70c660ea5a7de722e9a12ad965e1c665890208d8/apep_1272/v1/tables/tabF1_sde.tex,79335a7cd3bef47414d687c68a51c263368e37c4,c32c405bc5f0aeb0b6a7411fe1d34de64d76596e9e1fe57fe7ee02f5d2203261,lf-normalized
sde/apep_1275__v1.tex,apep_1275/v1/tables/tabF1_sde.tex,https://raw.githubusercontent.com/SocialCatalystLab/ape-papers/70c660ea5a7de722e9a12ad965e1c665890208d8/apep_1275/v1/tables/tabF1_sde.tex,6dd794eb2c6692ab38b6eef76b39cb1043ef4995,2df7f446468a3be4abcef64ec306b9c334292be304da82f459c05d6d8620f8ee,lf-normalized
sde/apep_1277__v1.tex,apep_1277/v1/tables/tabF1_sde.tex,https://raw.githubusercontent.com/SocialCatalystLab/ape-papers/70c660ea5a7de722e9a12ad965e1c665890208d8/apep_1277/v1/tables/tabF1_sde.tex,f3b4b12ecca00894ff9296a720bfaaeb969798df,40669780f5e6cac83e0c732591097282c8e15418f0718a53b949a2d292e69dde,lf-normalized
sde/apep_1278__v1.tex,apep_1278/v1/tables/tabF1_sde.tex,https://raw.githubusercontent.com/SocialCatalystLab/ape-papers/70c660ea5a7de722e9a12ad965e1c665890208d8/apep_1278/v1/tables/tabF1_sde.tex,4bdc1a8cd7944cdd506812536ae8acb101f5c80f,fe83b9088014fa059f27e2fff7fa95299898b68db7d3224e20c404ad9390ff27,lf-normalized
sde/apep_1279__v1.tex,apep_1279/v1/tables/tabF1_sde.tex,https://raw.githubusercontent.com/SocialCatalystLab/ape-papers/70c660ea5a7de722e9a12ad965e1c665890208d8/apep_1279/v1/tables/tabF1_sde.tex,ccc3db296c0d1b11d545629d541ebd24829fa38c,11f6ca9d7e6580203c54c53307163bbe2337835af57fa8c7b9ad71391d62f8ad,lf-normalized
sde/apep_1280__v1.tex,apep_1280/v1/tables/tabF1_sde.tex,https://raw.githubusercontent.com/SocialCatalystLab/ape-papers/70c660ea5a7de722e9a12ad965e1c665890208d8/apep_1280/v1/tables/tabF1_sde.tex,2e67f9eaedc17140ef0005de9e234de5f24a8464,01047e5c0bb9df234ad631c5118a2f60157a522d79bbde42bfae3618b8505432,lf-normalized
sde/apep_1281__v1.tex,apep_1281/v1/tables/tabF1_sde.tex,https://raw.githubusercontent.com/SocialCatalystLab/ape-papers/70c660ea5a7de722e9a12ad965e1c665890208d8/apep_1281/v1/tables/tabF1_sde.tex,fbc2d691a227c2c53e9dcd083a5797f3b3b255eb,dc3dfa3cfc9ea13015f0d72edd45ff77e2b4a5c1ef23953c65cd353147bb2779,lf-normalized
sde/apep_1282__v1.tex,apep_1282/v1/tables/tabF1_sde.tex,https://raw.githubusercontent.com/SocialCatalystLab/ape-papers/70c660ea5a7de722e9a12ad965e1c665890208d8/apep_1282/v1/tables/tabF1_sde.tex,218881923cae4c70078d172ca48764a50afc3840,451860ed1e98b736a99ff9038ca33859bc08f4418e0b6678a571abc8fce026f2,lf-normalized
sde/apep_1283__v1.tex,apep_1283/v1/tables/tabF1_sde.tex,https://raw.githubusercontent.com/SocialCatalystLab/ape-papers/70c660ea5a7de722e9a12ad965e1c665890208d8/apep_1283/v1/tables/tabF1_sde.tex,3405a435970e5019002e5e93ba3414bf0525e22b,27e5d2523d70987b4fc8c8f781590d0b4e09e1ff251eec70f41c380cd1fb4471,lf-normalized
sde/apep_1284__v1.tex,apep_1284/v1/tables/tabF1_sde.tex,https://raw.githubusercontent.com/SocialCatalystLab/ape-papers/70c660ea5a7de722e9a12ad965e1c665890208d8/apep_1284/v1/tables/tabF1_sde.tex,07a2083507ec88e94fe1247fde5a97763cbc28d0,203c2fc0e69f82fcdf44b382fdd6ed4ab9609f76692ce7bd8e0efea7eb4ea967,lf-normalized
sde/apep_1285__v1.tex,apep_1285/v1/tables/tabF1_sde.tex,https://raw.githubusercontent.com/SocialCatalystLab/ape-papers/70c660ea5a7de722e9a12ad965e1c665890208d8/apep_1285/v1/tables/tabF1_sde.tex,17b148364a3c9770aea6aaf66f223b9d7a475464,225d600ca7c5ef282005fb81b869f24340a93244dc0d5c3c7f4079e708b2c793,lf-normalized
sde/apep_1286__v1.tex,apep_1286/v1/tables/tabF1_sde.tex,https://raw.githubusercontent.com/SocialCatalystLab/ape-papers/70c660ea5a7de722e9a12ad965e1c665890208d8/apep_1286/v1/tables/tabF1_sde.tex,9479e6f6768d66421c46964cb784ac06b1527a9d,71a0437d4b8058b6efde0adb2d743c015f00d8b998e385995d9680baf44814b6,lf-normalized
sde/apep_1287__v1.tex,apep_1287/v1/tables/tabF1_sde.tex,https://raw.githubusercontent.com/SocialCatalystLab/ape-papers/70c660ea5a7de722e9a12ad965e1c665890208d8/apep_1287/v1/tables/tabF1_sde.tex,6277f0f7210f67f5addbb0a99456a5fae9232439,2325ae499d437942031045b282af768654db5312a1f47792d0e34ed869455de8,lf-normalized
sde/apep_1288__v1.tex,apep_1288/v1/tables/tabF1_sde.tex,https://raw.githubusercontent.com/SocialCatalystLab/ape-papers/70c660ea5a7de722e9a12ad965e1c665890208d8/apep_1288/v1/tables/tabF1_sde.tex,d5139b2ae4053e5be2be5d8f57f1041f142f171d,2841d7f96bd40fef139d1547f2d966e8e112e3000fb9973a243b5c5cfa5d08a4,lf-normalized
sde/apep_1289__v1.tex,apep_1289/v1/tables/tabF1_sde.tex,https://raw.githubusercontent.com/SocialCatalystLab/ape-papers/70c660ea5a7de722e9a12ad965e1c665890208d8/apep_1289/v1/tables/tabF1_sde.tex,baca0ef750e9440ba827513ef3207b0d82359a76,8a98f05b373fc5c5c192f041ca3ff0248b408b085a30196f4aa1257fb4d7fdb2,lf-normalized
sde/apep_1290__v1.tex,apep_1290/v1/tables/tabF1_sde.tex,https://raw.githubusercontent.com/SocialCatalystLab/ape-papers/70c660ea5a7de722e9a12ad965e1c665890208d8/apep_1290/v1/tables/tabF1_sde.tex,b41b52a8f2b8c5edbee79152a9ac6fd11ec5fb55,40dd509ee15be454a1e21a07bdaed942a2f26345a885a3af5719b66b6c590832,lf-normalized
sde/apep_1291__v1.tex,apep_1291/v1/tables/tabF1_sde.tex,https://raw.githubusercontent.com/SocialCatalystLab/ape-papers/70c660ea5a7de722e9a12ad965e1c665890208d8/apep_1291/v1/tables/tabF1_sde.tex,21ee20ea3534d507cff822821b6a5a9d6297b417,1d685480833f2bab5244aa5613412c4aecaeff43501a169d0c6abc1af28d54b3,lf-normalized
sde/apep_1292__v1.tex,apep_1292/v1/tables/tabF1_sde.tex,https://raw.githubusercontent.com/SocialCatalystLab/ape-papers/70c660ea5a7de722e9a12ad965e1c665890208d8/apep_1292/v1/tables/tabF1_sde.tex,ba0bbe64ef12004d706c223b7cf26bb4f77e0857,88be2bc492addc544ca1b8952e0878ac4cc1dc5a0e51be533026c33b2b284a17,lf-normalized
sde/apep_1293__v1.tex,apep_1293/v1/tables/tabF1_sde.tex,https://raw.githubusercontent.com/SocialCatalystLab/ape-papers/70c660ea5a7de722e9a12ad965e1c665890208d8/apep_1293/v1/tables/tabF1_sde.tex,fd2a84a4e994f3eadfd842306fc155ad714e9730,7377d8d961b1980dc55ecca82665d56a53b6a34d7b6e46fd2a25cca22cd76650,lf-normalized
sde/apep_1294__v1.tex,apep_1294/v1/tables/tabF1_sde.tex,https://raw.githubusercontent.com/SocialCatalystLab/ape-papers/70c660ea5a7de722e9a12ad965e1c665890208d8/apep_1294/v1/tables/tabF1_sde.tex,2237b5d38916accf4f246078809791e17c3709d2,06b14cff336ef966b60b076e5979e9cd8731088435ac62a6650ca5c0b5dc3a2d,lf-normalized
sde/apep_1295__v1.tex,apep_1295/v1/tables/tabF1_sde.tex,https://raw.githubusercontent.com/SocialCatalystLab/ape-papers/70c660ea5a7de722e9a12ad965e1c665890208d8/apep_1295/v1/tables/tabF1_sde.tex,ba0bbe64ef12004d706c223b7cf26bb4f77e0857,88be2bc492addc544ca1b8952e0878ac4cc1dc5a0e51be533026c33b2b284a17,lf-normalized
sde/apep_1296__v1.tex,apep_1296/v1/tables/tabF1_sde.tex,https://raw.githubusercontent.com/SocialCatalystLab/ape-papers/70c660ea5a7de722e9a12ad965e1c665890208d8/apep_1296/v1/tables/tabF1_sde.tex,ec684e0256eafd25f5d3fa22e831e6bb608226a4,5acda705450d3451af1540ba91cc165fa151724531982522fdef3bd2d61969da,lf-normalized
sde/apep_1297__v1.tex,apep_1297/v1/tables/tabF1_sde.tex,https://raw.githubusercontent.com/SocialCatalystLab/ape-papers/70c660ea5a7de722e9a12ad965e1c665890208d8/apep_1297/v1/tables/tabF1_sde.tex,a3d56d9994c5fdc2b40b4467552ef245ed481df4,c6a7f7375f3edf9a4a511341a5f44addcb66e3154571e66eda68f86e146be3b9,lf-normalized
sde/apep_1298__v1.tex,apep_1298/v1/tables/tabF1_sde.tex,https://raw.githubusercontent.com/SocialCatalystLab/ape-papers/70c660ea5a7de722e9a12ad965e1c665890208d8/apep_1298/v1/tables/tabF1_sde.tex,cca73cf7a32315aac9d17ed6a8a7df3ef18a80f3,4c403aa93628e5d202d96b29994b932ed61795329103f9f165fe9f833b28b59e,lf-normalized
sde/apep_1299__v1.tex,apep_1299/v1/tables/tabF1_sde.tex,https://raw.githubusercontent.com/SocialCatalystLab/ape-papers/70c660ea5a7de722e9a12ad965e1c665890208d8/apep_1299/v1/tables/tabF1_sde.tex,cf62e469994cb5ebbea27afdb8d738f01b3a8023,0752e64dc3a79bd569b282b5b6547a255945e0820124be556054c933397ef09c,lf-normalized
sde/apep_1300__v1.tex,apep_1300/v1/tables/tabF1_sde.tex,https://raw.githubusercontent.com/SocialCatalystLab/ape-papers/70c660ea5a7de722e9a12ad965e1c665890208d8/apep_1300/v1/tables/tabF1_sde.tex,4198b16c10c7241872cdcfad71a089c08d6bd3c1,5b69b7f11eefc5c82000d757665d038476fcfe92bb1675dbcd6bb4735d84c773,lf-normalized
sde/apep_1301__v1.tex,apep_1301/v1/tables/tabF1_sde.tex,https://raw.githubusercontent.com/SocialCatalystLab/ape-papers/70c660ea5a7de722e9a12ad965e1c665890208d8/apep_1301/v1/tables/tabF1_sde.tex,d2479ffa905936ac4c26a024107674a19fb1afcf,cd3a98c5db34efa020984b8aef036c73efac9ab06f03afe2953c3727c7bfeae5,lf-normalized
sde/apep_1304__v1.tex,apep_1304/v1/tables/tabF1_sde.tex,https://raw.githubusercontent.com/SocialCatalystLab/ape-papers/70c660ea5a7de722e9a12ad965e1c665890208d8/apep_1304/v1/tables/tabF1_sde.tex,cf62e469994cb5ebbea27afdb8d738f01b3a8023,0752e64dc3a79bd569b282b5b6547a255945e0820124be556054c933397ef09c,lf-normalized
sde/apep_1310__v1.tex,apep_1310/v1/tables/tabF1_sde.tex,https://raw.githubusercontent.com/SocialCatalystLab/ape-papers/70c660ea5a7de722e9a12ad965e1c665890208d8/apep_1310/v1/tables/tabF1_sde.tex,b1ceaf91c08a6c84df21367b674d64018eb922d3,624f82d128099789395f91285b1496eee74b228631e1768f3ad07351b9596dfd,lf-normalized
sde/apep_1311__v1.tex,apep_1311/v1/tables/tabF1_sde.tex,https://raw.githubusercontent.com/SocialCatalystLab/ape-papers/70c660ea5a7de722e9a12ad965e1c665890208d8/apep_1311/v1/tables/tabF1_sde.tex,82995aff634136226d8328d5d55c832a882adafb,f4b141cca35d4b08794dd9e318ab64492aab616447cc98a5220060edfdac75a1,lf-normalized
sde/apep_1312__v1.tex,apep_1312/v1/tables/tabF1_sde.tex,https://raw.githubusercontent.com/SocialCatalystLab/ape-papers/70c660ea5a7de722e9a12ad965e1c665890208d8/apep_1312/v1/tables/tabF1_sde.tex,65f3042de1213e83577fe6eda37735213713170b,d84b12ddef73cbd1688585582bc27df47eee429263d9072ef48d1a02f65660fb,lf-normalized
sde/apep_1314__v1.tex,apep_1314/v1/tables/tabF1_sde.tex,https://raw.githubusercontent.com/SocialCatalystLab/ape-papers/70c660ea5a7de722e9a12ad965e1c665890208d8/apep_1314/v1/tables/tabF1_sde.tex,6df0738089479b90610d5dc07f35873ee69cd4f1,66e9743d3d9dc7d3d89b11160954c58e153bf4d7563effa26db1a03ec04f76be,lf-normalized
sde/apep_1315__v1.tex,apep_1315/v1/tables/tabF1_sde.tex,https://raw.githubusercontent.com/SocialCatalystLab/ape-papers/70c660ea5a7de722e9a12ad965e1c665890208d8/apep_1315/v1/tables/tabF1_sde.tex,9cec96742310c21e8424e0d81cdbb5b65feee3c7,22592bb1d327382ea1e016bee1a6bf8631016ba057bd425cc890e6e4472d0796,lf-normalized
sde/apep_1316__v1.tex,apep_1316/v1/tables/tabF1_sde.tex,https://raw.githubusercontent.com/SocialCatalystLab/ape-papers/70c660ea5a7de722e9a12ad965e1c665890208d8/apep_1316/v1/tables/tabF1_sde.tex,661d8a1890178f224d51a3a906429711d90c75fc,4b902016b3b35f7b6070be65dc5270039f40f5e8accd4618d425a45cc9c9fe0a,lf-normalized
sde/apep_1317__v1.tex,apep_1317/v1/tables/tabF1_sde.tex,https://raw.githubusercontent.com/SocialCatalystLab/ape-papers/70c660ea5a7de722e9a12ad965e1c665890208d8/apep_1317/v1/tables/tabF1_sde.tex,eec3ed3b5ba90e494fae1b660a8065020807ff84,f1000145540f90595a54a2d89331731138e3eb002ed03de8f38b3302c661c01e,lf-normalized
sde/apep_1318__v1.tex,apep_1318/v1/tables/tabF1_sde.tex,https://raw.githubusercontent.com/SocialCatalystLab/ape-papers/70c660ea5a7de722e9a12ad965e1c665890208d8/apep_1318/v1/tables/tabF1_sde.tex,358fbbda65c8d8f7de61ea27d2c6f6362b4df95b,11fc3df7259e98111db938a75f3883a342997ff0ae1281a876e97b60dc7c1d84,lf-normalized
sde/apep_1319__v1.tex,apep_1319/v1/tables/tabF1_sde.tex,https://raw.githubusercontent.com/SocialCatalystLab/ape-papers/70c660ea5a7de722e9a12ad965e1c665890208d8/apep_1319/v1/tables/tabF1_sde.tex,3abb6257d138056b023c589069374cf0743d2d4b,34622e6fa52b290fabc4165bbe6582aa504f8a328370868fd33535c0e9c34bbf,lf-normalized
sde/apep_1320__v1.tex,apep_1320/v1/tables/tabF1_sde.tex,https://raw.githubusercontent.com/SocialCatalystLab/ape-papers/70c660ea5a7de722e9a12ad965e1c665890208d8/apep_1320/v1/tables/tabF1_sde.tex,d5018f15c5bb3de82b29f6331f8302d99901ab00,ee3464a76e8a8b27d45f05c4c5136cb04f157d385fc8a4a6c1a9bf21131dbcb2,lf-normalized
sde/apep_1321__v1.tex,apep_1321/v1/tables/tabF1_sde.tex,https://raw.githubusercontent.com/SocialCatalystLab/ape-papers/70c660ea5a7de722e9a12ad965e1c665890208d8/apep_1321/v1/tables/tabF1_sde.tex,f92ec6d505f705d21ab46508297e12de6662332c,3367589015feab1820768f9f8030ad0f9cbf792d5482d5352993c243d26b3d0b,lf-normalized
sde/apep_1322__v1.tex,apep_1322/v1/tables/tabF1_sde.tex,https://raw.githubusercontent.com/SocialCatalystLab/ape-papers/70c660ea5a7de722e9a12ad965e1c665890208d8/apep_1322/v1/tables/tabF1_sde.tex,816c16f93e44571a2fa47c46895b36a3e451496b,5dce5753c7ddd3358af7face6d83fff5f65f678ed4ff5083441169d90845c74e,lf-normalized
sde/apep_1323__v1.tex,apep_1323/v1/tables/tabF1_sde.tex,https://raw.githubusercontent.com/SocialCatalystLab/ape-papers/70c660ea5a7de722e9a12ad965e1c665890208d8/apep_1323/v1/tables/tabF1_sde.tex,d9fca975728e1d56902be4c1534068d4c82ce6f5,a3dce4b9c82fadffdc01e3e70311d9319e96ded883a5820a8f1ea8b746773070,lf-normalized
sde/apep_1327__v1.tex,apep_1327/v1/tables/tabF1_sde.tex,https://raw.githubusercontent.com/SocialCatalystLab/ape-papers/70c660ea5a7de722e9a12ad965e1c665890208d8/apep_1327/v1/tables/tabF1_sde.tex,33c55f51ac19977691f95ba434074fcc81ba255a,3ea9091ecbf5406b270b131da96f5943b5a9d1e8219c6e43bf9c845b5a1985d5,lf-normalized
sde/apep_1328__v1.tex,apep_1328/v1/tables/tabF1_sde.tex,https://raw.githubusercontent.com/SocialCatalystLab/ape-papers/70c660ea5a7de722e9a12ad965e1c665890208d8/apep_1328/v1/tables/tabF1_sde.tex,1a550796fe061aa5d635782c386722d76d790d1a,73798b83c9b8451770e5e49bb5ee8dffb6eb4d3c5b0494ca1643b2c2f613a194,lf-normalized
sde/apep_1329__v1.tex,apep_1329/v1/tables/tabF1_sde.tex,https://raw.githubusercontent.com/SocialCatalystLab/ape-papers/70c660ea5a7de722e9a12ad965e1c665890208d8/apep_1329/v1/tables/tabF1_sde.tex,f153f6be91593b7a9064ae4a0a09cbeddfd6c4da,9e5e23a50c4a4606c92a02437f2f78e51c79786787ccdf63a63fc00f3a1d0d11,lf-normalized
sde/apep_1330__v1.tex,apep_1330/v1/tables/tabF1_sde.tex,https://raw.githubusercontent.com/SocialCatalystLab/ape-papers/70c660ea5a7de722e9a12ad965e1c665890208d8/apep_1330/v1/tables/tabF1_sde.tex,a23d750e88542c261b0c2ba2c4b4c432f64ce091,6124425c4e724eb1e32e1c648aeb6f491693c3053b64026133c3202bab216725,lf-normalized
sde/apep_1331__v1.tex,apep_1331/v1/tables/tabF1_sde.tex,https://raw.githubusercontent.com/SocialCatalystLab/ape-papers/70c660ea5a7de722e9a12ad965e1c665890208d8/apep_1331/v1/tables/tabF1_sde.tex,84e9db2b2642f71e1a4cfb1a52f75d1471f57b10,ca2ea2900eb715ad02e3ea86e2f01661ddca9343dce239d23639d082371fe556,lf-normalized
sde/apep_1332__v1.tex,apep_1332/v1/tables/tabF1_sde.tex,https://raw.githubusercontent.com/SocialCatalystLab/ape-papers/70c660ea5a7de722e9a12ad965e1c665890208d8/apep_1332/v1/tables/tabF1_sde.tex,57525d555c97d9238b849a0dca63a6cf661baaed,7b21093419d576cfe653a9349b4a0ecd22dd30b0778388fc291b5884a987e298,lf-normalized
sde/apep_1333__v1.tex,apep_1333/v1/tables/tabF1_sde.tex,https://raw.githubusercontent.com/SocialCatalystLab/ape-papers/70c660ea5a7de722e9a12ad965e1c665890208d8/apep_1333/v1/tables/tabF1_sde.tex,c30f31ce31324407e47197a321c45ba162532240,8251f1e5ca5615094aec264044fea1a1baabf090c0bf0090db9aa56febe0f296,lf-normalized
sde/apep_1334__v1.tex,apep_1334/v1/tables/tabF1_sde.tex,https://raw.githubusercontent.com/SocialCatalystLab/ape-papers/70c660ea5a7de722e9a12ad965e1c665890208d8/apep_1334/v1/tables/tabF1_sde.tex,1bd67dd7ff914bc3e6d5f15844edebf10b4bf4fc,e661068a0c078b55b84f26442139f7c9ebc654048384f918e3a1080468a026a0,lf-normalized
sde/apep_1335__v1.tex,apep_1335/v1/tables/tabF1_sde.tex,https://raw.githubusercontent.com/SocialCatalystLab/ape-papers/70c660ea5a7de722e9a12ad965e1c665890208d8/apep_1335/v1/tables/tabF1_sde.tex,03b0973228e1eb33c07668878724db2d35c1209f,0bd14d01ea43434db73631212015d8a495a8b6ec26ce3d923e421ee280e6578f,lf-normalized
sde/apep_1336__v1.tex,apep_1336/v1/tables/tabF1_sde.tex,https://raw.githubusercontent.com/SocialCatalystLab/ape-papers/70c660ea5a7de722e9a12ad965e1c665890208d8/apep_1336/v1/tables/tabF1_sde.tex,b305b532cc3181a84171bccddfb90f1e53141bbf,3ec756b267d2cc69da5699d341d4cc68c959e0af479272d20ee20d3a4175d6dc,lf-normalized
sde/apep_1337__v1.tex,apep_1337/v1/tables/tabF1_sde.tex,https://raw.githubusercontent.com/SocialCatalystLab/ape-papers/70c660ea5a7de722e9a12ad965e1c665890208d8/apep_1337/v1/tables/tabF1_sde.tex,6e3bdaa4a9aa04e6b1302f0b0b566fd55943d54f,4c764b3c2e955ffdec2c0737fbeef0b629e54941b0f3123bb10aceaea5a2cf25,lf-normalized
sde/apep_1338__v1.tex,apep_1338/v1/tables/tabF1_sde.tex,https://raw.githubusercontent.com/SocialCatalystLab/ape-papers/70c660ea5a7de722e9a12ad965e1c665890208d8/apep_1338/v1/tables/tabF1_sde.tex,148ba6f6db402e82f7896e8e4ed37a60101db759,d422a018f401a15e986a0ea9bce3aeb234afae9c6015b582681aef0805727c08,lf-normalized
sde/apep_1339__v1.tex,apep_1339/v1/tables/tabF1_sde.tex,https://raw.githubusercontent.com/SocialCatalystLab/ape-papers/70c660ea5a7de722e9a12ad965e1c665890208d8/apep_1339/v1/tables/tabF1_sde.tex,604d87fc33efd149209e389de0ae09bc750ffae9,1d28cdd2554c849563b0aacb3d5e80c69ac2a8c2397b71a43d6ee3c4b0e565db,lf-normalized
sde/apep_1340__v1.tex,apep_1340/v1/tables/tabF1_sde.tex,https://raw.githubusercontent.com/SocialCatalystLab/ape-papers/70c660ea5a7de722e9a12ad965e1c665890208d8/apep_1340/v1/tables/tabF1_sde.tex,05e443385654a40dc4f1413ceee6bc804a5cd8d2,cfb288a50f2a584e279678f77a7a8cf3bb291a401065e8c9097784e6bdd8e4a6,lf-normalized
sde/apep_1341__v1.tex,apep_1341/v1/tables/tabF1_sde.tex,https://raw.githubusercontent.com/SocialCatalystLab/ape-papers/70c660ea5a7de722e9a12ad965e1c665890208d8/apep_1341/v1/tables/tabF1_sde.tex,4d821bf072bdd0119d7c358df4976b2ed6995aad,388c437622b52116d4e715d556cb9f7928c5b5202cf804e5b2136fc6dad28b31,lf-normalized
sde/apep_1342__v1.tex,apep_1342/v1/tables/tabF1_sde.tex,https://raw.githubusercontent.com/SocialCatalystLab/ape-papers/70c660ea5a7de722e9a12ad965e1c665890208d8/apep_1342/v1/tables/tabF1_sde.tex,c04f63d41feed6b6037b3e86eafa495858c01331,6aec12708141ed72979ca955cf09a442a10821b83603253ce6429c43248146ce,lf-normalized
sde/apep_1343__v1.tex,apep_1343/v1/tables/tabF1_sde.tex,https://raw.githubusercontent.com/SocialCatalystLab/ape-papers/70c660ea5a7de722e9a12ad965e1c665890208d8/apep_1343/v1/tables/tabF1_sde.tex,a58d68763e4aef5d9501645dd061c6b8fec38b50,fde5076605ab9697eb2947362f85218daca5455caa73b99bc6e3df8900cd7c9d,lf-normalized
sde/apep_1344__v1.tex,apep_1344/v1/tables/tabF1_sde.tex,https://raw.githubusercontent.com/SocialCatalystLab/ape-papers/70c660ea5a7de722e9a12ad965e1c665890208d8/apep_1344/v1/tables/tabF1_sde.tex,dadf78f3f41b5a83b1578e570b803b0d601196e3,0eb8438d937f6dc6c0f0562d0f23bd8ce5c80b309aa287f4a2bfea3a3a2dba55,lf-normalized
sde/apep_1345__v1.tex,apep_1345/v1/tables/tabF1_sde.tex,https://raw.githubusercontent.com/SocialCatalystLab/ape-papers/70c660ea5a7de722e9a12ad965e1c665890208d8/apep_1345/v1/tables/tabF1_sde.tex,2d8ae14825482574275439e30b22a88eb124314a,eadfc447c09694b3788a035cc3b1647977f4dc3131b7f0d6c0b8840f215f5a5e,lf-normalized
sde/apep_1346__v1.tex,apep_1346/v1/tables/tabF1_sde.tex,https://raw.githubusercontent.com/SocialCatalystLab/ape-papers/70c660ea5a7de722e9a12ad965e1c665890208d8/apep_1346/v1/tables/tabF1_sde.tex,7e3386c2a16b5d80ca8bdb2c61201725feadf123,3cefb481fff3ae6cca1c7a6dbf81e37f87993d01ef191d3388f542b980ec0895,lf-normalized
sde/apep_1347__v1.tex,apep_1347/v1/tables/tabF1_sde.tex,https://raw.githubusercontent.com/SocialCatalystLab/ape-papers/70c660ea5a7de722e9a12ad965e1c665890208d8/apep_1347/v1/tables/tabF1_sde.tex,4509ffc2c6dc7ed2c3e0b18af75dd91f1e3baff2,c6a5e0d29aa5ca784ce1cbd7d13eaaf0d82fd71087566eb0acb568cf08d56e5e,lf-normalized
sde/apep_1348__v1.tex,apep_1348/v1/tables/tabF1_sde.tex,https://raw.githubusercontent.com/SocialCatalystLab/ape-papers/70c660ea5a7de722e9a12ad965e1c665890208d8/apep_1348/v1/tables/tabF1_sde.tex,f1ccf3c943f33f333c0efb7d56b0d7cbd5ef4e29,c8cb67f99080b134ee6ec329961bdfbc9fcc7cea4921378b14f90f7689076f33,lf-normalized
sde/apep_1349__v1.tex,apep_1349/v1/tables/tabF1_sde.tex,https://raw.githubusercontent.com/SocialCatalystLab/ape-papers/70c660ea5a7de722e9a12ad965e1c665890208d8/apep_1349/v1/tables/tabF1_sde.tex,bb98efb97a4d5ad862de7eb85c69714244e7ea8d,774b35d301a57e67c905ad712ccbc346de1f17fb4398a056d407eeb52315a249,lf-normalized
sde/apep_1350__v1.tex,apep_1350/v1/tables/tabF1_sde.tex,https://raw.githubusercontent.com/SocialCatalystLab/ape-papers/70c660ea5a7de722e9a12ad965e1c665890208d8/apep_1350/v1/tables/tabF1_sde.tex,2b8b403fe29db0aa2b42846f0ffcc4d5854838c1,5c372b0eb8f3b767519105d93e5b7341522fa24742e0b24dd51b0b17f0e0cc77,lf-normalized
sde/apep_1376__v1.tex,apep_1376/v1/tables/tabF1_sde.tex,https://raw.githubusercontent.com/SocialCatalystLab/ape-papers/70c660ea5a7de722e9a12ad965e1c665890208d8/apep_1376/v1/tables/tabF1_sde.tex,0a4c2d4bc8b5128b367a239fb5efff375f2de028,9c2135660739ebd094d91a80d8c2bbfc2ebca2624d1af38bd5aeb010679a63a2,lf-normalized
sde/apep_1377__v1.tex,apep_1377/v1/tables/tabF1_sde.tex,https://raw.githubusercontent.com/SocialCatalystLab/ape-papers/70c660ea5a7de722e9a12ad965e1c665890208d8/apep_1377/v1/tables/tabF1_sde.tex,bffb237348c9d75cb2e72165d0dd69c6f1466f1f,cc4e01a1f1f2fb0695b6b7b943f97c578c4bb6faa6bc1059c66e52a20f5c9c34,lf-normalized
sde/apep_1378__v1.tex,apep_1378/v1/tables/tabF1_sde.tex,https://raw.githubusercontent.com/SocialCatalystLab/ape-papers/70c660ea5a7de722e9a12ad965e1c665890208d8/apep_1378/v1/tables/tabF1_sde.tex,d6ada7902f2029a16a24e17235f371f707304221,12f19be055b155aa6863a1b1bf7c5e62381b21737a9d7db760149cc4da38ef59,lf-normalized
sde/apep_1381__v1.tex,apep_1381/v1/tables/tabF1_sde.tex,https://raw.githubusercontent.com/SocialCatalystLab/ape-papers/70c660ea5a7de722e9a12ad965e1c665890208d8/apep_1381/v1/tables/tabF1_sde.tex,05201be5beef5b4d77bd65fa7c4866d149ea34f7,dce80405604acf50e08b094fdf6e8ae9d8cb8f3bf55ead1bdd166766f08d0abd,lf-normalized
sde/apep_1382__v1.tex,apep_1382/v1/tables/tabF1_sde.tex,https://raw.githubusercontent.com/SocialCatalystLab/ape-papers/70c660ea5a7de722e9a12ad965e1c665890208d8/apep_1382/v1/tables/tabF1_sde.tex,93c3a0be9f57e4235f576a475d556dd9d3293bc3,4249938df02f33b83872f52cbff5d90cbe6690f27c6c3bc661da93f127c024ac,lf-normalized
sde/apep_1389__v1.tex,apep_1389/v1/tables/tabF1_sde.tex,https://raw.githubusercontent.com/SocialCatalystLab/ape-papers/70c660ea5a7de722e9a12ad965e1c665890208d8/apep_1389/v1/tables/tabF1_sde.tex,3d7a23447bdc135a95dc813891b5543fcdaa2562,4a3856cd7c0628a09e533215ea5c68df7eca58ee1a76b913107490e753999e2a,lf-normalized
sde/apep_1390__v1.tex,apep_1390/v1/tables/tabF1_sde.tex,https://raw.githubusercontent.com/SocialCatalystLab/ape-papers/70c660ea5a7de722e9a12ad965e1c665890208d8/apep_1390/v1/tables/tabF1_sde.tex,33b3a49a424cbf827e6317eec79fc0d7fe59bc1e,80f18a03b083d09bd2a262839147165e8069972fdfadb6ddd4fb7020b292496e,lf-normalized
sde/apep_1393__v1.tex,apep_1393/v1/tables/tabF1_sde.tex,https://raw.githubusercontent.com/SocialCatalystLab/ape-papers/70c660ea5a7de722e9a12ad965e1c665890208d8/apep_1393/v1/tables/tabF1_sde.tex,8198682ff6604899c26d80eb29ddcf9d2c0bd89c,7879cf2114f4300a427f5daab47dec8426ecbc8d1bbc8688a43d09eccb277745,lf-normalized
sde/apep_1394__v1.tex,apep_1394/v1/tables/tabF1_sde.tex,https://raw.githubusercontent.com/SocialCatalystLab/ape-papers/70c660ea5a7de722e9a12ad965e1c665890208d8/apep_1394/v1/tables/tabF1_sde.tex,66a1c6cda4be86193b64e44e5c6b9e4c6464fc85,4462a559af8b614e23aabe9cdd34ed1835c77f0658b7c23fb286bc0baeacb320,lf-normalized
sde/apep_1399__v1.tex,apep_1399/v1/tables/tabF1_sde.tex,https://raw.githubusercontent.com/SocialCatalystLab/ape-papers/70c660ea5a7de722e9a12ad965e1c665890208d8/apep_1399/v1/tables/tabF1_sde.tex,db1d5516f2bd1137ddefe73c723d1a4e29521e6f,3bd06c706a474363a08ee4fcc94041e1aebc31bb10ff3b110ad19889b8054122,lf-normalized
sde/apep_1400__v1.tex,apep_1400/v1/tables/tabF1_sde.tex,https://raw.githubusercontent.com/SocialCatalystLab/ape-papers/70c660ea5a7de722e9a12ad965e1c665890208d8/apep_1400/v1/tables/tabF1_sde.tex,6fa7b221ced00ff0b7531c1abe10c888f4450867,7be26dbfe558fe48b50939b6b00dae42956e3b27d1a4aec20f6de9e774939107,lf-normalized
sde/apep_1404__v1.tex,apep_1404/v1/tables/tabF1_sde.tex,https://raw.githubusercontent.com/SocialCatalystLab/ape-papers/70c660ea5a7de722e9a12ad965e1c665890208d8/apep_1404/v1/tables/tabF1_sde.tex,8077d53ab8651d4f3792fdde91c49649fb34e0d9,7548f43155268f469b99b9a376c0580add10a430e85cb755154e25f6e351e8dc,lf-normalized
sde/apep_1407__v1.tex,apep_1407/v1/tables/tabF1_sde.tex,https://raw.githubusercontent.com/SocialCatalystLab/ape-papers/70c660ea5a7de722e9a12ad965e1c665890208d8/apep_1407/v1/tables/tabF1_sde.tex,6289f763511bdee09f0296be07d7d89a22c75dfb,5d15a1a6893fa9a3116c1ef1ba21385d2fbf8ef6e85e890ac072afd95f0d07e4,lf-normalized
sde/apep_1408__v1.tex,apep_1408/v1/tables/tabF1_sde.tex,https://raw.githubusercontent.com/SocialCatalystLab/ape-papers/70c660ea5a7de722e9a12ad965e1c665890208d8/apep_1408/v1/tables/tabF1_sde.tex,18ecb99ec4e48ee607a4e68955b1b16539f0cbc4,0162268ca34555f3dd19a24641f5753e3d04d87ea7b26070699dbc3b2146e263,lf-normalized
sde/apep_1409__v1.tex,apep_1409/v1/tables/tabF1_sde.tex,https://raw.githubusercontent.com/SocialCatalystLab/ape-papers/70c660ea5a7de722e9a12ad965e1c665890208d8/apep_1409/v1/tables/tabF1_sde.tex,be9b8d1075e5a98c1a14bebed82e1191186c97ec,b3d134ec04f1283790847287175465b1b751326ae185f76805c3ccaa3f0b51e7,lf-normalized
sde/apep_1410__v1.tex,apep_1410/v1/tables/tabF1_sde.tex,https://raw.githubusercontent.com/SocialCatalystLab/ape-papers/70c660ea5a7de722e9a12ad965e1c665890208d8/apep_1410/v1/tables/tabF1_sde.tex,8acd58383f441b5864f953adca9400d19edb3800,8ba74f926b320d40ee6c9183d5914cc7c4d27d809df4c02314a3d27e777e5c4f,lf-normalized
sde/apep_1413__v1.tex,apep_1413/v1/tables/tabF1_sde.tex,https://raw.githubusercontent.com/SocialCatalystLab/ape-papers/70c660ea5a7de722e9a12ad965e1c665890208d8/apep_1413/v1/tables/tabF1_sde.tex,fa46aa3eb0212cabc7572826d936f9c4e5aec459,781677cbda43f17a8d8be436dfcd191dce9929f910eabf54b6856db446221be8,lf-normalized
sde/apep_1414__v1.tex,apep_1414/v1/tables/tabF1_sde.tex,https://raw.githubusercontent.com/SocialCatalystLab/ape-papers/70c660ea5a7de722e9a12ad965e1c665890208d8/apep_1414/v1/tables/tabF1_sde.tex,a5b0ad45c8bef82bb4cbfe6ccd06a229184fa824,bda26970cc45fc180424e39a231e6dee21ae62175ee6b96da8130b4d7d7c18c8,lf-normalized
sde/apep_1415__v1.tex,apep_1415/v1/tables/tabF1_sde.tex,https://raw.githubusercontent.com/SocialCatalystLab/ape-papers/70c660ea5a7de722e9a12ad965e1c665890208d8/apep_1415/v1/tables/tabF1_sde.tex,58ad2e9adb22ee3e55b916fecff721814d1c3b45,697f0e3f90bfcdfb5d203530d4397e932fba961dace89f99ef6dd2095865d8a8,lf-normalized
sde/apep_1416__v1.tex,apep_1416/v1/tables/tabF1_sde.tex,https://raw.githubusercontent.com/SocialCatalystLab/ape-papers/70c660ea5a7de722e9a12ad965e1c665890208d8/apep_1416/v1/tables/tabF1_sde.tex,26fae404948091569d584d66f482b8dfbef1d183,2e080c985ec0b67984f106a43da2300efe5b41e27e1a9091fd1f64cb1897b522,lf-normalized
sde/apep_1417__v1.tex,apep_1417/v1/tables/tabF1_sde.tex,https://raw.githubusercontent.com/SocialCatalystLab/ape-papers/70c660ea5a7de722e9a12ad965e1c665890208d8/apep_1417/v1/tables/tabF1_sde.tex,796461081c1719c19e5f719d15855b0a7f046f3a,84dda9c28fc265ae04c9226c5b320ea7a16a7140b73be7e55efb9b3a84df9916,lf-normalized
sde/apep_1418__v1.tex,apep_1418/v1/tables/tabF1_sde.tex,https://raw.githubusercontent.com/SocialCatalystLab/ape-papers/70c660ea5a7de722e9a12ad965e1c665890208d8/apep_1418/v1/tables/tabF1_sde.tex,2c876840695b91b308169d74289201c8afaff744,2a563c0760a89f5bf6d327fea08df71318a4ced6524eff114f4db4eef42913e5,lf-normalized
sde/apep_1419__v1.tex,apep_1419/v1/tables/tabF1_sde.tex,https://raw.githubusercontent.com/SocialCatalystLab/ape-papers/70c660ea5a7de722e9a12ad965e1c665890208d8/apep_1419/v1/tables/tabF1_sde.tex,b664cd825fb1d1a631475ad9777a8a65d2037675,ef8c3dc14adfc1c91b27614f9ddd4ce737b3b585262586376108c6d628aa005f,lf-normalized
sde/apep_1420__v1.tex,apep_1420/v1/tables/tabF1_sde.tex,https://raw.githubusercontent.com/SocialCatalystLab/ape-papers/70c660ea5a7de722e9a12ad965e1c665890208d8/apep_1420/v1/tables/tabF1_sde.tex,92e597974fc8258a15a3384d595779a50975eafd,a160983262b1421f4b20279b3d70906a57dee1f4430e6e941fe3969bb359c31c,lf-normalized
sde/apep_1421__v1.tex,apep_1421/v1/tables/tabF1_sde.tex,https://raw.githubusercontent.com/SocialCatalystLab/ape-papers/70c660ea5a7de722e9a12ad965e1c665890208d8/apep_1421/v1/tables/tabF1_sde.tex,3f46c471db493726879ffc2ed6ea045829b0a500,c911217ce80fa9a538c2354d8417b50d162e4c10173502e9c99f451d1c5eadfe,lf-normalized
sde/apep_1422__v1.tex,apep_1422/v1/tables/tabF1_sde.tex,https://raw.githubusercontent.com/SocialCatalystLab/ape-papers/70c660ea5a7de722e9a12ad965e1c665890208d8/apep_1422/v1/tables/tabF1_sde.tex,a4046ede2ec92c3b1e869b98bc9b639eed2421bb,7609f4051062bdccc7193ae2b459f71de3930c5e5b5c1574f7f200a1c06cd9de,lf-normalized
sde/apep_1423__v1.tex,apep_1423/v1/tables/tabF1_sde.tex,https://raw.githubusercontent.com/SocialCatalystLab/ape-papers/70c660ea5a7de722e9a12ad965e1c665890208d8/apep_1423/v1/tables/tabF1_sde.tex,aeb62981ec4f99c0efd09fcafe6ce4db3f4fda35,d85bed28044344b6c00d9cbedd9f056df05dbfd275f3217e123ceccc72fd2c86,lf-normalized
sde/apep_1424__v1.tex,apep_1424/v1/tables/tabF1_sde.tex,https://raw.githubusercontent.com/SocialCatalystLab/ape-papers/70c660ea5a7de722e9a12ad965e1c665890208d8/apep_1424/v1/tables/tabF1_sde.tex,26fae404948091569d584d66f482b8dfbef1d183,2e080c985ec0b67984f106a43da2300efe5b41e27e1a9091fd1f64cb1897b522,lf-normalized
sde/apep_1425__v1.tex,apep_1425/v1/tables/tabF1_sde.tex,https://raw.githubusercontent.com/SocialCatalystLab/ape-papers/70c660ea5a7de722e9a12ad965e1c665890208d8/apep_1425/v1/tables/tabF1_sde.tex,59ab135b0a203752a04070471d1e06f9422f35a5,ab1b99aba7e873fc4e22b5119fa0934d2acfc517a12022cdb8914e1f693c6bd0,lf-normalized
sde/apep_1426__v1.tex,apep_1426/v1/tables/tabF1_sde.tex,https://raw.githubusercontent.com/SocialCatalystLab/ape-papers/70c660ea5a7de722e9a12ad965e1c665890208d8/apep_1426/v1/tables/tabF1_sde.tex,775c527fb888c23b13e8be6df7afaf079430b382,e7af5f7ea4696840ec699181fc97ae527ef8241fd6c60ec55648bd22309c8291,lf-normalized
sde/apep_1428__v1.tex,apep_1428/v1/tables/tabF1_sde.tex,https://raw.githubusercontent.com/SocialCatalystLab/ape-papers/70c660ea5a7de722e9a12ad965e1c665890208d8/apep_1428/v1/tables/tabF1_sde.tex,d6cca7a11a08d8d1eea0db743db18040e7e8da99,195057cc7db98fe1b58b229f0b145d8138e0e6b106efad2341b53354ca23f2da,lf-normalized
sde/apep_1431__v1.tex,apep_1431/v1/tables/tabF1_sde.tex,https://raw.githubusercontent.com/SocialCatalystLab/ape-papers/70c660ea5a7de722e9a12ad965e1c665890208d8/apep_1431/v1/tables/tabF1_sde.tex,ef91effa51bb2fa914e24512556fdfcc7d7c3538,cbd7d83d8f29bacf816b1aa8ab556d9aa73aa8001e95fe70652c29113ca22206,lf-normalized
sde/apep_1432__v1.tex,apep_1432/v1/tables/tabF1_sde.tex,https://raw.githubusercontent.com/SocialCatalystLab/ape-papers/70c660ea5a7de722e9a12ad965e1c665890208d8/apep_1432/v1/tables/tabF1_sde.tex,c8088697780730e61f7bdd9d10f3a7899227df68,29a993a3189370a19d7b5a8f98bea64bea118a7b3ca267ae4ccc8f3a71df1c83,lf-normalized
sde/apep_1434__v1.tex,apep_1434/v1/tables/tabF1_sde.tex,https://raw.githubusercontent.com/SocialCatalystLab/ape-papers/70c660ea5a7de722e9a12ad965e1c665890208d8/apep_1434/v1/tables/tabF1_sde.tex,8871739c53f38b1e5b275291ede28b2cb54a3ae6,28cbdafa844dff0123eeddf0df66b0001115027cd72c0fd20aa02d342a9c2237,lf-normalized
sde/apep_1435__v1.tex,apep_1435/v1/tables/tabF1_sde.tex,https://raw.githubusercontent.com/SocialCatalystLab/ape-papers/70c660ea5a7de722e9a12ad965e1c665890208d8/apep_1435/v1/tables/tabF1_sde.tex,a39af5f1a2285f96050a20a826b1642833756a5b,ce900674d9b4a056f9ce59d2e6711f12dce8a3abcaa7bc673c931e3f496fe869,lf-normalized
sde/apep_1436__v1.tex,apep_1436/v1/tables/tabF1_sde.tex,https://raw.githubusercontent.com/SocialCatalystLab/ape-papers/70c660ea5a7de722e9a12ad965e1c665890208d8/apep_1436/v1/tables/tabF1_sde.tex,06ebaaf4bae0da89e87ebd564f9a453f29bc4973,e489676a6bf94c6c32d782fd2f2a436592a975a970d7694a5d4a9cd9855221af,lf-normalized
sde/apep_1437__v1.tex,apep_1437/v1/tables/tabF1_sde.tex,https://raw.githubusercontent.com/SocialCatalystLab/ape-papers/70c660ea5a7de722e9a12ad965e1c665890208d8/apep_1437/v1/tables/tabF1_sde.tex,98d79edc44989f41ddac0b953e5273cc257d1d27,44e187345ecc02ecca9d614032bf81f2f3b33f938a18a01d103b3d2a9beead81,lf-normalized
sde/apep_1439__v1.tex,apep_1439/v1/tables/tabF1_sde.tex,https://raw.githubusercontent.com/SocialCatalystLab/ape-papers/70c660ea5a7de722e9a12ad965e1c665890208d8/apep_1439/v1/tables/tabF1_sde.tex,fde402d40a03cc8192cd6457e5284d01f83dfd7b,ad0bd98774bdc02691f6cb105340bba0874ceaa5199a9b19f87361bfe4d9384c,lf-normalized
sde/apep_1440__v1.tex,apep_1440/v1/tables/tabF1_sde.tex,https://raw.githubusercontent.com/SocialCatalystLab/ape-papers/70c660ea5a7de722e9a12ad965e1c665890208d8/apep_1440/v1/tables/tabF1_sde.tex,82c73be74d5d3f5c09183bf45abd1e3c5b26928f,3277e43cdbc80280cb70cc331701cbd849527a2a0cc5bc7fac36b97f23571e01,lf-normalized
sde/apep_1441__v1.tex,apep_1441/v1/tables/tabF1_sde.tex,https://raw.githubusercontent.com/SocialCatalystLab/ape-papers/70c660ea5a7de722e9a12ad965e1c665890208d8/apep_1441/v1/tables/tabF1_sde.tex,4c60ad5be4a07343e8674ba41dbb87a33ee5e3f4,7c24c85b1ca15509b34782c37fd742964478d1b9c9a3fc6838e8648ca83a3f09,lf-normalized
sde/apep_1442__v1.tex,apep_1442/v1/tables/tabF1_sde.tex,https://raw.githubusercontent.com/SocialCatalystLab/ape-papers/70c660ea5a7de722e9a12ad965e1c665890208d8/apep_1442/v1/tables/tabF1_sde.tex,901891d84685a918f3a7e6ea6a1e2167be5ff4a4,7ffa1ff64ed46748fa83cb5eb103187677be4dfa694bf5a7cf3f34bc1634c71c,lf-normalized
sde/apep_1443__v1.tex,apep_1443/v1/tables/tabF1_sde.tex,https://raw.githubusercontent.com/SocialCatalystLab/ape-papers/70c660ea5a7de722e9a12ad965e1c665890208d8/apep_1443/v1/tables/tabF1_sde.tex,49c3a34ac2fad8ec8797018d1369c9caa3c60e8a,3193274aedb33d8ee5286d42f923b29c29d47caa687c5dfa368949e8e4d6656c,lf-normalized
sde/apep_1444__v1.tex,apep_1444/v1/tables/tabF1_sde.tex,https://raw.githubusercontent.com/SocialCatalystLab/ape-papers/70c660ea5a7de722e9a12ad965e1c665890208d8/apep_1444/v1/tables/tabF1_sde.tex,ac8301983a924d1282dc887ba54d2145ef6d8d27,9b48035af1714ab1e756e605684b3dc038e3e23cd5d439e9e4f9a1e6c4107b00,lf-normalized
sde/apep_1445__v1.tex,apep_1445/v1/tables/tabF1_sde.tex,https://raw.githubusercontent.com/SocialCatalystLab/ape-papers/70c660ea5a7de722e9a12ad965e1c665890208d8/apep_1445/v1/tables/tabF1_sde.tex,8ce1a4a454bcc4dce14f7d36ef2fd1ad8713070d,0070d06a7f27f0fe73f875f78278184fa5554b98d3247e07dbefd5fe37efe147,lf-normalized
sde/apep_1446__v1.tex,apep_1446/v1/tables/tabF1_sde.tex,https://raw.githubusercontent.com/SocialCatalystLab/ape-papers/70c660ea5a7de722e9a12ad965e1c665890208d8/apep_1446/v1/tables/tabF1_sde.tex,730b36b1384af884c1db575fc258ff886fc48441,af3defc5f93f9579b23f19afea00766bdd93e300242022b4245d96323ffd4ccf,lf-normalized
sde/apep_1447__v1.tex,apep_1447/v1/tables/tabF1_sde.tex,https://raw.githubusercontent.com/SocialCatalystLab/ape-papers/70c660ea5a7de722e9a12ad965e1c665890208d8/apep_1447/v1/tables/tabF1_sde.tex,3498da99f6ae5be111e157f3d3f8508e124e6b6f,a7896b4dbdf4c54053ee32f75cb5c77b6a5ff3ba767ba937328b9f3cdd425532,lf-normalized
sde/apep_1448__v1.tex,apep_1448/v1/tables/tabF1_sde.tex,https://raw.githubusercontent.com/SocialCatalystLab/ape-papers/70c660ea5a7de722e9a12ad965e1c665890208d8/apep_1448/v1/tables/tabF1_sde.tex,0e7fd057bfbc4738210b423ff443c2c5d27b0638,901532a1a52b9fac67b3fbb92f334fe6398341ecd486bedeec797fd850e80e6e,lf-normalized
sde/apep_1449__v1.tex,apep_1449/v1/tables/tabF1_sde.tex,https://raw.githubusercontent.com/SocialCatalystLab/ape-papers/70c660ea5a7de722e9a12ad965e1c665890208d8/apep_1449/v1/tables/tabF1_sde.tex,b735106fa5014e883dd55999bf6593b4b1829cbd,e03e0eb4740ab01eb5f0f58eb1ec2ea1751b5c1817fbb41f927706e4014cc0a3,lf-normalized
sde/apep_1450__v1.tex,apep_1450/v1/tables/tabF1_sde.tex,https://raw.githubusercontent.com/SocialCatalystLab/ape-papers/70c660ea5a7de722e9a12ad965e1c665890208d8/apep_1450/v1/tables/tabF1_sde.tex,90bd96bacfcbc5206b78749fa897d9dcfe4a1a54,95bdd4c1d2d7b4797b7d5f897bde51d89f481eaba7bfde4d3b7f7908f13ae10e,lf-normalized
sde/apep_1452__v1.tex,apep_1452/v1/tables/tabF1_sde.tex,https://raw.githubusercontent.com/SocialCatalystLab/ape-papers/70c660ea5a7de722e9a12ad965e1c665890208d8/apep_1452/v1/tables/tabF1_sde.tex,5995f3ddc77fff1bd1627275b64e15a9da5bedbb,5dd567925c44044efa52528e27d249991d7609adcac48410cdb05306368b69e9,lf-normalized
sde/apep_1454__v1.tex,apep_1454/v1/tables/tabF1_sde.tex,https://raw.githubusercontent.com/SocialCatalystLab/ape-papers/70c660ea5a7de722e9a12ad965e1c665890208d8/apep_1454/v1/tables/tabF1_sde.tex,91f3fca2d90486061b246a5ac55eda6ec0fc1ce1,5a8249978f127b780acd50122a323a807591896040ecbf7800910f3634587fa6,lf-normalized
sde/apep_1455__v1.tex,apep_1455/v1/tables/tabF1_sde.tex,https://raw.githubusercontent.com/SocialCatalystLab/ape-papers/70c660ea5a7de722e9a12ad965e1c665890208d8/apep_1455/v1/tables/tabF1_sde.tex,f676eeed1ac5fc8771bb7d36ea556a67e070e9de,7b71a83dea3efbf3d420e0fbe9bb61ca9ee591b5c2cb7755104f3abe39572482,lf-normalized
sde/apep_1456__v1.tex,apep_1456/v1/tables/tabF1_sde.tex,https://raw.githubusercontent.com/SocialCatalystLab/ape-papers/70c660ea5a7de722e9a12ad965e1c665890208d8/apep_1456/v1/tables/tabF1_sde.tex,51b7083421e8ce7f82dcf39b328f8db55f0e6a63,115c1041cdebeb42c370cf075c1b222fbf1e8e2e5d6f977abb511f47ba7a7077,lf-normalized
sde/apep_1457__v1.tex,apep_1457/v1/tables/tabF1_sde.tex,https://raw.githubusercontent.com/SocialCatalystLab/ape-papers/70c660ea5a7de722e9a12ad965e1c665890208d8/apep_1457/v1/tables/tabF1_sde.tex,9ee8407a251b9292e18bd4a0309d2cdcdb48584e,7d39d83a4f9f569b636d8b0edf20e5e3a35f45fd4f2a53d58bd179db7fa8d81f,lf-normalized
sde/apep_1458__v1.tex,apep_1458/v1/tables/tabF1_sde.tex,https://raw.githubusercontent.com/SocialCatalystLab/ape-papers/70c660ea5a7de722e9a12ad965e1c665890208d8/apep_1458/v1/tables/tabF1_sde.tex,294408282ee01af2757b313d1e11c8a407b3769c,5b5bc99db0e41674aed9e469321bd34921f6c7fb94c584c7ddb88285bb2bdadf,lf-normalized
sde/apep_1459__v1.tex,apep_1459/v1/tables/tabF1_sde.tex,https://raw.githubusercontent.com/SocialCatalystLab/ape-papers/70c660ea5a7de722e9a12ad965e1c665890208d8/apep_1459/v1/tables/tabF1_sde.tex,dd35cc43f6cc8b58ea7c30624457ed31a351b14b,87372226edf19cf136c43f541c25fd10ed7102ed53dc4314af31d8d2141aa36f,lf-normalized
sde/apep_1460__v1.tex,apep_1460/v1/tables/tabF1_sde.tex,https://raw.githubusercontent.com/SocialCatalystLab/ape-papers/70c660ea5a7de722e9a12ad965e1c665890208d8/apep_1460/v1/tables/tabF1_sde.tex,2171912348764bbf45ec7f1918f2de3017c7b645,c15ed303bf38e79b4bc814e02c284ad815ceafc1f796b7537c2773de9b77a4c6,lf-normalized
sde/apep_1461__v1.tex,apep_1461/v1/tables/tabF1_sde.tex,https://raw.githubusercontent.com/SocialCatalystLab/ape-papers/70c660ea5a7de722e9a12ad965e1c665890208d8/apep_1461/v1/tables/tabF1_sde.tex,2e427481d72a6a932f20f9e012b9be2ff47c136a,ca8a425f3d5be82a395d48552b0b6cdebc549d27ebd5ed5f119dc3a11360053f,lf-normalized
meta/apep_0238__v10.json,apep_0238/v10/metadata.json,https://raw.githubusercontent.com/SocialCatalystLab/ape-papers/70c660ea5a7de722e9a12ad965e1c665890208d8/apep_0238/v10/metadata.json,21a39e5a367df2473d50aa0b1db33c45fb998b99,965a6dbb29a09698489e6e44a118b56a4a6697d47722e646d374ffedc075864d,json-semantic
meta/apep_0238__v11.json,apep_0238/v11/metadata.json,https://raw.githubusercontent.com/SocialCatalystLab/ape-papers/70c660ea5a7de722e9a12ad965e1c665890208d8/apep_0238/v11/metadata.json,39fd571a80506dcfb109cfa065e4f136b5c52f19,27e91aeab5d89af96bc1eca644ce4cf107e894c7a4af2e9ce30a2293a59e27b7,json-semantic
meta/apep_0569__v1.json,apep_0569/v1/metadata.json,https://raw.githubusercontent.com/SocialCatalystLab/ape-papers/70c660ea5a7de722e9a12ad965e1c665890208d8/apep_0569/v1/metadata.json,e4280e14266ba69f60352f62990bf7e887dc2e19,d3d484a123f72ed9553fb3f40a8fcd90bb64b36bffeec8e04ae207410eac0b11,json-semantic
meta/apep_0572__v1.json,apep_0572/v1/metadata.json,https://raw.githubusercontent.com/SocialCatalystLab/ape-papers/70c660ea5a7de722e9a12ad965e1c665890208d8/apep_0572/v1/metadata.json,66aff616bc9b9481a80620abf1eaddead9ab2417,669ed9447d5486e9b3968a9f05f17ada114860f949984ee3affdad49b910b7d1,json-semantic
meta/apep_0591__v1.json,apep_0591/v1/metadata.json,https://raw.githubusercontent.com/SocialCatalystLab/ape-papers/70c660ea5a7de722e9a12ad965e1c665890208d8/apep_0591/v1/metadata.json,2a11562da90d489aa0cb8e3e246509e079f2b270,75bfef6d862b8727934927cf1ea6a9bb88e37110855c1ecf540134dd1db30ffd,json-semantic
meta/apep_0591__v2.json,apep_0591/v2/metadata.json,https://raw.githubusercontent.com/SocialCatalystLab/ape-papers/70c660ea5a7de722e9a12ad965e1c665890208d8/apep_0591/v2/metadata.json,de8ef67ae6b03f0d348b925747603c3572d78e69,9f4ea6e6a60bef11ac4f7cbeda330b40accf1b595a8e331d14596ab834fd0db0,json-semantic
meta/apep_0592__v1.json,apep_0592/v1/metadata.json,https://raw.githubusercontent.com/SocialCatalystLab/ape-papers/70c660ea5a7de722e9a12ad965e1c665890208d8/apep_0592/v1/metadata.json,7209b97c301ee9d49e299abbc8cc7c29a6c980c1,5909e19ef89d0b2bb7a225147d26884105bcf3497d7df646d4c7ded1d6ed9c6f,json-semantic
meta/apep_0593__v1.json,apep_0593/v1/metadata.json,https://raw.githubusercontent.com/SocialCatalystLab/ape-papers/70c660ea5a7de722e9a12ad965e1c665890208d8/apep_0593/v1/metadata.json,38d562f68b82747102d682410f4767e80a62e3eb,177e4767f8f8eb4010e822efb46b3ca10db8970c12f387d6e069d2ce2bf0b540,json-semantic
meta/apep_0594__v1.json,apep_0594/v1/metadata.json,https://raw.githubusercontent.com/SocialCatalystLab/ape-papers/70c660ea5a7de722e9a12ad965e1c665890208d8/apep_0594/v1/metadata.json,0823dd74e97e25b46a413d8160502ff61505eaa9,2c93b9f5f968cd7d162fcf0f5ecd6286bb1c2cb76316a1470e076ba208e2c821,json-semantic
meta/apep_0595__v1.json,apep_0595/v1/metadata.json,https://raw.githubusercontent.com/SocialCatalystLab/ape-papers/70c660ea5a7de722e9a12ad965e1c665890208d8/apep_0595/v1/metadata.json,b99358e013d0f41538cbe3e3bf6f27419011bbd6,2a5c4f36baccae719e3327192dc0fdcc674d04edbf93239ce646a2d7d014a7fd,json-semantic
meta/apep_0596__v1.json,apep_0596/v1/metadata.json,https://raw.githubusercontent.com/SocialCatalystLab/ape-papers/70c660ea5a7de722e9a12ad965e1c665890208d8/apep_0596/v1/metadata.json,ade422181b36eedd8060c4b4ecac321bb05ffc1d,4f3ad3ea5d6f2e39e4e049494c3029588fc79dcf312a58f16bb1073d5bde8036,json-semantic
meta/apep_0597__v1.json,apep_0597/v1/metadata.json,https://raw.githubusercontent.com/SocialCatalystLab/ape-papers/70c660ea5a7de722e9a12ad965e1c665890208d8/apep_0597/v1/metadata.json,0fbb1db8bfcbde602cd945fd921e7fcfe2479f83,fb0855882b7e3513d65459dae6a12414572d72215e3e719d2a7990ca1268b9ab,json-semantic
meta/apep_0598__v1.json,apep_0598/v1/metadata.json,https://raw.githubusercontent.com/SocialCatalystLab/ape-papers/70c660ea5a7de722e9a12ad965e1c665890208d8/apep_0598/v1/metadata.json,5efe594739cb4da34d618637572a146582b9f65b,1f8286685c7d09a753f49377578d6065d7d2c16f4b4c9997084d21c903c62bbe,json-semantic
meta/apep_0599__v1.json,apep_0599/v1/metadata.json,https://raw.githubusercontent.com/SocialCatalystLab/ape-papers/70c660ea5a7de722e9a12ad965e1c665890208d8/apep_0599/v1/metadata.json,0a83c734a05f2216f771cc56269ce0044ecbdad2,298eb906fd8a85e7e48ec422b51d3b8c472ba9cb216c456763eff24a7f74b4a4,json-semantic
meta/apep_0600__v1.json,apep_0600/v1/metadata.json,https://raw.githubusercontent.com/SocialCatalystLab/ape-papers/70c660ea5a7de722e9a12ad965e1c665890208d8/apep_0600/v1/metadata.json,c67ea86e40a5058f98f1a08a963bf3eeb3f60cf7,17b6fcdcea7ef105950172dbbf5ae2340c8b9815b6a5029ff4712f913f0b89e6,json-semantic
meta/apep_0601__v1.json,apep_0601/v1/metadata.json,https://raw.githubusercontent.com/SocialCatalystLab/ape-papers/70c660ea5a7de722e9a12ad965e1c665890208d8/apep_0601/v1/metadata.json,526e0c8ae1bc837909ae22a2cea70833c764f1d9,832ffb49dae2480a1d063622307340cadcba9d332d98620863af78c3dd1a923e,json-semantic
meta/apep_0602__v1.json,apep_0602/v1/metadata.json,https://raw.githubusercontent.com/SocialCatalystLab/ape-papers/70c660ea5a7de722e9a12ad965e1c665890208d8/apep_0602/v1/metadata.json,f00cb618955e04ec67633eea2f6ac47b61222500,ecf79d656052b3654f9397ff58da2322c4a2100f0a81f2e985ca33af8960dc5a,json-semantic
meta/apep_0603__v1.json,apep_0603/v1/metadata.json,https://raw.githubusercontent.com/SocialCatalystLab/ape-papers/70c660ea5a7de722e9a12ad965e1c665890208d8/apep_0603/v1/metadata.json,2502d89a637b9069ceb5547b060ca1e48a2afd70,919568d3f945ba497487c70cee41bc764e10fdf80cbc11d7c929262d3b37af91,json-semantic
meta/apep_0604__v1.json,apep_0604/v1/metadata.json,https://raw.githubusercontent.com/SocialCatalystLab/ape-papers/70c660ea5a7de722e9a12ad965e1c665890208d8/apep_0604/v1/metadata.json,7183a9f0c356146de62129ec3b51475863b29900,a9b30c8d4cb9518325c17b2ceb333b9a44a38da7fd75b14d227b0a3528d39c90,json-semantic
meta/apep_0605__v1.json,apep_0605/v1/metadata.json,https://raw.githubusercontent.com/SocialCatalystLab/ape-papers/70c660ea5a7de722e9a12ad965e1c665890208d8/apep_0605/v1/metadata.json,cffb3be3d5820dcf2ebfa7bf45722b3415cb4596,be4e8530cc3d46694fafcb76c66f28dc70848b20bdeaed5f7035e38768ceb833,json-semantic
meta/apep_0606__v1.json,apep_0606/v1/metadata.json,https://raw.githubusercontent.com/SocialCatalystLab/ape-papers/70c660ea5a7de722e9a12ad965e1c665890208d8/apep_0606/v1/metadata.json,6bcc8bdc8086e025de80303eccc6095dfcc8bb5e,5f334b6576286beaa8f6c135c1bab6e1e79135d58a90482474cf4a8d06410530,json-semantic
meta/apep_0607__v1.json,apep_0607/v1/metadata.json,https://raw.githubusercontent.com/SocialCatalystLab/ape-papers/70c660ea5a7de722e9a12ad965e1c665890208d8/apep_0607/v1/metadata.json,a3e9d9977f22f6d1f79460673235613fe8922f33,b64e11dd3d3e5d292105e0cd007bf774679f9bfc5cadfe0e5ad1f7d205e802ff,json-semantic
meta/apep_0608__v1.json,apep_0608/v1/metadata.json,https://raw.githubusercontent.com/SocialCatalystLab/ape-papers/70c660ea5a7de722e9a12ad965e1c665890208d8/apep_0608/v1/metadata.json,3959e20eb4f7d8639cdd3de15b27e9d1f4764436,d6b958ca004c1abfc0137daed2d44eb247dcc64b1f86cff8a3925bbc3bd8c1c8,json-semantic
meta/apep_0609__v1.json,apep_0609/v1/metadata.json,https://raw.githubusercontent.com/SocialCatalystLab/ape-papers/70c660ea5a7de722e9a12ad965e1c665890208d8/apep_0609/v1/metadata.json,3e6c7d66a928adbb4083cff417c85803e3a561f5,3b5828200e0208af4884ad549157f9e61d689745f5ffd438ca5cbf03fb0d3ee1,json-semantic
meta/apep_0610__v1.json,apep_0610/v1/metadata.json,https://raw.githubusercontent.com/SocialCatalystLab/ape-papers/70c660ea5a7de722e9a12ad965e1c665890208d8/apep_0610/v1/metadata.json,82125f2d50592b2f8817b57294bdcd209953242a,d0be355e07b96b73755372d76bc27b4e6f1f6fc8d72f79423116d42aee709169,json-semantic
meta/apep_0611__v1.json,apep_0611/v1/metadata.json,https://raw.githubusercontent.com/SocialCatalystLab/ape-papers/70c660ea5a7de722e9a12ad965e1c665890208d8/apep_0611/v1/metadata.json,89abace5e319b30f3059f15e456c64a7a04d0d68,e9888fa8ae20b3a6601fbcf2bb6c88e67203aad0df11aa6d055ba0453bd64984,json-semantic
meta/apep_0612__v1.json,apep_0612/v1/metadata.json,https://raw.githubusercontent.com/SocialCatalystLab/ape-papers/70c660ea5a7de722e9a12ad965e1c665890208d8/apep_0612/v1/metadata.json,877f5b526e42c8df2cc0df593feb05794d5ebe17,57a5caf2972b6b9d9c970055a10faeb0196fb21bd1c029c10ff45728280f0b6c,json-semantic
meta/apep_0613__v1.json,apep_0613/v1/metadata.json,https://raw.githubusercontent.com/SocialCatalystLab/ape-papers/70c660ea5a7de722e9a12ad965e1c665890208d8/apep_0613/v1/metadata.json,f03fe3c185f0e132617b364541b813a42ec73900,a37629c3893e7ed11dda925cbbe9fa3a1817d8b1b7c54d1237b011d9256379d4,json-semantic
meta/apep_0614__v1.json,apep_0614/v1/metadata.json,https://raw.githubusercontent.com/SocialCatalystLab/ape-papers/70c660ea5a7de722e9a12ad965e1c665890208d8/apep_0614/v1/metadata.json,baeb993be4062980d7fd194c079f464159f0e153,8487b48e0279c91839d19b33005c0e5054d88f6a88b009c5ff3eccd49d61c69c,json-semantic
meta/apep_0615__v1.json,apep_0615/v1/metadata.json,https://raw.githubusercontent.com/SocialCatalystLab/ape-papers/70c660ea5a7de722e9a12ad965e1c665890208d8/apep_0615/v1/metadata.json,bd87668538f81583f5c1671cabc57773dc0a9bad,5a69973de55325aa4c0093d6fc8ce88a120c5fb6576c4f78ebeca43274a9b421,json-semantic
meta/apep_0616__v1.json,apep_0616/v1/metadata.json,https://raw.githubusercontent.com/SocialCatalystLab/ape-papers/70c660ea5a7de722e9a12ad965e1c665890208d8/apep_0616/v1/metadata.json,ea72faeeca45f342ba3cd348b9b7852b9103971d,cfeda3205cb2a0fd6e7542ac1fc746be3c3ff5fa9dca1dc5f75a55830923d328,json-semantic
meta/apep_0617__v1.json,apep_0617/v1/metadata.json,https://raw.githubusercontent.com/SocialCatalystLab/ape-papers/70c660ea5a7de722e9a12ad965e1c665890208d8/apep_0617/v1/metadata.json,655c8fd7bc9376fef20e7fa26b71c9d932e1f62c,e860674b41242cbb143c981da1bcabf5a004c57c7a2afed742a47588c965d057,json-semantic
meta/apep_0618__v1.json,apep_0618/v1/metadata.json,https://raw.githubusercontent.com/SocialCatalystLab/ape-papers/70c660ea5a7de722e9a12ad965e1c665890208d8/apep_0618/v1/metadata.json,a3c74044f542d84c58c7d9fead009dc0d8d9c8a5,18468293501d4db01d0f7ed0cd149c1aad60971a9f9b9010ff683de6f5e6c2fc,json-semantic
meta/apep_0619__v1.json,apep_0619/v1/metadata.json,https://raw.githubusercontent.com/SocialCatalystLab/ape-papers/70c660ea5a7de722e9a12ad965e1c665890208d8/apep_0619/v1/metadata.json,ca1e00df83100009f8244909eaddd28543f3a2ac,c743ebc7041fb61d3b44e116a984e91ffa0bb8060705e9fc9b9eecdb4fa4a64c,json-semantic
meta/apep_0620__v1.json,apep_0620/v1/metadata.json,https://raw.githubusercontent.com/SocialCatalystLab/ape-papers/70c660ea5a7de722e9a12ad965e1c665890208d8/apep_0620/v1/metadata.json,12538f21584507a09dffba22cf5a60b3c44660c3,ab02f2869b4420da086469839b84aacf6d2f0afdbdab770b3ecf8e6e420533da,json-semantic
meta/apep_0621__v1.json,apep_0621/v1/metadata.json,https://raw.githubusercontent.com/SocialCatalystLab/ape-papers/70c660ea5a7de722e9a12ad965e1c665890208d8/apep_0621/v1/metadata.json,126e5bfab877d91c41c02ee9ce0d24fea45c9450,65ce4af0c537e14ef28e182909c1d612770abb3a716f0174b3de151189e33d4f,json-semantic
meta/apep_0622__v1.json,apep_0622/v1/metadata.json,https://raw.githubusercontent.com/SocialCatalystLab/ape-papers/70c660ea5a7de722e9a12ad965e1c665890208d8/apep_0622/v1/metadata.json,13cf086183aaf96a58160aa31a5d5a4b1c0910bd,3de76c992aeae171c407559d4c902f3e3f4d6f76f35078f2035252de3c28b30c,json-semantic
meta/apep_0623__v1.json,apep_0623/v1/metadata.json,https://raw.githubusercontent.com/SocialCatalystLab/ape-papers/70c660ea5a7de722e9a12ad965e1c665890208d8/apep_0623/v1/metadata.json,fe819997dc1b5ca8101a10254db389b8a9a483b3,ba3946c6ec628a0faaff8dd6c2200311fc5a0e24bfd9d5e59f746485ac00b6ac,json-semantic
meta/apep_0624__v1.json,apep_0624/v1/metadata.json,https://raw.githubusercontent.com/SocialCatalystLab/ape-papers/70c660ea5a7de722e9a12ad965e1c665890208d8/apep_0624/v1/metadata.json,c2cbff800591aba9bac1f1318a66fd81f80e8bb1,f8067206d12842ce9b7cdb98a870437ba1fbe8f9cce15b52a73e2f69627c54be,json-semantic
meta/apep_0625__v1.json,apep_0625/v1/metadata.json,https://raw.githubusercontent.com/SocialCatalystLab/ape-papers/70c660ea5a7de722e9a12ad965e1c665890208d8/apep_0625/v1/metadata.json,60959fa4d7f6bccbd507d9c7cc822d5fa40fa1b0,591c3824b52949a3ce9e65ac064d2750a67a2e921f53f6d9a255da5c4c7af75b,json-semantic
meta/apep_0626__v1.json,apep_0626/v1/metadata.json,https://raw.githubusercontent.com/SocialCatalystLab/ape-papers/70c660ea5a7de722e9a12ad965e1c665890208d8/apep_0626/v1/metadata.json,7bfea793bdce3f59fffa96352f20d5a969a07862,d6b63e6f10e01065c8421c07e7afc089ae0343e082b3723f070c763c2e1ab0fb,json-semantic
meta/apep_0626__v2.json,apep_0626/v2/metadata.json,https://raw.githubusercontent.com/SocialCatalystLab/ape-papers/70c660ea5a7de722e9a12ad965e1c665890208d8/apep_0626/v2/metadata.json,f553f17fa00da61abd32d0ba17068aa60c199da9,c57757eaeb4807b81c4738432085bb7d2de6e29fe7745a4713c8a649d80eb333,json-semantic
meta/apep_0627__v1.json,apep_0627/v1/metadata.json,https://raw.githubusercontent.com/SocialCatalystLab/ape-papers/70c660ea5a7de722e9a12ad965e1c665890208d8/apep_0627/v1/metadata.json,05a082969934f1e10eff7b73b1f536916d496932,008439c93595154bbaff828d9a1ae5a7ce71316c500b5aa34239d4d31235d057,json-semantic
meta/apep_0628__v1.json,apep_0628/v1/metadata.json,https://raw.githubusercontent.com/SocialCatalystLab/ape-papers/70c660ea5a7de722e9a12ad965e1c665890208d8/apep_0628/v1/metadata.json,35190bbfd3002fc9976e772a95e11f067ca56eac,f47e86f7c3246448bf02994e163cbf4e14317070031a213b94a4aa7d47fae58a,json-semantic
meta/apep_0630__v1.json,apep_0630/v1/metadata.json,https://raw.githubusercontent.com/SocialCatalystLab/ape-papers/70c660ea5a7de722e9a12ad965e1c665890208d8/apep_0630/v1/metadata.json,f4c23e5593f623c3b0931b2e84b877de27b4b259,35ef3a572558c5293913437c73e140a0daa10f2a13994859053b8a21968da3b1,json-semantic
meta/apep_0631__v1.json,apep_0631/v1/metadata.json,https://raw.githubusercontent.com/SocialCatalystLab/ape-papers/70c660ea5a7de722e9a12ad965e1c665890208d8/apep_0631/v1/metadata.json,d35ed158343ca5cc8417a10faa5eab9360f8384d,91057b04a3d12e405578b59f0262b6a69d81a9fb33356850b1245f49ccdf6600,json-semantic
meta/apep_0632__v1.json,apep_0632/v1/metadata.json,https://raw.githubusercontent.com/SocialCatalystLab/ape-papers/70c660ea5a7de722e9a12ad965e1c665890208d8/apep_0632/v1/metadata.json,140a569769a68948cb846cb8cf1df4dcca328995,9fc9e3ec19d3cf0417913b3401678a22470c42259247e9cfb3089defd2091c74,json-semantic
meta/apep_0633__v1.json,apep_0633/v1/metadata.json,https://raw.githubusercontent.com/SocialCatalystLab/ape-papers/70c660ea5a7de722e9a12ad965e1c665890208d8/apep_0633/v1/metadata.json,37b62039aba8922f4bab902389368cf02fd186af,64498ac7ed0681ec103a2fa85096001aa0c446b211cd27d98d75460583d00f3f,json-semantic
meta/apep_0634__v1.json,apep_0634/v1/metadata.json,https://raw.githubusercontent.com/SocialCatalystLab/ape-papers/70c660ea5a7de722e9a12ad965e1c665890208d8/apep_0634/v1/metadata.json,472878b4f6406ea14b16ce425f1659bb82baaf76,aca2cd8816c94a5349858531489c32c2dc89c3b0d89ef265ef96b9a60b4c746a,json-semantic
meta/apep_0636__v1.json,apep_0636/v1/metadata.json,https://raw.githubusercontent.com/SocialCatalystLab/ape-papers/70c660ea5a7de722e9a12ad965e1c665890208d8/apep_0636/v1/metadata.json,d7e2565763844768aeea3be5bc1f4d728c030376,708e414e843f8ba07eb63fccd76714abeaf211544d63c427c2171bdb14a7020e,json-semantic
meta/apep_0637__v1.json,apep_0637/v1/metadata.json,https://raw.githubusercontent.com/SocialCatalystLab/ape-papers/70c660ea5a7de722e9a12ad965e1c665890208d8/apep_0637/v1/metadata.json,181bebdcbad66bc086a02089de97527aa309123e,e0ffc17c6b74fde66a102caa05be4129fa6c3e0fa74f47779196f1f61ce605ee,json-semantic
meta/apep_0638__v1.json,apep_0638/v1/metadata.json,https://raw.githubusercontent.com/SocialCatalystLab/ape-papers/70c660ea5a7de722e9a12ad965e1c665890208d8/apep_0638/v1/metadata.json,51e60ef0c5e514846d87c25ef027564aca660ebd,0d52ddd367c697ccabe3b83a52c7a60a5319c4e15b0df5710dc7819e27400282,json-semantic
meta/apep_0639__v1.json,apep_0639/v1/metadata.json,https://raw.githubusercontent.com/SocialCatalystLab/ape-papers/70c660ea5a7de722e9a12ad965e1c665890208d8/apep_0639/v1/metadata.json,27e9ac171b66281f06fc3e4bfbdea30a8894eaaf,680ca5a4364b66a93af5f33b5d5fbf39b733c786dc974907d99b32ec4a0ec344,json-semantic
meta/apep_0640__v1.json,apep_0640/v1/metadata.json,https://raw.githubusercontent.com/SocialCatalystLab/ape-papers/70c660ea5a7de722e9a12ad965e1c665890208d8/apep_0640/v1/metadata.json,cc69747c4ea3a834b57d99e0e62c0295398160f3,257e76df61fc02f7ddc4147ddbc3ac52cf83cb12ca4aad0e5b34f892cdc4ff56,json-semantic
meta/apep_0641__v1.json,apep_0641/v1/metadata.json,https://raw.githubusercontent.com/SocialCatalystLab/ape-papers/70c660ea5a7de722e9a12ad965e1c665890208d8/apep_0641/v1/metadata.json,1743d1cb4b907d93e319daafeab3e0b2fda546d8,f4be8bf61fd2b58817bb6a44e8f67505a7110ad5d0fd997c5a74386e05fb41bb,json-semantic
meta/apep_0642__v1.json,apep_0642/v1/metadata.json,https://raw.githubusercontent.com/SocialCatalystLab/ape-papers/70c660ea5a7de722e9a12ad965e1c665890208d8/apep_0642/v1/metadata.json,030f2cc995457198d6d0a8a210d5fddbb4d5572f,6398b26b011ff8cf82a675cb3397a0afca3194f97d3e802cb4d6332402a04f0e,json-semantic
meta/apep_0642__v2.json,apep_0642/v2/metadata.json,https://raw.githubusercontent.com/SocialCatalystLab/ape-papers/70c660ea5a7de722e9a12ad965e1c665890208d8/apep_0642/v2/metadata.json,e9fa2cc443fc4dce99f3dd9d2c7e4785b441b28f,e0bb0a44d7b797fe1f30735c464cf549261a1a1ecb07b8bcd53bac2a7875d9bb,json-semantic
meta/apep_0643__v1.json,apep_0643/v1/metadata.json,https://raw.githubusercontent.com/SocialCatalystLab/ape-papers/70c660ea5a7de722e9a12ad965e1c665890208d8/apep_0643/v1/metadata.json,e10a33a06b8804c3bf65c409e8f4e5f58d0b86b4,19ace054c6010acfd07e4f789ff469a0efa727bc03405e70889c671d30700a56,json-semantic
meta/apep_0644__v1.json,apep_0644/v1/metadata.json,https://raw.githubusercontent.com/SocialCatalystLab/ape-papers/70c660ea5a7de722e9a12ad965e1c665890208d8/apep_0644/v1/metadata.json,2bb2c7b5755bd445511dfd83927c94d0bfc4370f,eab0f69fccd4019cc0d22abacb5bc30ff84766d0a9decdbcec93b1d1249bb880,json-semantic
meta/apep_0648__v1.json,apep_0648/v1/metadata.json,https://raw.githubusercontent.com/SocialCatalystLab/ape-papers/70c660ea5a7de722e9a12ad965e1c665890208d8/apep_0648/v1/metadata.json,d438b387c59c36e47bf5f11b7a147526c3c18762,d9ab5fdd5c1e17a27f8e7fb944403336b842f977f3f57bc5fcd6af68ac4bfa84,json-semantic
meta/apep_0649__v1.json,apep_0649/v1/metadata.json,https://raw.githubusercontent.com/SocialCatalystLab/ape-papers/70c660ea5a7de722e9a12ad965e1c665890208d8/apep_0649/v1/metadata.json,fea87cd702da749948e3d0c4c44b07272b5fc1bc,0f0d4df6b909d09feec8e1af84568cac0cbb75b232f51c571ed0d62effb9579d,json-semantic
meta/apep_0650__v1.json,apep_0650/v1/metadata.json,https://raw.githubusercontent.com/SocialCatalystLab/ape-papers/70c660ea5a7de722e9a12ad965e1c665890208d8/apep_0650/v1/metadata.json,3b372cc1f5c60ab1121977aff6b9197983ae5a49,a7d7974695ebcb51e727844149f6108903ff3ced8e6dfe9654edf16ef1678ab8,json-semantic
meta/apep_0651__v1.json,apep_0651/v1/metadata.json,https://raw.githubusercontent.com/SocialCatalystLab/ape-papers/70c660ea5a7de722e9a12ad965e1c665890208d8/apep_0651/v1/metadata.json,eabe7eb68d42d6fb628bcab7a36eabcfe821a47a,46fa06bb9d79f3595a626391bb0c1346a1202f46248e7390f492ca8973c06ace,json-semantic
meta/apep_0652__v1.json,apep_0652/v1/metadata.json,https://raw.githubusercontent.com/SocialCatalystLab/ape-papers/70c660ea5a7de722e9a12ad965e1c665890208d8/apep_0652/v1/metadata.json,bfaf76afc39aa13ebf914bb2a61177687dc0278a,20f147402ae2d76ba3d5d470e36813f8cc86f53003f800adb9154c87bbe47284,json-semantic
meta/apep_0653__v1.json,apep_0653/v1/metadata.json,https://raw.githubusercontent.com/SocialCatalystLab/ape-papers/70c660ea5a7de722e9a12ad965e1c665890208d8/apep_0653/v1/metadata.json,cf9237146fa2b9a382c393a29c1bd0e91c3b1b5e,99f58fee44361a1f03d615de2b5c060cac03a32cf86478bdec0f260b0d15b414,json-semantic
meta/apep_0654__v1.json,apep_0654/v1/metadata.json,https://raw.githubusercontent.com/SocialCatalystLab/ape-papers/70c660ea5a7de722e9a12ad965e1c665890208d8/apep_0654/v1/metadata.json,b711a6800dc93b846a55a477c7fea918ca55a19c,0cc2d3fc924fb6df7628e853a96df5c1d27c73aa71d031f42f67155844e98a35,json-semantic
meta/apep_0655__v1.json,apep_0655/v1/metadata.json,https://raw.githubusercontent.com/SocialCatalystLab/ape-papers/70c660ea5a7de722e9a12ad965e1c665890208d8/apep_0655/v1/metadata.json,640426762fd0e6e4c12447a2d0bffc4aec47ef75,6e4af3fc43fdc3e07c479271c4c4d0077f8ab72f8d8918a39a4c0efb5330802b,json-semantic
meta/apep_0658__v1.json,apep_0658/v1/metadata.json,https://raw.githubusercontent.com/SocialCatalystLab/ape-papers/70c660ea5a7de722e9a12ad965e1c665890208d8/apep_0658/v1/metadata.json,0554cacdf6b07cd4d64d7965fd12c713fbe81f3a,5d31ffdb906be3cb88bdab130a0584715e7b3f2394696d9b6dc3b58ecd05dc92,json-semantic
meta/apep_0659__v1.json,apep_0659/v1/metadata.json,https://raw.githubusercontent.com/SocialCatalystLab/ape-papers/70c660ea5a7de722e9a12ad965e1c665890208d8/apep_0659/v1/metadata.json,a70ef85b696117c4ef9fb20906ac04d6295239e0,a42036cdc3de9706e9ed752eee98c1bb43819f57680ba75f188c10cc5645aab2,json-semantic
meta/apep_0660__v1.json,apep_0660/v1/metadata.json,https://raw.githubusercontent.com/SocialCatalystLab/ape-papers/70c660ea5a7de722e9a12ad965e1c665890208d8/apep_0660/v1/metadata.json,05db13e498e40fbca5eff2b5871a6139fe9a4f1d,f5f2e62e4ad0fc208e3b5dc9fe371cb94cbf044e93b9f93b67bd2929da2af8b7,json-semantic
meta/apep_0661__v1.json,apep_0661/v1/metadata.json,https://raw.githubusercontent.com/SocialCatalystLab/ape-papers/70c660ea5a7de722e9a12ad965e1c665890208d8/apep_0661/v1/metadata.json,94ce647c180b21b5507e7d597e1a8ad75dc9c466,e8bdcb659622c3ad6582187c5a5f9f1cd16ff1e9875e9feae48f282988612b6b,json-semantic
meta/apep_0662__v1.json,apep_0662/v1/metadata.json,https://raw.githubusercontent.com/SocialCatalystLab/ape-papers/70c660ea5a7de722e9a12ad965e1c665890208d8/apep_0662/v1/metadata.json,d0ace1d13d7816dc3623fd073600c5a3da627858,bb0553c24a4d8b0a6e0869fdd01e3329d037e014bc7c9602efcd913e7c643ed4,json-semantic
meta/apep_0663__v1.json,apep_0663/v1/metadata.json,https://raw.githubusercontent.com/SocialCatalystLab/ape-papers/70c660ea5a7de722e9a12ad965e1c665890208d8/apep_0663/v1/metadata.json,b23c888908f7901933042e4074f7eec9811500b9,8fd036415ac0e771e4e7c584f368bca6c77566c0b0fe24f019bdecb211c863c6,json-semantic
meta/apep_0664__v1.json,apep_0664/v1/metadata.json,https://raw.githubusercontent.com/SocialCatalystLab/ape-papers/70c660ea5a7de722e9a12ad965e1c665890208d8/apep_0664/v1/metadata.json,f43df86900057f276f862870326b052f51abd2c1,89c038a63511f49d52c7f51619672e0c4618e106cb4a94b71d5d27c342d8488d,json-semantic
meta/apep_0665__v1.json,apep_0665/v1/metadata.json,https://raw.githubusercontent.com/SocialCatalystLab/ape-papers/70c660ea5a7de722e9a12ad965e1c665890208d8/apep_0665/v1/metadata.json,f91f44348d5c3b4d2ca134d2eb9203005ca4edf4,b3d4a1199eda06ed2f368c809f6ce77cb49b6beb7d5651e3441e81660574b688,json-semantic
meta/apep_0666__v1.json,apep_0666/v1/metadata.json,https://raw.githubusercontent.com/SocialCatalystLab/ape-papers/70c660ea5a7de722e9a12ad965e1c665890208d8/apep_0666/v1/metadata.json,7e74f9c5c79b31399990d7df2acb2757a535477b,7be9fbf80dcfcb5ff1904d95ab2836a947c41cc0e43c9e07ffd01159fc811738,json-semantic
meta/apep_0667__v1.json,apep_0667/v1/metadata.json,https://raw.githubusercontent.com/SocialCatalystLab/ape-papers/70c660ea5a7de722e9a12ad965e1c665890208d8/apep_0667/v1/metadata.json,1a245118163df9c33d3c20ac5b37bf81455525e1,514565cd33f72a31bd45d37e5f30936d6f54f2ae26d6f63421fb42b4bbc952a4,json-semantic
meta/apep_0668__v1.json,apep_0668/v1/metadata.json,https://raw.githubusercontent.com/SocialCatalystLab/ape-papers/70c660ea5a7de722e9a12ad965e1c665890208d8/apep_0668/v1/metadata.json,ad2623404357149960cd561426e5a7205b54655d,531fcbe3ef7228fb6fa91c6a12e4efb103b81239685d04d2d2e332832002a7a2,json-semantic
meta/apep_0669__v1.json,apep_0669/v1/metadata.json,https://raw.githubusercontent.com/SocialCatalystLab/ape-papers/70c660ea5a7de722e9a12ad965e1c665890208d8/apep_0669/v1/metadata.json,2ecaaf4e3c44857d40ab8c6a608a11aa7c7e3454,d99a4ed8727becc6c3180f8546d237a6b8266e796021ae347f8335c214fcdc09,json-semantic
meta/apep_0670__v1.json,apep_0670/v1/metadata.json,https://raw.githubusercontent.com/SocialCatalystLab/ape-papers/70c660ea5a7de722e9a12ad965e1c665890208d8/apep_0670/v1/metadata.json,99d1e47f1c8799b90573b615d1d6f80e76e7eaa0,19f624d3ea7512f938fe0ef381c46587f794a9acf7c842e1389af202e4a19407,json-semantic
meta/apep_0671__v1.json,apep_0671/v1/metadata.json,https://raw.githubusercontent.com/SocialCatalystLab/ape-papers/70c660ea5a7de722e9a12ad965e1c665890208d8/apep_0671/v1/metadata.json,25f6442bc9d4faa8b7586d922f4cef113d1618e8,de0ce910e30c8e837f5aabb440a02cbbe4ba8ac498bfb152a14b5843172bf959,json-semantic
meta/apep_0674__v1.json,apep_0674/v1/metadata.json,https://raw.githubusercontent.com/SocialCatalystLab/ape-papers/70c660ea5a7de722e9a12ad965e1c665890208d8/apep_0674/v1/metadata.json,5af759ebe96ea04a87460eb9d3a85f76333df7d8,875d6207abd52a2f40cc7dcf54000499a838fada8611610fa83cc893fdd77aaa,json-semantic
meta/apep_0675__v1.json,apep_0675/v1/metadata.json,https://raw.githubusercontent.com/SocialCatalystLab/ape-papers/70c660ea5a7de722e9a12ad965e1c665890208d8/apep_0675/v1/metadata.json,9ac8a6b992da6d1238679c9d18a589df743a622a,7e83678aa1392d269c12961b19e9ea7e56564e60c7dc2953be8ac79c40d1b05e,json-semantic
meta/apep_0676__v1.json,apep_0676/v1/metadata.json,https://raw.githubusercontent.com/SocialCatalystLab/ape-papers/70c660ea5a7de722e9a12ad965e1c665890208d8/apep_0676/v1/metadata.json,7107e3f3149986add799a159148212e539a31c25,ab2938400fcd925fa3d3fad5258cdb6edad36154bb80f43f0c5dc204cc694bf6,json-semantic
meta/apep_0677__v1.json,apep_0677/v1/metadata.json,https://raw.githubusercontent.com/SocialCatalystLab/ape-papers/70c660ea5a7de722e9a12ad965e1c665890208d8/apep_0677/v1/metadata.json,b263cc85ec993b613ba9633906260234bfa3ea28,69990b53a14a71c837ca7757adfbf991dbbf6f93ac35173a3b96a0dc24014234,json-semantic
meta/apep_0678__v1.json,apep_0678/v1/metadata.json,https://raw.githubusercontent.com/SocialCatalystLab/ape-papers/70c660ea5a7de722e9a12ad965e1c665890208d8/apep_0678/v1/metadata.json,647dadeb975058766cb23e89714c451749c698fb,d31cac2139550f232efd636ea04fa94e95f3fa9eab08f9a7670649c0efc29b5f,json-semantic
meta/apep_0679__v1.json,apep_0679/v1/metadata.json,https://raw.githubusercontent.com/SocialCatalystLab/ape-papers/70c660ea5a7de722e9a12ad965e1c665890208d8/apep_0679/v1/metadata.json,b91ddf797ae3bd23207a630bbfd1b7ee9d029277,2f1cf4d06a0399edc862f07f4a2bb6aec2ee9010c894d5f3298e5eabf33e5c75,json-semantic
meta/apep_0680__v1.json,apep_0680/v1/metadata.json,https://raw.githubusercontent.com/SocialCatalystLab/ape-papers/70c660ea5a7de722e9a12ad965e1c665890208d8/apep_0680/v1/metadata.json,0dc2671595bcecb6ffe745f4573ada3e9b2811a7,7b00538c7002969794335487870c190860fd1e4790f801050e7e245a7fbd2769,json-semantic
meta/apep_0681__v1.json,apep_0681/v1/metadata.json,https://raw.githubusercontent.com/SocialCatalystLab/ape-papers/70c660ea5a7de722e9a12ad965e1c665890208d8/apep_0681/v1/metadata.json,ebd9aa91f60b77e5f155eeb603ac14eaee92fd01,ef5d619344eedba985283d010f156cc71ac1d0d241a84136608c36244d02c86e,json-semantic
meta/apep_0682__v1.json,apep_0682/v1/metadata.json,https://raw.githubusercontent.com/SocialCatalystLab/ape-papers/70c660ea5a7de722e9a12ad965e1c665890208d8/apep_0682/v1/metadata.json,5241248fa44ab02e07a7f13cf8a6b5d7df5249e7,db0ff8f6735186b93b8dc1021c3a45d7949f73ce1dec53309aadf3cc8bc942d9,json-semantic
meta/apep_0683__v1.json,apep_0683/v1/metadata.json,https://raw.githubusercontent.com/SocialCatalystLab/ape-papers/70c660ea5a7de722e9a12ad965e1c665890208d8/apep_0683/v1/metadata.json,79c74d88e3d798894d0d4550e708f673ddf17229,692a20b513b5ea1778cdb3b2707e886ad1bb8c2da692be37565b53f4a2298f97,json-semantic
meta/apep_0684__v1.json,apep_0684/v1/metadata.json,https://raw.githubusercontent.com/SocialCatalystLab/ape-papers/70c660ea5a7de722e9a12ad965e1c665890208d8/apep_0684/v1/metadata.json,51beb55412ec430e8e937a81596ffa73cae8c077,e27f2cd1798b5ec3a88e1cf94f6c00d726e0b36963b5cb4924cb76efbfc325d9,json-semantic
meta/apep_0685__v1.json,apep_0685/v1/metadata.json,https://raw.githubusercontent.com/SocialCatalystLab/ape-papers/70c660ea5a7de722e9a12ad965e1c665890208d8/apep_0685/v1/metadata.json,6b2ffed140545266e0a508f785051b3a58ee542e,2b4b27424701aafdaf12062994822fce30ca0ffb4b9a731391031fe5654a6318,json-semantic
meta/apep_0686__v1.json,apep_0686/v1/metadata.json,https://raw.githubusercontent.com/SocialCatalystLab/ape-papers/70c660ea5a7de722e9a12ad965e1c665890208d8/apep_0686/v1/metadata.json,b929fde71a6ed0d4937f80d0edc2ab9e2c9b3dd1,c780a614d530332177e6223c7755f83a8f214a468fa83ce709a7349391918076,json-semantic
meta/apep_0687__v1.json,apep_0687/v1/metadata.json,https://raw.githubusercontent.com/SocialCatalystLab/ape-papers/70c660ea5a7de722e9a12ad965e1c665890208d8/apep_0687/v1/metadata.json,4aff002faa7ee6320f44fa10b045bd1d30293f48,af47f6a01d157b3a60b33aadf2b3d399ed327c3a28593fb79bdcf9ed7474259a,json-semantic
meta/apep_0688__v1.json,apep_0688/v1/metadata.json,https://raw.githubusercontent.com/SocialCatalystLab/ape-papers/70c660ea5a7de722e9a12ad965e1c665890208d8/apep_0688/v1/metadata.json,9b1e79dd54fb1c073130e40abce74c0d3300e9fd,0020b2b5d430d15d03c56f97e9db90d73826f372551606ec609b893e9a136308,json-semantic
meta/apep_0689__v1.json,apep_0689/v1/metadata.json,https://raw.githubusercontent.com/SocialCatalystLab/ape-papers/70c660ea5a7de722e9a12ad965e1c665890208d8/apep_0689/v1/metadata.json,da3c601ba8e44a906fd1ac9feec927a262cbd7f9,5fbfbd703a506e749f124bb87ba4f56d4ff385c4174f43815ef7423577d5d0f4,json-semantic
meta/apep_0690__v1.json,apep_0690/v1/metadata.json,https://raw.githubusercontent.com/SocialCatalystLab/ape-papers/70c660ea5a7de722e9a12ad965e1c665890208d8/apep_0690/v1/metadata.json,3611ae940f85597b728a9f9acdec0f8123780cbf,d2996a6fc9d868618f0f0a099be497295518d3e8179fe167a7f19869e57a0c96,json-semantic
meta/apep_0691__v1.json,apep_0691/v1/metadata.json,https://raw.githubusercontent.com/SocialCatalystLab/ape-papers/70c660ea5a7de722e9a12ad965e1c665890208d8/apep_0691/v1/metadata.json,3ed6256dc5cf018293796409760e2aff5b66a303,a15a8e11982ee8832101fbd0f67e8fa98fe931bcc8b155818be75b8457d21dc6,json-semantic
meta/apep_0692__v1.json,apep_0692/v1/metadata.json,https://raw.githubusercontent.com/SocialCatalystLab/ape-papers/70c660ea5a7de722e9a12ad965e1c665890208d8/apep_0692/v1/metadata.json,ae2ce8236b7b6522456e8696cb28898b7cf4c31d,b5f400cc3378448da5e72fbc7af04a62daa0c45ce8619221420daad066d0dbd9,json-semantic
meta/apep_0693__v1.json,apep_0693/v1/metadata.json,https://raw.githubusercontent.com/SocialCatalystLab/ape-papers/70c660ea5a7de722e9a12ad965e1c665890208d8/apep_0693/v1/metadata.json,fa540c6c7c8452330548fb5333fd099965f6e1ca,8208b9a0a3c1c2b47c24af837c31f956e00a16b683de8f33afdf8d1f651af7df,json-semantic
meta/apep_0694__v1.json,apep_0694/v1/metadata.json,https://raw.githubusercontent.com/SocialCatalystLab/ape-papers/70c660ea5a7de722e9a12ad965e1c665890208d8/apep_0694/v1/metadata.json,52c32caf808e1b4512e3df0943facec5911a51e5,107c4d78ab934dbf86b8a66f1ab9ca6cfb8e192cddccab3d65eb7cdb3b35ca53,json-semantic
meta/apep_0695__v1.json,apep_0695/v1/metadata.json,https://raw.githubusercontent.com/SocialCatalystLab/ape-papers/70c660ea5a7de722e9a12ad965e1c665890208d8/apep_0695/v1/metadata.json,c648830d74e4ab2d0e00b9b7d841e2f09634361b,391137009d33f3e83575983557cee5b6643db3fdd04ff3780461bee938aca70f,json-semantic
meta/apep_0696__v1.json,apep_0696/v1/metadata.json,https://raw.githubusercontent.com/SocialCatalystLab/ape-papers/70c660ea5a7de722e9a12ad965e1c665890208d8/apep_0696/v1/metadata.json,ff7b7138fa9d6c454102b85dbe3414d513121d11,a3e156da49830133650baa7716d64f2a647b8e5f393c95795b3d9c57d60bbca7,json-semantic
meta/apep_0697__v1.json,apep_0697/v1/metadata.json,https://raw.githubusercontent.com/SocialCatalystLab/ape-papers/70c660ea5a7de722e9a12ad965e1c665890208d8/apep_0697/v1/metadata.json,14df4717f8624beeb511b91fc63865e399b85c0f,471529846beb9390acecb5b1a1f7aa16f4753850bdef2e2b5591f514912e174d,json-semantic
meta/apep_0698__v1.json,apep_0698/v1/metadata.json,https://raw.githubusercontent.com/SocialCatalystLab/ape-papers/70c660ea5a7de722e9a12ad965e1c665890208d8/apep_0698/v1/metadata.json,afa7ab1e4390b90e3d9813e95160a149dd810f5d,209e722368ed01fc0722973d4a240e708329f2a4cebe9d62830ae2f5b5821de1,json-semantic
meta/apep_0699__v1.json,apep_0699/v1/metadata.json,https://raw.githubusercontent.com/SocialCatalystLab/ape-papers/70c660ea5a7de722e9a12ad965e1c665890208d8/apep_0699/v1/metadata.json,c2a12f54d1cdaa900897b591be5ab580bccdff8f,0bc083ad0fedb98ab9c63be07f999c0965551f150dda70f756e166ba1f66b001,json-semantic
meta/apep_0700__v1.json,apep_0700/v1/metadata.json,https://raw.githubusercontent.com/SocialCatalystLab/ape-papers/70c660ea5a7de722e9a12ad965e1c665890208d8/apep_0700/v1/metadata.json,b38f30543dee68bc2c1d1116543e54f2497e0400,ed5eb4cb39b1f2c84f060caba8dd14014bffeb1e25eb37257e04834edf82395c,json-semantic
meta/apep_0701__v1.json,apep_0701/v1/metadata.json,https://raw.githubusercontent.com/SocialCatalystLab/ape-papers/70c660ea5a7de722e9a12ad965e1c665890208d8/apep_0701/v1/metadata.json,9de11fb7a071dbaa5901336cac68df22d7d3e10a,849f70f6b644ab02e8b002f1122ccfb14ac172753e3012f273a4d3f00dd31be2,json-semantic
meta/apep_0702__v1.json,apep_0702/v1/metadata.json,https://raw.githubusercontent.com/SocialCatalystLab/ape-papers/70c660ea5a7de722e9a12ad965e1c665890208d8/apep_0702/v1/metadata.json,fc1c2416608cbea27390227c25d8ecb03f7013fd,8bea306befaf1677a78eb1825768486cd9dbfbe533d8696185985777a1132a26,json-semantic
meta/apep_0703__v1.json,apep_0703/v1/metadata.json,https://raw.githubusercontent.com/SocialCatalystLab/ape-papers/70c660ea5a7de722e9a12ad965e1c665890208d8/apep_0703/v1/metadata.json,7c18718eaf005c790b6c45f254783f9029c36ce0,9b8a01269e8d2f5003e1313152fc9b03426b4223d3ba507fdd711dc0d754f817,json-semantic
meta/apep_0704__v1.json,apep_0704/v1/metadata.json,https://raw.githubusercontent.com/SocialCatalystLab/ape-papers/70c660ea5a7de722e9a12ad965e1c665890208d8/apep_0704/v1/metadata.json,4a84c985669e5264dcb68cd94312028177043543,f53add7bb574e7e528fff136f4c6d26193d44a58419058765ad1b451db7dc10a,json-semantic
meta/apep_0705__v1.json,apep_0705/v1/metadata.json,https://raw.githubusercontent.com/SocialCatalystLab/ape-papers/70c660ea5a7de722e9a12ad965e1c665890208d8/apep_0705/v1/metadata.json,39d449db12e742ca1b5aa71cb6bc2c8665b09ea2,78b5c5ef791a16fa4b80631d7f911a269fb3ba2613eac969bc4f53e68f65be89,json-semantic
meta/apep_0706__v1.json,apep_0706/v1/metadata.json,https://raw.githubusercontent.com/SocialCatalystLab/ape-papers/70c660ea5a7de722e9a12ad965e1c665890208d8/apep_0706/v1/metadata.json,7bc7039a5d3b4ba051755b8983ab513fcd676237,c6b3fa806fa23b59131b3bbcf1d585e6bc85106790a8e3059f56c745b405807b,json-semantic
meta/apep_0707__v1.json,apep_0707/v1/metadata.json,https://raw.githubusercontent.com/SocialCatalystLab/ape-papers/70c660ea5a7de722e9a12ad965e1c665890208d8/apep_0707/v1/metadata.json,88bfdbd543e5680357c129ab5686b742077cebe1,0ce6a408a8b170c499fe2b64129f977aa1f9744bce1c6830c48db2aaed6c9e86,json-semantic
meta/apep_0708__v1.json,apep_0708/v1/metadata.json,https://raw.githubusercontent.com/SocialCatalystLab/ape-papers/70c660ea5a7de722e9a12ad965e1c665890208d8/apep_0708/v1/metadata.json,0126851b8071c769f757e9a9501919b3e9273ccc,2f9fe84341ac3e0a4d158f84edd903b825471d045b5193989d3e6c4e1349178a,json-semantic
meta/apep_0709__v1.json,apep_0709/v1/metadata.json,https://raw.githubusercontent.com/SocialCatalystLab/ape-papers/70c660ea5a7de722e9a12ad965e1c665890208d8/apep_0709/v1/metadata.json,ab80dde972af8418f80b27c2445de2a6a30ae31c,9ee18a1689e96bebc404b34e2856410f71884bede4ff8b3b77a3d4264d611e6e,json-semantic
meta/apep_0710__v1.json,apep_0710/v1/metadata.json,https://raw.githubusercontent.com/SocialCatalystLab/ape-papers/70c660ea5a7de722e9a12ad965e1c665890208d8/apep_0710/v1/metadata.json,fb6c2f8486363fdcbb4e926ea71c6e784cf3014b,a154f250164017cdc9f634ebcb4511ebe1f9067e7183e2c592fcb1952c464380,json-semantic
meta/apep_0711__v1.json,apep_0711/v1/metadata.json,https://raw.githubusercontent.com/SocialCatalystLab/ape-papers/70c660ea5a7de722e9a12ad965e1c665890208d8/apep_0711/v1/metadata.json,8b334769225b5908666c9d648721cafbe10e567b,8e5d7b7cc99aabaeba76d73de8037b70d562a51e2599554e18b01a626466286e,json-semantic
meta/apep_0712__v1.json,apep_0712/v1/metadata.json,https://raw.githubusercontent.com/SocialCatalystLab/ape-papers/70c660ea5a7de722e9a12ad965e1c665890208d8/apep_0712/v1/metadata.json,cb601e5c07bfb2aa2aafdbae6447e855412d5fe4,7a55f53b79ccec30c08991fde9f1007248e703003cf7fdaa5e59dc37f5c71d05,json-semantic
meta/apep_0713__v1.json,apep_0713/v1/metadata.json,https://raw.githubusercontent.com/SocialCatalystLab/ape-papers/70c660ea5a7de722e9a12ad965e1c665890208d8/apep_0713/v1/metadata.json,562310794544978eb207c1e98aac3f3f1a7014d1,42b7f676db7ccc196c675deca41962e4724272175106a2fe04c0b396951bed9c,json-semantic
meta/apep_0714__v1.json,apep_0714/v1/metadata.json,https://raw.githubusercontent.com/SocialCatalystLab/ape-papers/70c660ea5a7de722e9a12ad965e1c665890208d8/apep_0714/v1/metadata.json,4f371bfc7abd7efe5b8d9df6c9e16d8707dda509,3f71b751d195da58e82e8f5e87081923f4381b623be7381f2c9259acc00c913f,json-semantic
meta/apep_0715__v1.json,apep_0715/v1/metadata.json,https://raw.githubusercontent.com/SocialCatalystLab/ape-papers/70c660ea5a7de722e9a12ad965e1c665890208d8/apep_0715/v1/metadata.json,69cf10566a74bbe7abd2eb4b7cb409de7a2481f6,b17cc557fa24dc2bfe35a3d0b479ce807da213e32e026d5621a1ddf370f56aac,json-semantic
meta/apep_0716__v1.json,apep_0716/v1/metadata.json,https://raw.githubusercontent.com/SocialCatalystLab/ape-papers/70c660ea5a7de722e9a12ad965e1c665890208d8/apep_0716/v1/metadata.json,6f7b8b5e34695d91bb15cb3542e4a27d5f0d47f9,34b9782e6c8d2f894c17491b15eb4276d1486d457b99a43bd8a446691177679a,json-semantic
meta/apep_0717__v1.json,apep_0717/v1/metadata.json,https://raw.githubusercontent.com/SocialCatalystLab/ape-papers/70c660ea5a7de722e9a12ad965e1c665890208d8/apep_0717/v1/metadata.json,b71039ac5ec4104fcbf08d1fac37a83eac349293,fcd161b992392f4e87ea19758d5dd8ae3f69955d1cb6c4eb6fd1969fa7c91954,json-semantic
meta/apep_0718__v1.json,apep_0718/v1/metadata.json,https://raw.githubusercontent.com/SocialCatalystLab/ape-papers/70c660ea5a7de722e9a12ad965e1c665890208d8/apep_0718/v1/metadata.json,1f1e100f8db433a67aa74e5c68ed84abaafcc391,81034b7ec71ff52e9aa1ffacf665f90bd6e7044dbc13e477e66fbb977055ccf3,json-semantic
meta/apep_0719__v1.json,apep_0719/v1/metadata.json,https://raw.githubusercontent.com/SocialCatalystLab/ape-papers/70c660ea5a7de722e9a12ad965e1c665890208d8/apep_0719/v1/metadata.json,14876b0251e08ca6e88affab7cb6615a797eb61c,8b7f4aa2fa8700e2d756fafb7394cbe98dab5eb6391b9e790092590a73d17c0a,json-semantic
meta/apep_0720__v1.json,apep_0720/v1/metadata.json,https://raw.githubusercontent.com/SocialCatalystLab/ape-papers/70c660ea5a7de722e9a12ad965e1c665890208d8/apep_0720/v1/metadata.json,57df7f98b2406e5362572b539ad3239315481e78,20924e070d0f2dd60c75d6c679f4d2b211a92e50f25f2281103200d490069c74,json-semantic
meta/apep_0721__v1.json,apep_0721/v1/metadata.json,https://raw.githubusercontent.com/SocialCatalystLab/ape-papers/70c660ea5a7de722e9a12ad965e1c665890208d8/apep_0721/v1/metadata.json,e1a00fd33716c0e706c211bf59fe5453440c8b8f,742a861be36e9ecfb6b6e15c3b4616d7491ad0826aeb6d2957da6edb220455e6,json-semantic
meta/apep_0722__v1.json,apep_0722/v1/metadata.json,https://raw.githubusercontent.com/SocialCatalystLab/ape-papers/70c660ea5a7de722e9a12ad965e1c665890208d8/apep_0722/v1/metadata.json,489da22ae108fee2ce4934f2940085d2aa19b878,e1d55e0456fd516ffae2f184451828b84705e60ebe275b8ec3c75798a7a6419c,json-semantic
meta/apep_0723__v1.json,apep_0723/v1/metadata.json,https://raw.githubusercontent.com/SocialCatalystLab/ape-papers/70c660ea5a7de722e9a12ad965e1c665890208d8/apep_0723/v1/metadata.json,9190f34fd9d368af7edbef76394d508f2052bc71,82f29df2cd2a104aab9f786536ca3d275db69f2034fd7d4c7bea8ae416f22231,json-semantic
meta/apep_0726__v1.json,apep_0726/v1/metadata.json,https://raw.githubusercontent.com/SocialCatalystLab/ape-papers/70c660ea5a7de722e9a12ad965e1c665890208d8/apep_0726/v1/metadata.json,8ea50b940ef6fd96cc6142e84351dae27acd3fd2,fed96953ec2bd1359d75e89fe3f6b8e70548bd4dbbd03622694ac561a313a30e,json-semantic
meta/apep_0727__v1.json,apep_0727/v1/metadata.json,https://raw.githubusercontent.com/SocialCatalystLab/ape-papers/70c660ea5a7de722e9a12ad965e1c665890208d8/apep_0727/v1/metadata.json,82f909d9a95b629e2e5f66d5f57a491741e0b405,94314eaffba685bfa2f6dd3be0f5bd46d698e760c67dc429c80eabe7990be891,json-semantic
meta/apep_0727__v2.json,apep_0727/v2/metadata.json,https://raw.githubusercontent.com/SocialCatalystLab/ape-papers/70c660ea5a7de722e9a12ad965e1c665890208d8/apep_0727/v2/metadata.json,83cefcd7376d2dea0ae96f55893840d40c34c7f1,29cc95721a3f58a92e61ed7fc39f34e32c9ac42c6317b1d4001795976b9bd539,json-semantic
meta/apep_0727__v3.json,apep_0727/v3/metadata.json,https://raw.githubusercontent.com/SocialCatalystLab/ape-papers/70c660ea5a7de722e9a12ad965e1c665890208d8/apep_0727/v3/metadata.json,dabdd8e28286ccafac3d463946d1c3af6d52d3d8,824a680e0143b906c2b449fc76f35ccd9f8e211d428d38bcb510458cbb09f7f9,json-semantic
meta/apep_0727__v4.json,apep_0727/v4/metadata.json,https://raw.githubusercontent.com/SocialCatalystLab/ape-papers/70c660ea5a7de722e9a12ad965e1c665890208d8/apep_0727/v4/metadata.json,966b20e4d04271932b7c3d36b2902a9f3b3a1ee5,fb4c054152b5ef88e3003e498314a941852e65d52a42def5d876ab1355ad11a6,json-semantic
meta/apep_0728__v1.json,apep_0728/v1/metadata.json,https://raw.githubusercontent.com/SocialCatalystLab/ape-papers/70c660ea5a7de722e9a12ad965e1c665890208d8/apep_0728/v1/metadata.json,b3b89d242ff56e872089801aa838e7bacddfe156,ff584a5c8bf784ac0964ecb937f516b3585c638f4674408be6126aaa08a8b1a8,json-semantic
meta/apep_0729__v1.json,apep_0729/v1/metadata.json,https://raw.githubusercontent.com/SocialCatalystLab/ape-papers/70c660ea5a7de722e9a12ad965e1c665890208d8/apep_0729/v1/metadata.json,e3415b73f59d481de4dd2d3b4ec711d96f6cf8df,a20750541d21248cce76d1186780cceeb7ee99abaad8f326449d705c1eccf6dc,json-semantic
meta/apep_0730__v1.json,apep_0730/v1/metadata.json,https://raw.githubusercontent.com/SocialCatalystLab/ape-papers/70c660ea5a7de722e9a12ad965e1c665890208d8/apep_0730/v1/metadata.json,9eaec5d85e69b9d5327f333f53f9e1c7e967d4ac,54e3ab8b7431f6251d2f8f3ec1699e0cb7462e4e85ffca882c501cab21011307,json-semantic
meta/apep_0731__v1.json,apep_0731/v1/metadata.json,https://raw.githubusercontent.com/SocialCatalystLab/ape-papers/70c660ea5a7de722e9a12ad965e1c665890208d8/apep_0731/v1/metadata.json,1b45cb6f5cded8fe8c2937e484ca722a9c846bcb,ceacaf056a734a14c54935e1dd2aa1d25c265918151c6fe634b385a3f289fdd7,json-semantic
meta/apep_0732__v1.json,apep_0732/v1/metadata.json,https://raw.githubusercontent.com/SocialCatalystLab/ape-papers/70c660ea5a7de722e9a12ad965e1c665890208d8/apep_0732/v1/metadata.json,4bb26aaa663bd27b592a6103286e884d46c69c4f,cb6e82992ed58261a12213e1c03de0b0f29a9399d47bdaf9f32ff94a5b7771bf,json-semantic
meta/apep_0733__v1.json,apep_0733/v1/metadata.json,https://raw.githubusercontent.com/SocialCatalystLab/ape-papers/70c660ea5a7de722e9a12ad965e1c665890208d8/apep_0733/v1/metadata.json,1e3109750a25ff824b8b194034cadd51149655a4,c9f35c85e00891ddf51d01aed1bce76eee691367cb5026dc1dd5b036fe282981,json-semantic
meta/apep_0734__v1.json,apep_0734/v1/metadata.json,https://raw.githubusercontent.com/SocialCatalystLab/ape-papers/70c660ea5a7de722e9a12ad965e1c665890208d8/apep_0734/v1/metadata.json,f06b4404bc600206523f433b6b570d65ac7e7a6c,364a16d7488aad3078c5e861d71c1e43475b72bb35bc582936a7029434717055,json-semantic
meta/apep_0735__v1.json,apep_0735/v1/metadata.json,https://raw.githubusercontent.com/SocialCatalystLab/ape-papers/70c660ea5a7de722e9a12ad965e1c665890208d8/apep_0735/v1/metadata.json,519d821ffe73f49f6e4fdf9633f6f2dc8e3956d4,114c6920f8b331efdcd7c7a9896070a5e8a4af631e53ad9be0ba5771041b265d,json-semantic
meta/apep_0736__v1.json,apep_0736/v1/metadata.json,https://raw.githubusercontent.com/SocialCatalystLab/ape-papers/70c660ea5a7de722e9a12ad965e1c665890208d8/apep_0736/v1/metadata.json,ba6380a6523777b359e7c4be9a0aa3fbe27054c2,6e9a5ca2c43b98b81bf58831a07e2f9e4891b5a7739b31ca9d717d4aa28048cf,json-semantic
meta/apep_0737__v1.json,apep_0737/v1/metadata.json,https://raw.githubusercontent.com/SocialCatalystLab/ape-papers/70c660ea5a7de722e9a12ad965e1c665890208d8/apep_0737/v1/metadata.json,ea8d290ba943c9b3c347bf1b21afe43f1af18969,a492df93fac565d591b7278ce124a7b7860792bf413ea4695789f8e8609629b5,json-semantic
meta/apep_0738__v1.json,apep_0738/v1/metadata.json,https://raw.githubusercontent.com/SocialCatalystLab/ape-papers/70c660ea5a7de722e9a12ad965e1c665890208d8/apep_0738/v1/metadata.json,daea97d03c35fe94951d14fe80878aaf9b819851,1a696cfcae934555955075f831ead397b77e94ee787392c93b408ef18e866ff4,json-semantic
meta/apep_0739__v1.json,apep_0739/v1/metadata.json,https://raw.githubusercontent.com/SocialCatalystLab/ape-papers/70c660ea5a7de722e9a12ad965e1c665890208d8/apep_0739/v1/metadata.json,58b54a7a6ba6c84427c3350c94cdb82b7b6696ed,7576902d7cb871f1c7791b97c895ee9d17767425f35c0cf8b83da4bd44d128d8,json-semantic
meta/apep_0740__v1.json,apep_0740/v1/metadata.json,https://raw.githubusercontent.com/SocialCatalystLab/ape-papers/70c660ea5a7de722e9a12ad965e1c665890208d8/apep_0740/v1/metadata.json,309cd424f2f7e4ebdd3d06dfbbcaa5568453c5f6,5ffc106dfa2b6eeebfa0c44b6546dde99c2f527db772967cdf6c0242fb872ffd,json-semantic
meta/apep_0741__v1.json,apep_0741/v1/metadata.json,https://raw.githubusercontent.com/SocialCatalystLab/ape-papers/70c660ea5a7de722e9a12ad965e1c665890208d8/apep_0741/v1/metadata.json,09aa2591a632833da87549b09ae430e9ebc3ab39,7ac210cc587beaaa524e860b08e3c3fbbfcdbbd6e17c7ec0bea2c5ed78b7bd21,json-semantic
meta/apep_0742__v1.json,apep_0742/v1/metadata.json,https://raw.githubusercontent.com/SocialCatalystLab/ape-papers/70c660ea5a7de722e9a12ad965e1c665890208d8/apep_0742/v1/metadata.json,43f0d175a629b2460ee604896dbf9a5557123e6d,5893efca50fa2a94bce5c69869932dc56a7a388c5f0d9042703977d65f9e18d6,json-semantic
meta/apep_0743__v1.json,apep_0743/v1/metadata.json,https://raw.githubusercontent.com/SocialCatalystLab/ape-papers/70c660ea5a7de722e9a12ad965e1c665890208d8/apep_0743/v1/metadata.json,15c191dd52325f82ff9db325a535e80ae0fca817,898105badcfc98a7f79e3fc72ef329f663d795d17496c672c304a487bc409df2,json-semantic
meta/apep_0744__v1.json,apep_0744/v1/metadata.json,https://raw.githubusercontent.com/SocialCatalystLab/ape-papers/70c660ea5a7de722e9a12ad965e1c665890208d8/apep_0744/v1/metadata.json,536a40e588d897f45b0d49e7910d95a6deec2dd2,c76ffc8dd8dd5ad9469bcd6ae59100ffca60eabb5448034dbe32696a2fe124b7,json-semantic
meta/apep_0745__v1.json,apep_0745/v1/metadata.json,https://raw.githubusercontent.com/SocialCatalystLab/ape-papers/70c660ea5a7de722e9a12ad965e1c665890208d8/apep_0745/v1/metadata.json,5f5cd5021053a042b0e7f6067419c1af2d539332,ce36215621ce052d410fa9f428cbd287c603d93aae886ca3136195a24354d448,json-semantic
meta/apep_0746__v1.json,apep_0746/v1/metadata.json,https://raw.githubusercontent.com/SocialCatalystLab/ape-papers/70c660ea5a7de722e9a12ad965e1c665890208d8/apep_0746/v1/metadata.json,1060eaa780b71a5d59962ab259f4d498a0355127,9d35360b273bde46536ed7e3025119f922626b570c4ced9f454a01a7b3582c6e,json-semantic
meta/apep_0747__v1.json,apep_0747/v1/metadata.json,https://raw.githubusercontent.com/SocialCatalystLab/ape-papers/70c660ea5a7de722e9a12ad965e1c665890208d8/apep_0747/v1/metadata.json,5e7d7100e1686e2e88ab006429ee8ac6a3a14d33,8afc536cb06360fe3945c384704f32329c92f2d145eeecf022e938c15d550f1d,json-semantic
meta/apep_0748__v1.json,apep_0748/v1/metadata.json,https://raw.githubusercontent.com/SocialCatalystLab/ape-papers/70c660ea5a7de722e9a12ad965e1c665890208d8/apep_0748/v1/metadata.json,e92a9488353b84b0f275bf0932f402963e278f6e,fc904d3886341e995e620eca7544b40fcd6229a950f7686240fd633da78d52fa,json-semantic
meta/apep_0749__v1.json,apep_0749/v1/metadata.json,https://raw.githubusercontent.com/SocialCatalystLab/ape-papers/70c660ea5a7de722e9a12ad965e1c665890208d8/apep_0749/v1/metadata.json,ed275774a875bd419e9fe9c0299250067f082f6e,5a689e724b18bbe396e1aca86385e2ea88c7f1cd2a2adaac76d6916341d8a19c,json-semantic
meta/apep_0749__v2.json,apep_0749/v2/metadata.json,https://raw.githubusercontent.com/SocialCatalystLab/ape-papers/70c660ea5a7de722e9a12ad965e1c665890208d8/apep_0749/v2/metadata.json,f1381a7be63296142538532b7c256a563cd4d4c9,cc015243db2caa1c83e22eeed18a49393cb955c80754bbd1d84478cb959b6d0b,json-semantic
meta/apep_0750__v1.json,apep_0750/v1/metadata.json,https://raw.githubusercontent.com/SocialCatalystLab/ape-papers/70c660ea5a7de722e9a12ad965e1c665890208d8/apep_0750/v1/metadata.json,763155d113a6d57e25bd689327d251d95b247f26,86f6baf95e73d70881535569932a9e962a590fe460830bc5ba9557fde0c0c1df,json-semantic
meta/apep_0751__v1.json,apep_0751/v1/metadata.json,https://raw.githubusercontent.com/SocialCatalystLab/ape-papers/70c660ea5a7de722e9a12ad965e1c665890208d8/apep_0751/v1/metadata.json,0c05650f34fa4bb491ccfb672390d1209168efcd,9aa6aa1c72a49c459ecbd774a7c4bb58baad242bc590732964612884e0ed601a,json-semantic
meta/apep_0752__v1.json,apep_0752/v1/metadata.json,https://raw.githubusercontent.com/SocialCatalystLab/ape-papers/70c660ea5a7de722e9a12ad965e1c665890208d8/apep_0752/v1/metadata.json,2e3fbfb70bbdcc1274de09f4be89d9f8756361f9,57dec7dabaea1d0f069e4a74d37b954aba30b6411ed4f747acaab4f137e861a0,json-semantic
meta/apep_0753__v1.json,apep_0753/v1/metadata.json,https://raw.githubusercontent.com/SocialCatalystLab/ape-papers/70c660ea5a7de722e9a12ad965e1c665890208d8/apep_0753/v1/metadata.json,a2bd40f824160fd0d69945ddeecfb62b7eb5fe7a,7789de5ff2e11a8051310b16825bf6ab2ee52a1086209653ddb40668507f5dec,json-semantic
meta/apep_0754__v1.json,apep_0754/v1/metadata.json,https://raw.githubusercontent.com/SocialCatalystLab/ape-papers/70c660ea5a7de722e9a12ad965e1c665890208d8/apep_0754/v1/metadata.json,3f7a3cc9e56d32068cea736246aea80af691c3e3,e3c20b05b973951c67d06d57fd5ad33caaa0600abbda9b6d4dfb9f2e1c4c1d9b,json-semantic
meta/apep_0755__v1.json,apep_0755/v1/metadata.json,https://raw.githubusercontent.com/SocialCatalystLab/ape-papers/70c660ea5a7de722e9a12ad965e1c665890208d8/apep_0755/v1/metadata.json,070376ab9637bfc78b1dbf6a214847f3a4b30657,3f3e8a95a7162eade13cc3eb19ab13c0df8e3a502b2c2cab8fc02b7270090d38,json-semantic
meta/apep_0756__v1.json,apep_0756/v1/metadata.json,https://raw.githubusercontent.com/SocialCatalystLab/ape-papers/70c660ea5a7de722e9a12ad965e1c665890208d8/apep_0756/v1/metadata.json,c2259904a5a85c029ea1f99e3d5fa0e75674a250,797d9584ecdaf6933103975ecf9b3c17bb47bd1464a1247e93df9a34791a39e6,json-semantic
meta/apep_0757__v1.json,apep_0757/v1/metadata.json,https://raw.githubusercontent.com/SocialCatalystLab/ape-papers/70c660ea5a7de722e9a12ad965e1c665890208d8/apep_0757/v1/metadata.json,24c4c3397ddc612b18d15191bc7e79a71e279ccf,49fa54c8445012eb6b23ea754b3117ad612492628f91f8bf089faea107f6dd48,json-semantic
meta/apep_0758__v1.json,apep_0758/v1/metadata.json,https://raw.githubusercontent.com/SocialCatalystLab/ape-papers/70c660ea5a7de722e9a12ad965e1c665890208d8/apep_0758/v1/metadata.json,b8ce2b71d081d1db8f9362ef9c6097c5a0cfc874,bb7458bbcd42b23fe22ec736df3dac28bbda5e2f00ba21b83b0e4d57ad515784,json-semantic
meta/apep_0759__v1.json,apep_0759/v1/metadata.json,https://raw.githubusercontent.com/SocialCatalystLab/ape-papers/70c660ea5a7de722e9a12ad965e1c665890208d8/apep_0759/v1/metadata.json,4b274347048233ba7b4266c27b785dc182d01757,08bbd1001860e6d9d8caed092d21e90e5bbb6498a3c3309407a4ab1a3e39a631,json-semantic
meta/apep_0760__v1.json,apep_0760/v1/metadata.json,https://raw.githubusercontent.com/SocialCatalystLab/ape-papers/70c660ea5a7de722e9a12ad965e1c665890208d8/apep_0760/v1/metadata.json,6f58cf767454c1628dfcf511133e126eb3cc2d98,2ebd4d8e2e29266ce424f6380cd2c3dbc2a79ee4ad4e1e30709d632e148a498a,json-semantic
meta/apep_0761__v1.json,apep_0761/v1/metadata.json,https://raw.githubusercontent.com/SocialCatalystLab/ape-papers/70c660ea5a7de722e9a12ad965e1c665890208d8/apep_0761/v1/metadata.json,973ca31b94cdc6b799f7fd0619bf9583f75cb160,bcdf430938a181177ecf869936fb35dc4a7b49bd71492f1f1806237af888da8a,json-semantic
meta/apep_0762__v1.json,apep_0762/v1/metadata.json,https://raw.githubusercontent.com/SocialCatalystLab/ape-papers/70c660ea5a7de722e9a12ad965e1c665890208d8/apep_0762/v1/metadata.json,f49de6f69bfe6786090b461afeea940b0d360b6c,055ac459b362b73cc4c3fb041df074b7ce5a65eb218d6b4a6a3699592b5096e7,json-semantic
meta/apep_0763__v1.json,apep_0763/v1/metadata.json,https://raw.githubusercontent.com/SocialCatalystLab/ape-papers/70c660ea5a7de722e9a12ad965e1c665890208d8/apep_0763/v1/metadata.json,2913dade0700cf4bf4b801752e3bb660a1903687,aa24150dab3241823555c14e400972df11c3cf37af4a1be9a6d8174c50aa3dd3,json-semantic
meta/apep_0764__v1.json,apep_0764/v1/metadata.json,https://raw.githubusercontent.com/SocialCatalystLab/ape-papers/70c660ea5a7de722e9a12ad965e1c665890208d8/apep_0764/v1/metadata.json,581bc41f07c8a2aac99a39acbb16c0595e1806dc,a5ed67bd855795381426b9f0c546ad301bb4c696d33f74b6f70020f5a5d93523,json-semantic
meta/apep_0765__v1.json,apep_0765/v1/metadata.json,https://raw.githubusercontent.com/SocialCatalystLab/ape-papers/70c660ea5a7de722e9a12ad965e1c665890208d8/apep_0765/v1/metadata.json,da41653312c165b60d0cd0bbac2afd656b6b5d44,7311432728b3c30572255d043765ebe977f9ba6c139348d716654b66a8fe4105,json-semantic
meta/apep_0766__v1.json,apep_0766/v1/metadata.json,https://raw.githubusercontent.com/SocialCatalystLab/ape-papers/70c660ea5a7de722e9a12ad965e1c665890208d8/apep_0766/v1/metadata.json,5f1aa5c4817b37988e57678964dd21900957e9e5,cde5687784d104abc47a0fce56ec12e5e7b00f73304460b54c750dafb2ad4bb4,json-semantic
meta/apep_0767__v1.json,apep_0767/v1/metadata.json,https://raw.githubusercontent.com/SocialCatalystLab/ape-papers/70c660ea5a7de722e9a12ad965e1c665890208d8/apep_0767/v1/metadata.json,e0767bc9ccfbba269c33589f9428b2611992517a,e80e0efad330b0fdafcbf240ecf7145eaeae741b2385ef1e0f5d02aa18abae3b,json-semantic
meta/apep_0768__v1.json,apep_0768/v1/metadata.json,https://raw.githubusercontent.com/SocialCatalystLab/ape-papers/70c660ea5a7de722e9a12ad965e1c665890208d8/apep_0768/v1/metadata.json,159a58f1805dd1c387a4dbc79f3250a09f5dd6cd,d86ffc6bf37cbd32e713f724585ce4c5021845994cb18c44be7804cd09a0bb51,json-semantic
meta/apep_0769__v1.json,apep_0769/v1/metadata.json,https://raw.githubusercontent.com/SocialCatalystLab/ape-papers/70c660ea5a7de722e9a12ad965e1c665890208d8/apep_0769/v1/metadata.json,a39f3ed91f49f75b086c6c803954bb0013860142,62dafad82fad7ba1ae38b68dacc96247cd4620100b35f8ec9faaeb56d4a815a7,json-semantic
meta/apep_0770__v1.json,apep_0770/v1/metadata.json,https://raw.githubusercontent.com/SocialCatalystLab/ape-papers/70c660ea5a7de722e9a12ad965e1c665890208d8/apep_0770/v1/metadata.json,99035cc71e95e23120a229773c1e58b1e95f2a33,ca1f5162db02648433ccd15d853fbf0e01ed08fffa98f2d2a97b8a24ae527bba,json-semantic
meta/apep_0771__v1.json,apep_0771/v1/metadata.json,https://raw.githubusercontent.com/SocialCatalystLab/ape-papers/70c660ea5a7de722e9a12ad965e1c665890208d8/apep_0771/v1/metadata.json,88720b5237f64b4d9c2226f8d80ed68abfd8df71,2e1bac2bf6138584fed659ad0725e45a273be40f6f86bb2d2c8d24c213945819,json-semantic
meta/apep_0772__v1.json,apep_0772/v1/metadata.json,https://raw.githubusercontent.com/SocialCatalystLab/ape-papers/70c660ea5a7de722e9a12ad965e1c665890208d8/apep_0772/v1/metadata.json,bd5e308ac5934493d126bda5e04295b2c309613e,9f26f48aea9c80b2a179410aa4c6a9f9b6b79d85a2074cc22407647075a36e0f,json-semantic
meta/apep_0773__v1.json,apep_0773/v1/metadata.json,https://raw.githubusercontent.com/SocialCatalystLab/ape-papers/70c660ea5a7de722e9a12ad965e1c665890208d8/apep_0773/v1/metadata.json,5311531eedd1c67077b23e168ae657ac8c2ce835,413d026df4cb524afa608ef64fa2998f75c0cf740971410b43d66396037b7b38,json-semantic
meta/apep_0774__v1.json,apep_0774/v1/metadata.json,https://raw.githubusercontent.com/SocialCatalystLab/ape-papers/70c660ea5a7de722e9a12ad965e1c665890208d8/apep_0774/v1/metadata.json,97e76d88cd0b19683e897e674b08e3518e76ccdb,6ab68ebc3b2ace256a121aca00e50dd308dcec949d9fee8435ca8e2d33be1733,json-semantic
meta/apep_0775__v1.json,apep_0775/v1/metadata.json,https://raw.githubusercontent.com/SocialCatalystLab/ape-papers/70c660ea5a7de722e9a12ad965e1c665890208d8/apep_0775/v1/metadata.json,44248e0d6e37789dfff276e335f8d815d4349b5f,285e146b30e9f21aa9e5ed1c36cb2bf220d263ca7578b941d3cc362025b77e74,json-semantic
meta/apep_0776__v1.json,apep_0776/v1/metadata.json,https://raw.githubusercontent.com/SocialCatalystLab/ape-papers/70c660ea5a7de722e9a12ad965e1c665890208d8/apep_0776/v1/metadata.json,9c22b957d92af76b1ea31bef3bb8563c99c3276d,8257c63b6df89c4ebffd8c31759f2e8eeda2636b4588b5b0fccd0608ef11cb67,json-semantic
meta/apep_0777__v1.json,apep_0777/v1/metadata.json,https://raw.githubusercontent.com/SocialCatalystLab/ape-papers/70c660ea5a7de722e9a12ad965e1c665890208d8/apep_0777/v1/metadata.json,16919bb70e253105b1fd1a982dedff1115522c55,8785dce2fcba32c128137db4b692a4296de1d8a1141fe81728b540710bc4ca9a,json-semantic
meta/apep_0778__v1.json,apep_0778/v1/metadata.json,https://raw.githubusercontent.com/SocialCatalystLab/ape-papers/70c660ea5a7de722e9a12ad965e1c665890208d8/apep_0778/v1/metadata.json,2d8072a91065225cc827deaae34b92f2cd422d98,e070328cabf37f9178587201af6c475f397bd077af4d8cb0a5a0a5ec2fdc2aef,json-semantic
meta/apep_0779__v1.json,apep_0779/v1/metadata.json,https://raw.githubusercontent.com/SocialCatalystLab/ape-papers/70c660ea5a7de722e9a12ad965e1c665890208d8/apep_0779/v1/metadata.json,bed3817a4cf9a552ab0c4d8168811794fe102c4a,40b8760c99995f66affd9012d624d52c2823204e716f6509bd321854b85c0c60,json-semantic
meta/apep_0780__v1.json,apep_0780/v1/metadata.json,https://raw.githubusercontent.com/SocialCatalystLab/ape-papers/70c660ea5a7de722e9a12ad965e1c665890208d8/apep_0780/v1/metadata.json,2313f44005f54ea5a4b273bf590bafb12a60f674,8e09aeaca8fc3a01df70957cd60f0a6185d88624b63888fff946930fa253d5c7,json-semantic
meta/apep_0781__v1.json,apep_0781/v1/metadata.json,https://raw.githubusercontent.com/SocialCatalystLab/ape-papers/70c660ea5a7de722e9a12ad965e1c665890208d8/apep_0781/v1/metadata.json,4f5854cb62b8c03ef05edd8f70d41e04a25111d6,0b8ef38d3e66be781cdf922d808c0433f7a7f448cfc3357c27761b5884b2877a,json-semantic
meta/apep_0782__v1.json,apep_0782/v1/metadata.json,https://raw.githubusercontent.com/SocialCatalystLab/ape-papers/70c660ea5a7de722e9a12ad965e1c665890208d8/apep_0782/v1/metadata.json,f61616a6226de55e911e78a133150c0de35e4dce,b30fb25b8b4e285845e79f8d12fe9b903734de616801107d57143b916441b131,json-semantic
meta/apep_0783__v1.json,apep_0783/v1/metadata.json,https://raw.githubusercontent.com/SocialCatalystLab/ape-papers/70c660ea5a7de722e9a12ad965e1c665890208d8/apep_0783/v1/metadata.json,8d90fc08bcace7bd981a4d678a92c624f7dad14b,78c2e74f84cbf1d0579e217289dc5e8ba9c00a841416d5fcb48bb6760f7a41c8,json-semantic
meta/apep_0784__v1.json,apep_0784/v1/metadata.json,https://raw.githubusercontent.com/SocialCatalystLab/ape-papers/70c660ea5a7de722e9a12ad965e1c665890208d8/apep_0784/v1/metadata.json,dceb22498229a0f1453e8d3e899a251aecd0b041,a328c9b075e64f7af80806c0fd288cab0dabe9eaf083aff4c49aab32a9157a40,json-semantic
meta/apep_0785__v1.json,apep_0785/v1/metadata.json,https://raw.githubusercontent.com/SocialCatalystLab/ape-papers/70c660ea5a7de722e9a12ad965e1c665890208d8/apep_0785/v1/metadata.json,89870c568d268dcee66eb69650a9c1103feef682,b8dee36b6758a6b842d0922759e5255f6e4059140a12578684841dbe67affd7f,json-semantic
meta/apep_0786__v1.json,apep_0786/v1/metadata.json,https://raw.githubusercontent.com/SocialCatalystLab/ape-papers/70c660ea5a7de722e9a12ad965e1c665890208d8/apep_0786/v1/metadata.json,85bdda2a8de51ccfb371065906ce0185fae37b0a,b96fe8600ccae64ed4be00b5e84ee0dec59e824c541bd896bdb7b237b778609d,json-semantic
meta/apep_0787__v1.json,apep_0787/v1/metadata.json,https://raw.githubusercontent.com/SocialCatalystLab/ape-papers/70c660ea5a7de722e9a12ad965e1c665890208d8/apep_0787/v1/metadata.json,060fa450e49f453e53293c65059c481d4f005857,f8c11817b1d0b71e774d4cf7381a92d31d86fecc7ddfd0f2f3406d523f28f0c9,json-semantic
meta/apep_0788__v1.json,apep_0788/v1/metadata.json,https://raw.githubusercontent.com/SocialCatalystLab/ape-papers/70c660ea5a7de722e9a12ad965e1c665890208d8/apep_0788/v1/metadata.json,736843913dcbb98546732c49f19a54881d4aa3b0,39dd500f85c4ad1c94b472a108e630fd8809c6160cc2a11f7dfb92b44995243a,json-semantic
meta/apep_0789__v1.json,apep_0789/v1/metadata.json,https://raw.githubusercontent.com/SocialCatalystLab/ape-papers/70c660ea5a7de722e9a12ad965e1c665890208d8/apep_0789/v1/metadata.json,37e49a12ac26b5b892594ad5b2b3199add33295e,218831a5c63340d208681623c7c4e1f6605c6906758428bb70fcbbb20a1c7cb4,json-semantic
meta/apep_0790__v1.json,apep_0790/v1/metadata.json,https://raw.githubusercontent.com/SocialCatalystLab/ape-papers/70c660ea5a7de722e9a12ad965e1c665890208d8/apep_0790/v1/metadata.json,93d080b8b2151bae66e1063ec6aa1245dbac6632,c7856100cf82b0b43016abb327ca388981d632a0b8512542da005cc9a7877f49,json-semantic
meta/apep_0791__v1.json,apep_0791/v1/metadata.json,https://raw.githubusercontent.com/SocialCatalystLab/ape-papers/70c660ea5a7de722e9a12ad965e1c665890208d8/apep_0791/v1/metadata.json,a784f2c8d7b3c89f922ebf22eef193d7d1b58311,f8de87801367ad3c61e09673810ebbb14784c95678e5929a0417d4820a0c6b75,json-semantic
meta/apep_0792__v1.json,apep_0792/v1/metadata.json,https://raw.githubusercontent.com/SocialCatalystLab/ape-papers/70c660ea5a7de722e9a12ad965e1c665890208d8/apep_0792/v1/metadata.json,78a1774b5bb004b7ef1b96eb0b1eea02d8fcd2c0,f8429c71885de221141fc7e85a9c3d6c27323e32e65f3f06e39e81c44f610762,json-semantic
meta/apep_0793__v1.json,apep_0793/v1/metadata.json,https://raw.githubusercontent.com/SocialCatalystLab/ape-papers/70c660ea5a7de722e9a12ad965e1c665890208d8/apep_0793/v1/metadata.json,238ebdfcff5d1f07223309fe2a32deef77606c5b,3a2abcfdc2889dd44ee45ef6b291100fa8a7d9f3766376d35729a79944490aa9,json-semantic
meta/apep_0794__v1.json,apep_0794/v1/metadata.json,https://raw.githubusercontent.com/SocialCatalystLab/ape-papers/70c660ea5a7de722e9a12ad965e1c665890208d8/apep_0794/v1/metadata.json,752325c9eecbed6f2b24e6db5728cd2772bc0e9c,c50cf32ca1ee9023c26e1cc8382609746671411ccfb67e1e5682fae377e913e5,json-semantic
meta/apep_0795__v1.json,apep_0795/v1/metadata.json,https://raw.githubusercontent.com/SocialCatalystLab/ape-papers/70c660ea5a7de722e9a12ad965e1c665890208d8/apep_0795/v1/metadata.json,da30730d250db07e823b627317aecf74ce7ad848,e652d4e6152cf42430c2b67a823006c158cfc62dd78bf5dc1b33aa37f629d2e9,json-semantic
meta/apep_0796__v1.json,apep_0796/v1/metadata.json,https://raw.githubusercontent.com/SocialCatalystLab/ape-papers/70c660ea5a7de722e9a12ad965e1c665890208d8/apep_0796/v1/metadata.json,b198039b77f7698b2f5183a5315c83d81a1a6262,7d524bb0e2b70aa926bb819a7e92da6e1fda11080cf9dbbd806c989c4b253b63,json-semantic
meta/apep_0797__v1.json,apep_0797/v1/metadata.json,https://raw.githubusercontent.com/SocialCatalystLab/ape-papers/70c660ea5a7de722e9a12ad965e1c665890208d8/apep_0797/v1/metadata.json,8a217bee30a9e1729ac291fe930c3846bdb28cd1,f6fe65e01f5cae47420b3843ef6f27ed766a461e3c142b94421fafa586da4329,json-semantic
meta/apep_0798__v1.json,apep_0798/v1/metadata.json,https://raw.githubusercontent.com/SocialCatalystLab/ape-papers/70c660ea5a7de722e9a12ad965e1c665890208d8/apep_0798/v1/metadata.json,6ead85802dbaa373c656ec33cfb10b33ea3db9ac,370293ab4d9773106c5f7b2befe95e2b1b9b0a6d975c7eb1c725664b184baa4f,json-semantic
meta/apep_0799__v1.json,apep_0799/v1/metadata.json,https://raw.githubusercontent.com/SocialCatalystLab/ape-papers/70c660ea5a7de722e9a12ad965e1c665890208d8/apep_0799/v1/metadata.json,de4fb28edf39152e191481dc98187852860d62c9,145b0092e80b856208aa65f360bd99ab5a0fdebb4daf82cfc3fe1e31d52472e6,json-semantic
meta/apep_0800__v1.json,apep_0800/v1/metadata.json,https://raw.githubusercontent.com/SocialCatalystLab/ape-papers/70c660ea5a7de722e9a12ad965e1c665890208d8/apep_0800/v1/metadata.json,3d51635f8af531953457d673b221a867e84cfccc,c51c047f23c84358ff97504e73d948698e1395dbacce9fdaf49dfd08f50d8a6c,json-semantic
meta/apep_0801__v1.json,apep_0801/v1/metadata.json,https://raw.githubusercontent.com/SocialCatalystLab/ape-papers/70c660ea5a7de722e9a12ad965e1c665890208d8/apep_0801/v1/metadata.json,a53cc57b4458815fe0f0db7916890aeb4283a727,0e3443b31a282f15c4f7200c44b58525add6cbf450c7cb55dbd691cb1294e6a0,json-semantic
meta/apep_0802__v1.json,apep_0802/v1/metadata.json,https://raw.githubusercontent.com/SocialCatalystLab/ape-papers/70c660ea5a7de722e9a12ad965e1c665890208d8/apep_0802/v1/metadata.json,db7e54aba8096755b20c9a45a36ef3fcb7a63993,eade0a9bb32e8868315fe83352a920e203697fa58fc0ea49b12f9766d06b5611,json-semantic
meta/apep_0803__v1.json,apep_0803/v1/metadata.json,https://raw.githubusercontent.com/SocialCatalystLab/ape-papers/70c660ea5a7de722e9a12ad965e1c665890208d8/apep_0803/v1/metadata.json,0e9a8203ca02b1d1d71b013e83e9008b5b3d4571,1b986435e71612b65f949c219d5efa7a419e5918227bce30ee98bc86152a3d14,json-semantic
meta/apep_0804__v1.json,apep_0804/v1/metadata.json,https://raw.githubusercontent.com/SocialCatalystLab/ape-papers/70c660ea5a7de722e9a12ad965e1c665890208d8/apep_0804/v1/metadata.json,1750802d73a6135029f80f081414bb083bb94e4b,58e67fd2200f536735a85f7ace855396382ab3961cabf7930841d59e770c2f59,json-semantic
meta/apep_0805__v1.json,apep_0805/v1/metadata.json,https://raw.githubusercontent.com/SocialCatalystLab/ape-papers/70c660ea5a7de722e9a12ad965e1c665890208d8/apep_0805/v1/metadata.json,75c98d56c02e18dc69f4b7e1f6f9161053ff25af,976f7ad5ee5256bfb00d1cc3697e022270879b913a6a3aadab4acc4af1ccdb3d,json-semantic
meta/apep_0806__v1.json,apep_0806/v1/metadata.json,https://raw.githubusercontent.com/SocialCatalystLab/ape-papers/70c660ea5a7de722e9a12ad965e1c665890208d8/apep_0806/v1/metadata.json,d7bc59f1523c555469408e104536672d356edb60,7775cf7e465bf9e6d16a5e2be751ddbe00657343fdc6667fb24c3eda06f5a839,json-semantic
meta/apep_0807__v1.json,apep_0807/v1/metadata.json,https://raw.githubusercontent.com/SocialCatalystLab/ape-papers/70c660ea5a7de722e9a12ad965e1c665890208d8/apep_0807/v1/metadata.json,0237d07a2bebd2520f245af345dcc1fe023451bf,5ee625e9958ef97369f6a7f337bb9a9357b155949d237f3cd64c04712ca3c550,json-semantic
meta/apep_0808__v1.json,apep_0808/v1/metadata.json,https://raw.githubusercontent.com/SocialCatalystLab/ape-papers/70c660ea5a7de722e9a12ad965e1c665890208d8/apep_0808/v1/metadata.json,6675224cfa7aa78927533b6ec505ada8af90ef3e,2b85ab076cbc76f446d0c22856381c78a50b3e4941c21c1b081b8af95dd672e6,json-semantic
meta/apep_0809__v1.json,apep_0809/v1/metadata.json,https://raw.githubusercontent.com/SocialCatalystLab/ape-papers/70c660ea5a7de722e9a12ad965e1c665890208d8/apep_0809/v1/metadata.json,c0a6bf272d990d4d4f8001692910822df1725b1b,dd9ed1c8a49010d637aa1343c6a7fb62aec0e135cbaee1c55fc3be52ffb30d64,json-semantic
meta/apep_0810__v1.json,apep_0810/v1/metadata.json,https://raw.githubusercontent.com/SocialCatalystLab/ape-papers/70c660ea5a7de722e9a12ad965e1c665890208d8/apep_0810/v1/metadata.json,e2c989ff08fdf0c21681fee427a8345f66efb53e,bd72095434b48962c52926609feda433ad196d6d82b6c9df6b04ee77a890d969,json-semantic
meta/apep_0811__v1.json,apep_0811/v1/metadata.json,https://raw.githubusercontent.com/SocialCatalystLab/ape-papers/70c660ea5a7de722e9a12ad965e1c665890208d8/apep_0811/v1/metadata.json,ad2128bd871fec636a1d129a48fcfed6ff838a49,170d5664b08b406365d78f85eb28628ca18d074ad8f9c26995ff5eb2aa1537ed,json-semantic
meta/apep_0812__v1.json,apep_0812/v1/metadata.json,https://raw.githubusercontent.com/SocialCatalystLab/ape-papers/70c660ea5a7de722e9a12ad965e1c665890208d8/apep_0812/v1/metadata.json,666bd0399741de853df57439e354139168e2e6d8,1cdb26e10065eb68e6673899cfc36449452771c2a509cccb463d5143efe23fe6,json-semantic
meta/apep_0813__v1.json,apep_0813/v1/metadata.json,https://raw.githubusercontent.com/SocialCatalystLab/ape-papers/70c660ea5a7de722e9a12ad965e1c665890208d8/apep_0813/v1/metadata.json,4dde3c9c2a37b5d3c0704c2034674a0d80b0f599,41ad5b84e67de1a2cb27f6df8304da5a581c4af0b2f9ae8200a59c824c193507,json-semantic
meta/apep_0814__v1.json,apep_0814/v1/metadata.json,https://raw.githubusercontent.com/SocialCatalystLab/ape-papers/70c660ea5a7de722e9a12ad965e1c665890208d8/apep_0814/v1/metadata.json,2b6e14648419d7b556b478643e231cf3f316d916,3ea8abaa1ec97e6f199da1a01c2230069462ddd2f6a2e519cc7dc1c993e3b747,json-semantic
meta/apep_0815__v1.json,apep_0815/v1/metadata.json,https://raw.githubusercontent.com/SocialCatalystLab/ape-papers/70c660ea5a7de722e9a12ad965e1c665890208d8/apep_0815/v1/metadata.json,2b1952ff08d7bdc5b62a1935bf1b48ddaf1f55cc,36dea33c10bf868b75477841d96a495240f410401f4433bb70eb258001e52e97,json-semantic
meta/apep_0816__v1.json,apep_0816/v1/metadata.json,https://raw.githubusercontent.com/SocialCatalystLab/ape-papers/70c660ea5a7de722e9a12ad965e1c665890208d8/apep_0816/v1/metadata.json,87c3782ff636be33815c31e2d741e743a3b86444,60f6e50e8aa8dfaef373bc5afca914f923b4a6106a80da5f931aa69521de27e5,json-semantic
meta/apep_0817__v1.json,apep_0817/v1/metadata.json,https://raw.githubusercontent.com/SocialCatalystLab/ape-papers/70c660ea5a7de722e9a12ad965e1c665890208d8/apep_0817/v1/metadata.json,1f7e757fbdd2465cee2ed1c0cd2e5ecef8a2b8a2,b7fc43d9c6fb83574c4a1ac300d7752a06df0c76e5c8314bd73a8702e78e9492,json-semantic
meta/apep_0818__v1.json,apep_0818/v1/metadata.json,https://raw.githubusercontent.com/SocialCatalystLab/ape-papers/70c660ea5a7de722e9a12ad965e1c665890208d8/apep_0818/v1/metadata.json,a9b411bfb87b7cfd04bd09947dd7a40fe8c8a00c,1197cd1d0499400a2e69fafee8efe3e063a081fd4fc2a4916c946df93ffc26c4,json-semantic
meta/apep_0819__v1.json,apep_0819/v1/metadata.json,https://raw.githubusercontent.com/SocialCatalystLab/ape-papers/70c660ea5a7de722e9a12ad965e1c665890208d8/apep_0819/v1/metadata.json,48bdfcbaf86891d62f6dd8d6e3db9912fbab4d9e,94fc529540c1aa55fe0b891ba0d65c61c8a635dccf573a549663b21360d9dfef,json-semantic
meta/apep_0820__v1.json,apep_0820/v1/metadata.json,https://raw.githubusercontent.com/SocialCatalystLab/ape-papers/70c660ea5a7de722e9a12ad965e1c665890208d8/apep_0820/v1/metadata.json,f613774d3fcb35b33fa38fd992b2256335062975,809344b4ef44abd80b3efc121e5d6982be5d050c16d77f516c0a6623632379ca,json-semantic
meta/apep_0821__v1.json,apep_0821/v1/metadata.json,https://raw.githubusercontent.com/SocialCatalystLab/ape-papers/70c660ea5a7de722e9a12ad965e1c665890208d8/apep_0821/v1/metadata.json,736ec0e6a0181ff85f957f1715761550eed37fbd,e9e78402520f725611f67f2582408a323f832019a7aab8294f5d84efa97212c0,json-semantic
meta/apep_0822__v1.json,apep_0822/v1/metadata.json,https://raw.githubusercontent.com/SocialCatalystLab/ape-papers/70c660ea5a7de722e9a12ad965e1c665890208d8/apep_0822/v1/metadata.json,f7eacc02c46004eb7dc4cd89bebdbf35d457b028,270901d986239c011290b974bab1a687e0a9c1fcef822804c4545468c2817c61,json-semantic
meta/apep_0823__v1.json,apep_0823/v1/metadata.json,https://raw.githubusercontent.com/SocialCatalystLab/ape-papers/70c660ea5a7de722e9a12ad965e1c665890208d8/apep_0823/v1/metadata.json,97f7bc85fe308d02a5f3f524d131db449ceadfc7,f59ef54288f80d60c204dcbc34f920fd4d57f202f2c60c31d3065008af12c628,json-semantic
meta/apep_0824__v1.json,apep_0824/v1/metadata.json,https://raw.githubusercontent.com/SocialCatalystLab/ape-papers/70c660ea5a7de722e9a12ad965e1c665890208d8/apep_0824/v1/metadata.json,ce12d6cab7c2f85f9ab99300573fd4c8fa6d1ea9,14c6e04083985e8ce8f33a62627d8db56f284c0495c1a8d1ca95dee3e6ca04fe,json-semantic
meta/apep_0825__v1.json,apep_0825/v1/metadata.json,https://raw.githubusercontent.com/SocialCatalystLab/ape-papers/70c660ea5a7de722e9a12ad965e1c665890208d8/apep_0825/v1/metadata.json,16785d8e620f2490b01c679081edd88514d65093,cd44b0100cdeb9471f4ad908766ff201187d8ca1d068358a36d02904b1a87eb5,json-semantic
meta/apep_0826__v1.json,apep_0826/v1/metadata.json,https://raw.githubusercontent.com/SocialCatalystLab/ape-papers/70c660ea5a7de722e9a12ad965e1c665890208d8/apep_0826/v1/metadata.json,fc4caea393c9436ce075e21876a78933b6270b67,3420369b7b0c75e8dbee2868fa03e52e397279b52d8d1f506184b3767e89ecdd,json-semantic
meta/apep_0827__v1.json,apep_0827/v1/metadata.json,https://raw.githubusercontent.com/SocialCatalystLab/ape-papers/70c660ea5a7de722e9a12ad965e1c665890208d8/apep_0827/v1/metadata.json,4c16cd94178ebbb80815e9757bd20826d9a750fe,3b59bf9e09b54c04681da4c3034579c9ea30a4c915f82a40444cf29120f16f47,json-semantic
meta/apep_0828__v1.json,apep_0828/v1/metadata.json,https://raw.githubusercontent.com/SocialCatalystLab/ape-papers/70c660ea5a7de722e9a12ad965e1c665890208d8/apep_0828/v1/metadata.json,9f3ec519476258c8b144b45d1d4f1166354b690c,7d091270e3c7f602402de2118eb27ca4446f4ad547db48e72d67bd764f595664,json-semantic
meta/apep_0829__v1.json,apep_0829/v1/metadata.json,https://raw.githubusercontent.com/SocialCatalystLab/ape-papers/70c660ea5a7de722e9a12ad965e1c665890208d8/apep_0829/v1/metadata.json,5dbb0eb1063d653ef5b5884ef6b659f002d2d083,9dff82a04dc9cede652ab0ba300b9d8ee36541c1f7c7dc997017f43de7430db5,json-semantic
meta/apep_0830__v1.json,apep_0830/v1/metadata.json,https://raw.githubusercontent.com/SocialCatalystLab/ape-papers/70c660ea5a7de722e9a12ad965e1c665890208d8/apep_0830/v1/metadata.json,be26066d944c9aab55721ce1024eb4fe9fad3b4f,be090763fdc01ff62d8d61c370255184e60cbb150057c83652ea4e1abf4fe6a2,json-semantic
meta/apep_0831__v1.json,apep_0831/v1/metadata.json,https://raw.githubusercontent.com/SocialCatalystLab/ape-papers/70c660ea5a7de722e9a12ad965e1c665890208d8/apep_0831/v1/metadata.json,a11dca1da1f09040a439ebce65356d3a05a202ae,5fc92cfaf80d94c717c8ae32045ec9d7263600b6e0a8f05cf4ddb790e858896f,json-semantic
meta/apep_0832__v1.json,apep_0832/v1/metadata.json,https://raw.githubusercontent.com/SocialCatalystLab/ape-papers/70c660ea5a7de722e9a12ad965e1c665890208d8/apep_0832/v1/metadata.json,db81dec4e099678eef2a57f95ffaad253f2f5b81,5eb6a5ba91f5080cb17f0261e9b88e36916364997d89be65d78c1fa7d9535c99,json-semantic
meta/apep_0834__v1.json,apep_0834/v1/metadata.json,https://raw.githubusercontent.com/SocialCatalystLab/ape-papers/70c660ea5a7de722e9a12ad965e1c665890208d8/apep_0834/v1/metadata.json,b50f8bfe1a231d7711610c0e3983620d637fc0cf,9b15570ba802dfe0f4f1e675734b750baa7834e81d2c9eb6c1885bb627d81228,json-semantic
meta/apep_0835__v1.json,apep_0835/v1/metadata.json,https://raw.githubusercontent.com/SocialCatalystLab/ape-papers/70c660ea5a7de722e9a12ad965e1c665890208d8/apep_0835/v1/metadata.json,682542c4ca9189cee5e82ecbef8c45fade439dbf,f8de242ce48137b7437a348c8d26bfaa21c21175cc65ca013aa4e6933dd82403,json-semantic
meta/apep_0836__v1.json,apep_0836/v1/metadata.json,https://raw.githubusercontent.com/SocialCatalystLab/ape-papers/70c660ea5a7de722e9a12ad965e1c665890208d8/apep_0836/v1/metadata.json,1ce4029ea0bc7884e4eb99cd04b7a3ecd7bcb122,75c5183f6c82c552289015e684e4cb64458618fd3c93cf62f71edd233c6059a0,json-semantic
meta/apep_0837__v1.json,apep_0837/v1/metadata.json,https://raw.githubusercontent.com/SocialCatalystLab/ape-papers/70c660ea5a7de722e9a12ad965e1c665890208d8/apep_0837/v1/metadata.json,42134c09874bee154ef3f111d091364d25e564d8,9e4ce204d19be42329fe6bc6965ec783b8e0eab69dd4fe8ab6b91c7e3da56753,json-semantic
meta/apep_0838__v1.json,apep_0838/v1/metadata.json,https://raw.githubusercontent.com/SocialCatalystLab/ape-papers/70c660ea5a7de722e9a12ad965e1c665890208d8/apep_0838/v1/metadata.json,0e1e57f3b57cddf45f07d916a813556aaa5f00a8,f193d8b0158b18226e7654bb7961f55ba0e77257f3c84faf77d4e4deae1d38ed,json-semantic
meta/apep_0839__v1.json,apep_0839/v1/metadata.json,https://raw.githubusercontent.com/SocialCatalystLab/ape-papers/70c660ea5a7de722e9a12ad965e1c665890208d8/apep_0839/v1/metadata.json,fc75d2f11b8f0c63cf199d3fcb747c492db8864c,2389138465ba891ab3ba4bebfbf9b778ac40ad59851a9919f175e9fa82efa362,json-semantic
meta/apep_0840__v1.json,apep_0840/v1/metadata.json,https://raw.githubusercontent.com/SocialCatalystLab/ape-papers/70c660ea5a7de722e9a12ad965e1c665890208d8/apep_0840/v1/metadata.json,fdfbf5b6ac417d0fdae1fb6ea85c1c38ba4e938e,acb57b07d287876e1e50a01c0e9a5b15569a5241ff14168f9d28c4de82e1ba7b,json-semantic
meta/apep_0841__v1.json,apep_0841/v1/metadata.json,https://raw.githubusercontent.com/SocialCatalystLab/ape-papers/70c660ea5a7de722e9a12ad965e1c665890208d8/apep_0841/v1/metadata.json,d42fe3238e1be2c564fb2ebe69cdb28c3f29c4cb,b5ad98ce88da826de2cd641dce90315ebffb78eaf59ed891465aed5103c5fdb7,json-semantic
meta/apep_0842__v1.json,apep_0842/v1/metadata.json,https://raw.githubusercontent.com/SocialCatalystLab/ape-papers/70c660ea5a7de722e9a12ad965e1c665890208d8/apep_0842/v1/metadata.json,ec7fe3ac98044cdefda893611b2e50cf5ce923bc,64b2aa3e7323b66351e20a014bb5ce977cd688e99dba37ba4576f11c41abe217,json-semantic
meta/apep_0842__v2.json,apep_0842/v2/metadata.json,https://raw.githubusercontent.com/SocialCatalystLab/ape-papers/70c660ea5a7de722e9a12ad965e1c665890208d8/apep_0842/v2/metadata.json,a397b5df7358734f510fb97e042e86fac73ad964,dfe26121657ee72bef5b199b6a8d99f72aed6e9c5cff376b6f4fab85e2a26b6e,json-semantic
meta/apep_0843__v1.json,apep_0843/v1/metadata.json,https://raw.githubusercontent.com/SocialCatalystLab/ape-papers/70c660ea5a7de722e9a12ad965e1c665890208d8/apep_0843/v1/metadata.json,4de6265aba7fd6e79faaa1b2944c1e60facb420f,3012f955459c535fb29bae8a394f23b572f1786441fd329135cf2cac71eadc66,json-semantic
meta/apep_0844__v1.json,apep_0844/v1/metadata.json,https://raw.githubusercontent.com/SocialCatalystLab/ape-papers/70c660ea5a7de722e9a12ad965e1c665890208d8/apep_0844/v1/metadata.json,1ccfaae5a69d6f796708d6cf643a41cf1627cc82,c32e9752c21826cd31ba263202d4c2c8a6e4a4a3e286a52991b469d41a42e05f,json-semantic
meta/apep_0845__v1.json,apep_0845/v1/metadata.json,https://raw.githubusercontent.com/SocialCatalystLab/ape-papers/70c660ea5a7de722e9a12ad965e1c665890208d8/apep_0845/v1/metadata.json,13b7ec4edf17796ec8aefe74c5fee72efc48d20c,1db28e0200e82802f20704b955e4ce76f7c8a948b59a8bdff528b19d23363efe,json-semantic
meta/apep_0846__v1.json,apep_0846/v1/metadata.json,https://raw.githubusercontent.com/SocialCatalystLab/ape-papers/70c660ea5a7de722e9a12ad965e1c665890208d8/apep_0846/v1/metadata.json,f6fdf53e26db7590677b7a752aec2877e194b2e7,6daba8f29281fdbfdc615519974abfeb1bf0915f0c90e3e75fee0845051b3e6e,json-semantic
meta/apep_0847__v1.json,apep_0847/v1/metadata.json,https://raw.githubusercontent.com/SocialCatalystLab/ape-papers/70c660ea5a7de722e9a12ad965e1c665890208d8/apep_0847/v1/metadata.json,9ff77b7c23a01c2944ad56cd0946ed441bad95e3,729b6557c9b6aef68256731b12afeb33f6f3073b4a630427e8ff9a8c31eae847,json-semantic
meta/apep_0848__v1.json,apep_0848/v1/metadata.json,https://raw.githubusercontent.com/SocialCatalystLab/ape-papers/70c660ea5a7de722e9a12ad965e1c665890208d8/apep_0848/v1/metadata.json,bcf013955a0592f4d07374c8e02a92085cc5fb3b,831a5467a171509b9d95d5ec33c6710c793c4b96dc41e904437ce87fef7b2cc4,json-semantic
meta/apep_0849__v1.json,apep_0849/v1/metadata.json,https://raw.githubusercontent.com/SocialCatalystLab/ape-papers/70c660ea5a7de722e9a12ad965e1c665890208d8/apep_0849/v1/metadata.json,af4c0d1788edd85d57dc3c74b30c9d5481b19d1c,d50539156dedcc463b3ea484e4e7756b471c9c12b510705f8be40cfb525558be,json-semantic
meta/apep_0850__v1.json,apep_0850/v1/metadata.json,https://raw.githubusercontent.com/SocialCatalystLab/ape-papers/70c660ea5a7de722e9a12ad965e1c665890208d8/apep_0850/v1/metadata.json,3570c41b9fddfca0552b728b160640b9ba3c1b55,7cabf9d0134f657fef9b316687496292d386af3f304ac4216719984be9825d7a,json-semantic
meta/apep_0851__v1.json,apep_0851/v1/metadata.json,https://raw.githubusercontent.com/SocialCatalystLab/ape-papers/70c660ea5a7de722e9a12ad965e1c665890208d8/apep_0851/v1/metadata.json,c80223756e96e79ecc6aad869a11f261b5677e24,be19032967dfc08797e01b67213f279a70958164bd30e957c28669f5900e603e,json-semantic
meta/apep_0852__v1.json,apep_0852/v1/metadata.json,https://raw.githubusercontent.com/SocialCatalystLab/ape-papers/70c660ea5a7de722e9a12ad965e1c665890208d8/apep_0852/v1/metadata.json,70800ce6f60835a0d8f90074c2a92d6d48b98d70,7f8571cb75f098da137965e2c7c9058c16393ff828c4472c35671fbbdbff7783,json-semantic
meta/apep_0853__v1.json,apep_0853/v1/metadata.json,https://raw.githubusercontent.com/SocialCatalystLab/ape-papers/70c660ea5a7de722e9a12ad965e1c665890208d8/apep_0853/v1/metadata.json,aeef41c1b2d496881e5a7f6f448fbe6d51cf9121,058adcfbfcf2a2d87e0d0518ae7e1241af8b29e539c90d33a8bcef08debf297a,json-semantic
meta/apep_0854__v1.json,apep_0854/v1/metadata.json,https://raw.githubusercontent.com/SocialCatalystLab/ape-papers/70c660ea5a7de722e9a12ad965e1c665890208d8/apep_0854/v1/metadata.json,d1cbce0a2a912ef7410795280443eaa7bbb0c90b,345106e856f0dcec9084a43083beacc0a9c00255a4e440fc42b2800fdba7b9f8,json-semantic
meta/apep_0856__v1.json,apep_0856/v1/metadata.json,https://raw.githubusercontent.com/SocialCatalystLab/ape-papers/70c660ea5a7de722e9a12ad965e1c665890208d8/apep_0856/v1/metadata.json,833a2bcae7a624f5cfd55ef8d258ad3fd5061ea8,0b44b242e6ccf5c7ec50ca21c84f3368d19ec1500a3076609d0d7023d9fd81df,json-semantic
meta/apep_0860__v1.json,apep_0860/v1/metadata.json,https://raw.githubusercontent.com/SocialCatalystLab/ape-papers/70c660ea5a7de722e9a12ad965e1c665890208d8/apep_0860/v1/metadata.json,110294d0b9b8402141fcd08978deb3662572150a,be433089d69edb55cfd7f6f6a7bbfc0a2b507b9121659835f9c7dcc702bf731b,json-semantic
meta/apep_0861__v1.json,apep_0861/v1/metadata.json,https://raw.githubusercontent.com/SocialCatalystLab/ape-papers/70c660ea5a7de722e9a12ad965e1c665890208d8/apep_0861/v1/metadata.json,f00f8f975cfbbf8ad6e61cb93ea5b5db0560dabe,a73b2504a9148261b9d50b06f50646d33002c177e7d388ecfde7435304fbbcfe,json-semantic
meta/apep_0862__v1.json,apep_0862/v1/metadata.json,https://raw.githubusercontent.com/SocialCatalystLab/ape-papers/70c660ea5a7de722e9a12ad965e1c665890208d8/apep_0862/v1/metadata.json,e7c3850b8e7efb2ec5578b6286137a62c95004d3,c5be0f04c399b1a863329e6ed1c2ec19cc5d40fe91c907f74d7184083e7af667,json-semantic
meta/apep_0863__v1.json,apep_0863/v1/metadata.json,https://raw.githubusercontent.com/SocialCatalystLab/ape-papers/70c660ea5a7de722e9a12ad965e1c665890208d8/apep_0863/v1/metadata.json,fcf9f1eb12b96cf252aefa500a8fead0f37c4283,647187ec05e815c46676e2f775bb77d07501263121a57a61e2a7fa7b3ceabab4,json-semantic
meta/apep_0864__v1.json,apep_0864/v1/metadata.json,https://raw.githubusercontent.com/SocialCatalystLab/ape-papers/70c660ea5a7de722e9a12ad965e1c665890208d8/apep_0864/v1/metadata.json,dbabd06aeb70d21522ade321dff96b2a8e20a826,1616f5f06534656c36fbcde6cab35faaa93c1b18b688a35f5e30820d348ac09f,json-semantic
meta/apep_0865__v1.json,apep_0865/v1/metadata.json,https://raw.githubusercontent.com/SocialCatalystLab/ape-papers/70c660ea5a7de722e9a12ad965e1c665890208d8/apep_0865/v1/metadata.json,96575a43c43add8ad0a778ea560c6258cd65634c,dce0600d2a358a4ea511c7a25ad939eb181d130c987aaa2357a830e96fd04a77,json-semantic
meta/apep_0866__v1.json,apep_0866/v1/metadata.json,https://raw.githubusercontent.com/SocialCatalystLab/ape-papers/70c660ea5a7de722e9a12ad965e1c665890208d8/apep_0866/v1/metadata.json,ae68ab3611d3444c23acf2891abe5fd8612daf51,5fea28847028034217cefbad36e2d07a1fc3c77b04caab548d914a86afa00481,json-semantic
meta/apep_0867__v1.json,apep_0867/v1/metadata.json,https://raw.githubusercontent.com/SocialCatalystLab/ape-papers/70c660ea5a7de722e9a12ad965e1c665890208d8/apep_0867/v1/metadata.json,c4a0fdbf4e0b85d9f8fb921a3c02b33ed91a4367,ca399c18fce5feea2f304cd93e5ea4fcb7232dbb3d1a6706027e95cbf34514c5,json-semantic
meta/apep_0868__v1.json,apep_0868/v1/metadata.json,https://raw.githubusercontent.com/SocialCatalystLab/ape-papers/70c660ea5a7de722e9a12ad965e1c665890208d8/apep_0868/v1/metadata.json,27b1e9441118a0b642e5c4747693df8066edc74c,58d95fc7e8edf95701969df700cde32699b089f31a7d27e88efa8aa2e56a7575,json-semantic
meta/apep_0869__v1.json,apep_0869/v1/metadata.json,https://raw.githubusercontent.com/SocialCatalystLab/ape-papers/70c660ea5a7de722e9a12ad965e1c665890208d8/apep_0869/v1/metadata.json,b5f5b6017bc603aa8d6265dfaefc272c2286783a,313b3497321a648f1d0aa9dacd5d4c7df393882a5b6e4a6c2cae0c22c1301698,json-semantic
meta/apep_0869__v2.json,apep_0869/v2/metadata.json,https://raw.githubusercontent.com/SocialCatalystLab/ape-papers/70c660ea5a7de722e9a12ad965e1c665890208d8/apep_0869/v2/metadata.json,036b82dc3294232fcb948a98513570685f7dc822,6d7a93b46c14bd785aaf20a32256f61e996c777a47178f926e74d7ffbf986036,json-semantic
meta/apep_0869__v3.json,apep_0869/v3/metadata.json,https://raw.githubusercontent.com/SocialCatalystLab/ape-papers/70c660ea5a7de722e9a12ad965e1c665890208d8/apep_0869/v3/metadata.json,72b780c2e540249f6d181c7f50f83608036c6c82,24f3040633c85aeb10000e90dccae58fef949ef43195ab18f61e4ca3cc1b1738,json-semantic
meta/apep_0870__v1.json,apep_0870/v1/metadata.json,https://raw.githubusercontent.com/SocialCatalystLab/ape-papers/70c660ea5a7de722e9a12ad965e1c665890208d8/apep_0870/v1/metadata.json,a415aae5c66bde58974fa29be04562bff5343082,48c1c6487bd2bf8871ca5f88ea264ec52deae2efedfc2402adf644ce917dbafe,json-semantic
meta/apep_0871__v1.json,apep_0871/v1/metadata.json,https://raw.githubusercontent.com/SocialCatalystLab/ape-papers/70c660ea5a7de722e9a12ad965e1c665890208d8/apep_0871/v1/metadata.json,20b03f83302b53fce050caf3b452921bcbbf0458,8290ca86c0933e29e936a11a1e74dc27d34a2464584ddd1b78f3afb77f6f3bb9,json-semantic
meta/apep_0872__v1.json,apep_0872/v1/metadata.json,https://raw.githubusercontent.com/SocialCatalystLab/ape-papers/70c660ea5a7de722e9a12ad965e1c665890208d8/apep_0872/v1/metadata.json,6f50f4bfd81c1c7bfbe6fb8d4c98afa61d4c364c,f6afa3ee881362fc3190e17419dca1b244a28e70e0c3278aa667d349f8d4acff,json-semantic
meta/apep_0873__v1.json,apep_0873/v1/metadata.json,https://raw.githubusercontent.com/SocialCatalystLab/ape-papers/70c660ea5a7de722e9a12ad965e1c665890208d8/apep_0873/v1/metadata.json,33a4da85bb58dfe9f1268931093ab265d5916e90,82891b1ea02ea9b741f8174520a5ed6511d22926566ef5bea6adfda96c74b266,json-semantic
meta/apep_0874__v1.json,apep_0874/v1/metadata.json,https://raw.githubusercontent.com/SocialCatalystLab/ape-papers/70c660ea5a7de722e9a12ad965e1c665890208d8/apep_0874/v1/metadata.json,2fb4e7bbef42ee8c5406942ef8f62e31da54827d,de24edf2151c2283a93d74134efa7b9d19d5dab5d2d76ed384871738e5e9d0bb,json-semantic
meta/apep_0875__v1.json,apep_0875/v1/metadata.json,https://raw.githubusercontent.com/SocialCatalystLab/ape-papers/70c660ea5a7de722e9a12ad965e1c665890208d8/apep_0875/v1/metadata.json,3abbbe0702a31ecca38eb0cabc7c6cb6e27fe78d,54865e0d9ad2e0ea1fab0afc915f24903f9b2088d834af88c94484ab8a256cae,json-semantic
meta/apep_0876__v1.json,apep_0876/v1/metadata.json,https://raw.githubusercontent.com/SocialCatalystLab/ape-papers/70c660ea5a7de722e9a12ad965e1c665890208d8/apep_0876/v1/metadata.json,9ad95b6c7a1d92373ac9b9f2e0c1f627f3f522d5,4f950ba8f6fbfa6fa1666babc091ebb51d567d37fe12f0a84810bec94ed5ea97,json-semantic
meta/apep_0877__v1.json,apep_0877/v1/metadata.json,https://raw.githubusercontent.com/SocialCatalystLab/ape-papers/70c660ea5a7de722e9a12ad965e1c665890208d8/apep_0877/v1/metadata.json,534cb456da0e540d9e6eb8c40797c93b207bc581,16ac62c6915fd75b157827968a43ec380fd1a475430e6979f4104eec8ffa2f89,json-semantic
meta/apep_0878__v1.json,apep_0878/v1/metadata.json,https://raw.githubusercontent.com/SocialCatalystLab/ape-papers/70c660ea5a7de722e9a12ad965e1c665890208d8/apep_0878/v1/metadata.json,28456d4e69329b87481e266d16148347af138e63,101879bd0aca40c564878401677a7dbac614c79d102cf623da32c032f99d17f8,json-semantic
meta/apep_0879__v1.json,apep_0879/v1/metadata.json,https://raw.githubusercontent.com/SocialCatalystLab/ape-papers/70c660ea5a7de722e9a12ad965e1c665890208d8/apep_0879/v1/metadata.json,db14ba5621521fdeb33c008c3c82040617a45357,289b8571cd73df81c69a4e840b6acd23467bbfeb0e1cead2c475600b6e6e8c21,json-semantic
meta/apep_0880__v1.json,apep_0880/v1/metadata.json,https://raw.githubusercontent.com/SocialCatalystLab/ape-papers/70c660ea5a7de722e9a12ad965e1c665890208d8/apep_0880/v1/metadata.json,934af044a44d78f6ddef66e453d343bd7b343983,48da14a08770ca49b1dfeea016877c718994569bf97f3a69e61de8846e2a5db3,json-semantic
meta/apep_0881__v1.json,apep_0881/v1/metadata.json,https://raw.githubusercontent.com/SocialCatalystLab/ape-papers/70c660ea5a7de722e9a12ad965e1c665890208d8/apep_0881/v1/metadata.json,9e2bf0c736cb9974bc84643d66e29c18f2fbea5a,2213864bf17956967e949592e0d190310b48199cd057ded5fd07b8f7cfebe4cf,json-semantic
meta/apep_0882__v1.json,apep_0882/v1/metadata.json,https://raw.githubusercontent.com/SocialCatalystLab/ape-papers/70c660ea5a7de722e9a12ad965e1c665890208d8/apep_0882/v1/metadata.json,09b38f2e6ee0374b80b4f353056e6fd495b80746,22a18968bee50a4601b02223e683d294a55d11210734bc21b9dc634439ecd5ba,json-semantic
meta/apep_0884__v1.json,apep_0884/v1/metadata.json,https://raw.githubusercontent.com/SocialCatalystLab/ape-papers/70c660ea5a7de722e9a12ad965e1c665890208d8/apep_0884/v1/metadata.json,081bb3852c00496f82d9943b5dfc9d8fa5b6a640,7764a0a4a50c96bbc8e1ba443483836896043c94fc6f2226aa4dd67313238808,json-semantic
meta/apep_0885__v1.json,apep_0885/v1/metadata.json,https://raw.githubusercontent.com/SocialCatalystLab/ape-papers/70c660ea5a7de722e9a12ad965e1c665890208d8/apep_0885/v1/metadata.json,662cfc849125522a3d7eeaa12aa674d8c5b81d53,8148bef6d7166a07ac1e9dec9afdb39b9b2e1af0898a558100fdcc84b24d3d2d,json-semantic
meta/apep_0887__v1.json,apep_0887/v1/metadata.json,https://raw.githubusercontent.com/SocialCatalystLab/ape-papers/70c660ea5a7de722e9a12ad965e1c665890208d8/apep_0887/v1/metadata.json,010a52566873b21fbf18e3c7e11571c8abb7c6d2,43053ae5fc59e5c15cdeff1f965963fbe90793b5244fd539af9b152329ace015,json-semantic
meta/apep_0889__v1.json,apep_0889/v1/metadata.json,https://raw.githubusercontent.com/SocialCatalystLab/ape-papers/70c660ea5a7de722e9a12ad965e1c665890208d8/apep_0889/v1/metadata.json,44d62ad19c667991d6ca7503c5f35d162e40dc34,5b7fc5f887e0cfe755a17e79b5b7e1469dd0766b57e17aa070ba342a4d876ac2,json-semantic
meta/apep_0890__v1.json,apep_0890/v1/metadata.json,https://raw.githubusercontent.com/SocialCatalystLab/ape-papers/70c660ea5a7de722e9a12ad965e1c665890208d8/apep_0890/v1/metadata.json,f51a8a2ba2be8818942e86bc476df13ba664cb5e,39f9d4749ccdfd219900897b8f1e4b9b538ac733206728f7fdfc41141cc12328,json-semantic
meta/apep_0891__v1.json,apep_0891/v1/metadata.json,https://raw.githubusercontent.com/SocialCatalystLab/ape-papers/70c660ea5a7de722e9a12ad965e1c665890208d8/apep_0891/v1/metadata.json,531bc6beebe5207a78a0055d5f6ffd90169252a3,45f7091245908487d53b3fbcea9ba158453bde25c7df26120052f6d10d7949ad,json-semantic
meta/apep_0892__v1.json,apep_0892/v1/metadata.json,https://raw.githubusercontent.com/SocialCatalystLab/ape-papers/70c660ea5a7de722e9a12ad965e1c665890208d8/apep_0892/v1/metadata.json,e7e7dea147c3618b9a8e80818b92a53234819604,47cbc332fd72eacffaf4e8a831f3f4bfab46691c619211e34782a425ddd9cc7a,json-semantic
meta/apep_0893__v1.json,apep_0893/v1/metadata.json,https://raw.githubusercontent.com/SocialCatalystLab/ape-papers/70c660ea5a7de722e9a12ad965e1c665890208d8/apep_0893/v1/metadata.json,885cc69ca7bde16dc8b731bf8bb7767b86774a7f,8284ef5abb6fd786572701c4d802b942ec9281fcb085edec2555420ae882f518,json-semantic
meta/apep_0894__v1.json,apep_0894/v1/metadata.json,https://raw.githubusercontent.com/SocialCatalystLab/ape-papers/70c660ea5a7de722e9a12ad965e1c665890208d8/apep_0894/v1/metadata.json,e4144648fa05db38185af212f9e2caa2a72e4fc6,6d6299e661f40f29d78f3790a7b12c944c49c4fb88813b2f24d94d1bbab64486,json-semantic
meta/apep_0895__v1.json,apep_0895/v1/metadata.json,https://raw.githubusercontent.com/SocialCatalystLab/ape-papers/70c660ea5a7de722e9a12ad965e1c665890208d8/apep_0895/v1/metadata.json,631d826fa8ff1f8ba0e1f08ce58cbb681912545d,9ce8a1d9028c10c161265d519004eb1edaed42aaf6155fdcb9807a0808dd0e91,json-semantic
meta/apep_0896__v1.json,apep_0896/v1/metadata.json,https://raw.githubusercontent.com/SocialCatalystLab/ape-papers/70c660ea5a7de722e9a12ad965e1c665890208d8/apep_0896/v1/metadata.json,49cd3c5357a367e9b7725f8cc98dd66ef1bfc753,f93d9825d70b92113613491689aaac47e68b5de44c3cd4cecd66b9d10bcfc34b,json-semantic
meta/apep_0897__v1.json,apep_0897/v1/metadata.json,https://raw.githubusercontent.com/SocialCatalystLab/ape-papers/70c660ea5a7de722e9a12ad965e1c665890208d8/apep_0897/v1/metadata.json,f32f58345a59ec7b09eb02ecec58c42124fcfd5e,a0756fa011422c1f56e16d3be3789c5bb671c262a9e7015bf8a5956ba4e3e9e3,json-semantic
meta/apep_0898__v1.json,apep_0898/v1/metadata.json,https://raw.githubusercontent.com/SocialCatalystLab/ape-papers/70c660ea5a7de722e9a12ad965e1c665890208d8/apep_0898/v1/metadata.json,5e6f5ac6426371e651ea0a0e42db414fe1e7de7e,90d949dc1692e29c064adb963304fca93250e14d43db14dacfdc0959d8ab229c,json-semantic
meta/apep_0899__v1.json,apep_0899/v1/metadata.json,https://raw.githubusercontent.com/SocialCatalystLab/ape-papers/70c660ea5a7de722e9a12ad965e1c665890208d8/apep_0899/v1/metadata.json,c49d64445ca2e829f2fbe7373775efb0b6daf470,d3a29d83d4f4613fb5cb8ffda02f122bdf1a447fe0ff89f44325e79c49f161f6,json-semantic
meta/apep_0900__v1.json,apep_0900/v1/metadata.json,https://raw.githubusercontent.com/SocialCatalystLab/ape-papers/70c660ea5a7de722e9a12ad965e1c665890208d8/apep_0900/v1/metadata.json,b0b87e5ae0644a165fcbfc4768e38dbe20d64b21,7e388453e22c9acbdf30941f286647bc79f8e5d443be5225fcc878ce7df6801a,json-semantic
meta/apep_0901__v1.json,apep_0901/v1/metadata.json,https://raw.githubusercontent.com/SocialCatalystLab/ape-papers/70c660ea5a7de722e9a12ad965e1c665890208d8/apep_0901/v1/metadata.json,110235f7ab77edc9a03e90418ff1bd61fe0f4aea,85ea529b5ac5fa5ef03ec7839124e627c01976b3da706fe0b2a979f5989c5699,json-semantic
meta/apep_0902__v1.json,apep_0902/v1/metadata.json,https://raw.githubusercontent.com/SocialCatalystLab/ape-papers/70c660ea5a7de722e9a12ad965e1c665890208d8/apep_0902/v1/metadata.json,11a6589fa9df0cebe7dd3ad6140420b66da3ac63,6719915431f5bbcaedbfbdff5904b7782cd899e177864064686355aebabb2ba4,json-semantic
meta/apep_0903__v1.json,apep_0903/v1/metadata.json,https://raw.githubusercontent.com/SocialCatalystLab/ape-papers/70c660ea5a7de722e9a12ad965e1c665890208d8/apep_0903/v1/metadata.json,7e858a12de588cdd1fb6ed83301cafaa7afcf2c5,096b6bad1f4850bdb94e51da24c6111ca85259a437639058fc13bc836fd4fec3,json-semantic
meta/apep_0904__v1.json,apep_0904/v1/metadata.json,https://raw.githubusercontent.com/SocialCatalystLab/ape-papers/70c660ea5a7de722e9a12ad965e1c665890208d8/apep_0904/v1/metadata.json,7004330a09c2cc71ef419f6de7f287857ab8ffab,d8b90b5bfad0a73077d38c8229f8d1fd8297885710763bd9e3f8894155a55a7c,json-semantic
meta/apep_0905__v1.json,apep_0905/v1/metadata.json,https://raw.githubusercontent.com/SocialCatalystLab/ape-papers/70c660ea5a7de722e9a12ad965e1c665890208d8/apep_0905/v1/metadata.json,1f926bda6ed5893494b6637fee68631431b59b5d,7e5a3d5317dd9e727e38569c4ab7da422d4e57b75d47fe830dd72ebff6e8764a,json-semantic
meta/apep_0906__v1.json,apep_0906/v1/metadata.json,https://raw.githubusercontent.com/SocialCatalystLab/ape-papers/70c660ea5a7de722e9a12ad965e1c665890208d8/apep_0906/v1/metadata.json,c079716788fb0e092c22507ce1b6db18c64f4dd8,b52f25bbaff37bac477fbc0366a6eda128445cd4591730878ca2b928e96d9a34,json-semantic
meta/apep_0907__v1.json,apep_0907/v1/metadata.json,https://raw.githubusercontent.com/SocialCatalystLab/ape-papers/70c660ea5a7de722e9a12ad965e1c665890208d8/apep_0907/v1/metadata.json,1ef1b2ddaefbd588186db5c56f9c8e9c1b467877,30dd47fd75a4a4f0de8f4ef4296ff3a573217d4b58264daf8145d397f47e452f,json-semantic
meta/apep_0908__v1.json,apep_0908/v1/metadata.json,https://raw.githubusercontent.com/SocialCatalystLab/ape-papers/70c660ea5a7de722e9a12ad965e1c665890208d8/apep_0908/v1/metadata.json,49d6f9a68763ee8b7b62e527ad419fbf20f149ef,84b76f40086ae9d602d93234bd35028f47391a23010ddb7689a0b31fe88897c8,json-semantic
meta/apep_0909__v1.json,apep_0909/v1/metadata.json,https://raw.githubusercontent.com/SocialCatalystLab/ape-papers/70c660ea5a7de722e9a12ad965e1c665890208d8/apep_0909/v1/metadata.json,fce74bdb8794f2fc230a97cc8418d726dce6dc6d,24759838e9a9f4cb9ae43e16e6569ec4e13a1bb949599538c6a068a99d3468fe,json-semantic
meta/apep_0910__v1.json,apep_0910/v1/metadata.json,https://raw.githubusercontent.com/SocialCatalystLab/ape-papers/70c660ea5a7de722e9a12ad965e1c665890208d8/apep_0910/v1/metadata.json,a91f97291d08b2ace281f9b929a0b4546fc129fe,c3bde797d6d62d7c43a2a0c2289d3fde8c12ffac81ccfd90c6f681df7117c945,json-semantic
meta/apep_0912__v1.json,apep_0912/v1/metadata.json,https://raw.githubusercontent.com/SocialCatalystLab/ape-papers/70c660ea5a7de722e9a12ad965e1c665890208d8/apep_0912/v1/metadata.json,e6f793a6682b2b34580499c1f84c85465dcf2386,dd00c29444b5ce8ea2e2d09dd183b716a0546bb0615e0de892aeef9bbbdc7de8,json-semantic
meta/apep_0913__v1.json,apep_0913/v1/metadata.json,https://raw.githubusercontent.com/SocialCatalystLab/ape-papers/70c660ea5a7de722e9a12ad965e1c665890208d8/apep_0913/v1/metadata.json,dcd7e3bfbcf59df2693c5ff35daf92bc9c5fe61c,fbfb391d30d286d73f8ab39ac0d4fbdbcc2b1355f82b791b6aba05d6c88147d2,json-semantic
meta/apep_0914__v1.json,apep_0914/v1/metadata.json,https://raw.githubusercontent.com/SocialCatalystLab/ape-papers/70c660ea5a7de722e9a12ad965e1c665890208d8/apep_0914/v1/metadata.json,55be7402b928d6dfedc6bbfcaf5cf828424a0fdf,e464d3cf21c17223a57e2d20eef00a01e5c308062300b2d28e9995891c04cb03,json-semantic
meta/apep_0915__v1.json,apep_0915/v1/metadata.json,https://raw.githubusercontent.com/SocialCatalystLab/ape-papers/70c660ea5a7de722e9a12ad965e1c665890208d8/apep_0915/v1/metadata.json,267c3ce8df87b0dfc4df0db88c451e63974dce1a,35fb66add6ec414290b8c0b98e789318d975656a9e5278c4f3f12483b105cae3,json-semantic
meta/apep_0916__v1.json,apep_0916/v1/metadata.json,https://raw.githubusercontent.com/SocialCatalystLab/ape-papers/70c660ea5a7de722e9a12ad965e1c665890208d8/apep_0916/v1/metadata.json,476cf447297d992bdfc240fcd1b8f6e38c015030,15b4e74f1d2cbdac96a9d460f01094a19b0270bf2604f009719adafc9096bffd,json-semantic
meta/apep_0917__v1.json,apep_0917/v1/metadata.json,https://raw.githubusercontent.com/SocialCatalystLab/ape-papers/70c660ea5a7de722e9a12ad965e1c665890208d8/apep_0917/v1/metadata.json,3a9bb63c5fe32f0252f5c549b3cdb0e9c25dab8a,fd70e54bc2a1da7ea65d47d96491d257d25fc8a7aaa5fe5e21de2a4ebc79dad0,json-semantic
meta/apep_0918__v1.json,apep_0918/v1/metadata.json,https://raw.githubusercontent.com/SocialCatalystLab/ape-papers/70c660ea5a7de722e9a12ad965e1c665890208d8/apep_0918/v1/metadata.json,27c62b843eb6d40adccd4aec53d733177ba27cbf,44e0418ebc31995f49ff6b7ff6f97c1e2e7387cc6cd36729d2e884753f6680df,json-semantic
meta/apep_0919__v1.json,apep_0919/v1/metadata.json,https://raw.githubusercontent.com/SocialCatalystLab/ape-papers/70c660ea5a7de722e9a12ad965e1c665890208d8/apep_0919/v1/metadata.json,cf5f26c9b9cef6c67cf43a62fc48fb34c4ae2376,0f4413270141ba3ba29c606260eacb85d6551dc7723c74c3f8dca02e84f3b973,json-semantic
meta/apep_0920__v1.json,apep_0920/v1/metadata.json,https://raw.githubusercontent.com/SocialCatalystLab/ape-papers/70c660ea5a7de722e9a12ad965e1c665890208d8/apep_0920/v1/metadata.json,a0b1310a6c0f605afbff0d555d4a503ceb0972e1,96d579b9784178c64c70d6fc8c37e4ad542e35008753d69232cb30153d69d6ce,json-semantic
meta/apep_0921__v1.json,apep_0921/v1/metadata.json,https://raw.githubusercontent.com/SocialCatalystLab/ape-papers/70c660ea5a7de722e9a12ad965e1c665890208d8/apep_0921/v1/metadata.json,4b44fd313f8f598f5c993332d0e6350476d44917,ce583f5252bd86abc7538a00f4071e62d94bdc4fea850e5fa17682adbbecb0e8,json-semantic
meta/apep_0922__v1.json,apep_0922/v1/metadata.json,https://raw.githubusercontent.com/SocialCatalystLab/ape-papers/70c660ea5a7de722e9a12ad965e1c665890208d8/apep_0922/v1/metadata.json,0f8581b13c61116a983c053c30d8d9fb114059e2,3a01b299a719534ac51e9bdd5ed088074b82d33c92ba430b85645303228d5b27,json-semantic
meta/apep_0923__v1.json,apep_0923/v1/metadata.json,https://raw.githubusercontent.com/SocialCatalystLab/ape-papers/70c660ea5a7de722e9a12ad965e1c665890208d8/apep_0923/v1/metadata.json,1293232fea2355062189996e07c3be6a94723e74,849c799508aae830222c947294a5dcea24341d2ed71735cb5922dd7be69916d7,json-semantic
meta/apep_0925__v1.json,apep_0925/v1/metadata.json,https://raw.githubusercontent.com/SocialCatalystLab/ape-papers/70c660ea5a7de722e9a12ad965e1c665890208d8/apep_0925/v1/metadata.json,376523e8485952cfdead637fce6cc07292d82855,214e42c6afec4197fabc17fcea7e16ca7ef92bf23400c920678da3f8e115305b,json-semantic
meta/apep_0927__v1.json,apep_0927/v1/metadata.json,https://raw.githubusercontent.com/SocialCatalystLab/ape-papers/70c660ea5a7de722e9a12ad965e1c665890208d8/apep_0927/v1/metadata.json,2b23f0619194200d0b21c79178b2c9ed65d60b6e,779a641074618c17357547247452e1d8cdac7550a58415ebd608d08aa8e9696c,json-semantic
meta/apep_0929__v1.json,apep_0929/v1/metadata.json,https://raw.githubusercontent.com/SocialCatalystLab/ape-papers/70c660ea5a7de722e9a12ad965e1c665890208d8/apep_0929/v1/metadata.json,86780a93aa7c58a0b8ceae5c51fb82d4dd83c0a2,454790e05dac495819279cdee013f4f4004c51d57f6547abafb47fffab9152bb,json-semantic
meta/apep_0931__v1.json,apep_0931/v1/metadata.json,https://raw.githubusercontent.com/SocialCatalystLab/ape-papers/70c660ea5a7de722e9a12ad965e1c665890208d8/apep_0931/v1/metadata.json,3887254d4306b5df6acd62195259e7426118ddfe,ece1a58f1aadebddea2a7d7850a1068017f081b2dcef3b6b138c9ea59e186483,json-semantic
meta/apep_0932__v1.json,apep_0932/v1/metadata.json,https://raw.githubusercontent.com/SocialCatalystLab/ape-papers/70c660ea5a7de722e9a12ad965e1c665890208d8/apep_0932/v1/metadata.json,eef8677c8f37f9fed9272175e88f310947086a9b,7ae75349100b07b43a1804ffba70e3050f52fbcc396a5f152f61e5bc828e822e,json-semantic
meta/apep_0933__v1.json,apep_0933/v1/metadata.json,https://raw.githubusercontent.com/SocialCatalystLab/ape-papers/70c660ea5a7de722e9a12ad965e1c665890208d8/apep_0933/v1/metadata.json,4b27e48f600add4a7e2d8e79e23ce9fcf5227b94,12d0759855ce8eb9c4239cad6a65736cf6c11863b1a067916ed08965bd5e00d2,json-semantic
meta/apep_0934__v1.json,apep_0934/v1/metadata.json,https://raw.githubusercontent.com/SocialCatalystLab/ape-papers/70c660ea5a7de722e9a12ad965e1c665890208d8/apep_0934/v1/metadata.json,d05240f0478b51f304c25b236ed7bcd1aa68f434,51c708319459ae40a5a4340743526cd04d87596bf24d53d447a6b65fd9dcf18f,json-semantic
meta/apep_0935__v1.json,apep_0935/v1/metadata.json,https://raw.githubusercontent.com/SocialCatalystLab/ape-papers/70c660ea5a7de722e9a12ad965e1c665890208d8/apep_0935/v1/metadata.json,accac33d0eee0560d86e0919aec5d11db2b71148,dc62b9061c0d356bcbec6a4293692774bfddb99bdfbe1100f9e1edd8e2d6aef9,json-semantic
meta/apep_0936__v1.json,apep_0936/v1/metadata.json,https://raw.githubusercontent.com/SocialCatalystLab/ape-papers/70c660ea5a7de722e9a12ad965e1c665890208d8/apep_0936/v1/metadata.json,be44907711854b3fa71f33bafdd2795389ff446d,6ae49b26b890ec7d69eeddb9b0c508260394b19fd17d7394d449009d1b95b285,json-semantic
meta/apep_0937__v1.json,apep_0937/v1/metadata.json,https://raw.githubusercontent.com/SocialCatalystLab/ape-papers/70c660ea5a7de722e9a12ad965e1c665890208d8/apep_0937/v1/metadata.json,9899b402ad5c21428130ad0709d041a7bb9077ac,59f3d166c6eb805615bf922b6a877719587a053acd6a9ef71ca62bcaf578fdc3,json-semantic
meta/apep_0938__v1.json,apep_0938/v1/metadata.json,https://raw.githubusercontent.com/SocialCatalystLab/ape-papers/70c660ea5a7de722e9a12ad965e1c665890208d8/apep_0938/v1/metadata.json,ec974ca243e992accc56015d62cb6ff235dc2545,eb8d66b44ff77b2cd7a07ea8294fbb416b6d4f9adc486c467d5c6908fe3d20f6,json-semantic
meta/apep_0939__v1.json,apep_0939/v1/metadata.json,https://raw.githubusercontent.com/SocialCatalystLab/ape-papers/70c660ea5a7de722e9a12ad965e1c665890208d8/apep_0939/v1/metadata.json,d5dc28851eced2b8a2397b106bfcdcf6234855a7,8b57f026b0f0886e69904d05f99442eb4b4e0a9300b6983bec67219e88aa258c,json-semantic
meta/apep_0940__v1.json,apep_0940/v1/metadata.json,https://raw.githubusercontent.com/SocialCatalystLab/ape-papers/70c660ea5a7de722e9a12ad965e1c665890208d8/apep_0940/v1/metadata.json,5d318461a68aa6c666d1f465e442be484d9d7cce,5771d11a16852f2528d62e5f2700f1e9aff46e0d3df9bf56e17e41600e92199f,json-semantic
meta/apep_0941__v1.json,apep_0941/v1/metadata.json,https://raw.githubusercontent.com/SocialCatalystLab/ape-papers/70c660ea5a7de722e9a12ad965e1c665890208d8/apep_0941/v1/metadata.json,5aef2a9b9e46ed392b099b16e970599e08755e55,87169d6532c132648df89c350edd166ffcdcb5d65245369364c010d0a263385a,json-semantic
meta/apep_0942__v1.json,apep_0942/v1/metadata.json,https://raw.githubusercontent.com/SocialCatalystLab/ape-papers/70c660ea5a7de722e9a12ad965e1c665890208d8/apep_0942/v1/metadata.json,91be521f3bc7dac036067f263b574ccb960b9269,1a837de0377f208ee12024f9fc552c7b976f8e316cbbb09540ff2cdd7cb2296e,json-semantic
meta/apep_0943__v1.json,apep_0943/v1/metadata.json,https://raw.githubusercontent.com/SocialCatalystLab/ape-papers/70c660ea5a7de722e9a12ad965e1c665890208d8/apep_0943/v1/metadata.json,8a9d2ab595a7e17ecaa9bd76e3cc58d82fe68b41,a91f58d2a2a03a19e076cc08757f0110ee530d24c2c89558e0c0a03d82d8d0e3,json-semantic
meta/apep_0944__v1.json,apep_0944/v1/metadata.json,https://raw.githubusercontent.com/SocialCatalystLab/ape-papers/70c660ea5a7de722e9a12ad965e1c665890208d8/apep_0944/v1/metadata.json,38e8b142760afbf5e48824a601d9e67781fccff6,c8672a47b4f49411484cc206bb5240e346c001cba9aef8fbdb684e7693d53b91,json-semantic
meta/apep_0945__v1.json,apep_0945/v1/metadata.json,https://raw.githubusercontent.com/SocialCatalystLab/ape-papers/70c660ea5a7de722e9a12ad965e1c665890208d8/apep_0945/v1/metadata.json,5092473d4766e6ff9a30ca0affb6c82286cdc564,39596a75b434116e6484a1b820e429216361073b9c075414988bcbbbb966d975,json-semantic
meta/apep_0946__v1.json,apep_0946/v1/metadata.json,https://raw.githubusercontent.com/SocialCatalystLab/ape-papers/70c660ea5a7de722e9a12ad965e1c665890208d8/apep_0946/v1/metadata.json,edc4f27700fdba40a44325046c9e60ef0e168fc9,671f954272ec9b76ba6cfd6621af4c0fa494242d611eaffd8c15542abfc2d1d1,json-semantic
meta/apep_0948__v1.json,apep_0948/v1/metadata.json,https://raw.githubusercontent.com/SocialCatalystLab/ape-papers/70c660ea5a7de722e9a12ad965e1c665890208d8/apep_0948/v1/metadata.json,ae0313a7b265986635ee25a8298087799d72b064,308342223e558bd817e847637ef781c12139fe0791e6be84faf08dd59e9d2ec5,json-semantic
meta/apep_0952__v1.json,apep_0952/v1/metadata.json,https://raw.githubusercontent.com/SocialCatalystLab/ape-papers/70c660ea5a7de722e9a12ad965e1c665890208d8/apep_0952/v1/metadata.json,33e4212a76f74b75d5c29df2dfd6db81a86dc2c6,efc0d13028759358f74f8fe454caef3b22653269b1a7bcdcd25556b52b8da1f1,json-semantic
meta/apep_0954__v1.json,apep_0954/v1/metadata.json,https://raw.githubusercontent.com/SocialCatalystLab/ape-papers/70c660ea5a7de722e9a12ad965e1c665890208d8/apep_0954/v1/metadata.json,7353b7bf5bdc520187bda770751e1f0ec7fd0300,b93a6d8e8906cffa52ec4b24593994e1c6b63927da43488b902a5a1e8f64433f,json-semantic
meta/apep_0955__v1.json,apep_0955/v1/metadata.json,https://raw.githubusercontent.com/SocialCatalystLab/ape-papers/70c660ea5a7de722e9a12ad965e1c665890208d8/apep_0955/v1/metadata.json,452a3c67560ce5facde364c4b6c8671a16f85b9f,d6320b74fb671625aded9ba7c13a06d6e91b3c57dfa16b0d48815891d4f5d791,json-semantic
meta/apep_0956__v1.json,apep_0956/v1/metadata.json,https://raw.githubusercontent.com/SocialCatalystLab/ape-papers/70c660ea5a7de722e9a12ad965e1c665890208d8/apep_0956/v1/metadata.json,f579ee6d7cba82accfc6dd2c40554fbd36b872dd,98834c24f41ebbac2def6cec54fe7104f5b2befb79f56ada8f38f32c9b3bd8e0,json-semantic
meta/apep_0957__v1.json,apep_0957/v1/metadata.json,https://raw.githubusercontent.com/SocialCatalystLab/ape-papers/70c660ea5a7de722e9a12ad965e1c665890208d8/apep_0957/v1/metadata.json,ff52e52331ce3ce2dce7e4dd5a28371ad5446e14,9663ff3e8ce2c8d8ecf327fd6e8dbfcb26fe5dcdab8b101358e14d0413165741,json-semantic
meta/apep_0958__v1.json,apep_0958/v1/metadata.json,https://raw.githubusercontent.com/SocialCatalystLab/ape-papers/70c660ea5a7de722e9a12ad965e1c665890208d8/apep_0958/v1/metadata.json,af7d32aed8153a0aa40a60212b14c7934c63c408,3311f724b252c712b68c53a766b653b51856cece4ea7e5f50954fb098bc32982,json-semantic
meta/apep_0959__v1.json,apep_0959/v1/metadata.json,https://raw.githubusercontent.com/SocialCatalystLab/ape-papers/70c660ea5a7de722e9a12ad965e1c665890208d8/apep_0959/v1/metadata.json,0370878cfeface3bd4ae80815e01a4dca977c4e0,c24b97fe319f0705db299acaf90081c22e46d665dc2c3c154d7eac1d8724d342,json-semantic
meta/apep_0959__v2.json,apep_0959/v2/metadata.json,https://raw.githubusercontent.com/SocialCatalystLab/ape-papers/70c660ea5a7de722e9a12ad965e1c665890208d8/apep_0959/v2/metadata.json,be8f793886ac880453143fcce26f1f7352861140,3f9c41ca905abd7b9c340172680c23b4b6775d5e1a8665dbc1e7970b7f099b04,json-semantic
meta/apep_0960__v1.json,apep_0960/v1/metadata.json,https://raw.githubusercontent.com/SocialCatalystLab/ape-papers/70c660ea5a7de722e9a12ad965e1c665890208d8/apep_0960/v1/metadata.json,111e5be850748f0fe4368737decaaa5d958fe895,e436dde5ac00ff45235ccdde2f4279551a5c988f3f555d572b0fa0ec38b0a6c9,json-semantic
meta/apep_0961__v1.json,apep_0961/v1/metadata.json,https://raw.githubusercontent.com/SocialCatalystLab/ape-papers/70c660ea5a7de722e9a12ad965e1c665890208d8/apep_0961/v1/metadata.json,260e0f79a064676fc22bb7b22010eae7d11b6c73,18f9c15522409a14484abf35f10d5242a6c4c08ba12f815b6412bbb8bcb2bc3c,json-semantic
meta/apep_0963__v1.json,apep_0963/v1/metadata.json,https://raw.githubusercontent.com/SocialCatalystLab/ape-papers/70c660ea5a7de722e9a12ad965e1c665890208d8/apep_0963/v1/metadata.json,59fa0b86a2b5ae9e4b4f3e95fd795e276ea70b3a,9dd78cddbce33f05b59efcb694ff9216cb435d9d4de4fbfea371b3d595e355a9,json-semantic
meta/apep_0964__v1.json,apep_0964/v1/metadata.json,https://raw.githubusercontent.com/SocialCatalystLab/ape-papers/70c660ea5a7de722e9a12ad965e1c665890208d8/apep_0964/v1/metadata.json,29e63d1f6111a281ab8f55f5c456d58b359f9fe1,ecad5a0bb94c62a9dda08b6dd1802a5d75459f8cc5dba636295ffd3c9d7bcb05,json-semantic
meta/apep_0965__v1.json,apep_0965/v1/metadata.json,https://raw.githubusercontent.com/SocialCatalystLab/ape-papers/70c660ea5a7de722e9a12ad965e1c665890208d8/apep_0965/v1/metadata.json,6f8977b9f13cd37d09c6cb975bc7456da9fb1c7c,f7deaf1959fd727f38debc627adb77b5df69b0c4c0422510fa5b18a63129d33c,json-semantic
meta/apep_0966__v1.json,apep_0966/v1/metadata.json,https://raw.githubusercontent.com/SocialCatalystLab/ape-papers/70c660ea5a7de722e9a12ad965e1c665890208d8/apep_0966/v1/metadata.json,eec02a49c3ae094ae0e08fda2b45dccdff8cc850,71b3b5395a6126887012ae6dc9327af58f69db7587c2876eed60a3fce5b936af,json-semantic
meta/apep_0967__v1.json,apep_0967/v1/metadata.json,https://raw.githubusercontent.com/SocialCatalystLab/ape-papers/70c660ea5a7de722e9a12ad965e1c665890208d8/apep_0967/v1/metadata.json,d7dab2ea308e1873888c719856c99ee35652f09e,ff431512ba92024c44b47cb9c91b4eb919bf63c341d325439201e9e02891620d,json-semantic
meta/apep_0968__v1.json,apep_0968/v1/metadata.json,https://raw.githubusercontent.com/SocialCatalystLab/ape-papers/70c660ea5a7de722e9a12ad965e1c665890208d8/apep_0968/v1/metadata.json,f7d196a0e4970c6a588ce116f036a7872a5f5b4b,1b94095e5039c907c14ab51a2e46d8eb0a6c1f2f817381c8eb689ec5696882cc,json-semantic
meta/apep_0969__v1.json,apep_0969/v1/metadata.json,https://raw.githubusercontent.com/SocialCatalystLab/ape-papers/70c660ea5a7de722e9a12ad965e1c665890208d8/apep_0969/v1/metadata.json,f2d87dbffdd2cabb3d13a17788ca4ebab517c1b8,50d90273fd44bb6356b0023a04a60eab733fe877da2ec36adb7be56c480f98a6,json-semantic
meta/apep_0970__v1.json,apep_0970/v1/metadata.json,https://raw.githubusercontent.com/SocialCatalystLab/ape-papers/70c660ea5a7de722e9a12ad965e1c665890208d8/apep_0970/v1/metadata.json,1c7f54c3fd69e6d8b10a943055908801c96246b0,9479480440350efe8fa074e3adf9d21186648274e13721bec1c823db5c5cb245,json-semantic
meta/apep_0972__v1.json,apep_0972/v1/metadata.json,https://raw.githubusercontent.com/SocialCatalystLab/ape-papers/70c660ea5a7de722e9a12ad965e1c665890208d8/apep_0972/v1/metadata.json,fb091040f74a05d6c977567a49e003bf93bc63a9,1c9e1909519417185795ac7d6f9e0f3249429b041097d8960dce8dae0213f134,json-semantic
meta/apep_0973__v1.json,apep_0973/v1/metadata.json,https://raw.githubusercontent.com/SocialCatalystLab/ape-papers/70c660ea5a7de722e9a12ad965e1c665890208d8/apep_0973/v1/metadata.json,cd7fc7bb472b9bf89126bd025150e1641e209ccd,650d377dad2f1abd511ff24fa5e560eed53ec1c4dade61357fee15316f1c2412,json-semantic
meta/apep_0974__v1.json,apep_0974/v1/metadata.json,https://raw.githubusercontent.com/SocialCatalystLab/ape-papers/70c660ea5a7de722e9a12ad965e1c665890208d8/apep_0974/v1/metadata.json,30a0ff407cb5809a76d24af6aba52e8be9d026fa,e22fd8129c732a6ba9db5f5a0baa5684050d93fc6e6a4a73facc4b225297fe00,json-semantic
meta/apep_0975__v1.json,apep_0975/v1/metadata.json,https://raw.githubusercontent.com/SocialCatalystLab/ape-papers/70c660ea5a7de722e9a12ad965e1c665890208d8/apep_0975/v1/metadata.json,9ab4dd0fe77a53b2fc945ca5f0492bac91bf2f99,958a7f78ab6e329279674e93dc7989f876bc2ba8801481b5c8cd6d293666af0f,json-semantic
meta/apep_0976__v1.json,apep_0976/v1/metadata.json,https://raw.githubusercontent.com/SocialCatalystLab/ape-papers/70c660ea5a7de722e9a12ad965e1c665890208d8/apep_0976/v1/metadata.json,87facae9137937492ed9a10d2cac961ba2238e56,e029284920b8e5c77744f077d563d72762a18b671968deed8fb6bbca38562f3c,json-semantic
meta/apep_0977__v1.json,apep_0977/v1/metadata.json,https://raw.githubusercontent.com/SocialCatalystLab/ape-papers/70c660ea5a7de722e9a12ad965e1c665890208d8/apep_0977/v1/metadata.json,291d11a3a0e28b0eee59cf1240d8d8e204f5d399,1eb864cc910318ddf8094baf79dfb18c33a3cdf2e0bda62410c1af5ce3d32211,json-semantic
meta/apep_0978__v1.json,apep_0978/v1/metadata.json,https://raw.githubusercontent.com/SocialCatalystLab/ape-papers/70c660ea5a7de722e9a12ad965e1c665890208d8/apep_0978/v1/metadata.json,c3268a7d60bc456e5664004f4e930ca2a2843fa1,2f8283d7e970b0ee5dd10792190fe824ec88843434f264481737edf81dfd349c,json-semantic
meta/apep_0979__v1.json,apep_0979/v1/metadata.json,https://raw.githubusercontent.com/SocialCatalystLab/ape-papers/70c660ea5a7de722e9a12ad965e1c665890208d8/apep_0979/v1/metadata.json,372504bbd8ce2fc28c5a420628539ca1b34705f9,58b862301db8b334f2396a96329792892de4ad77b5893fe3ad8dcdbdde8d786e,json-semantic
meta/apep_0980__v1.json,apep_0980/v1/metadata.json,https://raw.githubusercontent.com/SocialCatalystLab/ape-papers/70c660ea5a7de722e9a12ad965e1c665890208d8/apep_0980/v1/metadata.json,43d1af3ef8d1ee2f3f621239840d762882588164,4c6f3b1ad77f84ae121d0ca84ab95b82dea705670674589a82103db1ea254804,json-semantic
meta/apep_0981__v1.json,apep_0981/v1/metadata.json,https://raw.githubusercontent.com/SocialCatalystLab/ape-papers/70c660ea5a7de722e9a12ad965e1c665890208d8/apep_0981/v1/metadata.json,cedf175dff47f22ce30076e6e0252f1d1d1afecf,2731c36b23e50b215714b4eaea5c99c9addc8e262db08852603e4743f5a04d98,json-semantic
meta/apep_0982__v1.json,apep_0982/v1/metadata.json,https://raw.githubusercontent.com/SocialCatalystLab/ape-papers/70c660ea5a7de722e9a12ad965e1c665890208d8/apep_0982/v1/metadata.json,2d6c07effd979916f34a1b01b506746866981528,0d5cde60bb67a18b55115cff0f87015f27c6ca0d622aea3e1513edb83a7efcb6,json-semantic
meta/apep_0983__v1.json,apep_0983/v1/metadata.json,https://raw.githubusercontent.com/SocialCatalystLab/ape-papers/70c660ea5a7de722e9a12ad965e1c665890208d8/apep_0983/v1/metadata.json,61a872f7c8e56ca9643c1cfdc7895658b13df384,5f290218fb88a2c069899011a67007f83792357a31f9a227768b9064d892c8a0,json-semantic
meta/apep_0984__v1.json,apep_0984/v1/metadata.json,https://raw.githubusercontent.com/SocialCatalystLab/ape-papers/70c660ea5a7de722e9a12ad965e1c665890208d8/apep_0984/v1/metadata.json,93ccbd5f4ab31c91802267a95d9a5419fe646df2,a1953ea88ac25ec5d3837a161ddd6e534fd15f32055aa6a54ff6c92bb79ab31b,json-semantic
meta/apep_0985__v1.json,apep_0985/v1/metadata.json,https://raw.githubusercontent.com/SocialCatalystLab/ape-papers/70c660ea5a7de722e9a12ad965e1c665890208d8/apep_0985/v1/metadata.json,9acbb10f16594ae18a57bff2fd6a4602edb0ddd7,79c9fd061830309a62d0749e7f61e6c46aca53aa22e0258a55be545f7a512372,json-semantic
meta/apep_0987__v1.json,apep_0987/v1/metadata.json,https://raw.githubusercontent.com/SocialCatalystLab/ape-papers/70c660ea5a7de722e9a12ad965e1c665890208d8/apep_0987/v1/metadata.json,c1c06ceb7ebd778032c2c82a5fb8cc39752a026b,ea87ca08dfd2fba36d818d3073832ee5f96f06e8a5d2ce3f125d72fcc328a7a9,json-semantic
meta/apep_0988__v1.json,apep_0988/v1/metadata.json,https://raw.githubusercontent.com/SocialCatalystLab/ape-papers/70c660ea5a7de722e9a12ad965e1c665890208d8/apep_0988/v1/metadata.json,d78470106d34b01f47574e341d07534a84cad7ef,d1c45c04b38b99aa8d779a2b644f4889559da979a06f2e0b9fc25cd692405da4,json-semantic
meta/apep_0989__v1.json,apep_0989/v1/metadata.json,https://raw.githubusercontent.com/SocialCatalystLab/ape-papers/70c660ea5a7de722e9a12ad965e1c665890208d8/apep_0989/v1/metadata.json,c4cb0ba21b1228ecdcae2c4e8e31a21718021fe8,f560f76f29f4a884fd585df7f9b688d03f1c35384c0838b8c4e0e5485fad4464,json-semantic
meta/apep_0990__v1.json,apep_0990/v1/metadata.json,https://raw.githubusercontent.com/SocialCatalystLab/ape-papers/70c660ea5a7de722e9a12ad965e1c665890208d8/apep_0990/v1/metadata.json,e7b8c9544f3b6de5def26bbd8610085a16bc735d,c0d84e382b05538355e265ae0bd3b62ff21b09ab6c08303ea683def1ac32967d,json-semantic
meta/apep_0991__v1.json,apep_0991/v1/metadata.json,https://raw.githubusercontent.com/SocialCatalystLab/ape-papers/70c660ea5a7de722e9a12ad965e1c665890208d8/apep_0991/v1/metadata.json,bf4e385c4f3a26263404f61335d083fcdda55413,418447cbf9eca97e8dad2df8613c55275a8b84b9c3cfef1bab55d15875fe2405,json-semantic
meta/apep_0992__v1.json,apep_0992/v1/metadata.json,https://raw.githubusercontent.com/SocialCatalystLab/ape-papers/70c660ea5a7de722e9a12ad965e1c665890208d8/apep_0992/v1/metadata.json,b10b0c58b85ee6b842d048367f3391b8e4711327,9916ed3c92af48d56b68b6c3963ecbd2ecbd0819b41f54c85a0685d18503463e,json-semantic
meta/apep_0993__v1.json,apep_0993/v1/metadata.json,https://raw.githubusercontent.com/SocialCatalystLab/ape-papers/70c660ea5a7de722e9a12ad965e1c665890208d8/apep_0993/v1/metadata.json,1e074f89ecb0a05ca8a4881d82cfb6ecf6124b5b,e576c0e97d2fd4ca1aceffeb09aa010bf995d35c4bb8909c5b483eec0b33f2a9,json-semantic
meta/apep_0995__v1.json,apep_0995/v1/metadata.json,https://raw.githubusercontent.com/SocialCatalystLab/ape-papers/70c660ea5a7de722e9a12ad965e1c665890208d8/apep_0995/v1/metadata.json,1f977a7b745f4c013bf791f98b71f356602835d2,49d0571534bd25a972e2accd4df17f853021f6f4da1c45df03dc4a83070ead0b,json-semantic
meta/apep_0997__v1.json,apep_0997/v1/metadata.json,https://raw.githubusercontent.com/SocialCatalystLab/ape-papers/70c660ea5a7de722e9a12ad965e1c665890208d8/apep_0997/v1/metadata.json,97229de731933c805caafd26b7de36c33d27826b,158c67237f118057e4875a2cc9cc1fc7d0ef352f79a5e32527a570d830c0f0a0,json-semantic
meta/apep_0998__v1.json,apep_0998/v1/metadata.json,https://raw.githubusercontent.com/SocialCatalystLab/ape-papers/70c660ea5a7de722e9a12ad965e1c665890208d8/apep_0998/v1/metadata.json,17616fc1679d18127ef57bb5a245104ca61cd60a,92809225201108756cfbfe7815a6e9204daa7397582144496fce9f913469bbbb,json-semantic
meta/apep_0999__v1.json,apep_0999/v1/metadata.json,https://raw.githubusercontent.com/SocialCatalystLab/ape-papers/70c660ea5a7de722e9a12ad965e1c665890208d8/apep_0999/v1/metadata.json,eb6b049e7f819bb1dc28c03819393c59b03a6190,0bf67e17b17bfa37f6a71861f5a997cbba04e9e51a39783974d100c0b89044e0,json-semantic
meta/apep_1001__v1.json,apep_1001/v1/metadata.json,https://raw.githubusercontent.com/SocialCatalystLab/ape-papers/70c660ea5a7de722e9a12ad965e1c665890208d8/apep_1001/v1/metadata.json,9b3c52a08d0a0dcf6d3d17c5feb94d384e4e80e9,cacf09792fdf1b5b24fca8439af197143d68a3b9eac8959cee778aefd62fea70,json-semantic
meta/apep_1002__v1.json,apep_1002/v1/metadata.json,https://raw.githubusercontent.com/SocialCatalystLab/ape-papers/70c660ea5a7de722e9a12ad965e1c665890208d8/apep_1002/v1/metadata.json,c1bd58252c89433794b28ec6d58289642d7dfa68,1f875dd33b0b9c61c41dc6a19a445948dbc24665137bb62e3536e3d0285210d0,json-semantic
meta/apep_1006__v1.json,apep_1006/v1/metadata.json,https://raw.githubusercontent.com/SocialCatalystLab/ape-papers/70c660ea5a7de722e9a12ad965e1c665890208d8/apep_1006/v1/metadata.json,f62ad81ea4a82785c6e33a9ea87108a6898a41d0,e3dca04e93203bd42d21fafd1e6c692e42ae8592f22c2efff41fa4cb898e307d,json-semantic
meta/apep_1007__v1.json,apep_1007/v1/metadata.json,https://raw.githubusercontent.com/SocialCatalystLab/ape-papers/70c660ea5a7de722e9a12ad965e1c665890208d8/apep_1007/v1/metadata.json,4628214fe63cb0cbb5340c28ab32db9519504b0e,85dc9ccd78216a4c4bfdf22b3351a36d7bff75942f72ecc3c9ae16a5d8377e3d,json-semantic
meta/apep_1012__v1.json,apep_1012/v1/metadata.json,https://raw.githubusercontent.com/SocialCatalystLab/ape-papers/70c660ea5a7de722e9a12ad965e1c665890208d8/apep_1012/v1/metadata.json,5f16e896fd02428cd025ad8a8b3c8182870497a7,596829ceb3e01ad0f1fc72e98b3de943c2139dbca34a4642d2c90557d5ea2b9d,json-semantic
meta/apep_1013__v1.json,apep_1013/v1/metadata.json,https://raw.githubusercontent.com/SocialCatalystLab/ape-papers/70c660ea5a7de722e9a12ad965e1c665890208d8/apep_1013/v1/metadata.json,80b15f54b05eeaab36eb982478cb1acd8a1ce320,5aa24d41493dbf5c2942d39d24e7b3cd5103ef81524e2bcbfec8af69a2ad00d4,json-semantic
meta/apep_1014__v1.json,apep_1014/v1/metadata.json,https://raw.githubusercontent.com/SocialCatalystLab/ape-papers/70c660ea5a7de722e9a12ad965e1c665890208d8/apep_1014/v1/metadata.json,04b87e5ee5140afb85e67fc6b6084d0b11b1f88a,14d2ec4a1dc4ef94aaeca10851d988caeb8b379c2824626060a24ca8781539a7,json-semantic
meta/apep_1015__v1.json,apep_1015/v1/metadata.json,https://raw.githubusercontent.com/SocialCatalystLab/ape-papers/70c660ea5a7de722e9a12ad965e1c665890208d8/apep_1015/v1/metadata.json,ccd86c7737988ee1124abf549663909bbdc739a1,de1121afb23244e3f45bba48c53fb9991405ed99265e7365c15d4237b5b53e70,json-semantic
meta/apep_1016__v1.json,apep_1016/v1/metadata.json,https://raw.githubusercontent.com/SocialCatalystLab/ape-papers/70c660ea5a7de722e9a12ad965e1c665890208d8/apep_1016/v1/metadata.json,e72b0cf2bc9a6204a1abb4d5e7a4bc48bb72851e,5cb7f2510e0d90714cf3fb3d9ebda856946a1e172c1b60786ee6931939a41b60,json-semantic
meta/apep_1017__v1.json,apep_1017/v1/metadata.json,https://raw.githubusercontent.com/SocialCatalystLab/ape-papers/70c660ea5a7de722e9a12ad965e1c665890208d8/apep_1017/v1/metadata.json,43552d5d9b0391844dd1a53f839876cc4e642aff,fd8d7850ce0465b0dd9c0f0cb0a314cf6634d85ed1db41f99b5d056db0607180,json-semantic
meta/apep_1018__v1.json,apep_1018/v1/metadata.json,https://raw.githubusercontent.com/SocialCatalystLab/ape-papers/70c660ea5a7de722e9a12ad965e1c665890208d8/apep_1018/v1/metadata.json,59ba22707376b652f85483d923a3276cbb9692c6,d7e3239cd840c8276a72add11c3d1d3f16be960f1a8b822b37f0e6f5a3edf61b,json-semantic
meta/apep_1019__v1.json,apep_1019/v1/metadata.json,https://raw.githubusercontent.com/SocialCatalystLab/ape-papers/70c660ea5a7de722e9a12ad965e1c665890208d8/apep_1019/v1/metadata.json,7e2d0d4caa597329d3d94f661fff1fb56c1c52bd,cf37556868204cc22c3fed565334844f843e52aa574ab72313140d68fa07fca4,json-semantic
meta/apep_1020__v1.json,apep_1020/v1/metadata.json,https://raw.githubusercontent.com/SocialCatalystLab/ape-papers/70c660ea5a7de722e9a12ad965e1c665890208d8/apep_1020/v1/metadata.json,6f5e61fc153acdc9a9bbd5f775efa2607b80b84b,407309397096b51d99c6d6fd7e23284fc12758a380d4ad910a66ffa71448ba39,json-semantic
meta/apep_1021__v1.json,apep_1021/v1/metadata.json,https://raw.githubusercontent.com/SocialCatalystLab/ape-papers/70c660ea5a7de722e9a12ad965e1c665890208d8/apep_1021/v1/metadata.json,32d16c30c78e5218a7b245f0d07d7d218485924b,b7c3a2a8e0d3708159ca77ba22a773cc3d7f6116ef08157ab21259ff121600c1,json-semantic
meta/apep_1022__v1.json,apep_1022/v1/metadata.json,https://raw.githubusercontent.com/SocialCatalystLab/ape-papers/70c660ea5a7de722e9a12ad965e1c665890208d8/apep_1022/v1/metadata.json,8de259c863af761d5fc24e3b717b1609b07a18af,38e0fa6477735e5f6da37fe54c0ed39686e3ecd4d95262e638bad481e80f120b,json-semantic
meta/apep_1023__v1.json,apep_1023/v1/metadata.json,https://raw.githubusercontent.com/SocialCatalystLab/ape-papers/70c660ea5a7de722e9a12ad965e1c665890208d8/apep_1023/v1/metadata.json,21e06cac6b1c5db8abc9263ed1278ec90baa5894,746d0c2c3220c9c0484ca96fd597b714dfd5d25ce3d77d84392256ecc129be66,json-semantic
meta/apep_1024__v1.json,apep_1024/v1/metadata.json,https://raw.githubusercontent.com/SocialCatalystLab/ape-papers/70c660ea5a7de722e9a12ad965e1c665890208d8/apep_1024/v1/metadata.json,75257beb6e3d1f24eb8af080e3dad70114691e19,95ec6ed89df6839303621f3adc468c1cf23fb67e1bfb34528f75d9020fa0257a,json-semantic
meta/apep_1025__v1.json,apep_1025/v1/metadata.json,https://raw.githubusercontent.com/SocialCatalystLab/ape-papers/70c660ea5a7de722e9a12ad965e1c665890208d8/apep_1025/v1/metadata.json,3d4f6d5d6f5d9cdc6364ea9768fb6d1e962baff6,7551f6eaed6842b780916628844c465adfc435204a6826aa70560fbc0d5719e6,json-semantic
meta/apep_1026__v1.json,apep_1026/v1/metadata.json,https://raw.githubusercontent.com/SocialCatalystLab/ape-papers/70c660ea5a7de722e9a12ad965e1c665890208d8/apep_1026/v1/metadata.json,4db5dad9a1b9c33d973929ac730797d310c407b6,ed5d765fc524e0ce90e2bd62d2c873cacdc1c35ba454a4076759d6c122a56c77,json-semantic
meta/apep_1028__v1.json,apep_1028/v1/metadata.json,https://raw.githubusercontent.com/SocialCatalystLab/ape-papers/70c660ea5a7de722e9a12ad965e1c665890208d8/apep_1028/v1/metadata.json,d9b4e731325d4fcd52fd2183e2260233be4ed1fc,9ace6f2574c98999cfa6abd5b2783126fcdab71769a1902231c59f308097a4fc,json-semantic
meta/apep_1029__v1.json,apep_1029/v1/metadata.json,https://raw.githubusercontent.com/SocialCatalystLab/ape-papers/70c660ea5a7de722e9a12ad965e1c665890208d8/apep_1029/v1/metadata.json,b2bf5f4dac78b91b574c1fe9e18d0fb1e862c934,0dc226a6152bd7e43cf0e595572e00cb84a0e19e7fb7a9b7b79d3f65d9455cae,json-semantic
meta/apep_1030__v1.json,apep_1030/v1/metadata.json,https://raw.githubusercontent.com/SocialCatalystLab/ape-papers/70c660ea5a7de722e9a12ad965e1c665890208d8/apep_1030/v1/metadata.json,c1f7bb2c660758639f1f88cfb71bcdadf9b40e80,5e8de9e7e72e24d0fd47850a0cfd16afed49bee8c5126f175ecec6856442b6b4,json-semantic
meta/apep_1031__v1.json,apep_1031/v1/metadata.json,https://raw.githubusercontent.com/SocialCatalystLab/ape-papers/70c660ea5a7de722e9a12ad965e1c665890208d8/apep_1031/v1/metadata.json,82cfb452525701bc5391942e987943dcd609651c,f277a4a38faf35d94c7b0c3b49511e0a278f9d39375814f9feb25141186f2d01,json-semantic
meta/apep_1032__v1.json,apep_1032/v1/metadata.json,https://raw.githubusercontent.com/SocialCatalystLab/ape-papers/70c660ea5a7de722e9a12ad965e1c665890208d8/apep_1032/v1/metadata.json,eb87dbee794b537f3dd8032149ee306f669e396f,24900da5e53153ce2dc67919a3c45a1ce5110dae610dd39407c43d3982dce603,json-semantic
meta/apep_1033__v1.json,apep_1033/v1/metadata.json,https://raw.githubusercontent.com/SocialCatalystLab/ape-papers/70c660ea5a7de722e9a12ad965e1c665890208d8/apep_1033/v1/metadata.json,d067c210dfc11e79dd60a1e2a4241704225b3892,14abf106669099feb3a3cee0bd9ed7f3eb6a599b5e2b0b0ea1a2d513f03f9e38,json-semantic
meta/apep_1034__v1.json,apep_1034/v1/metadata.json,https://raw.githubusercontent.com/SocialCatalystLab/ape-papers/70c660ea5a7de722e9a12ad965e1c665890208d8/apep_1034/v1/metadata.json,36c5593675d0af538d17924ead9432277722d6ce,cbd291c953089cf230506e2448ecab832db003a9621879ecfd6a1abd815bf963,json-semantic
meta/apep_1035__v1.json,apep_1035/v1/metadata.json,https://raw.githubusercontent.com/SocialCatalystLab/ape-papers/70c660ea5a7de722e9a12ad965e1c665890208d8/apep_1035/v1/metadata.json,584c219e5c71cfb0713dbc37b6c089caaf68f80d,c7ab738fbb2ddccca0b46c7adcec673d8999dd760b8c906d4484833faf5ec1e7,json-semantic
meta/apep_1036__v1.json,apep_1036/v1/metadata.json,https://raw.githubusercontent.com/SocialCatalystLab/ape-papers/70c660ea5a7de722e9a12ad965e1c665890208d8/apep_1036/v1/metadata.json,7aa38af7321d53911cb919fa937dc998af16fe92,3f89ef58758717ff37f14e3e7a97939f494d75d6f4e61f3fa72ccedee5da4103,json-semantic
meta/apep_1037__v1.json,apep_1037/v1/metadata.json,https://raw.githubusercontent.com/SocialCatalystLab/ape-papers/70c660ea5a7de722e9a12ad965e1c665890208d8/apep_1037/v1/metadata.json,2d1277909de8794030605fd7ee59f180010fb3b2,769674a12942425b1246cd3f4dc4398a6cf20e7c3524ab7715d6523195d0cdc0,json-semantic
meta/apep_1038__v1.json,apep_1038/v1/metadata.json,https://raw.githubusercontent.com/SocialCatalystLab/ape-papers/70c660ea5a7de722e9a12ad965e1c665890208d8/apep_1038/v1/metadata.json,c2d43025ade912f39e481f1e2368fb1f907b2502,04c9b4f2dae03b99d3c5dfde8825fed8ba1616bceb1d80f40b5f61e483c1c3f6,json-semantic
meta/apep_1046__v1.json,apep_1046/v1/metadata.json,https://raw.githubusercontent.com/SocialCatalystLab/ape-papers/70c660ea5a7de722e9a12ad965e1c665890208d8/apep_1046/v1/metadata.json,075925594172ac2485986aa551d5f3af952667a0,c3123fd118247d3d47f8007ad6bb2f4f7eed861dc630890034c3e36c655ad9da,json-semantic
meta/apep_1049__v1.json,apep_1049/v1/metadata.json,https://raw.githubusercontent.com/SocialCatalystLab/ape-papers/70c660ea5a7de722e9a12ad965e1c665890208d8/apep_1049/v1/metadata.json,edea6bf9856c7b74a2357d63282dfc9079166200,2ead64c77cdb2415acea37e598aae96b726f52db773098aab7732ac1196fb6d1,json-semantic
meta/apep_1050__v1.json,apep_1050/v1/metadata.json,https://raw.githubusercontent.com/SocialCatalystLab/ape-papers/70c660ea5a7de722e9a12ad965e1c665890208d8/apep_1050/v1/metadata.json,cb40c37345e39c02aaebb9f61aa413c67ea5f1cd,79c383c0c54e3b157558c635e24da917d12c407982e7c2e93ec27398836c2309,json-semantic
meta/apep_1051__v1.json,apep_1051/v1/metadata.json,https://raw.githubusercontent.com/SocialCatalystLab/ape-papers/70c660ea5a7de722e9a12ad965e1c665890208d8/apep_1051/v1/metadata.json,53581bafc93913ba237988a5a24bf65f8b597dc1,e8d716d8b7c86f928e682700003db9221c7372107db5fa073674282bbdbfabf1,json-semantic
meta/apep_1054__v1.json,apep_1054/v1/metadata.json,https://raw.githubusercontent.com/SocialCatalystLab/ape-papers/70c660ea5a7de722e9a12ad965e1c665890208d8/apep_1054/v1/metadata.json,302748434c3a1da438c6d6c04492721b2c37996c,0c9d9eb191438050bdefb463d301b1b7863a5873e9bb71b9596291fe3abd8902,json-semantic
meta/apep_1055__v1.json,apep_1055/v1/metadata.json,https://raw.githubusercontent.com/SocialCatalystLab/ape-papers/70c660ea5a7de722e9a12ad965e1c665890208d8/apep_1055/v1/metadata.json,5d4d0f27d7eb7c98110de55d0711bea4545b55bc,e1a3d9043588e82fc09eebcd7e5ed834cf45fd60f08b45c450291b7bfe31ff82,json-semantic
meta/apep_1057__v1.json,apep_1057/v1/metadata.json,https://raw.githubusercontent.com/SocialCatalystLab/ape-papers/70c660ea5a7de722e9a12ad965e1c665890208d8/apep_1057/v1/metadata.json,ce8a81bb21fad23254c7e1feddd1579f69e8e432,3bc7031773baeeeeb6c219ad45a80f87cd7e59918cc0e98568ca9dbbde7544e2,json-semantic
meta/apep_1058__v1.json,apep_1058/v1/metadata.json,https://raw.githubusercontent.com/SocialCatalystLab/ape-papers/70c660ea5a7de722e9a12ad965e1c665890208d8/apep_1058/v1/metadata.json,eaff7cf7d7c3218f969dbee33d46c5081924c46e,73f9c1eb93f9750d37f7a015a56d2d8dbc62c9e7ce6b9215ac1924a17f6dd1ce,json-semantic
meta/apep_1061__v1.json,apep_1061/v1/metadata.json,https://raw.githubusercontent.com/SocialCatalystLab/ape-papers/70c660ea5a7de722e9a12ad965e1c665890208d8/apep_1061/v1/metadata.json,8f5673f52f5c0213201d91230b452be3d6663969,10fe1e3b31084f5816931a03dc5b6155ad71a82d1f3bcf713124011a33037d93,json-semantic
meta/apep_1064__v1.json,apep_1064/v1/metadata.json,https://raw.githubusercontent.com/SocialCatalystLab/ape-papers/70c660ea5a7de722e9a12ad965e1c665890208d8/apep_1064/v1/metadata.json,f94fd604cc4088782a4d77b07225724c17e192c3,7e682b4fdd2f1bc72ccae893c0d3aa3610be9e3f2fc7476c623f2c76de24b413,json-semantic
meta/apep_1065__v1.json,apep_1065/v1/metadata.json,https://raw.githubusercontent.com/SocialCatalystLab/ape-papers/70c660ea5a7de722e9a12ad965e1c665890208d8/apep_1065/v1/metadata.json,dc5445dbdc808fee9c4a0e7af22401cd4b31ed48,2aeace9d9f17ee426c1361ce20d90dd41ee39fac13e808441a6285efa1c627d7,json-semantic
meta/apep_1066__v1.json,apep_1066/v1/metadata.json,https://raw.githubusercontent.com/SocialCatalystLab/ape-papers/70c660ea5a7de722e9a12ad965e1c665890208d8/apep_1066/v1/metadata.json,0d5bbc231ce581b127f5532487e1ae944ea2c1d6,b5cc673512a0a0d3d9188433e2d13eae2215d9d9eaf42785d54c7392df83ddae,json-semantic
meta/apep_1067__v1.json,apep_1067/v1/metadata.json,https://raw.githubusercontent.com/SocialCatalystLab/ape-papers/70c660ea5a7de722e9a12ad965e1c665890208d8/apep_1067/v1/metadata.json,18520eb14e823ad3e1953bc40c3a5fc3d715e311,39fcfb77aef408e1d686b9334ff8137b64f1fcd38fb33f1d4cce0aa5e661b8dd,json-semantic
meta/apep_1068__v1.json,apep_1068/v1/metadata.json,https://raw.githubusercontent.com/SocialCatalystLab/ape-papers/70c660ea5a7de722e9a12ad965e1c665890208d8/apep_1068/v1/metadata.json,3f83eea06bdfac937e97daf896ad0e0910b5a298,7e7afc2bceed63b142aea83ff991950a13f5af9233a0d0c209c4ba01a0ec9e29,json-semantic
meta/apep_1069__v1.json,apep_1069/v1/metadata.json,https://raw.githubusercontent.com/SocialCatalystLab/ape-papers/70c660ea5a7de722e9a12ad965e1c665890208d8/apep_1069/v1/metadata.json,ea241358a2db1487eff5eba7b83443bfde0f1833,ae126d6dca294456384014e0f052427627cdcf77ae19b1697b7be8ace9740c34,json-semantic
meta/apep_1070__v1.json,apep_1070/v1/metadata.json,https://raw.githubusercontent.com/SocialCatalystLab/ape-papers/70c660ea5a7de722e9a12ad965e1c665890208d8/apep_1070/v1/metadata.json,a8bdc1f8d6bd2b540f06cda8de36d84ad6f7fb1b,f44f1753a79afe2de5a91edad897212c5f26c9d102bcc09af4f5b5c4832c0ee2,json-semantic
meta/apep_1071__v1.json,apep_1071/v1/metadata.json,https://raw.githubusercontent.com/SocialCatalystLab/ape-papers/70c660ea5a7de722e9a12ad965e1c665890208d8/apep_1071/v1/metadata.json,3fbfda2bc7fb85245cc2b307579d2b0bfadbed82,f672880e1cba23273efca1805e5d2a8c9afd563e297e12a290b1a9d6717d8c67,json-semantic
meta/apep_1072__v1.json,apep_1072/v1/metadata.json,https://raw.githubusercontent.com/SocialCatalystLab/ape-papers/70c660ea5a7de722e9a12ad965e1c665890208d8/apep_1072/v1/metadata.json,2166822c374c62bf6bde300370a8e0b84ad810ef,25d54138370cd32ec87ad11906004963bcbf7d6007350f066a8726a8af7b8c75,json-semantic
meta/apep_1073__v1.json,apep_1073/v1/metadata.json,https://raw.githubusercontent.com/SocialCatalystLab/ape-papers/70c660ea5a7de722e9a12ad965e1c665890208d8/apep_1073/v1/metadata.json,20ac96ea3a48e0ba600d9c7b0a93391dff8a7be7,3201cf267a4519b134ba91da076c4a516bdae78c76ab9a7460932c26caad9e7f,json-semantic
meta/apep_1074__v1.json,apep_1074/v1/metadata.json,https://raw.githubusercontent.com/SocialCatalystLab/ape-papers/70c660ea5a7de722e9a12ad965e1c665890208d8/apep_1074/v1/metadata.json,c76e91dd9e91a56b842e35aa56e21d04c085d961,5361eaf1f3ea753aa2e31f6109705e297578660af252ceeccc9d9cd9189e3bfe,json-semantic
meta/apep_1076__v1.json,apep_1076/v1/metadata.json,https://raw.githubusercontent.com/SocialCatalystLab/ape-papers/70c660ea5a7de722e9a12ad965e1c665890208d8/apep_1076/v1/metadata.json,3f4c5c238a81a6417f5ca645ef0cbabbb023f923,85fb70e64e733bb53e699908332f1368929a559c111747c0b5056b764c4bac30,json-semantic
meta/apep_1077__v1.json,apep_1077/v1/metadata.json,https://raw.githubusercontent.com/SocialCatalystLab/ape-papers/70c660ea5a7de722e9a12ad965e1c665890208d8/apep_1077/v1/metadata.json,5c16b437a806d315ef151501fcc50cf08e095b7d,f9de7f4f41429ead2760710b525773426d3a6793d862ea3bc46d94aa1ac70330,json-semantic
meta/apep_1079__v1.json,apep_1079/v1/metadata.json,https://raw.githubusercontent.com/SocialCatalystLab/ape-papers/70c660ea5a7de722e9a12ad965e1c665890208d8/apep_1079/v1/metadata.json,2801734b86f72544cbfc15cf9dc2ad97b2bbb756,aa2ad1e94a015e0b134d1dc601139cd19055c44e66bb241b9098ff831222594b,json-semantic
meta/apep_1081__v1.json,apep_1081/v1/metadata.json,https://raw.githubusercontent.com/SocialCatalystLab/ape-papers/70c660ea5a7de722e9a12ad965e1c665890208d8/apep_1081/v1/metadata.json,0d8c4c8e37c2e131455e0e040d827c6069716ff2,1af6b5eec7d8e16b74d8d155fa2c012363347ef50ac854a31f4dc1340113d45e,json-semantic
meta/apep_1082__v1.json,apep_1082/v1/metadata.json,https://raw.githubusercontent.com/SocialCatalystLab/ape-papers/70c660ea5a7de722e9a12ad965e1c665890208d8/apep_1082/v1/metadata.json,e6529d6ab47bc2556e621587307f330f60e65355,48cb3af49c0748925d8d20bf879a66afd0f91b597534ff90c356a42aae6fe7b8,json-semantic
meta/apep_1083__v1.json,apep_1083/v1/metadata.json,https://raw.githubusercontent.com/SocialCatalystLab/ape-papers/70c660ea5a7de722e9a12ad965e1c665890208d8/apep_1083/v1/metadata.json,e68535fe6d517f4e79829e7d1b9d5231a06864fe,7772d32b3847bf51ff5502128bde0776ce0e697e57b23456390e056410e6de18,json-semantic
meta/apep_1084__v1.json,apep_1084/v1/metadata.json,https://raw.githubusercontent.com/SocialCatalystLab/ape-papers/70c660ea5a7de722e9a12ad965e1c665890208d8/apep_1084/v1/metadata.json,b5af4a8b5f114bf59a18f29188c63174299ce0a5,c9bea78ae906d247fb1bc91279fc585b56097e26541eccfdcd5308bfb919824b,json-semantic
meta/apep_1085__v1.json,apep_1085/v1/metadata.json,https://raw.githubusercontent.com/SocialCatalystLab/ape-papers/70c660ea5a7de722e9a12ad965e1c665890208d8/apep_1085/v1/metadata.json,81748d8e1773bccac8480d79ff8af2c0f592e30b,caa5b37db1f1e5835429b66d76405b62af9165ad1e1d3798e3f112de68eb38d3,json-semantic
meta/apep_1086__v1.json,apep_1086/v1/metadata.json,https://raw.githubusercontent.com/SocialCatalystLab/ape-papers/70c660ea5a7de722e9a12ad965e1c665890208d8/apep_1086/v1/metadata.json,e197e117899d40cc61e3eeb55efaf7475beaa704,28b43f3edf8f1956793f06ecc932f12e75b552a3cde415bff24d9076f3a1f6e7,json-semantic
meta/apep_1087__v1.json,apep_1087/v1/metadata.json,https://raw.githubusercontent.com/SocialCatalystLab/ape-papers/70c660ea5a7de722e9a12ad965e1c665890208d8/apep_1087/v1/metadata.json,6bf932c2a26d9ae4166efd4032eafec77c99be36,40071301bca7a07de81c2ec3c9a907081f8bc7664d07d90650635d8e8d09437f,json-semantic
meta/apep_1088__v1.json,apep_1088/v1/metadata.json,https://raw.githubusercontent.com/SocialCatalystLab/ape-papers/70c660ea5a7de722e9a12ad965e1c665890208d8/apep_1088/v1/metadata.json,145636ed247b2e8ec91513217f1363c4774639ce,95a920982b5b2b12b4c5c8b6683b7ecad9bf7b964080250f8c473fd3fdeb676f,json-semantic
meta/apep_1089__v1.json,apep_1089/v1/metadata.json,https://raw.githubusercontent.com/SocialCatalystLab/ape-papers/70c660ea5a7de722e9a12ad965e1c665890208d8/apep_1089/v1/metadata.json,e90f626c421f7ea213d750102cb684b11f77b730,04d7e9c5c42189374d6c925dcdcdfc80c0dce6b88d19b629ca4bbb4e6a6d1598,json-semantic
meta/apep_1090__v1.json,apep_1090/v1/metadata.json,https://raw.githubusercontent.com/SocialCatalystLab/ape-papers/70c660ea5a7de722e9a12ad965e1c665890208d8/apep_1090/v1/metadata.json,76804b02f631fa1ae508b73448979225d38186bd,20964fd97d3204f5e77481acd8ac343ca0d2ec682f80c7ba177c6118043ea7eb,json-semantic
meta/apep_1091__v1.json,apep_1091/v1/metadata.json,https://raw.githubusercontent.com/SocialCatalystLab/ape-papers/70c660ea5a7de722e9a12ad965e1c665890208d8/apep_1091/v1/metadata.json,44a5cc73202dd6f33cf6e08bbbb0ac1d409354bd,744624cabe9c47a88d37cd5da22b370a767903185f8e432548e985f506d4b33b,json-semantic
meta/apep_1093__v1.json,apep_1093/v1/metadata.json,https://raw.githubusercontent.com/SocialCatalystLab/ape-papers/70c660ea5a7de722e9a12ad965e1c665890208d8/apep_1093/v1/metadata.json,440ab20634ca4f10a4bcc1b12a3623c50a7cde26,d6a67b552f57f13704db0866c5b74b8323feb1f708f6df053b47f9eaf483af20,json-semantic
meta/apep_1094__v1.json,apep_1094/v1/metadata.json,https://raw.githubusercontent.com/SocialCatalystLab/ape-papers/70c660ea5a7de722e9a12ad965e1c665890208d8/apep_1094/v1/metadata.json,072dc9b0d722b6e2ca3ff66afa3964a76d0772b5,346ff124aadf3fbdb4c5dacff76ee43ce7e47ae12a3a2e1c8b1a959132ef2d02,json-semantic
meta/apep_1095__v1.json,apep_1095/v1/metadata.json,https://raw.githubusercontent.com/SocialCatalystLab/ape-papers/70c660ea5a7de722e9a12ad965e1c665890208d8/apep_1095/v1/metadata.json,fc0d7194065e7a1d0754c4cf64b7c2e9376065b2,da8865848a3dd265bc98c55129d46e5bac5d26b8a11dc233c00bc94b15d8333a,json-semantic
meta/apep_1100__v1.json,apep_1100/v1/metadata.json,https://raw.githubusercontent.com/SocialCatalystLab/ape-papers/70c660ea5a7de722e9a12ad965e1c665890208d8/apep_1100/v1/metadata.json,e264bd49b12a7ace899dc1ec48fa7278e96cf547,4e8a2e659128210a9a48428c4284331fd850cdbdf82422ec7ff986f89a26259c,json-semantic
meta/apep_1102__v1.json,apep_1102/v1/metadata.json,https://raw.githubusercontent.com/SocialCatalystLab/ape-papers/70c660ea5a7de722e9a12ad965e1c665890208d8/apep_1102/v1/metadata.json,be9611c680913e8a2b52ddabe3d7b3cf542c79f2,e730d1f1811229f14db61db5b70f7ddafde62ccd16bc5a6a87ff53eff3c0c07c,json-semantic
meta/apep_1103__v1.json,apep_1103/v1/metadata.json,https://raw.githubusercontent.com/SocialCatalystLab/ape-papers/70c660ea5a7de722e9a12ad965e1c665890208d8/apep_1103/v1/metadata.json,ded295474f22d69044a12626271472476ff96569,df8450a60dec5b72bc4d8d5c7dc04a5b27748e5d1c0c302b5dfcd1a47528712c,json-semantic
meta/apep_1104__v1.json,apep_1104/v1/metadata.json,https://raw.githubusercontent.com/SocialCatalystLab/ape-papers/70c660ea5a7de722e9a12ad965e1c665890208d8/apep_1104/v1/metadata.json,95148e5e654a49a4a49f6a06577831bed6309720,6793b54c4ce6684ba54f8444ef7787e909d7225505150e6236957959a78698c5,json-semantic
meta/apep_1105__v1.json,apep_1105/v1/metadata.json,https://raw.githubusercontent.com/SocialCatalystLab/ape-papers/70c660ea5a7de722e9a12ad965e1c665890208d8/apep_1105/v1/metadata.json,8b1c4703d6b24b5cf30acefdac2ba0995db6c8f9,fd98b3d06c9ed3fa4706e2f09e230446212491676b086a07830fec8ad806f666,json-semantic
meta/apep_1106__v1.json,apep_1106/v1/metadata.json,https://raw.githubusercontent.com/SocialCatalystLab/ape-papers/70c660ea5a7de722e9a12ad965e1c665890208d8/apep_1106/v1/metadata.json,aa45853901ab6cdb8da3334a961d5da4ee84d151,3cd08fc3e7b5f7a780e56b4a47e90fb8f8879e7863f0cd1b908ba9dc082b108b,json-semantic
meta/apep_1107__v1.json,apep_1107/v1/metadata.json,https://raw.githubusercontent.com/SocialCatalystLab/ape-papers/70c660ea5a7de722e9a12ad965e1c665890208d8/apep_1107/v1/metadata.json,c8005e9357ad893b19d5f300bf8aef76896a8c03,0f58e4009f3642efdfce93c2cf3e6b329e954fe383077bc55d5334a75cbdd709,json-semantic
meta/apep_1108__v1.json,apep_1108/v1/metadata.json,https://raw.githubusercontent.com/SocialCatalystLab/ape-papers/70c660ea5a7de722e9a12ad965e1c665890208d8/apep_1108/v1/metadata.json,587b42b1500178de4f564eb0ea9f0935bba7f4fc,1fded71efcbff307d7e0f09f91956385e22f75e85a990d10f07afe1cd3396789,json-semantic
meta/apep_1109__v1.json,apep_1109/v1/metadata.json,https://raw.githubusercontent.com/SocialCatalystLab/ape-papers/70c660ea5a7de722e9a12ad965e1c665890208d8/apep_1109/v1/metadata.json,34bb273909a0e1556725a3b4d958ab0b1f45bc8a,c1e2d9899a539d39734896aa4f4478745b63376e2268054df4ae80b57e14a3ba,json-semantic
meta/apep_1110__v1.json,apep_1110/v1/metadata.json,https://raw.githubusercontent.com/SocialCatalystLab/ape-papers/70c660ea5a7de722e9a12ad965e1c665890208d8/apep_1110/v1/metadata.json,f6abb01bef990b02ddd9a59d9a6a11894ecf7013,31ed6bdf979e2b14bddcbc915adef9aa19459d1e3ee982568f18e6db11e18cbd,json-semantic
meta/apep_1111__v1.json,apep_1111/v1/metadata.json,https://raw.githubusercontent.com/SocialCatalystLab/ape-papers/70c660ea5a7de722e9a12ad965e1c665890208d8/apep_1111/v1/metadata.json,dc2be62cfac7cabbe01c23d8e3a03c75ee78dc1a,dfa69bbf1f63678c07b4f43b5daf2da15f375d51931a972dbd3f611fd4c396a2,json-semantic
meta/apep_1112__v1.json,apep_1112/v1/metadata.json,https://raw.githubusercontent.com/SocialCatalystLab/ape-papers/70c660ea5a7de722e9a12ad965e1c665890208d8/apep_1112/v1/metadata.json,73791ee61161e520dc1f2c978ce7d9d49651cd29,61dedd1c5eabfc1be019a6c7b960c1e7fe317c5d63722f7369a5c29e07ac69bc,json-semantic
meta/apep_1113__v1.json,apep_1113/v1/metadata.json,https://raw.githubusercontent.com/SocialCatalystLab/ape-papers/70c660ea5a7de722e9a12ad965e1c665890208d8/apep_1113/v1/metadata.json,099b0694f659a8cfc644ec0e2d4a7be7185090df,0c75e4965ef1734ca653436a068906f16b4d9909a4a4cbf0d89b0405d95cf7dd,json-semantic
meta/apep_1114__v1.json,apep_1114/v1/metadata.json,https://raw.githubusercontent.com/SocialCatalystLab/ape-papers/70c660ea5a7de722e9a12ad965e1c665890208d8/apep_1114/v1/metadata.json,272e186a943c0955cc870ce6c7b0ee43e39bbf20,7a48515d3ed525d34efba164c7c016a0e99e156365b8581a654521caf62b74ad,json-semantic
meta/apep_1115__v1.json,apep_1115/v1/metadata.json,https://raw.githubusercontent.com/SocialCatalystLab/ape-papers/70c660ea5a7de722e9a12ad965e1c665890208d8/apep_1115/v1/metadata.json,9c48d5f03c74adbf73c79c1b829965110789f1bd,29ca3b8ba775426232eb251dc13eac2463e572ca96f65552a5b11b5f2055028f,json-semantic
meta/apep_1116__v1.json,apep_1116/v1/metadata.json,https://raw.githubusercontent.com/SocialCatalystLab/ape-papers/70c660ea5a7de722e9a12ad965e1c665890208d8/apep_1116/v1/metadata.json,9678d166738bb1f343e1738ed863462b72ebc61c,e65dd16598b88bda71d1d5f8dc2d2a32e7bce72ed19b7f42d3e043d60dcf7997,json-semantic
meta/apep_1117__v1.json,apep_1117/v1/metadata.json,https://raw.githubusercontent.com/SocialCatalystLab/ape-papers/70c660ea5a7de722e9a12ad965e1c665890208d8/apep_1117/v1/metadata.json,b3151cd8b3807b35a66834ad84bbee42412bd30a,50a0f6bfd1151686bad0a7fb8b2e8954cd0f9cf49ca66e7952271e804a37835b,json-semantic
meta/apep_1120__v1.json,apep_1120/v1/metadata.json,https://raw.githubusercontent.com/SocialCatalystLab/ape-papers/70c660ea5a7de722e9a12ad965e1c665890208d8/apep_1120/v1/metadata.json,390419d2a02937320bd29d75b5583353e131eb3c,e95502cdbadd37c6c8f9a31d05ab7459a69578f2d970fdacb4161d212edeb482,json-semantic
meta/apep_1121__v1.json,apep_1121/v1/metadata.json,https://raw.githubusercontent.com/SocialCatalystLab/ape-papers/70c660ea5a7de722e9a12ad965e1c665890208d8/apep_1121/v1/metadata.json,57ef1e52ba994a121c4209d710415afb1e0734c9,89934bf9a326396b7438270c14c07555135f43040a4e1bd559afde3f3264d5a3,json-semantic
meta/apep_1122__v1.json,apep_1122/v1/metadata.json,https://raw.githubusercontent.com/SocialCatalystLab/ape-papers/70c660ea5a7de722e9a12ad965e1c665890208d8/apep_1122/v1/metadata.json,4f7468b6da54364e7c6f2e253dd6ac9bdf722ce2,6d56bd7980bf572ab53acfb33da4b0944fc56f8070ad5f86c00c452b80369353,json-semantic
meta/apep_1123__v1.json,apep_1123/v1/metadata.json,https://raw.githubusercontent.com/SocialCatalystLab/ape-papers/70c660ea5a7de722e9a12ad965e1c665890208d8/apep_1123/v1/metadata.json,33a08aff513200439d000bf904ec892616c24aee,2abda612fc9d883b96a2be48337b1c9c5188e8affe57f4a955648a7b5085eafa,json-semantic
meta/apep_1124__v1.json,apep_1124/v1/metadata.json,https://raw.githubusercontent.com/SocialCatalystLab/ape-papers/70c660ea5a7de722e9a12ad965e1c665890208d8/apep_1124/v1/metadata.json,cf24a84203e1347a2f78efe3acd80b99b01360b7,b5fed898a19abbe0b632ad600fa61c36a6a951bdf58ba6cb34cfc37001311214,json-semantic
meta/apep_1125__v1.json,apep_1125/v1/metadata.json,https://raw.githubusercontent.com/SocialCatalystLab/ape-papers/70c660ea5a7de722e9a12ad965e1c665890208d8/apep_1125/v1/metadata.json,69d1f187b0b1dc0e3c3473a43b47eed2db6a2458,f70789c208b3b43ec38368e8a9317b87682b5bdbbc26dd78047dc36db4276be5,json-semantic
meta/apep_1126__v1.json,apep_1126/v1/metadata.json,https://raw.githubusercontent.com/SocialCatalystLab/ape-papers/70c660ea5a7de722e9a12ad965e1c665890208d8/apep_1126/v1/metadata.json,753b6300156b3edda019023bd0674f19a6708be4,cd2f75b4ace2367a6f44e6eab70c722d87f5f6d2be96b8a367bc78d7c1b3f993,json-semantic
meta/apep_1127__v1.json,apep_1127/v1/metadata.json,https://raw.githubusercontent.com/SocialCatalystLab/ape-papers/70c660ea5a7de722e9a12ad965e1c665890208d8/apep_1127/v1/metadata.json,11b36b05e2a8124774e3b53855fb1c23b3095af2,ffc0a3d9448c1763c9ff4ee75ab0d804938745eb3c6ed0cb81295070e5961566,json-semantic
meta/apep_1128__v1.json,apep_1128/v1/metadata.json,https://raw.githubusercontent.com/SocialCatalystLab/ape-papers/70c660ea5a7de722e9a12ad965e1c665890208d8/apep_1128/v1/metadata.json,475d2ff725851914cbd9fe4f72f4d05d94568c2e,e88ae86d111d8bddb5f643815a1b1af2a43938afdc2a67148a28644467efbd1a,json-semantic
meta/apep_1129__v1.json,apep_1129/v1/metadata.json,https://raw.githubusercontent.com/SocialCatalystLab/ape-papers/70c660ea5a7de722e9a12ad965e1c665890208d8/apep_1129/v1/metadata.json,f8dc83ad23d25b42b96afa83ddb43764634d79c1,81ceb3a49791bb964e7851830c8d6843f0b9264ae445365aa0cef7b0cf2671d5,json-semantic
meta/apep_1130__v1.json,apep_1130/v1/metadata.json,https://raw.githubusercontent.com/SocialCatalystLab/ape-papers/70c660ea5a7de722e9a12ad965e1c665890208d8/apep_1130/v1/metadata.json,f6b68b54cf994d1d7812fc7b0af6c77cbe03aac0,8555a8a134e1c0e9a4cd96497a262f2434497fdfcb47e3f44031c0563c31a400,json-semantic
meta/apep_1131__v1.json,apep_1131/v1/metadata.json,https://raw.githubusercontent.com/SocialCatalystLab/ape-papers/70c660ea5a7de722e9a12ad965e1c665890208d8/apep_1131/v1/metadata.json,189a01aa6b311d452eb2ceb195d6e40681ae797a,d59370732ada2a31a127ba012ad40f93636920061bd3f6edceaec87b53fb1d9b,json-semantic
meta/apep_1132__v1.json,apep_1132/v1/metadata.json,https://raw.githubusercontent.com/SocialCatalystLab/ape-papers/70c660ea5a7de722e9a12ad965e1c665890208d8/apep_1132/v1/metadata.json,0f72d0364cad3c34653e674e64c397b3a6b93d50,0aca114c476e6315fad81f1d270bdb7d91e9cd8a1039a6d6105688c76a3086c6,json-semantic
meta/apep_1133__v1.json,apep_1133/v1/metadata.json,https://raw.githubusercontent.com/SocialCatalystLab/ape-papers/70c660ea5a7de722e9a12ad965e1c665890208d8/apep_1133/v1/metadata.json,5e3934162546dda0ac86b503eb9414ca31bdd1c9,f88ed2769566555a07d41df0c11af0ee7e3d8eef7e067c527e21a7b7fced131c,json-semantic
meta/apep_1134__v1.json,apep_1134/v1/metadata.json,https://raw.githubusercontent.com/SocialCatalystLab/ape-papers/70c660ea5a7de722e9a12ad965e1c665890208d8/apep_1134/v1/metadata.json,f9116aa7834d123f4305abd867bc50c6770361d0,01aa3ef3f837d171c1e366eb42f3d9a1dc2118b34ee322fc2856be1f07a46243,json-semantic
meta/apep_1135__v1.json,apep_1135/v1/metadata.json,https://raw.githubusercontent.com/SocialCatalystLab/ape-papers/70c660ea5a7de722e9a12ad965e1c665890208d8/apep_1135/v1/metadata.json,4577c041afcab7ad1b58ebc1d5a45472111739dc,a4d7400d465f0b163661520dbf1eb1a401d3b75f6135fd402303e252aedfb3b0,json-semantic
meta/apep_1136__v1.json,apep_1136/v1/metadata.json,https://raw.githubusercontent.com/SocialCatalystLab/ape-papers/70c660ea5a7de722e9a12ad965e1c665890208d8/apep_1136/v1/metadata.json,94c3b21de954cc1e181495e48b415ee823f8feb5,681e963c19455d730c58f9d6709087e6ec4dafe0367647768405bdc5741157a9,json-semantic
meta/apep_1143__v1.json,apep_1143/v1/metadata.json,https://raw.githubusercontent.com/SocialCatalystLab/ape-papers/70c660ea5a7de722e9a12ad965e1c665890208d8/apep_1143/v1/metadata.json,67cf672c244dbc76fd1ad306c3f55b357353d359,4775c6e41d4eaced0602fde0850d159ee17be6d460c70f7039beaee8be8ea59b,json-semantic
meta/apep_1144__v1.json,apep_1144/v1/metadata.json,https://raw.githubusercontent.com/SocialCatalystLab/ape-papers/70c660ea5a7de722e9a12ad965e1c665890208d8/apep_1144/v1/metadata.json,25a555b44b1d01df8da3ea42c5366902a254e966,13af47b68468e025a3decb41589e3cfaef251581fb13d24e736efb6f928e7663,json-semantic
meta/apep_1146__v1.json,apep_1146/v1/metadata.json,https://raw.githubusercontent.com/SocialCatalystLab/ape-papers/70c660ea5a7de722e9a12ad965e1c665890208d8/apep_1146/v1/metadata.json,3c6868229a2be9bd6e736f70d83b8c3f4dda4387,fdd7455b7f961555c73a2410d9d48a34a9c2381f97dc526cc3716078cb768e81,json-semantic
meta/apep_1147__v1.json,apep_1147/v1/metadata.json,https://raw.githubusercontent.com/SocialCatalystLab/ape-papers/70c660ea5a7de722e9a12ad965e1c665890208d8/apep_1147/v1/metadata.json,6da211c71a87a1cd0de89fcc9ffa8db8e239c6b1,efc1ad19256db3e260e3bcad62ae9d470c66b14069dd561ad2c5ad6cc2e5a03d,json-semantic
meta/apep_1148__v1.json,apep_1148/v1/metadata.json,https://raw.githubusercontent.com/SocialCatalystLab/ape-papers/70c660ea5a7de722e9a12ad965e1c665890208d8/apep_1148/v1/metadata.json,40c9c3ee51a821f9caf6e241d1b1c4287b500cc2,915292fdc81db9a96f406ed60948355ac90ca86ae509780180034d4822645c3d,json-semantic
meta/apep_1149__v1.json,apep_1149/v1/metadata.json,https://raw.githubusercontent.com/SocialCatalystLab/ape-papers/70c660ea5a7de722e9a12ad965e1c665890208d8/apep_1149/v1/metadata.json,be03b4ecb4fc01784603ebdf0d3ecc1a9e915763,17ceb5b775e154c8f8c10e1fb9017558432d562a97fbc000393a5fa63deed634,json-semantic
meta/apep_1150__v1.json,apep_1150/v1/metadata.json,https://raw.githubusercontent.com/SocialCatalystLab/ape-papers/70c660ea5a7de722e9a12ad965e1c665890208d8/apep_1150/v1/metadata.json,9fcbf7a24a14ff721f732d12ef2e18231bc1bc43,3e8ec47a1ed72bd7fad07aa2b2a48c9503cdcc474316d13274bbb7862b8edbcc,json-semantic
meta/apep_1152__v1.json,apep_1152/v1/metadata.json,https://raw.githubusercontent.com/SocialCatalystLab/ape-papers/70c660ea5a7de722e9a12ad965e1c665890208d8/apep_1152/v1/metadata.json,67d56bf9e5ff6390f1fb9b8697da776a296f604c,1fb73050274d3bc67356876410df67637019d0ea8db689965680c46e8ccc3ab3,json-semantic
meta/apep_1154__v1.json,apep_1154/v1/metadata.json,https://raw.githubusercontent.com/SocialCatalystLab/ape-papers/70c660ea5a7de722e9a12ad965e1c665890208d8/apep_1154/v1/metadata.json,99f4de1e0d928740118e4f404c3dc0636e487dac,a8079c0842c0471a8a603dba319b7d6aa8f7a02a1ff9803e5d4bc988cab90c98,json-semantic
meta/apep_1155__v1.json,apep_1155/v1/metadata.json,https://raw.githubusercontent.com/SocialCatalystLab/ape-papers/70c660ea5a7de722e9a12ad965e1c665890208d8/apep_1155/v1/metadata.json,08de18ce0208da8b010fd2a6636b3d1317de11ef,bee2d162d677e4b231b7c3b9e9b60a47d5e8fae686cd468e28759c9bbbd6e8a4,json-semantic
meta/apep_1156__v1.json,apep_1156/v1/metadata.json,https://raw.githubusercontent.com/SocialCatalystLab/ape-papers/70c660ea5a7de722e9a12ad965e1c665890208d8/apep_1156/v1/metadata.json,00f1ad5174a626cdf00f7ee0eff692ef54ab21b5,b7bb54f018d23195a1806d388e7f8731797cee999445fb85a4aaca6d9dfe2ea0,json-semantic
meta/apep_1157__v1.json,apep_1157/v1/metadata.json,https://raw.githubusercontent.com/SocialCatalystLab/ape-papers/70c660ea5a7de722e9a12ad965e1c665890208d8/apep_1157/v1/metadata.json,5b106db12d0c4e82fae33fae7fc5803feaefeb90,d1075eae067014b90d23bb607e2684d2074094621f164f10cd154cce9c0027e1,json-semantic
meta/apep_1161__v1.json,apep_1161/v1/metadata.json,https://raw.githubusercontent.com/SocialCatalystLab/ape-papers/70c660ea5a7de722e9a12ad965e1c665890208d8/apep_1161/v1/metadata.json,17d24889c6526b501e91a0870771bf14b06e017c,80b60b44e35da9390b09a9ae755e7aa7baac5c0908d7967224595b99d410445b,json-semantic
meta/apep_1162__v1.json,apep_1162/v1/metadata.json,https://raw.githubusercontent.com/SocialCatalystLab/ape-papers/70c660ea5a7de722e9a12ad965e1c665890208d8/apep_1162/v1/metadata.json,598682dd06f0137ceae9cd6922e258f15035e5b8,bb64acefd18fc771eefa1e0cb09d75ac7f81638ec8f80884781773c40d70dd86,json-semantic
meta/apep_1163__v1.json,apep_1163/v1/metadata.json,https://raw.githubusercontent.com/SocialCatalystLab/ape-papers/70c660ea5a7de722e9a12ad965e1c665890208d8/apep_1163/v1/metadata.json,e6df5d91b9ff46431f67ef567ea41db225a365de,c82864e20d59b5bded91d3af797f1fda81105de0a0f06c4cfc7b7d8cb79d9df6,json-semantic
meta/apep_1164__v1.json,apep_1164/v1/metadata.json,https://raw.githubusercontent.com/SocialCatalystLab/ape-papers/70c660ea5a7de722e9a12ad965e1c665890208d8/apep_1164/v1/metadata.json,626433ee23e5ae9982ed0375dd07ba83fd9685d7,5ca382e577db6ffa13821e92ea13e121271ae72c0b84a8d877db06cf1e4a50a3,json-semantic
meta/apep_1165__v1.json,apep_1165/v1/metadata.json,https://raw.githubusercontent.com/SocialCatalystLab/ape-papers/70c660ea5a7de722e9a12ad965e1c665890208d8/apep_1165/v1/metadata.json,a491fa3c7a4e789631b015d878d455e437bf200c,a7edf0395b272f85f8a01d811ca6b0a1b11eefa200ecf2e6f69b2e19a86ac62a,json-semantic
meta/apep_1166__v1.json,apep_1166/v1/metadata.json,https://raw.githubusercontent.com/SocialCatalystLab/ape-papers/70c660ea5a7de722e9a12ad965e1c665890208d8/apep_1166/v1/metadata.json,7aaa9afd94e802fab97bb737b62ce5fc01f48a9b,c3ea19d250b176715f5a9a36b93dccff9e45e305901db979c43b8b290aae05e5,json-semantic
meta/apep_1167__v1.json,apep_1167/v1/metadata.json,https://raw.githubusercontent.com/SocialCatalystLab/ape-papers/70c660ea5a7de722e9a12ad965e1c665890208d8/apep_1167/v1/metadata.json,c4a013c8aa627cbd217410c5be59f844ee57fd7f,8d8f5d4b9e39664bc0ba6ad8e62cf53eac901eadb65090a82ad3e77d849d6478,json-semantic
meta/apep_1168__v1.json,apep_1168/v1/metadata.json,https://raw.githubusercontent.com/SocialCatalystLab/ape-papers/70c660ea5a7de722e9a12ad965e1c665890208d8/apep_1168/v1/metadata.json,7759b3c77c30475bcd882185d7ff50aa08f52695,0d14c1bb743673542a02e25f72d8d2c69ca6ee7a88abaabf9cb71c107c0f2237,json-semantic
meta/apep_1169__v1.json,apep_1169/v1/metadata.json,https://raw.githubusercontent.com/SocialCatalystLab/ape-papers/70c660ea5a7de722e9a12ad965e1c665890208d8/apep_1169/v1/metadata.json,287532080e855eee30e1a75ef262b71f13017cde,411991a0e811c13d725685665a5bbfcf91408c5be398276cccc34573bb03351d,json-semantic
meta/apep_1170__v1.json,apep_1170/v1/metadata.json,https://raw.githubusercontent.com/SocialCatalystLab/ape-papers/70c660ea5a7de722e9a12ad965e1c665890208d8/apep_1170/v1/metadata.json,5ef1d55a39d7009b6340e5a62fb76941e9182206,353efc2dfc1358bbc37f272e6739d7913e306d8adc82cfc4a97bc559815855f4,json-semantic
meta/apep_1171__v1.json,apep_1171/v1/metadata.json,https://raw.githubusercontent.com/SocialCatalystLab/ape-papers/70c660ea5a7de722e9a12ad965e1c665890208d8/apep_1171/v1/metadata.json,d989b6d6224f9c9f4309147e48718992afd2c1e9,a1d270baf8c8214d974afc7942f20dc5ca78da39241f92c67933444ab6c3086c,json-semantic
meta/apep_1172__v1.json,apep_1172/v1/metadata.json,https://raw.githubusercontent.com/SocialCatalystLab/ape-papers/70c660ea5a7de722e9a12ad965e1c665890208d8/apep_1172/v1/metadata.json,15fb19f34a701814ef7d67cd3925a6bf82cc1dc7,d82cad6c3fbc1beadcb4f6e735345acd556b25d789cb897722899597192a1432,json-semantic
meta/apep_1173__v1.json,apep_1173/v1/metadata.json,https://raw.githubusercontent.com/SocialCatalystLab/ape-papers/70c660ea5a7de722e9a12ad965e1c665890208d8/apep_1173/v1/metadata.json,aaf60f50cfb110d33dff80cb3ac2e29b82e3550b,642959d912c48992460c92a489191bd360b3c48031b584b74c2919de79542cdf,json-semantic
meta/apep_1174__v1.json,apep_1174/v1/metadata.json,https://raw.githubusercontent.com/SocialCatalystLab/ape-papers/70c660ea5a7de722e9a12ad965e1c665890208d8/apep_1174/v1/metadata.json,38d1c3c610d88928a04825fb3dc46f339afa4ced,965e3e1e120c4b5017f01983fb96cdbe5910b5a9ed62898254d793e5cca57ffc,json-semantic
meta/apep_1175__v1.json,apep_1175/v1/metadata.json,https://raw.githubusercontent.com/SocialCatalystLab/ape-papers/70c660ea5a7de722e9a12ad965e1c665890208d8/apep_1175/v1/metadata.json,f92af1a3319198efc7dea23d2c35c42ee8db6e2b,677a96a6a340959b801bb49ae088089e9826ef34556004e8ff82acc4214e7348,json-semantic
meta/apep_1176__v1.json,apep_1176/v1/metadata.json,https://raw.githubusercontent.com/SocialCatalystLab/ape-papers/70c660ea5a7de722e9a12ad965e1c665890208d8/apep_1176/v1/metadata.json,d36675bf64921bc9409929213c4002039337219f,9db53af70bd4f1450781368080e3079fd7a102214624448363c682ede9b3c85d,json-semantic
meta/apep_1177__v1.json,apep_1177/v1/metadata.json,https://raw.githubusercontent.com/SocialCatalystLab/ape-papers/70c660ea5a7de722e9a12ad965e1c665890208d8/apep_1177/v1/metadata.json,30f11927ae6f5bc7714e036fb302627ee4d34a16,ead5e0e4b4adb42fa9acd5c78f5440911a9fba83d13479bbfd18d96ccb9b1f7f,json-semantic
meta/apep_1177__v2.json,apep_1177/v2/metadata.json,https://raw.githubusercontent.com/SocialCatalystLab/ape-papers/70c660ea5a7de722e9a12ad965e1c665890208d8/apep_1177/v2/metadata.json,9dc4ed44785b16d648ed7eb5ab9e398151f2516f,24a4580f4fea240924556681688219b830cc956b7a4a3df67c50c5f560d6088a,json-semantic
meta/apep_1178__v1.json,apep_1178/v1/metadata.json,https://raw.githubusercontent.com/SocialCatalystLab/ape-papers/70c660ea5a7de722e9a12ad965e1c665890208d8/apep_1178/v1/metadata.json,f630c52635754d32aad4048f59bdbb06e6c446ab,a83ec48829549d7725d578682a5dd3f188804d4e185f24bd943368475210a6f0,json-semantic
meta/apep_1179__v1.json,apep_1179/v1/metadata.json,https://raw.githubusercontent.com/SocialCatalystLab/ape-papers/70c660ea5a7de722e9a12ad965e1c665890208d8/apep_1179/v1/metadata.json,2dc1b32fbdf1d4af85e29cdfdc8c849c7b3d2318,37253dde6cb7923a4ef19e7f2902fab81a4b1c586f1256dfd99fa15e8b04903d,json-semantic
meta/apep_1180__v1.json,apep_1180/v1/metadata.json,https://raw.githubusercontent.com/SocialCatalystLab/ape-papers/70c660ea5a7de722e9a12ad965e1c665890208d8/apep_1180/v1/metadata.json,5630006e39e2857d415da73af6fb5749c951e960,02848a134b46a8300d4427fbf5011ab0b56f5371f6ea4ee319d5995eb77ddfc4,json-semantic
meta/apep_1181__v1.json,apep_1181/v1/metadata.json,https://raw.githubusercontent.com/SocialCatalystLab/ape-papers/70c660ea5a7de722e9a12ad965e1c665890208d8/apep_1181/v1/metadata.json,c1ec35c1b796d907ec5fd3eb94a84439e0f00743,ad0a731c90d350335f466959e0eb601dd3d5b63d446c2e01db3cdfaa735a0012,json-semantic
meta/apep_1182__v1.json,apep_1182/v1/metadata.json,https://raw.githubusercontent.com/SocialCatalystLab/ape-papers/70c660ea5a7de722e9a12ad965e1c665890208d8/apep_1182/v1/metadata.json,6ad9d9d7570440eab3d18d8a79e5a4e961888c98,8ee23ded8c2a367e641521501d72ac1fd9ce5aeca4aeba2ef6daa21c17f30439,json-semantic
meta/apep_1183__v1.json,apep_1183/v1/metadata.json,https://raw.githubusercontent.com/SocialCatalystLab/ape-papers/70c660ea5a7de722e9a12ad965e1c665890208d8/apep_1183/v1/metadata.json,506ffaf13df867c55267ad1e5aa1cbe79252ff98,0cfd7861e0d0cbba353318deaaf13b154f45da0966a84e9c11e857f491479fa2,json-semantic
meta/apep_1184__v1.json,apep_1184/v1/metadata.json,https://raw.githubusercontent.com/SocialCatalystLab/ape-papers/70c660ea5a7de722e9a12ad965e1c665890208d8/apep_1184/v1/metadata.json,a3fdfb8aff8cd7c7961439d32979a12ee15fe0b6,e2bfbd00fca136ac7944bfc83965553bc17c2014b7dca12bb64532db440e4943,json-semantic
meta/apep_1185__v1.json,apep_1185/v1/metadata.json,https://raw.githubusercontent.com/SocialCatalystLab/ape-papers/70c660ea5a7de722e9a12ad965e1c665890208d8/apep_1185/v1/metadata.json,259eefec0a6b43958017748d9ece32530269b2ac,b963b592ba85e0a855ae4156462b0d22923b6c8c80dd63b7a664206725210460,json-semantic
meta/apep_1186__v1.json,apep_1186/v1/metadata.json,https://raw.githubusercontent.com/SocialCatalystLab/ape-papers/70c660ea5a7de722e9a12ad965e1c665890208d8/apep_1186/v1/metadata.json,f5f39c5be9237a0ca0141677533c6b5c0d4dc2e1,276d66ab58be9c927faf0739a6ef2e44005995773a5a0f70fbf7848b83ba5e22,json-semantic
meta/apep_1187__v1.json,apep_1187/v1/metadata.json,https://raw.githubusercontent.com/SocialCatalystLab/ape-papers/70c660ea5a7de722e9a12ad965e1c665890208d8/apep_1187/v1/metadata.json,692f171eead41317d3e18077e2ef587152122614,8c6357c049514c5f68cff8a990d417b74b15bb50b7837bef9d1cf9a9b0713a47,json-semantic
meta/apep_1188__v1.json,apep_1188/v1/metadata.json,https://raw.githubusercontent.com/SocialCatalystLab/ape-papers/70c660ea5a7de722e9a12ad965e1c665890208d8/apep_1188/v1/metadata.json,dbbf69e67c0ad80551670e3541db41cff101e528,936f01ae0117161c47b8598d2a9e010140fe561272008b96b979d85f28fd24c6,json-semantic
meta/apep_1190__v1.json,apep_1190/v1/metadata.json,https://raw.githubusercontent.com/SocialCatalystLab/ape-papers/70c660ea5a7de722e9a12ad965e1c665890208d8/apep_1190/v1/metadata.json,d2adbc6c00cae13f57dc355fd772a6299b2f059c,56241779e69273156248e60afc3ab4db52f62fbf64377dc0321638d792a874ae,json-semantic
meta/apep_1192__v1.json,apep_1192/v1/metadata.json,https://raw.githubusercontent.com/SocialCatalystLab/ape-papers/70c660ea5a7de722e9a12ad965e1c665890208d8/apep_1192/v1/metadata.json,95a2ee4c4c949314a202dfda38970572dae7e21f,02115ba7cd59dfd52c9668cc9e3232163feb7f2dc82e9e43197bb0b741124584,json-semantic
meta/apep_1194__v1.json,apep_1194/v1/metadata.json,https://raw.githubusercontent.com/SocialCatalystLab/ape-papers/70c660ea5a7de722e9a12ad965e1c665890208d8/apep_1194/v1/metadata.json,e00f31c2a66be3c702b75f72dc81991581badfef,df86f98779d5f4f3a2e42d75bf76dea1e7d50751222740af69877deba3c426ea,json-semantic
meta/apep_1197__v1.json,apep_1197/v1/metadata.json,https://raw.githubusercontent.com/SocialCatalystLab/ape-papers/70c660ea5a7de722e9a12ad965e1c665890208d8/apep_1197/v1/metadata.json,655fff4c770a0819146a64defe91ab240ecda053,1726573e1ac1ba107bb42ccdb2d2325d45a22c064092ee4eef2d6e86eae12ef0,json-semantic
meta/apep_1198__v1.json,apep_1198/v1/metadata.json,https://raw.githubusercontent.com/SocialCatalystLab/ape-papers/70c660ea5a7de722e9a12ad965e1c665890208d8/apep_1198/v1/metadata.json,a07ba47a4ec26a98ffc6aca79983019b4c3428cf,bcd313d503fbb6b2c9c8e884998459b439f72019d8c8c775eecb06c1e5a6fa76,json-semantic
meta/apep_1199__v1.json,apep_1199/v1/metadata.json,https://raw.githubusercontent.com/SocialCatalystLab/ape-papers/70c660ea5a7de722e9a12ad965e1c665890208d8/apep_1199/v1/metadata.json,80c6b474ff3d3f6e63538f765d537d71822a1bbc,40112eb3bd40889422a2f9b39a3e0c936829c8e111dc3679dbe75d4df8facdc4,json-semantic
meta/apep_1200__v1.json,apep_1200/v1/metadata.json,https://raw.githubusercontent.com/SocialCatalystLab/ape-papers/70c660ea5a7de722e9a12ad965e1c665890208d8/apep_1200/v1/metadata.json,04c5c2da1b6618028da85cc8e019e03b0915f4f8,c0150eb6a2766f488938a36a071796a008f482e55c5ba510cfa8434693de435a,json-semantic
meta/apep_1201__v1.json,apep_1201/v1/metadata.json,https://raw.githubusercontent.com/SocialCatalystLab/ape-papers/70c660ea5a7de722e9a12ad965e1c665890208d8/apep_1201/v1/metadata.json,53530068abac0b7ff9aa66d9ed5f4a7a8aeddc6f,8b273c07d3894ff401dfd74402fe5e3a092de2a0630f1c9a82b3ebb59e8e8a2d,json-semantic
meta/apep_1202__v1.json,apep_1202/v1/metadata.json,https://raw.githubusercontent.com/SocialCatalystLab/ape-papers/70c660ea5a7de722e9a12ad965e1c665890208d8/apep_1202/v1/metadata.json,038db85455699b5a75fd8e35d73220ee4e31a763,e4d10eeab208bfa9d1dee8d5ef0617544e6d0785b84cddf72f51de715b1fc6e5,json-semantic
meta/apep_1203__v1.json,apep_1203/v1/metadata.json,https://raw.githubusercontent.com/SocialCatalystLab/ape-papers/70c660ea5a7de722e9a12ad965e1c665890208d8/apep_1203/v1/metadata.json,5f18adaccd3b4ff462b9daa1a7b335d64186f709,07e3bff359b35b94f6310e9c1fa485630d12d25ce23c98ec72bf516b8fb89f3b,json-semantic
meta/apep_1204__v1.json,apep_1204/v1/metadata.json,https://raw.githubusercontent.com/SocialCatalystLab/ape-papers/70c660ea5a7de722e9a12ad965e1c665890208d8/apep_1204/v1/metadata.json,11b63bf73529f95487f10d8ce338728bbdd4f495,cd7114a22e950addbfdb460e7918a5ea77a5279a5f5995a3f48f858258168fbd,json-semantic
meta/apep_1206__v1.json,apep_1206/v1/metadata.json,https://raw.githubusercontent.com/SocialCatalystLab/ape-papers/70c660ea5a7de722e9a12ad965e1c665890208d8/apep_1206/v1/metadata.json,efb3cc529a1bebecd9bb29bb27c3044fdd0860f2,8a8b0781a52282a2468eef373acf7b57c6907a630877044a584110816d3cebc6,json-semantic
meta/apep_1207__v1.json,apep_1207/v1/metadata.json,https://raw.githubusercontent.com/SocialCatalystLab/ape-papers/70c660ea5a7de722e9a12ad965e1c665890208d8/apep_1207/v1/metadata.json,0a1af6d7fb2390126fa5dea797ffc4f38d13e728,36f9735d54aaa35e5f0f5829bc2d7ea743cdda624cc3439822d172131df8aa27,json-semantic
meta/apep_1208__v1.json,apep_1208/v1/metadata.json,https://raw.githubusercontent.com/SocialCatalystLab/ape-papers/70c660ea5a7de722e9a12ad965e1c665890208d8/apep_1208/v1/metadata.json,d46202876850426bc3926245f7eea779906c50b8,3734b72d73a226735a5ca24269d58a3a948e47efcef77f02c3d77408edc1324e,json-semantic
meta/apep_1209__v1.json,apep_1209/v1/metadata.json,https://raw.githubusercontent.com/SocialCatalystLab/ape-papers/70c660ea5a7de722e9a12ad965e1c665890208d8/apep_1209/v1/metadata.json,bb2184818e58d58d737898b21d13332c04ffd507,e361f5bce9295ea22aa025d0f77c2dd8bf15b54e566da3c0f4b65cb04bd09718,json-semantic
meta/apep_1211__v1.json,apep_1211/v1/metadata.json,https://raw.githubusercontent.com/SocialCatalystLab/ape-papers/70c660ea5a7de722e9a12ad965e1c665890208d8/apep_1211/v1/metadata.json,757cf39ec44face3d15c76e93858b19d4fc370a4,6eaba709011cd35c7d9dd4d04f7f8a1dc0d9cef0713f55d1fb21925c97456f22,json-semantic
meta/apep_1212__v1.json,apep_1212/v1/metadata.json,https://raw.githubusercontent.com/SocialCatalystLab/ape-papers/70c660ea5a7de722e9a12ad965e1c665890208d8/apep_1212/v1/metadata.json,87a7a5665f7319eabf6bce1e3ae32fe92c456ff0,ba3a684cf7a89f3ce0fe4c8312296cd86137707eeb380f744facee8cdb1462df,json-semantic
meta/apep_1213__v1.json,apep_1213/v1/metadata.json,https://raw.githubusercontent.com/SocialCatalystLab/ape-papers/70c660ea5a7de722e9a12ad965e1c665890208d8/apep_1213/v1/metadata.json,cf44421d4730f17dfbdf4fb80da174d1875e2b9b,6403258ef071bfac2ca691243ada2790e19c577ef3102dcd7e52db8e0a62dbf5,json-semantic
meta/apep_1214__v1.json,apep_1214/v1/metadata.json,https://raw.githubusercontent.com/SocialCatalystLab/ape-papers/70c660ea5a7de722e9a12ad965e1c665890208d8/apep_1214/v1/metadata.json,512910568d3dc7f1f29c4df88db67910ab056b3e,11b642620a35e2da2129a6980cba779dd950c8ba4cb632fff3e3c9365a9acd14,json-semantic
meta/apep_1215__v1.json,apep_1215/v1/metadata.json,https://raw.githubusercontent.com/SocialCatalystLab/ape-papers/70c660ea5a7de722e9a12ad965e1c665890208d8/apep_1215/v1/metadata.json,c659d950ecc7cb621e319bdef435c638a2e90cd9,3cce55e5d05555db0294f69da7e803716474f4586262085f69468fbc690a9385,json-semantic
meta/apep_1220__v1.json,apep_1220/v1/metadata.json,https://raw.githubusercontent.com/SocialCatalystLab/ape-papers/70c660ea5a7de722e9a12ad965e1c665890208d8/apep_1220/v1/metadata.json,1972b4273a85bc7fbc69c84e4d5b958ab6a0f0f0,45e4facd19665d88ee513c6594ddbe33e979d1bec00efc0f1f4988f527d2303d,json-semantic
meta/apep_1221__v1.json,apep_1221/v1/metadata.json,https://raw.githubusercontent.com/SocialCatalystLab/ape-papers/70c660ea5a7de722e9a12ad965e1c665890208d8/apep_1221/v1/metadata.json,05f47d39ca292605eca81b42ac16f224cbc1d089,cbeebaa94975d9b7cc5861bd07409631e2377ae9caecd5b2c0bf70d5814b84b8,json-semantic
meta/apep_1222__v1.json,apep_1222/v1/metadata.json,https://raw.githubusercontent.com/SocialCatalystLab/ape-papers/70c660ea5a7de722e9a12ad965e1c665890208d8/apep_1222/v1/metadata.json,e5ea510994ebe74af3528b44f1bda98d2f50e72a,8dd1a631fcece82cad494fa199f86d2b52c2ac9058ae3d86379872619b0684a1,json-semantic
meta/apep_1223__v1.json,apep_1223/v1/metadata.json,https://raw.githubusercontent.com/SocialCatalystLab/ape-papers/70c660ea5a7de722e9a12ad965e1c665890208d8/apep_1223/v1/metadata.json,b096c44dba033e64f4c72396159d7ea42d5492c2,3b5015bd52f1ed7a6002c07896cb7e22dced728847cefd348d5d59e2bebb7f4c,json-semantic
meta/apep_1225__v1.json,apep_1225/v1/metadata.json,https://raw.githubusercontent.com/SocialCatalystLab/ape-papers/70c660ea5a7de722e9a12ad965e1c665890208d8/apep_1225/v1/metadata.json,45cef8ce55e7a77687ea9d0ffaef57acd988d105,ce241ea3eeb798b16840e89c9b720a6f1266018ad93c6193bcf60c26b1334384,json-semantic
meta/apep_1227__v1.json,apep_1227/v1/metadata.json,https://raw.githubusercontent.com/SocialCatalystLab/ape-papers/70c660ea5a7de722e9a12ad965e1c665890208d8/apep_1227/v1/metadata.json,24a676cf803a4cd11ff3631ca86616423875e4d6,b34bd0c6f718dcf1bbe17ed24f81bf47ad691311b775fd7ec4970e348660aa8c,json-semantic
meta/apep_1228__v1.json,apep_1228/v1/metadata.json,https://raw.githubusercontent.com/SocialCatalystLab/ape-papers/70c660ea5a7de722e9a12ad965e1c665890208d8/apep_1228/v1/metadata.json,7f66988982e356bc01e730fcbcd301a68817733e,fc9eb6aabe04ff4179eeaa4c7c1b18337b5c0e12b432bb7e673401e6bf6ce3d1,json-semantic
meta/apep_1229__v1.json,apep_1229/v1/metadata.json,https://raw.githubusercontent.com/SocialCatalystLab/ape-papers/70c660ea5a7de722e9a12ad965e1c665890208d8/apep_1229/v1/metadata.json,bbdb6a2e186f39de888d47fc38bf5228575de280,6ee3a2d403c7f8fb8fb794e2391414b8447c0b0b82bc5ea59402e755ee16d468,json-semantic
meta/apep_1230__v1.json,apep_1230/v1/metadata.json,https://raw.githubusercontent.com/SocialCatalystLab/ape-papers/70c660ea5a7de722e9a12ad965e1c665890208d8/apep_1230/v1/metadata.json,6f6baf2570991e008505c8ceacd366e8356cb18b,e44eb9f96ad6483d304f48221596a206b294457a565b24be49555b468d6a468a,json-semantic
meta/apep_1232__v1.json,apep_1232/v1/metadata.json,https://raw.githubusercontent.com/SocialCatalystLab/ape-papers/70c660ea5a7de722e9a12ad965e1c665890208d8/apep_1232/v1/metadata.json,111ed2af3eacb25049cfe5f74260ce3c9b635f65,27769515f855ff623198c8e58f534034ac73da153bc15eaa4e22723f75a7db72,json-semantic
meta/apep_1234__v1.json,apep_1234/v1/metadata.json,https://raw.githubusercontent.com/SocialCatalystLab/ape-papers/70c660ea5a7de722e9a12ad965e1c665890208d8/apep_1234/v1/metadata.json,07108b8739a327554d3a42107087e348732b661b,2f842fa40850d05ceb40c5b3f132e038bb384a758d74cba0789a7991235cd1dd,json-semantic
meta/apep_1235__v1.json,apep_1235/v1/metadata.json,https://raw.githubusercontent.com/SocialCatalystLab/ape-papers/70c660ea5a7de722e9a12ad965e1c665890208d8/apep_1235/v1/metadata.json,ae3cc012c0356fb9faba618a740659a3056af3ef,657db2c37266dc9ca0a3b577d8fbaa34ac7ce40ab3c1fbb54830a728dc540eaf,json-semantic
meta/apep_1236__v1.json,apep_1236/v1/metadata.json,https://raw.githubusercontent.com/SocialCatalystLab/ape-papers/70c660ea5a7de722e9a12ad965e1c665890208d8/apep_1236/v1/metadata.json,4228664169a464810976fc36bf407efe5ab084d2,34f3f2f6eb63ba2971449b84ce0733ab4e956c6c9f13f1eaee8b5ced4cb90e6c,json-semantic
meta/apep_1237__v1.json,apep_1237/v1/metadata.json,https://raw.githubusercontent.com/SocialCatalystLab/ape-papers/70c660ea5a7de722e9a12ad965e1c665890208d8/apep_1237/v1/metadata.json,827fd3f3169eee22d4777f291ddb02dc8b7afe85,6a94c949cec70eb3c8d54a7ab424c07024b0c6365fd9b29657a434a1e11595a7,json-semantic
meta/apep_1238__v1.json,apep_1238/v1/metadata.json,https://raw.githubusercontent.com/SocialCatalystLab/ape-papers/70c660ea5a7de722e9a12ad965e1c665890208d8/apep_1238/v1/metadata.json,9e3369b2948007682dbb8730c9bc3847680791cd,a7debbde078c7c5981353525ccf8d4e31b55a810c7ab5377621f020ad076622c,json-semantic
meta/apep_1239__v1.json,apep_1239/v1/metadata.json,https://raw.githubusercontent.com/SocialCatalystLab/ape-papers/70c660ea5a7de722e9a12ad965e1c665890208d8/apep_1239/v1/metadata.json,443d56735404be4a0a1a6025c3c21cd66d20435d,dd8cf32380f49c725b2b1f019cebf72ab1ff5b992aa7ef97b49898668b318568,json-semantic
meta/apep_1240__v1.json,apep_1240/v1/metadata.json,https://raw.githubusercontent.com/SocialCatalystLab/ape-papers/70c660ea5a7de722e9a12ad965e1c665890208d8/apep_1240/v1/metadata.json,61860ecdb3bdc9774e8ecade07b83ac721b521f8,e650f871e5fa9a55b3efc3e7e8b3a4dcec11671d48874b647ce193a1744baf3f,json-semantic
meta/apep_1241__v1.json,apep_1241/v1/metadata.json,https://raw.githubusercontent.com/SocialCatalystLab/ape-papers/70c660ea5a7de722e9a12ad965e1c665890208d8/apep_1241/v1/metadata.json,9e1bfcb56497d4c12db0eca6c68e52f9e5a73741,83701b7523c079ea4f1add40724b2ac4bd4bcc36eb0486d93b0c775f55a4474e,json-semantic
meta/apep_1242__v1.json,apep_1242/v1/metadata.json,https://raw.githubusercontent.com/SocialCatalystLab/ape-papers/70c660ea5a7de722e9a12ad965e1c665890208d8/apep_1242/v1/metadata.json,8c0b426b768f85cbffaaa73bf447334df6204ad8,2a20c8d091ebd344699d9c2f129de1e39519aab9d01c3f8dd0d6c2d748da8fcb,json-semantic
meta/apep_1243__v1.json,apep_1243/v1/metadata.json,https://raw.githubusercontent.com/SocialCatalystLab/ape-papers/70c660ea5a7de722e9a12ad965e1c665890208d8/apep_1243/v1/metadata.json,6a7bf5d997c9e548449c9c0d9b2080036e5dafe4,4d46a16fec606916ecf0ee0d9a6fc6acd5e202501568a531d3677a1ce102a77b,json-semantic
meta/apep_1244__v1.json,apep_1244/v1/metadata.json,https://raw.githubusercontent.com/SocialCatalystLab/ape-papers/70c660ea5a7de722e9a12ad965e1c665890208d8/apep_1244/v1/metadata.json,596b5aa0a356ec1a337bfad5c12c0f9059a5e706,6668cd08fe06799be35c46c1f749a015616e9fc341c23da02f68174c5e85c6f2,json-semantic
meta/apep_1245__v1.json,apep_1245/v1/metadata.json,https://raw.githubusercontent.com/SocialCatalystLab/ape-papers/70c660ea5a7de722e9a12ad965e1c665890208d8/apep_1245/v1/metadata.json,ad4e6ebaa96c1021580dea7d063d0802ac03dfd8,f40361d075704241508647dc99e8381d038a9aa951e01a7fb3f59074d2855b4d,json-semantic
meta/apep_1246__v1.json,apep_1246/v1/metadata.json,https://raw.githubusercontent.com/SocialCatalystLab/ape-papers/70c660ea5a7de722e9a12ad965e1c665890208d8/apep_1246/v1/metadata.json,37d0779a0a73f7f5938dbfb3e078cf4e1ebdcc7c,f3ddd648e2ee5abe892187617577476261ec7bf22fc0f415251dc4eea17da7ab,json-semantic
meta/apep_1247__v1.json,apep_1247/v1/metadata.json,https://raw.githubusercontent.com/SocialCatalystLab/ape-papers/70c660ea5a7de722e9a12ad965e1c665890208d8/apep_1247/v1/metadata.json,0beec6aa78b2bdbd3f2c75b80d1ba3366c53810d,2495ddec63ff8c8f7abc6114218d6c2c33a52e91a8cef92ef50ef5038d5680f4,json-semantic
meta/apep_1248__v1.json,apep_1248/v1/metadata.json,https://raw.githubusercontent.com/SocialCatalystLab/ape-papers/70c660ea5a7de722e9a12ad965e1c665890208d8/apep_1248/v1/metadata.json,d082456677e8702bf9df53c5c75c097aa4ce541b,3b08f5f51e4836ba2833a03c81a2966dff02691d2355d2e6bde33ce3acf74e31,json-semantic
meta/apep_1249__v1.json,apep_1249/v1/metadata.json,https://raw.githubusercontent.com/SocialCatalystLab/ape-papers/70c660ea5a7de722e9a12ad965e1c665890208d8/apep_1249/v1/metadata.json,65374da83f9097d71727517422390e13dad6fc98,c5ede91ea3971ba98598318b09b886e48c8d2ad1f6a80f23419104596b168a37,json-semantic
meta/apep_1250__v1.json,apep_1250/v1/metadata.json,https://raw.githubusercontent.com/SocialCatalystLab/ape-papers/70c660ea5a7de722e9a12ad965e1c665890208d8/apep_1250/v1/metadata.json,8eeba114e296a232493b2a5635f6d2e8e9f0c612,359806736d6c40f7b3a0a58689060df21cb8f88031ea5928e7efe00a294d1eeb,json-semantic
meta/apep_1251__v1.json,apep_1251/v1/metadata.json,https://raw.githubusercontent.com/SocialCatalystLab/ape-papers/70c660ea5a7de722e9a12ad965e1c665890208d8/apep_1251/v1/metadata.json,1f28c71c3b2afb8a120033624171926d3afdbc13,a3e0f5513b7b23d66891c83dc9ffea982c9b8c3a10444c37c29d6c883ad50b83,json-semantic
meta/apep_1253__v1.json,apep_1253/v1/metadata.json,https://raw.githubusercontent.com/SocialCatalystLab/ape-papers/70c660ea5a7de722e9a12ad965e1c665890208d8/apep_1253/v1/metadata.json,9998980d376837e4cc2a428ba918269b39e60251,ec079e6db52565a459018cba61479267550db2a3cf17c6ff78c3aabbaa414a1b,json-semantic
meta/apep_1254__v1.json,apep_1254/v1/metadata.json,https://raw.githubusercontent.com/SocialCatalystLab/ape-papers/70c660ea5a7de722e9a12ad965e1c665890208d8/apep_1254/v1/metadata.json,6208f08e1fdf01194f0dbd0ab321044ceaabb086,20c7947e85c506c1ff8829f4371c30af12d42b54219a4fdb479151b735e47178,json-semantic
meta/apep_1261__v1.json,apep_1261/v1/metadata.json,https://raw.githubusercontent.com/SocialCatalystLab/ape-papers/70c660ea5a7de722e9a12ad965e1c665890208d8/apep_1261/v1/metadata.json,4407b2fa350221974cc609a9a540eda8a142977d,be83e823d89fa432578f40decde9e67283e292e7c7f3c7751092997ef682ee74,json-semantic
meta/apep_1262__v1.json,apep_1262/v1/metadata.json,https://raw.githubusercontent.com/SocialCatalystLab/ape-papers/70c660ea5a7de722e9a12ad965e1c665890208d8/apep_1262/v1/metadata.json,21d4c5c937ae0dfa964123893a413db7e050ef2c,43aec7cdb25c27bba6daced90b7cbd60cc4084d69cd9f4f0042ce9035ad589e7,json-semantic
meta/apep_1263__v1.json,apep_1263/v1/metadata.json,https://raw.githubusercontent.com/SocialCatalystLab/ape-papers/70c660ea5a7de722e9a12ad965e1c665890208d8/apep_1263/v1/metadata.json,50c257968b2c28d166197a671e31f1b8c5fb3015,038742df6f2e29fd60288b998156dc28f16bc1029e0eb2aabee22bbc6c00fc85,json-semantic
meta/apep_1264__v1.json,apep_1264/v1/metadata.json,https://raw.githubusercontent.com/SocialCatalystLab/ape-papers/70c660ea5a7de722e9a12ad965e1c665890208d8/apep_1264/v1/metadata.json,a4769a3468d4865d7fe3f7ac8cc6ede28fbb9b37,1e408e37ac38fcda8fc5e380e8c929727f9e32a6992edd5ddc4b504e035bbec4,json-semantic
meta/apep_1269__v1.json,apep_1269/v1/metadata.json,https://raw.githubusercontent.com/SocialCatalystLab/ape-papers/70c660ea5a7de722e9a12ad965e1c665890208d8/apep_1269/v1/metadata.json,8571c82dee70d4d31b32b279a383a66ee9d0913c,9f696cbc13dc9b9ee1ee52fbbc25db8e9ef704fde889b2033d35d73b959a5d8e,json-semantic
meta/apep_1270__v1.json,apep_1270/v1/metadata.json,https://raw.githubusercontent.com/SocialCatalystLab/ape-papers/70c660ea5a7de722e9a12ad965e1c665890208d8/apep_1270/v1/metadata.json,bf7b395d799e2732a024cca76211257d3066d8a7,17954d2b7c7d2beb86cb9b45c72e995b668f3d7352909491411b170eda37f2d0,json-semantic
meta/apep_1271__v1.json,apep_1271/v1/metadata.json,https://raw.githubusercontent.com/SocialCatalystLab/ape-papers/70c660ea5a7de722e9a12ad965e1c665890208d8/apep_1271/v1/metadata.json,637dab29d134956857cca0e505953c6d4e55a858,046af943d6e009501c0bce2c17b60ebc5d86d226544094c3efc8866c0450a0b3,json-semantic
meta/apep_1272__v1.json,apep_1272/v1/metadata.json,https://raw.githubusercontent.com/SocialCatalystLab/ape-papers/70c660ea5a7de722e9a12ad965e1c665890208d8/apep_1272/v1/metadata.json,52eb7448eaa3aa075b2aab0f2ca8e7adf447b7b4,90f82418c719659e73987dfe33e37098002db2618adbfc132c8e8c0016c37605,json-semantic
meta/apep_1275__v1.json,apep_1275/v1/metadata.json,https://raw.githubusercontent.com/SocialCatalystLab/ape-papers/70c660ea5a7de722e9a12ad965e1c665890208d8/apep_1275/v1/metadata.json,c19215851c8446a4a75cb4b9b8c317f8dc80b609,2d01628573bb2519124c1d333beeacd2d4d41a1f9dcbdf4ed2f409fb1bd122d0,json-semantic
meta/apep_1277__v1.json,apep_1277/v1/metadata.json,https://raw.githubusercontent.com/SocialCatalystLab/ape-papers/70c660ea5a7de722e9a12ad965e1c665890208d8/apep_1277/v1/metadata.json,2dc1d829672df346ed84f42cc9bc79f4ce9bbec0,e2da3e34c271ee7437a968304fc338f46a53a2e6ac0a341d3ca5a061231dc604,json-semantic
meta/apep_1278__v1.json,apep_1278/v1/metadata.json,https://raw.githubusercontent.com/SocialCatalystLab/ape-papers/70c660ea5a7de722e9a12ad965e1c665890208d8/apep_1278/v1/metadata.json,5ba926af686357d499eda8469d1bce1b89d04db8,eeb6218bc941e992aa34cec43ed8f6c5b3d883a0694d530b5b085e27df7fe576,json-semantic
meta/apep_1279__v1.json,apep_1279/v1/metadata.json,https://raw.githubusercontent.com/SocialCatalystLab/ape-papers/70c660ea5a7de722e9a12ad965e1c665890208d8/apep_1279/v1/metadata.json,3642c45c13df6d132a63cfde77218ab1455d0f2f,1bcaf07bdba9348eb6ff7772597c09b9a1a64f91c6407866ac6bbdfe577b93da,json-semantic
meta/apep_1280__v1.json,apep_1280/v1/metadata.json,https://raw.githubusercontent.com/SocialCatalystLab/ape-papers/70c660ea5a7de722e9a12ad965e1c665890208d8/apep_1280/v1/metadata.json,bfb130582610126ca793aa441c8e864c542e9584,936d67f15dd61abe9eb6dd9c033498d515af1f8a5c17d216454c74830b8ca988,json-semantic
meta/apep_1281__v1.json,apep_1281/v1/metadata.json,https://raw.githubusercontent.com/SocialCatalystLab/ape-papers/70c660ea5a7de722e9a12ad965e1c665890208d8/apep_1281/v1/metadata.json,734e94d64c337eb8f693105a2de88e72b5ef9a58,b46188a9162ac21ec9d302b0962fc21941c7c3f33afa4d89391ac67bd00a07a3,json-semantic
meta/apep_1282__v1.json,apep_1282/v1/metadata.json,https://raw.githubusercontent.com/SocialCatalystLab/ape-papers/70c660ea5a7de722e9a12ad965e1c665890208d8/apep_1282/v1/metadata.json,e87bebed9071e8fade720e71357b01c09b7cdc50,20abfddf08ddd5c8dbdb10ecfdfe706c7fed95e2c7123fdf545430915384ba6e,json-semantic
meta/apep_1283__v1.json,apep_1283/v1/metadata.json,https://raw.githubusercontent.com/SocialCatalystLab/ape-papers/70c660ea5a7de722e9a12ad965e1c665890208d8/apep_1283/v1/metadata.json,24e4ee24950b3f30073f2ca250c7a5e5440a3bb9,9bad2158e19a099589a043ddb7915358e67f4cafb77c658da0845cdb17195365,json-semantic
meta/apep_1284__v1.json,apep_1284/v1/metadata.json,https://raw.githubusercontent.com/SocialCatalystLab/ape-papers/70c660ea5a7de722e9a12ad965e1c665890208d8/apep_1284/v1/metadata.json,7dd48cb7f7689b2c48eaa5f9c10ea352e98e72b9,666c02f8fce8d2a6f18c3aaf8379116a8603448f0a7d2bee309fe8ba9351ae69,json-semantic
meta/apep_1285__v1.json,apep_1285/v1/metadata.json,https://raw.githubusercontent.com/SocialCatalystLab/ape-papers/70c660ea5a7de722e9a12ad965e1c665890208d8/apep_1285/v1/metadata.json,47d55543599209cf357860b1ef6cb51453b5abb7,3a07fbb76daee16fe2aeef31b0fe16e6f7a1b0944a21627f5becaeb322775f40,json-semantic
meta/apep_1286__v1.json,apep_1286/v1/metadata.json,https://raw.githubusercontent.com/SocialCatalystLab/ape-papers/70c660ea5a7de722e9a12ad965e1c665890208d8/apep_1286/v1/metadata.json,0c69be4fde8e63fcc99c8504316b4bd9e61b6ea4,cb896d4b4978ae1b7d0e204dfcf0dfed7d6723cb05008ddab8a90b612c83286b,json-semantic
meta/apep_1287__v1.json,apep_1287/v1/metadata.json,https://raw.githubusercontent.com/SocialCatalystLab/ape-papers/70c660ea5a7de722e9a12ad965e1c665890208d8/apep_1287/v1/metadata.json,0005bfaeaec19d087cec98c04ddfb12784a58bc2,95528a5789dd64b14c8aa6e1a8652f1259552f88bfe4d34cb1eb555432312f5c,json-semantic
meta/apep_1288__v1.json,apep_1288/v1/metadata.json,https://raw.githubusercontent.com/SocialCatalystLab/ape-papers/70c660ea5a7de722e9a12ad965e1c665890208d8/apep_1288/v1/metadata.json,f4ce4ccee87bdc79e46929651fc9d31b5382220a,fc55649b12350f98649484b8e07776c6a1d9dbfe91150894f35d10d8ebdd4277,json-semantic
meta/apep_1289__v1.json,apep_1289/v1/metadata.json,https://raw.githubusercontent.com/SocialCatalystLab/ape-papers/70c660ea5a7de722e9a12ad965e1c665890208d8/apep_1289/v1/metadata.json,3fc59c02a33557b8353be58b89f2bc6e4eba4d1c,7b722bb784899b104979660bcd753154223a4089bf52f70c395135fc117c40bd,json-semantic
meta/apep_1290__v1.json,apep_1290/v1/metadata.json,https://raw.githubusercontent.com/SocialCatalystLab/ape-papers/70c660ea5a7de722e9a12ad965e1c665890208d8/apep_1290/v1/metadata.json,0e310189e9afd8b18359dfbeb19552a25d7aef80,d4a47152033f55a150ec205ebf3d43af9a01670f7a8c26b0765e4d9fb1990dce,json-semantic
meta/apep_1291__v1.json,apep_1291/v1/metadata.json,https://raw.githubusercontent.com/SocialCatalystLab/ape-papers/70c660ea5a7de722e9a12ad965e1c665890208d8/apep_1291/v1/metadata.json,18d5159725e9d6ee5f92bf5263f37679645eda2f,3b477588d2ce2503536a9892ee9a9a31d5db58b1b843a318af3c37c7db587c3f,json-semantic
meta/apep_1292__v1.json,apep_1292/v1/metadata.json,https://raw.githubusercontent.com/SocialCatalystLab/ape-papers/70c660ea5a7de722e9a12ad965e1c665890208d8/apep_1292/v1/metadata.json,ca7b565991bf263b5e489c5b03da4c086882c35d,c6745fba2b98ed47d719884be5644c27dd87c26ced4dbbba78eec3ef4fe747b9,json-semantic
meta/apep_1293__v1.json,apep_1293/v1/metadata.json,https://raw.githubusercontent.com/SocialCatalystLab/ape-papers/70c660ea5a7de722e9a12ad965e1c665890208d8/apep_1293/v1/metadata.json,22f08f113e4d7eba1c7d68f4111fec566b6aaa7b,41cd52a7482baa826043be63e7cf699386cbe2b650a369581e4dace59dc502cb,json-semantic
meta/apep_1294__v1.json,apep_1294/v1/metadata.json,https://raw.githubusercontent.com/SocialCatalystLab/ape-papers/70c660ea5a7de722e9a12ad965e1c665890208d8/apep_1294/v1/metadata.json,a3d2182cb8fd9c845784ed4a7904fa566c4f7b58,3b59ce507612b22f2074e003505375da5145dd4764dc04b7bd2ab9c2e689562e,json-semantic
meta/apep_1295__v1.json,apep_1295/v1/metadata.json,https://raw.githubusercontent.com/SocialCatalystLab/ape-papers/70c660ea5a7de722e9a12ad965e1c665890208d8/apep_1295/v1/metadata.json,eec20beea3bf0de7ec30bdf938ddc48ce1b779bc,69b0970745ac69d14f431aa4f1ea3631396ceb7b85e175ec331079cb986e4733,json-semantic
meta/apep_1296__v1.json,apep_1296/v1/metadata.json,https://raw.githubusercontent.com/SocialCatalystLab/ape-papers/70c660ea5a7de722e9a12ad965e1c665890208d8/apep_1296/v1/metadata.json,e0f875f47170eafc4e5fe10bdae99ea1739dfa76,a09e95b83823e4973c93bfc584369566339d19e5b432fc454621279bbe7bc042,json-semantic
meta/apep_1297__v1.json,apep_1297/v1/metadata.json,https://raw.githubusercontent.com/SocialCatalystLab/ape-papers/70c660ea5a7de722e9a12ad965e1c665890208d8/apep_1297/v1/metadata.json,5c6a527a5cf55488132de693962f9a0243a593c1,1e0fb606cc10a4e65fbb3f8c4f79457377903fa475df9e217a5857f0a789ec80,json-semantic
meta/apep_1298__v1.json,apep_1298/v1/metadata.json,https://raw.githubusercontent.com/SocialCatalystLab/ape-papers/70c660ea5a7de722e9a12ad965e1c665890208d8/apep_1298/v1/metadata.json,5a56caa25e2d6fe3ed6be629d295e7629c4f3ac4,751972a399b716dfb5b9e4edbdd05843855bb09593633aab5e62fc3715959370,json-semantic
meta/apep_1299__v1.json,apep_1299/v1/metadata.json,https://raw.githubusercontent.com/SocialCatalystLab/ape-papers/70c660ea5a7de722e9a12ad965e1c665890208d8/apep_1299/v1/metadata.json,d534c7fc883c474cc97ca3b4e9081b4e3f296e38,dd690fcead9ee1a83a3abb12fa7c6d8b7b8a3a07a77d3271f78100b2f3180eea,json-semantic
meta/apep_1300__v1.json,apep_1300/v1/metadata.json,https://raw.githubusercontent.com/SocialCatalystLab/ape-papers/70c660ea5a7de722e9a12ad965e1c665890208d8/apep_1300/v1/metadata.json,4e21632e644a49328dcc0de490b51022a9fddc3a,3ddce121503163c675253a7f76ce2d7eec8eb2b7e58d7e1ced97cc6c81a2267a,json-semantic
meta/apep_1301__v1.json,apep_1301/v1/metadata.json,https://raw.githubusercontent.com/SocialCatalystLab/ape-papers/70c660ea5a7de722e9a12ad965e1c665890208d8/apep_1301/v1/metadata.json,4483c2eb09e86528ea09bd3fcd526c681da6f113,583aacdac0f381dc4c7fa1c66c754048c7853df57b7019c04a30f040bd5b81c1,json-semantic
meta/apep_1304__v1.json,apep_1304/v1/metadata.json,https://raw.githubusercontent.com/SocialCatalystLab/ape-papers/70c660ea5a7de722e9a12ad965e1c665890208d8/apep_1304/v1/metadata.json,d5214a2f90a281ae223ada189a32b033363d234b,bd9633514eb07e24825e1c8aed6f54184774d7587029fb30b7d991273d09c1e9,json-semantic
meta/apep_1310__v1.json,apep_1310/v1/metadata.json,https://raw.githubusercontent.com/SocialCatalystLab/ape-papers/70c660ea5a7de722e9a12ad965e1c665890208d8/apep_1310/v1/metadata.json,0700aa1a4cb1fd1954252700e69caf5ca862b9f7,956b84e543bf20fd944a70421e4999396ed338a4322646584862ceb60ae3039c,json-semantic
meta/apep_1311__v1.json,apep_1311/v1/metadata.json,https://raw.githubusercontent.com/SocialCatalystLab/ape-papers/70c660ea5a7de722e9a12ad965e1c665890208d8/apep_1311/v1/metadata.json,c5bf3d815ccbca8514a78053d6255b93ee774b74,cfdbf20d74d32b67338c487a0465fe6745f3779787c0ef62e9d4aed062144623,json-semantic
meta/apep_1312__v1.json,apep_1312/v1/metadata.json,https://raw.githubusercontent.com/SocialCatalystLab/ape-papers/70c660ea5a7de722e9a12ad965e1c665890208d8/apep_1312/v1/metadata.json,563f3cd5bb4cfb18e3e652750411a74bc2d35dc1,6797199a51b2778c489dafba704b29c2946fcabb5339e79bc57b1f1b05e8c4fe,json-semantic
meta/apep_1314__v1.json,apep_1314/v1/metadata.json,https://raw.githubusercontent.com/SocialCatalystLab/ape-papers/70c660ea5a7de722e9a12ad965e1c665890208d8/apep_1314/v1/metadata.json,c3dd3646b8ff578280977c87d120e1de4966414b,52521a99fa8062e3faf02a477f01c4c0406f70e95fa4c477025d89906b81e4ca,json-semantic
meta/apep_1315__v1.json,apep_1315/v1/metadata.json,https://raw.githubusercontent.com/SocialCatalystLab/ape-papers/70c660ea5a7de722e9a12ad965e1c665890208d8/apep_1315/v1/metadata.json,4ee46c568d2a108c561abf424d4cf6404ce30f3d,9dd020cd5fa3a0cb0976a07fc95a0f5c55c9646fd66504d4cf85ad7e9c0f70f3,json-semantic
meta/apep_1316__v1.json,apep_1316/v1/metadata.json,https://raw.githubusercontent.com/SocialCatalystLab/ape-papers/70c660ea5a7de722e9a12ad965e1c665890208d8/apep_1316/v1/metadata.json,7e3529389f4b2573bf59e0c246b6224fad0e4781,7bde5059657b8109198db2cc5adad69aed096b65bfaad16efc15e496404de552,json-semantic
meta/apep_1317__v1.json,apep_1317/v1/metadata.json,https://raw.githubusercontent.com/SocialCatalystLab/ape-papers/70c660ea5a7de722e9a12ad965e1c665890208d8/apep_1317/v1/metadata.json,1670cb459c9164cb7e641da1d95c4a85bbc10b6b,ec47807f948a3fa8c93645f14e82121ad2e41f1b9bb614e0895e286a08cb5b42,json-semantic
meta/apep_1318__v1.json,apep_1318/v1/metadata.json,https://raw.githubusercontent.com/SocialCatalystLab/ape-papers/70c660ea5a7de722e9a12ad965e1c665890208d8/apep_1318/v1/metadata.json,bd172b45e9bddaad00a2588a50b0f15216ac0778,b9b89dcab37745213b393b393558e099602fa450506ae8df1644bd7990e694e1,json-semantic
meta/apep_1319__v1.json,apep_1319/v1/metadata.json,https://raw.githubusercontent.com/SocialCatalystLab/ape-papers/70c660ea5a7de722e9a12ad965e1c665890208d8/apep_1319/v1/metadata.json,98bfc658107b4db34b9d404ba1e2dd32cdc21e0c,5b67d7771fa0abcf647fee52e682dc9599d4f660373528ada8a394f2af418bfc,json-semantic
meta/apep_1320__v1.json,apep_1320/v1/metadata.json,https://raw.githubusercontent.com/SocialCatalystLab/ape-papers/70c660ea5a7de722e9a12ad965e1c665890208d8/apep_1320/v1/metadata.json,1ccad00c9e25370e913a93f23617ee16fa446c70,2012430fd51f4f2c89f7d2145a651094692c4b048e4ecd864ef69a4e3d9496a6,json-semantic
meta/apep_1321__v1.json,apep_1321/v1/metadata.json,https://raw.githubusercontent.com/SocialCatalystLab/ape-papers/70c660ea5a7de722e9a12ad965e1c665890208d8/apep_1321/v1/metadata.json,0a98fd807646422e590773fd6bf203342e48d7e8,32e0efac410187f9ae4f5ab9eeea53f2800413d48805cd5aa2e9e82e81381edd,json-semantic
meta/apep_1322__v1.json,apep_1322/v1/metadata.json,https://raw.githubusercontent.com/SocialCatalystLab/ape-papers/70c660ea5a7de722e9a12ad965e1c665890208d8/apep_1322/v1/metadata.json,8ef89feb053ea41c08c154d0007661ef491fb744,7ee3552e7785affec37211ea1b8b6f5a9aef8d775e60a78c65d3b1c70496dd7f,json-semantic
meta/apep_1323__v1.json,apep_1323/v1/metadata.json,https://raw.githubusercontent.com/SocialCatalystLab/ape-papers/70c660ea5a7de722e9a12ad965e1c665890208d8/apep_1323/v1/metadata.json,a570bf71d6f48f6ce1f6a38b23bdf5e71871b4b8,521480cf670314e3da5ff81120f5772f877fd61f77f65325b4d362a57bd9c73c,json-semantic
meta/apep_1327__v1.json,apep_1327/v1/metadata.json,https://raw.githubusercontent.com/SocialCatalystLab/ape-papers/70c660ea5a7de722e9a12ad965e1c665890208d8/apep_1327/v1/metadata.json,5645bf6cc902abe0197fed9d5e60e90a1a29baab,dc7a3ea3bc7e1027305cb5c8063f2f796946be7517fdb534891d4e688c437c59,json-semantic
meta/apep_1328__v1.json,apep_1328/v1/metadata.json,https://raw.githubusercontent.com/SocialCatalystLab/ape-papers/70c660ea5a7de722e9a12ad965e1c665890208d8/apep_1328/v1/metadata.json,746c5ad1d799cc69670034344e5dc3f417225e9b,e47e4f32bcdc93754b55f1d43d2e76a93ac5c0446ee87bed45fc2da64551e773,json-semantic
meta/apep_1329__v1.json,apep_1329/v1/metadata.json,https://raw.githubusercontent.com/SocialCatalystLab/ape-papers/70c660ea5a7de722e9a12ad965e1c665890208d8/apep_1329/v1/metadata.json,e3d350b3f88dbcc4461fb8a9e835b8637cccf04d,f9cb255b3367f699291b5b9357ca211fdb00d35ed13948e68b4777da828905f8,json-semantic
meta/apep_1330__v1.json,apep_1330/v1/metadata.json,https://raw.githubusercontent.com/SocialCatalystLab/ape-papers/70c660ea5a7de722e9a12ad965e1c665890208d8/apep_1330/v1/metadata.json,8ce834a51200ab8ebe43dc972acdd405d4e99333,080d9bc316777fdd71a48315f516dbd8bbe3b49dba3481a5368ec88b29312629,json-semantic
meta/apep_1331__v1.json,apep_1331/v1/metadata.json,https://raw.githubusercontent.com/SocialCatalystLab/ape-papers/70c660ea5a7de722e9a12ad965e1c665890208d8/apep_1331/v1/metadata.json,4aa4a8ea228353c432c0f64b2ccae260cd627b98,874af0733f19b46178af9028f9a8c4649c8fc58e736658dbf02e914d819a167c,json-semantic
meta/apep_1332__v1.json,apep_1332/v1/metadata.json,https://raw.githubusercontent.com/SocialCatalystLab/ape-papers/70c660ea5a7de722e9a12ad965e1c665890208d8/apep_1332/v1/metadata.json,0bd78681e22a6ec874c93421926711946e930c7a,29216b2559ad828808fdeca7017b50f7b6328fa031768dd0647b5f8b1e32aeb1,json-semantic
meta/apep_1333__v1.json,apep_1333/v1/metadata.json,https://raw.githubusercontent.com/SocialCatalystLab/ape-papers/70c660ea5a7de722e9a12ad965e1c665890208d8/apep_1333/v1/metadata.json,d0f4545d30db99341682259a616d785530c14b91,13b371578485f78c92d706947b1f0858dcee91b46913f23a93a2407502efa366,json-semantic
meta/apep_1334__v1.json,apep_1334/v1/metadata.json,https://raw.githubusercontent.com/SocialCatalystLab/ape-papers/70c660ea5a7de722e9a12ad965e1c665890208d8/apep_1334/v1/metadata.json,39f6f3dd59f47b697dc3d3774dea7369275d0af0,918fc41ed3dda20660edff2c9109a25f0621b313e33a161d6a47d79131fc04ad,json-semantic
meta/apep_1335__v1.json,apep_1335/v1/metadata.json,https://raw.githubusercontent.com/SocialCatalystLab/ape-papers/70c660ea5a7de722e9a12ad965e1c665890208d8/apep_1335/v1/metadata.json,bed17dced6ecfbf588ce18f5cc69d91132e29017,e6f8a0b8d12e176a346e2e429f4e24b5f80e792345ace6064171a2957ec5c668,json-semantic
meta/apep_1336__v1.json,apep_1336/v1/metadata.json,https://raw.githubusercontent.com/SocialCatalystLab/ape-papers/70c660ea5a7de722e9a12ad965e1c665890208d8/apep_1336/v1/metadata.json,71e2b03fa7a179be43bafbef95bfc06a71966caf,d5b4d37a9bd637992ab3ff9e4462430baa2831194a0278c27216557310df6849,json-semantic
meta/apep_1337__v1.json,apep_1337/v1/metadata.json,https://raw.githubusercontent.com/SocialCatalystLab/ape-papers/70c660ea5a7de722e9a12ad965e1c665890208d8/apep_1337/v1/metadata.json,37d228b4fa7492cb40de1ba0e94c0b8d69ad88fc,2f85b0233032919280f68ff52cfc7f67d5802db4d63359353df3f759807e124a,json-semantic
meta/apep_1338__v1.json,apep_1338/v1/metadata.json,https://raw.githubusercontent.com/SocialCatalystLab/ape-papers/70c660ea5a7de722e9a12ad965e1c665890208d8/apep_1338/v1/metadata.json,72ee2a7eaced80c3728974cc714b33990b47f9e1,44e3a9f87695848e4542e8887c8a5947e82089ae7c441c4bb0c13dcada4399f3,json-semantic
meta/apep_1339__v1.json,apep_1339/v1/metadata.json,https://raw.githubusercontent.com/SocialCatalystLab/ape-papers/70c660ea5a7de722e9a12ad965e1c665890208d8/apep_1339/v1/metadata.json,2d16683808410e9f20782d1184368d49896e8e1f,0255c78eb414aa3251c0b731f42bb3143ccc12a67156f14a26e8f357ef6c53b5,json-semantic
meta/apep_1340__v1.json,apep_1340/v1/metadata.json,https://raw.githubusercontent.com/SocialCatalystLab/ape-papers/70c660ea5a7de722e9a12ad965e1c665890208d8/apep_1340/v1/metadata.json,31e14aeb384e6371ca8cda48cbb02465bd3fa36d,bbdb0446e8ac886ab176db094fe81733d26cd285bec8cc21331e9f0b3f608876,json-semantic
meta/apep_1341__v1.json,apep_1341/v1/metadata.json,https://raw.githubusercontent.com/SocialCatalystLab/ape-papers/70c660ea5a7de722e9a12ad965e1c665890208d8/apep_1341/v1/metadata.json,3acac7935cd769871c639973ea07715febf5306b,84128ea517207cf9ab8dbfc921e1a81915f232038fa13b251ebbc1d1b356132d,json-semantic
meta/apep_1342__v1.json,apep_1342/v1/metadata.json,https://raw.githubusercontent.com/SocialCatalystLab/ape-papers/70c660ea5a7de722e9a12ad965e1c665890208d8/apep_1342/v1/metadata.json,13a5db728e3341a662838a0ce643c9e3e1b8b274,00d14bc50894331d1c7b186439e73f17f497032085eb79cf85319489bb05a08e,json-semantic
meta/apep_1343__v1.json,apep_1343/v1/metadata.json,https://raw.githubusercontent.com/SocialCatalystLab/ape-papers/70c660ea5a7de722e9a12ad965e1c665890208d8/apep_1343/v1/metadata.json,c674e2b4f7f4395b01a8bb94717c62bf6590f06d,4f2d08a46bec376bf57eb44bca4ef424ad7ba0aa42319ddb51ee567cc0559da5,json-semantic
meta/apep_1344__v1.json,apep_1344/v1/metadata.json,https://raw.githubusercontent.com/SocialCatalystLab/ape-papers/70c660ea5a7de722e9a12ad965e1c665890208d8/apep_1344/v1/metadata.json,ea14658792884942612c05b0afe2ea6c1a04accf,6ed5ea2d0778bf3e978d512fc466237d09d3cd414412f70affa7da7758c5bf92,json-semantic
meta/apep_1345__v1.json,apep_1345/v1/metadata.json,https://raw.githubusercontent.com/SocialCatalystLab/ape-papers/70c660ea5a7de722e9a12ad965e1c665890208d8/apep_1345/v1/metadata.json,11ca31e2563a526ca602579180e30f16f79222c1,288a6629ba1631dccee75f7ff931a5bdc8f56fe76ec851a31fbb30e345a82b54,json-semantic
meta/apep_1346__v1.json,apep_1346/v1/metadata.json,https://raw.githubusercontent.com/SocialCatalystLab/ape-papers/70c660ea5a7de722e9a12ad965e1c665890208d8/apep_1346/v1/metadata.json,438e35bcc9733a1299d45053ef9b12b62ee60532,3c4402cd7e7cc0c30a63b06876e28e7640acb640e6876f000e4fa56b27f25331,json-semantic
meta/apep_1347__v1.json,apep_1347/v1/metadata.json,https://raw.githubusercontent.com/SocialCatalystLab/ape-papers/70c660ea5a7de722e9a12ad965e1c665890208d8/apep_1347/v1/metadata.json,9d3b2ff994e3997552f3855d9de9e0e86c7c8db3,a26081a2e2dbd912def11408dfb58994eefa0ca09f0b16c81edb91e95d60c0be,json-semantic
meta/apep_1348__v1.json,apep_1348/v1/metadata.json,https://raw.githubusercontent.com/SocialCatalystLab/ape-papers/70c660ea5a7de722e9a12ad965e1c665890208d8/apep_1348/v1/metadata.json,a7510432c46c2a6747980fa086e9b9cea921d699,fa98f336e1dacfee89d384426e68e9f1cb90031c4f7b54990251ab75a6a02fa0,json-semantic
meta/apep_1349__v1.json,apep_1349/v1/metadata.json,https://raw.githubusercontent.com/SocialCatalystLab/ape-papers/70c660ea5a7de722e9a12ad965e1c665890208d8/apep_1349/v1/metadata.json,665a209820e15f171c6db55aa92df009c51fa636,b8cef24f7cd52f06fff97cdac1500aa8e141448a5cd046444140d571eb6bdf1c,json-semantic
meta/apep_1350__v1.json,apep_1350/v1/metadata.json,https://raw.githubusercontent.com/SocialCatalystLab/ape-papers/70c660ea5a7de722e9a12ad965e1c665890208d8/apep_1350/v1/metadata.json,ec09a252bf8684e7396823ff60b2ebc405171a77,07cfe5d0a154ce547cb6248af3ae953f71591a5149065a7c2f4a0690ea5b3533,json-semantic
meta/apep_1377__v1.json,apep_1377/v1/metadata.json,https://raw.githubusercontent.com/SocialCatalystLab/ape-papers/70c660ea5a7de722e9a12ad965e1c665890208d8/apep_1377/v1/metadata.json,197fa10e67438be002a152b07a1273d784fe7e69,9cc203dd6bf550f556d499851bd215bdf2a69e8f7b5ef062fd338fafeac45ed9,json-semantic
meta/apep_1378__v1.json,apep_1378/v1/metadata.json,https://raw.githubusercontent.com/SocialCatalystLab/ape-papers/70c660ea5a7de722e9a12ad965e1c665890208d8/apep_1378/v1/metadata.json,44ebf95890f2b8f8607ec7edac04fad68ab1b3c8,e23e8692c75e014303d1297e327c510e63ec4e2fdf593c3f5c7bbe90ad19a038,json-semantic
meta/apep_1382__v1.json,apep_1382/v1/metadata.json,https://raw.githubusercontent.com/SocialCatalystLab/ape-papers/70c660ea5a7de722e9a12ad965e1c665890208d8/apep_1382/v1/metadata.json,779b1e9fd9c56d3fa5ce3ce1a148572381dd6792,1c8da66173fcb7811858676a3546caf648dfc4e58c1aa33d98ee8bc8906cae8c,json-semantic
meta/apep_1389__v1.json,apep_1389/v1/metadata.json,https://raw.githubusercontent.com/SocialCatalystLab/ape-papers/70c660ea5a7de722e9a12ad965e1c665890208d8/apep_1389/v1/metadata.json,1b7c41748ce99d4dbbd502d92905e9047f18ef4d,7f4b2137fbc709aa2d027c284e5c502853754c26847f03112a132087df20e9b1,json-semantic
meta/apep_1390__v1.json,apep_1390/v1/metadata.json,https://raw.githubusercontent.com/SocialCatalystLab/ape-papers/70c660ea5a7de722e9a12ad965e1c665890208d8/apep_1390/v1/metadata.json,6492d3d5db1918f0057219066410cf6b6ddda8d8,80136bb6d610be31486613361f2e82a9c1bd9fb02921c46a02ca338be68d4762,json-semantic
meta/apep_1393__v1.json,apep_1393/v1/metadata.json,https://raw.githubusercontent.com/SocialCatalystLab/ape-papers/70c660ea5a7de722e9a12ad965e1c665890208d8/apep_1393/v1/metadata.json,c4c50780b2970bb606c5623faf686c3e21632ff7,24f133f480e2582893c56e3b8555e91728e8844de0a334bb86a947607fff957e,json-semantic
meta/apep_1394__v1.json,apep_1394/v1/metadata.json,https://raw.githubusercontent.com/SocialCatalystLab/ape-papers/70c660ea5a7de722e9a12ad965e1c665890208d8/apep_1394/v1/metadata.json,e497ed79ac7bc2ebc2abc034c57c5e0f05e67a28,bff03c82ee44334036026ab61b0b3d7989acd6aef75238d22ae4b965e59f87dd,json-semantic
meta/apep_1399__v1.json,apep_1399/v1/metadata.json,https://raw.githubusercontent.com/SocialCatalystLab/ape-papers/70c660ea5a7de722e9a12ad965e1c665890208d8/apep_1399/v1/metadata.json,ac456764e98dc76b38f5d84746bb135dd41e741a,42cadf4ad1f1a5bfd60c6b8bf2fb79b7b3a93e9359703af2033e8552d63981a9,json-semantic
meta/apep_1400__v1.json,apep_1400/v1/metadata.json,https://raw.githubusercontent.com/SocialCatalystLab/ape-papers/70c660ea5a7de722e9a12ad965e1c665890208d8/apep_1400/v1/metadata.json,e9e2de76d044e64cc422c8c9daa1dfb80a624885,a05c90506f16a001dad75b7fde0e2a92010bfd6ac6dfb44576b8cc26071dbd96,json-semantic
meta/apep_1404__v1.json,apep_1404/v1/metadata.json,https://raw.githubusercontent.com/SocialCatalystLab/ape-papers/70c660ea5a7de722e9a12ad965e1c665890208d8/apep_1404/v1/metadata.json,6f01533367d24d90f9c3ab068f657751085f6458,7cb278210e91959d619561dbc8328309adcee5ee273845f63968c69c42507448,json-semantic
meta/apep_1407__v1.json,apep_1407/v1/metadata.json,https://raw.githubusercontent.com/SocialCatalystLab/ape-papers/70c660ea5a7de722e9a12ad965e1c665890208d8/apep_1407/v1/metadata.json,bc6bfffc7e1a2cb440a7a9f34cdbcc720116ab1d,38fb10342050abd0a8caff7164094c95c7272cb7cce6ff3dbbf39c205a4b0d86,json-semantic
meta/apep_1408__v1.json,apep_1408/v1/metadata.json,https://raw.githubusercontent.com/SocialCatalystLab/ape-papers/70c660ea5a7de722e9a12ad965e1c665890208d8/apep_1408/v1/metadata.json,9d9e6e4bec2b7acc879998af70848cc9f657cf97,00f4dc0811fd315d249d88311d1d55670d33d9ca3468a61c531b4a1519eaeee7,json-semantic
meta/apep_1409__v1.json,apep_1409/v1/metadata.json,https://raw.githubusercontent.com/SocialCatalystLab/ape-papers/70c660ea5a7de722e9a12ad965e1c665890208d8/apep_1409/v1/metadata.json,f73d2aaa8d89928aa35a5bdc682b5891481ce986,19acf97ea368a974baa6f1b7942b411cf02a8322812b8db32e1eeb96479aef89,json-semantic
meta/apep_1410__v1.json,apep_1410/v1/metadata.json,https://raw.githubusercontent.com/SocialCatalystLab/ape-papers/70c660ea5a7de722e9a12ad965e1c665890208d8/apep_1410/v1/metadata.json,03343645236746dde8e23b18b8693abedff16d94,6901a6cdfde1c9069d4d88ad6ba383f7e28e1763c8911cc6062c7b54581e05bc,json-semantic
meta/apep_1413__v1.json,apep_1413/v1/metadata.json,https://raw.githubusercontent.com/SocialCatalystLab/ape-papers/70c660ea5a7de722e9a12ad965e1c665890208d8/apep_1413/v1/metadata.json,74d889b65946aa6c160a522d957be636bbc10441,2f3045e9f4d51a4aeff02daf704c0192c1ef88eb67944c3d2690c11aced801a6,json-semantic
meta/apep_1414__v1.json,apep_1414/v1/metadata.json,https://raw.githubusercontent.com/SocialCatalystLab/ape-papers/70c660ea5a7de722e9a12ad965e1c665890208d8/apep_1414/v1/metadata.json,14ba7fac281ed7f03b2a6aefd838e98dab1a854d,548904935d7e4f9c2aebdcbb02a46e9fe75e5e56e98c28e09d056a10b3dd0372,json-semantic
meta/apep_1415__v1.json,apep_1415/v1/metadata.json,https://raw.githubusercontent.com/SocialCatalystLab/ape-papers/70c660ea5a7de722e9a12ad965e1c665890208d8/apep_1415/v1/metadata.json,3f0e85f21a79759f24ce7de585059be131942e65,11314c134451cd09104b1e498c1839f967f237bf84d5a2e7c3f3a79dc9d3acf9,json-semantic
meta/apep_1416__v1.json,apep_1416/v1/metadata.json,https://raw.githubusercontent.com/SocialCatalystLab/ape-papers/70c660ea5a7de722e9a12ad965e1c665890208d8/apep_1416/v1/metadata.json,60b1459b353372fd929ec6630c5ea3491823223b,5e0a844c8ed66843da875bbc027f2783addc644410232770d3d6430d42211203,json-semantic
meta/apep_1417__v1.json,apep_1417/v1/metadata.json,https://raw.githubusercontent.com/SocialCatalystLab/ape-papers/70c660ea5a7de722e9a12ad965e1c665890208d8/apep_1417/v1/metadata.json,83b07c109c67036399cff61cc178adf00620f5ae,bdeda8ae834fd3b7229bd54a4ce4a54d7368b4842d8fd8ed16502a7d3dfdd26f,json-semantic
meta/apep_1418__v1.json,apep_1418/v1/metadata.json,https://raw.githubusercontent.com/SocialCatalystLab/ape-papers/70c660ea5a7de722e9a12ad965e1c665890208d8/apep_1418/v1/metadata.json,1c95a3412ed2e9def24c9d3868dff644b887f5cd,146deb1b92b371eed6775833af248bfe476ded87584074448126aea94065c50d,json-semantic
meta/apep_1419__v1.json,apep_1419/v1/metadata.json,https://raw.githubusercontent.com/SocialCatalystLab/ape-papers/70c660ea5a7de722e9a12ad965e1c665890208d8/apep_1419/v1/metadata.json,ff857540a5da3ab24aee5f8759794ba22102106a,adf18a14cd2618895230ed669fc502ac024f963874536cb9fe87e0acd2231aa7,json-semantic
meta/apep_1420__v1.json,apep_1420/v1/metadata.json,https://raw.githubusercontent.com/SocialCatalystLab/ape-papers/70c660ea5a7de722e9a12ad965e1c665890208d8/apep_1420/v1/metadata.json,192d8f69cca4b53d45af26677da0f03122d063e4,23f68a199342faa84190c725d4d52136c4708d0208d3cb0427b87b9557292650,json-semantic
meta/apep_1421__v1.json,apep_1421/v1/metadata.json,https://raw.githubusercontent.com/SocialCatalystLab/ape-papers/70c660ea5a7de722e9a12ad965e1c665890208d8/apep_1421/v1/metadata.json,30ba215dc77182dbee9613accb213bac4ff74a9d,8063ce283c5512f351d9c3dc7e21e2749d856ce51708a9204f19ce69bed07336,json-semantic
meta/apep_1422__v1.json,apep_1422/v1/metadata.json,https://raw.githubusercontent.com/SocialCatalystLab/ape-papers/70c660ea5a7de722e9a12ad965e1c665890208d8/apep_1422/v1/metadata.json,e4f2569319cd763ccd25d821d8ff7c5393630172,fbfb092080cbce84bdefa4fe26b4ea7bbaa595b9619241d87b141250ec6a448a,json-semantic
meta/apep_1423__v1.json,apep_1423/v1/metadata.json,https://raw.githubusercontent.com/SocialCatalystLab/ape-papers/70c660ea5a7de722e9a12ad965e1c665890208d8/apep_1423/v1/metadata.json,1fdd7fa0eb2b36d3aa64eaced385b89070432ce5,841dba6b3462c482d0fa441f6a428e330222049b981984e6785eae51f8d2e0b1,json-semantic
meta/apep_1424__v1.json,apep_1424/v1/metadata.json,https://raw.githubusercontent.com/SocialCatalystLab/ape-papers/70c660ea5a7de722e9a12ad965e1c665890208d8/apep_1424/v1/metadata.json,618a00fd1735e644448d3b8bacc839c1def82645,824bdcba72ebb037a8dc1db804afcc8c1831935ecf893b746d52197d6452bfc4,json-semantic
meta/apep_1425__v1.json,apep_1425/v1/metadata.json,https://raw.githubusercontent.com/SocialCatalystLab/ape-papers/70c660ea5a7de722e9a12ad965e1c665890208d8/apep_1425/v1/metadata.json,f75f83c769584b819ff702ea2e8348eab86c9b54,17fd5677a74a7288111c4eb47aeb2873c3d21a997587575b0d8a9d59ed60a514,json-semantic
meta/apep_1426__v1.json,apep_1426/v1/metadata.json,https://raw.githubusercontent.com/SocialCatalystLab/ape-papers/70c660ea5a7de722e9a12ad965e1c665890208d8/apep_1426/v1/metadata.json,554d86904f71212f991d21569892dfa657b07c50,eff21ae7aebc307842655ab93f50247fdb393f52d7f8a25d3becffc1aaf0b8e4,json-semantic
meta/apep_1428__v1.json,apep_1428/v1/metadata.json,https://raw.githubusercontent.com/SocialCatalystLab/ape-papers/70c660ea5a7de722e9a12ad965e1c665890208d8/apep_1428/v1/metadata.json,3184335f1e63dde9462d202692b43f1ccbe7c9b2,5825a545e7d50619a7d88457314e28a8edb241df2bd0472bb2b3d65f9c250a9b,json-semantic
meta/apep_1431__v1.json,apep_1431/v1/metadata.json,https://raw.githubusercontent.com/SocialCatalystLab/ape-papers/70c660ea5a7de722e9a12ad965e1c665890208d8/apep_1431/v1/metadata.json,a84d0281e6bc008438a8138c484fe952515d029d,53b5ec6b86571accaa4922106241896204df0fac3e21b27ba2a696b416c48dba,json-semantic
meta/apep_1432__v1.json,apep_1432/v1/metadata.json,https://raw.githubusercontent.com/SocialCatalystLab/ape-papers/70c660ea5a7de722e9a12ad965e1c665890208d8/apep_1432/v1/metadata.json,bc6d0c0215e79779089f74b609dd18c52b7cf1f7,036ef48750375c799251f409b2f2b4f67941e7ecd664352b7bb366726f418a12,json-semantic
meta/apep_1434__v1.json,apep_1434/v1/metadata.json,https://raw.githubusercontent.com/SocialCatalystLab/ape-papers/70c660ea5a7de722e9a12ad965e1c665890208d8/apep_1434/v1/metadata.json,ecff5aa62526e3c793db62eac6d757a4d126441d,5ae26f5d07106083b742c1323107b3c73746364e13f7f5554a87833a8076fec3,json-semantic
meta/apep_1435__v1.json,apep_1435/v1/metadata.json,https://raw.githubusercontent.com/SocialCatalystLab/ape-papers/70c660ea5a7de722e9a12ad965e1c665890208d8/apep_1435/v1/metadata.json,d6fe6ffa5687ce9bffbd5edb56ec108a5c86d2bd,524400f329151635fd56c1de188a5b716e59ccd66d5634fbbcab22a5ad503bb4,json-semantic
meta/apep_1436__v1.json,apep_1436/v1/metadata.json,https://raw.githubusercontent.com/SocialCatalystLab/ape-papers/70c660ea5a7de722e9a12ad965e1c665890208d8/apep_1436/v1/metadata.json,a2bc5687272a797b7a720ee76d077414c8fb70e4,a773ea2616e101f529682b0a3dc9b150774effee51e671f9e309d72d19696270,json-semantic
meta/apep_1437__v1.json,apep_1437/v1/metadata.json,https://raw.githubusercontent.com/SocialCatalystLab/ape-papers/70c660ea5a7de722e9a12ad965e1c665890208d8/apep_1437/v1/metadata.json,a16e2382261b163907d3cac638749c34bc4afcd9,9e8dde4c52c4a54678cd3d62cbb17f9e5e59acda06d694910e094eb378342890,json-semantic
meta/apep_1439__v1.json,apep_1439/v1/metadata.json,https://raw.githubusercontent.com/SocialCatalystLab/ape-papers/70c660ea5a7de722e9a12ad965e1c665890208d8/apep_1439/v1/metadata.json,a099a0f750a832abaad3cad6480666f6e3d13405,5ad6aae7224b7ac8fdf5d254dcde13b8671c35ce8320c1e6486b1acdae60ecb3,json-semantic
meta/apep_1440__v1.json,apep_1440/v1/metadata.json,https://raw.githubusercontent.com/SocialCatalystLab/ape-papers/70c660ea5a7de722e9a12ad965e1c665890208d8/apep_1440/v1/metadata.json,5dc68e62bbe1b2048934b328dec17cb0770e46c1,596d616cb982feeaf8f0838c7aca5cc99a005c043a9fb5a36c812692a22fcc62,json-semantic
meta/apep_1441__v1.json,apep_1441/v1/metadata.json,https://raw.githubusercontent.com/SocialCatalystLab/ape-papers/70c660ea5a7de722e9a12ad965e1c665890208d8/apep_1441/v1/metadata.json,233a74b38a29cabd8eca8875d61956882d63e148,4fb3838053d69f6d2ab6191775ad87fa7f095fa65f4e17cd16b9fab08f63f755,json-semantic
meta/apep_1442__v1.json,apep_1442/v1/metadata.json,https://raw.githubusercontent.com/SocialCatalystLab/ape-papers/70c660ea5a7de722e9a12ad965e1c665890208d8/apep_1442/v1/metadata.json,c15a48c1bb702beac42fee6b6be3c0fc1e7a2456,20b65f019d653afa4a3c97edb59c342fe261b72e39677ac758cd098a47c03f65,json-semantic
meta/apep_1443__v1.json,apep_1443/v1/metadata.json,https://raw.githubusercontent.com/SocialCatalystLab/ape-papers/70c660ea5a7de722e9a12ad965e1c665890208d8/apep_1443/v1/metadata.json,5ce09499df7cd677a47092ed1572c157d08baf4c,3fe869cd5b67065924aa43d0eb81efcaf41081b224db184ceb2cb1bb25d6be19,json-semantic
meta/apep_1444__v1.json,apep_1444/v1/metadata.json,https://raw.githubusercontent.com/SocialCatalystLab/ape-papers/70c660ea5a7de722e9a12ad965e1c665890208d8/apep_1444/v1/metadata.json,2c0b8bd88ac2aeec1fec39fa1b8f318a8b4ad91d,974459f640767d68d43fb9c0c52ef52726cb38a11924ca0eb6bbaae9176c9f42,json-semantic
meta/apep_1445__v1.json,apep_1445/v1/metadata.json,https://raw.githubusercontent.com/SocialCatalystLab/ape-papers/70c660ea5a7de722e9a12ad965e1c665890208d8/apep_1445/v1/metadata.json,725dd52d23336f10047cf6f0a2809481dd77f686,910455e93e9ab6d5c758ab91451c2d74aaa128bd5c75c6021e44130cb4839784,json-semantic
meta/apep_1446__v1.json,apep_1446/v1/metadata.json,https://raw.githubusercontent.com/SocialCatalystLab/ape-papers/70c660ea5a7de722e9a12ad965e1c665890208d8/apep_1446/v1/metadata.json,8f5ca4d9cf07cd2ba24f18fc9a29558f2d28bc7c,b18a1c59c046f545157a99f2dedf614d3c51c5d0b502462258e4fbcb4f241369,json-semantic
meta/apep_1447__v1.json,apep_1447/v1/metadata.json,https://raw.githubusercontent.com/SocialCatalystLab/ape-papers/70c660ea5a7de722e9a12ad965e1c665890208d8/apep_1447/v1/metadata.json,76b1aebe98e47bd66139b046486f3bd89c11cb5e,2673c4d6ededb8cd5d5cf907837917756177d051892cc6629031d611416a2790,json-semantic
meta/apep_1448__v1.json,apep_1448/v1/metadata.json,https://raw.githubusercontent.com/SocialCatalystLab/ape-papers/70c660ea5a7de722e9a12ad965e1c665890208d8/apep_1448/v1/metadata.json,803cb178607d2dbec838fa19359ffa17424ccd91,75f3ab6b4ae4fc8f66020c1172cfa7295bad934abb8175374cde8ede6202cd65,json-semantic
meta/apep_1449__v1.json,apep_1449/v1/metadata.json,https://raw.githubusercontent.com/SocialCatalystLab/ape-papers/70c660ea5a7de722e9a12ad965e1c665890208d8/apep_1449/v1/metadata.json,8e7fc464b5d1abcdc3e257fdc6ca181712cb4e3c,e7dc02f9d7afc6312cca8584a5b2750ccd1f555c0f0c50aa4e6c0d707c8466e5,json-semantic
meta/apep_1450__v1.json,apep_1450/v1/metadata.json,https://raw.githubusercontent.com/SocialCatalystLab/ape-papers/70c660ea5a7de722e9a12ad965e1c665890208d8/apep_1450/v1/metadata.json,38bba2bc3f4b32b42cac461f8cbbb29aaa763330,6ee50480b5f027ac45401df3a27768446605c1414cdb6e90128f8ae7af935ec2,json-semantic
meta/apep_1452__v1.json,apep_1452/v1/metadata.json,https://raw.githubusercontent.com/SocialCatalystLab/ape-papers/70c660ea5a7de722e9a12ad965e1c665890208d8/apep_1452/v1/metadata.json,b99e9648ccf6f89a4b80b95a57d3e336888b83fe,6d6ca0f3bc215d4421b9f687e1ecb51eac9d0e7c47cfa8bc1167c0977a076515,json-semantic
meta/apep_1454__v1.json,apep_1454/v1/metadata.json,https://raw.githubusercontent.com/SocialCatalystLab/ape-papers/70c660ea5a7de722e9a12ad965e1c665890208d8/apep_1454/v1/metadata.json,ab370c70521e1aaf841422d97dc1a61b9e89d549,b49d01b1e134cee706a0d5ab5c9062002811c2bb7f54f81f44f9a79581151fbb,json-semantic
meta/apep_1455__v1.json,apep_1455/v1/metadata.json,https://raw.githubusercontent.com/SocialCatalystLab/ape-papers/70c660ea5a7de722e9a12ad965e1c665890208d8/apep_1455/v1/metadata.json,b921ba7c09e55687c80bda3193b59e6e0dd8f67f,25bf7fb3e1908bbe8884aed8623982e47587df1422702d1c4f856967baa6f157,json-semantic
meta/apep_1456__v1.json,apep_1456/v1/metadata.json,https://raw.githubusercontent.com/SocialCatalystLab/ape-papers/70c660ea5a7de722e9a12ad965e1c665890208d8/apep_1456/v1/metadata.json,465315a22a6a7ad1914cc183105ef3450700dbeb,265943a840ff27472acbc642ae08422ab344e5ebbdfac7b738ad75669fe30419,json-semantic
meta/apep_1457__v1.json,apep_1457/v1/metadata.json,https://raw.githubusercontent.com/SocialCatalystLab/ape-papers/70c660ea5a7de722e9a12ad965e1c665890208d8/apep_1457/v1/metadata.json,d16b225645a12017f2a03cb9a2698bb28bdb40d5,ab31ab9eae83a0118edf58127eacbb5ffe36c8e17e573dee93cc7ca69e5d2620,json-semantic
meta/apep_1458__v1.json,apep_1458/v1/metadata.json,https://raw.githubusercontent.com/SocialCatalystLab/ape-papers/70c660ea5a7de722e9a12ad965e1c665890208d8/apep_1458/v1/metadata.json,59a6a9c5be445f37c9e0b7ca68349bb0325d6460,066721a8ebe14a7c7bb169e9ad381a254905bd3dcfcb2f31f9c8cf509e204a54,json-semantic
meta/apep_1459__v1.json,apep_1459/v1/metadata.json,https://raw.githubusercontent.com/SocialCatalystLab/ape-papers/70c660ea5a7de722e9a12ad965e1c665890208d8/apep_1459/v1/metadata.json,d0a7414a40e616c01b232b74fa032804d90b7685,ea610dfc6384e34964a52ace4b9637bc8ffda435643f0577028c442b6468d7bb,json-semantic
meta/apep_1460__v1.json,apep_1460/v1/metadata.json,https://raw.githubusercontent.com/SocialCatalystLab/ape-papers/70c660ea5a7de722e9a12ad965e1c665890208d8/apep_1460/v1/metadata.json,ed68cea8d27872a9c2bb14d36ac84032f1a079be,91261da1cab75c4926e313b81ce27f4fe3130d6e91ae010a5f1b787cb09486f0,json-semantic
meta/apep_1461__v1.json,apep_1461/v1/metadata.json,https://raw.githubusercontent.com/SocialCatalystLab/ape-papers/70c660ea5a7de722e9a12ad965e1c665890208d8/apep_1461/v1/metadata.json,e0c3352cf0e13e806bf57fabb21192a1197d0e22,9a0f95fe6cad22dc833113ba2099dda1422f7eb275d2a76c0ae3639bace059a0,json-semantic
papers/apep_0569_v1.tex,apep_0569/v1/paper.tex,https://raw.githubusercontent.com/SocialCatalystLab/ape-papers/70c660ea5a7de722e9a12ad965e1c665890208d8/apep_0569/v1/paper.tex,bcdb0d46e211e208f4062aafa0206babaf36ae5d,f99458d1802fad163957ecea38f737fe4cdceb22e533e19f291837e30df78ec3,lf-normalized
papers/apep_0572_v1.tex,apep_0572/v1/paper.tex,https://raw.githubusercontent.com/SocialCatalystLab/ape-papers/70c660ea5a7de722e9a12ad965e1c665890208d8/apep_0572/v1/paper.tex,bcdb0d46e211e208f4062aafa0206babaf36ae5d,f99458d1802fad163957ecea38f737fe4cdceb22e533e19f291837e30df78ec3,lf-normalized
papers/apep_0591_v2.tex,apep_0591/v2/paper.tex,https://raw.githubusercontent.com/SocialCatalystLab/ape-papers/70c660ea5a7de722e9a12ad965e1c665890208d8/apep_0591/v2/paper.tex,34a5fcad663c83042a3c2d9828ec9e30428f60eb,17bdd235e61bdc3c959bd8bcf0bae264af98ef1a1610e7281f572da4df58484c,lf-normalized
papers/apep_0592_v1.tex,apep_0592/v1/paper.tex,https://raw.githubusercontent.com/SocialCatalystLab/ape-papers/70c660ea5a7de722e9a12ad965e1c665890208d8/apep_0592/v1/paper.tex,79a9c38c27c02ef325b9d49a31cf289e3863e849,3a381a8003ecfcebce553b016679d40a6c9fcbd367e560fa4d53bff78ef74f4e,lf-normalized
papers/apep_0593_v1.tex,apep_0593/v1/paper.tex,https://raw.githubusercontent.com/SocialCatalystLab/ape-papers/70c660ea5a7de722e9a12ad965e1c665890208d8/apep_0593/v1/paper.tex,3c4d0f117ce1b9421026b1a6620ff49884cdea2b,70a2fd42b490434e034e13d06bd9c3add609f9202e508bbe0fcaad888bd54f5f,lf-normalized
papers/apep_0594_v1.tex,apep_0594/v1/paper.tex,https://raw.githubusercontent.com/SocialCatalystLab/ape-papers/70c660ea5a7de722e9a12ad965e1c665890208d8/apep_0594/v1/paper.tex,8604fe1baa55212eafaf3fbf69e4e2e05f97fb9e,9cdd938ff1093259d60043cfa9706ae368825492bab6c47e941f1775a857d36d,lf-normalized
papers/apep_0595_v1.tex,apep_0595/v1/paper.tex,https://raw.githubusercontent.com/SocialCatalystLab/ape-papers/70c660ea5a7de722e9a12ad965e1c665890208d8/apep_0595/v1/paper.tex,cc174eaddadc2dfafbc579053b23955ebda57cab,b17cfa012336f97742531d8a1ba0ecd3d6573452b56c23dceb4995f5b34cd086,lf-normalized
papers/apep_0596_v1.tex,apep_0596/v1/paper.tex,https://raw.githubusercontent.com/SocialCatalystLab/ape-papers/70c660ea5a7de722e9a12ad965e1c665890208d8/apep_0596/v1/paper.tex,56c3d54abf583f982305221b5961386e6fe3dbf2,486111fbf83070ab85d641fa4d4a62b42cf453648c5d3e7a4a7fe55e2333593e,lf-normalized
papers/apep_0597_v1.tex,apep_0597/v1/paper.tex,https://raw.githubusercontent.com/SocialCatalystLab/ape-papers/70c660ea5a7de722e9a12ad965e1c665890208d8/apep_0597/v1/paper.tex,c0754b4e56fa7a477f552857799f7d2a3adf6d23,20e7cf1c08661e08855147fe82f4e7a354e2a3d4acf2eaaf88536e8e49dd51d4,lf-normalized
papers/apep_0598_v1.tex,apep_0598/v1/paper.tex,https://raw.githubusercontent.com/SocialCatalystLab/ape-papers/70c660ea5a7de722e9a12ad965e1c665890208d8/apep_0598/v1/paper.tex,24e8ec871945fcad690ac92e6437fa2c27d0274b,d84d46835519ddd8311a618329ffbafd323099f0974d4cac321c1f8445cd4999,lf-normalized
papers/apep_0599_v1.tex,apep_0599/v1/paper.tex,https://raw.githubusercontent.com/SocialCatalystLab/ape-papers/70c660ea5a7de722e9a12ad965e1c665890208d8/apep_0599/v1/paper.tex,6318a33321b847250541210fecc783443f9693d7,3c5ca78198d178e548f185e243dfe174a4ed1569f89f3d8adfd58041b961bdff,lf-normalized
papers/apep_0600_v1.tex,apep_0600/v1/paper.tex,https://raw.githubusercontent.com/SocialCatalystLab/ape-papers/70c660ea5a7de722e9a12ad965e1c665890208d8/apep_0600/v1/paper.tex,15095de6c9cdd3f7b3d1a30f2de283172fa2b747,5aa1e300ede23f2d88da8c2a4889d6c753f0a590183a1ecfb30409f3ab03fd6b,lf-normalized
papers/apep_0601_v1.tex,apep_0601/v1/paper.tex,https://raw.githubusercontent.com/SocialCatalystLab/ape-papers/70c660ea5a7de722e9a12ad965e1c665890208d8/apep_0601/v1/paper.tex,68f8602e36b5c1d265f14746160eb060d4d83a09,5c347da5c19b1c1904dc46fc417a0bc490fda13fbc7f370218b3addb57c63f2f,lf-normalized
papers/apep_0602_v1.tex,apep_0602/v1/paper.tex,https://raw.githubusercontent.com/SocialCatalystLab/ape-papers/70c660ea5a7de722e9a12ad965e1c665890208d8/apep_0602/v1/paper.tex,0ce00231ba79d60c9449115c01d2fb7659646bc2,67aaad67d9e92f281241848238c0f5c5cca00dad2eaede6ba5cc710dbcb10505,lf-normalized
papers/apep_0603_v1.tex,apep_0603/v1/paper.tex,https://raw.githubusercontent.com/SocialCatalystLab/ape-papers/70c660ea5a7de722e9a12ad965e1c665890208d8/apep_0603/v1/paper.tex,a23e9e2c52b7a539b65f6b120969360358f7c2c8,9050fca190cbc072108b03007c65d9427e5f4bd80932b78e741ede2e2c808b35,lf-normalized
papers/apep_0604_v1.tex,apep_0604/v1/paper.tex,https://raw.githubusercontent.com/SocialCatalystLab/ape-papers/70c660ea5a7de722e9a12ad965e1c665890208d8/apep_0604/v1/paper.tex,84a3675c090a1c834170f425060973bce56a90a6,edaf756f920dbc82db43ad12e15fca58a441a5d943910822f8961b77c26d2d8b,lf-normalized
papers/apep_0605_v1.tex,apep_0605/v1/paper.tex,https://raw.githubusercontent.com/SocialCatalystLab/ape-papers/70c660ea5a7de722e9a12ad965e1c665890208d8/apep_0605/v1/paper.tex,c7112c11f162280741b6a3ababfc9dbb1bc9bd8c,4c11156468b8abe60a8ef5633c036a43d7d17a9b4a1a2218ca3d547cfd4a1131,lf-normalized
papers/apep_0606_v1.tex,apep_0606/v1/paper.tex,https://raw.githubusercontent.com/SocialCatalystLab/ape-papers/70c660ea5a7de722e9a12ad965e1c665890208d8/apep_0606/v1/paper.tex,435bd65a870d0d80a982adb9f3178dbec2e82eed,08a2c624d1a52cfbb41473a86d42bbde62750a6d1e1b291e0b58fe32b1bc22d3,lf-normalized
papers/apep_0607_v1.tex,apep_0607/v1/paper.tex,https://raw.githubusercontent.com/SocialCatalystLab/ape-papers/70c660ea5a7de722e9a12ad965e1c665890208d8/apep_0607/v1/paper.tex,0b74ee07ccd3aa7516c5200ec8d17447d880c7ca,d85da0956d705c3f75308d34ab440c6ac0516cae01a2ab99a72d901c3fd67615,lf-normalized
papers/apep_0608_v1.tex,apep_0608/v1/paper.tex,https://raw.githubusercontent.com/SocialCatalystLab/ape-papers/70c660ea5a7de722e9a12ad965e1c665890208d8/apep_0608/v1/paper.tex,66ee538334ea77f8380fa2c77f62f240ff5a0105,67c0e5895ca28092d16e0e10d735e2fc14ce40805051de90033d081957e0b17b,lf-normalized
papers/apep_0609_v1.tex,apep_0609/v1/paper.tex,https://raw.githubusercontent.com/SocialCatalystLab/ape-papers/70c660ea5a7de722e9a12ad965e1c665890208d8/apep_0609/v1/paper.tex,67e5791c05e06fbe84c36632f31571ee86ea2296,3d889e3dc1853f68beaaf947e949b1d1fe3b40d1fee6fa7e8b0afc903f2df763,lf-normalized
papers/apep_0610_v1.tex,apep_0610/v1/paper.tex,https://raw.githubusercontent.com/SocialCatalystLab/ape-papers/70c660ea5a7de722e9a12ad965e1c665890208d8/apep_0610/v1/paper.tex,99df0dab4c5d0893bad3ad2a88d07ec9bc062e5c,45c127d524e45c76f183f8cc003dedb84af2c6962a0503c2f2fb236f33a5fe89,lf-normalized
papers/apep_0611_v1.tex,apep_0611/v1/paper.tex,https://raw.githubusercontent.com/SocialCatalystLab/ape-papers/70c660ea5a7de722e9a12ad965e1c665890208d8/apep_0611/v1/paper.tex,b2a6b5016655881f0e6f923ab0da5dd25ea75984,b564602f70e5835fb0d79ae6c216e605ce39be8c4588a1a14ba97f41574f0e84,lf-normalized
papers/apep_0612_v1.tex,apep_0612/v1/paper.tex,https://raw.githubusercontent.com/SocialCatalystLab/ape-papers/70c660ea5a7de722e9a12ad965e1c665890208d8/apep_0612/v1/paper.tex,41ea26da5cf277f05f92d4601c439459e9555765,d94ba569db59180a39e6ef725af7bdbf04148f5be7b00e63c2c5bed5ddc8d62c,lf-normalized
papers/apep_0613_v1.tex,apep_0613/v1/paper.tex,https://raw.githubusercontent.com/SocialCatalystLab/ape-papers/70c660ea5a7de722e9a12ad965e1c665890208d8/apep_0613/v1/paper.tex,f5dce51fe3b16f2a84637f75cea4a84c5173d2c5,b1933c94bff6f912ee1cadcdfa449645f12326a55b9377a2a22b7c9caa8bca49,lf-normalized
papers/apep_0614_v1.tex,apep_0614/v1/paper.tex,https://raw.githubusercontent.com/SocialCatalystLab/ape-papers/70c660ea5a7de722e9a12ad965e1c665890208d8/apep_0614/v1/paper.tex,5f4b756f8f86a93ee85678c522c412ed9c1b1950,3cbfb77812b715beb70d6b1431aae8ecb73c73734822c68adc03a3bebc5a71a8,lf-normalized
papers/apep_0615_v1.tex,apep_0615/v1/paper.tex,https://raw.githubusercontent.com/SocialCatalystLab/ape-papers/70c660ea5a7de722e9a12ad965e1c665890208d8/apep_0615/v1/paper.tex,880b370d0846b232f085e78d5c17de8dbc4d436f,cb6238c5e1f2fadb03a87ce48159ddf7c505b786f523d4351ad8acd62426aee1,lf-normalized
papers/apep_0616_v1.tex,apep_0616/v1/paper.tex,https://raw.githubusercontent.com/SocialCatalystLab/ape-papers/70c660ea5a7de722e9a12ad965e1c665890208d8/apep_0616/v1/paper.tex,3767ad0106af1e37431af84c4bdc12e9995bd60f,a1b86586571d16e7d30e69aa2eb4b557cde833921fc6ab193d5289e57b47b121,lf-normalized
papers/apep_0617_v1.tex,apep_0617/v1/paper.tex,https://raw.githubusercontent.com/SocialCatalystLab/ape-papers/70c660ea5a7de722e9a12ad965e1c665890208d8/apep_0617/v1/paper.tex,d7ff61be9fd82938a791b7b5da8d27bf35ec4b14,7bcb62582e72b73de37e25894f1d36ea71a7b80ba2c8f9d2bdc82be19e05e9f0,lf-normalized
papers/apep_0618_v1.tex,apep_0618/v1/paper.tex,https://raw.githubusercontent.com/SocialCatalystLab/ape-papers/70c660ea5a7de722e9a12ad965e1c665890208d8/apep_0618/v1/paper.tex,a33bf998c1d541c57e50be55fe7c901b4757e109,ca83a1ef94da9cadb42b292e915a6c08c60f38eae8ad5f2d10f027f1ebfe4008,lf-normalized
papers/apep_0619_v1.tex,apep_0619/v1/paper.tex,https://raw.githubusercontent.com/SocialCatalystLab/ape-papers/70c660ea5a7de722e9a12ad965e1c665890208d8/apep_0619/v1/paper.tex,a97d0fbf57fd7c702888ecbcdb69518bf528cfb1,efedf8de4a4252a4574c19a5b9f8e54c0103172e823965b8976d0ad8d627eefb,lf-normalized
papers/apep_0620_v1.tex,apep_0620/v1/paper.tex,https://raw.githubusercontent.com/SocialCatalystLab/ape-papers/70c660ea5a7de722e9a12ad965e1c665890208d8/apep_0620/v1/paper.tex,8c76181e3d0d6421ec8088d4e2b8f6dec48028a4,e5f9f98768a7ba4bf54793362a311adc4a3bbc21225a1b97a94e9f483ec50214,lf-normalized
papers/apep_0621_v1.tex,apep_0621/v1/paper.tex,https://raw.githubusercontent.com/SocialCatalystLab/ape-papers/70c660ea5a7de722e9a12ad965e1c665890208d8/apep_0621/v1/paper.tex,64dde420388d12fe79bab779048e3e45359d54b0,65da5b3ee4ba99fe33d6e4cdfecbabe3dac507bb8a19fe33ef66e62139d28364,lf-normalized
papers/apep_0622_v1.tex,apep_0622/v1/paper.tex,https://raw.githubusercontent.com/SocialCatalystLab/ape-papers/70c660ea5a7de722e9a12ad965e1c665890208d8/apep_0622/v1/paper.tex,4848b365ab115063f06ddeab8f587f88f05011a9,525e7d6e98de2680809abc1fd5cb1505b3e52abd2c6de8ee0710d893461cbb4a,lf-normalized
papers/apep_0623_v1.tex,apep_0623/v1/paper.tex,https://raw.githubusercontent.com/SocialCatalystLab/ape-papers/70c660ea5a7de722e9a12ad965e1c665890208d8/apep_0623/v1/paper.tex,2ec5ef0a2e88b8629890b2b0a068594e18888d6e,d1605cd560ca7bbd3d3adf576fc857f1eb17e4df41fd1a68ce09b835ec5a67c7,lf-normalized
papers/apep_0624_v1.tex,apep_0624/v1/paper.tex,https://raw.githubusercontent.com/SocialCatalystLab/ape-papers/70c660ea5a7de722e9a12ad965e1c665890208d8/apep_0624/v1/paper.tex,7bbbe5d5e62ff7580f722f0dfc2580c4fd2dcaeb,221e1e4c8b0bd9f11dacb65a22e703b603708af2b8f92bb679bc82edf82dd8cc,lf-normalized
papers/apep_0625_v1.tex,apep_0625/v1/paper.tex,https://raw.githubusercontent.com/SocialCatalystLab/ape-papers/70c660ea5a7de722e9a12ad965e1c665890208d8/apep_0625/v1/paper.tex,88a10e4e2c91c5f5d6169b9a8e2f18f10c5f3630,53e3c8d34a80866beb14dfbc38f7d207aac87e364d21137c611d999aa67cb7cd,lf-normalized
papers/apep_0626_v2.tex,apep_0626/v2/paper.tex,https://raw.githubusercontent.com/SocialCatalystLab/ape-papers/70c660ea5a7de722e9a12ad965e1c665890208d8/apep_0626/v2/paper.tex,85b371600743f7a3dde1a2924e12c85e125c82ab,830fdea484d317613defc3807af25af591869fa7df6ef00d5a4c960dea739fe7,lf-normalized
papers/apep_0627_v1.tex,apep_0627/v1/paper.tex,https://raw.githubusercontent.com/SocialCatalystLab/ape-papers/70c660ea5a7de722e9a12ad965e1c665890208d8/apep_0627/v1/paper.tex,834eb1b09b5e85bbf7202b68b7be81336bfec0ee,9833ba42908bd540a551212832fd3bb4bd95071cfe355b9b38bcf8067191d3fe,lf-normalized
papers/apep_0628_v1.tex,apep_0628/v1/paper.tex,https://raw.githubusercontent.com/SocialCatalystLab/ape-papers/70c660ea5a7de722e9a12ad965e1c665890208d8/apep_0628/v1/paper.tex,bd40b7d35f234cf610a85486739cb34c916bc8d0,d2c8a25b0fac0b40168f9fdc92ecf1e23e46ca6775d9413266d3a3762ab0c5a2,lf-normalized
papers/apep_0630_v1.tex,apep_0630/v1/paper.tex,https://raw.githubusercontent.com/SocialCatalystLab/ape-papers/70c660ea5a7de722e9a12ad965e1c665890208d8/apep_0630/v1/paper.tex,003d1c81fd011a77d8fcfb1e1e05fe8eff036fe4,d77c97d31949d16abb9448dfdc12dd0657e5f62883bf77d44d079b2e57153efe,lf-normalized
papers/apep_0631_v1.tex,apep_0631/v1/paper.tex,https://raw.githubusercontent.com/SocialCatalystLab/ape-papers/70c660ea5a7de722e9a12ad965e1c665890208d8/apep_0631/v1/paper.tex,40f81800501f736a5548d63f17d40e31dfcc2c98,55d4aae8879fded5f15c3e44310cb8d7e6b00520224e69b29fa5d944e3179f79,lf-normalized
papers/apep_0632_v1.tex,apep_0632/v1/paper.tex,https://raw.githubusercontent.com/SocialCatalystLab/ape-papers/70c660ea5a7de722e9a12ad965e1c665890208d8/apep_0632/v1/paper.tex,ede996d1732d6e659bf4c872fae2c78b46d681c1,bb9165feb124b3891040270ef6c5bd590f43f944cbd65a67616eb2f298b72938,lf-normalized
papers/apep_0633_v1.tex,apep_0633/v1/paper.tex,https://raw.githubusercontent.com/SocialCatalystLab/ape-papers/70c660ea5a7de722e9a12ad965e1c665890208d8/apep_0633/v1/paper.tex,1733d134f74b88dbaad286319be60e788a1b13da,dc5c42fcae94fb66e569e5816f984f222db290aad9e9d96647e742d052376dd0,lf-normalized
papers/apep_0634_v1.tex,apep_0634/v1/paper.tex,https://raw.githubusercontent.com/SocialCatalystLab/ape-papers/70c660ea5a7de722e9a12ad965e1c665890208d8/apep_0634/v1/paper.tex,5dcfe5b8baa34d8811e549781a6987582bb9a95f,e38fbad1fa43dc723af14406e9eeea859fff1ff1a13078f7fc38ff1cad7915ef,lf-normalized
papers/apep_0636_v1.tex,apep_0636/v1/paper.tex,https://raw.githubusercontent.com/SocialCatalystLab/ape-papers/70c660ea5a7de722e9a12ad965e1c665890208d8/apep_0636/v1/paper.tex,0ff86f0024526a9dbff060f1b9819e4baaa53404,be94727500dde204a9ef708dfd7eb93ed40c52fdf5fbefc2f2456853dcf8f8d9,lf-normalized
papers/apep_0637_v1.tex,apep_0637/v1/paper.tex,https://raw.githubusercontent.com/SocialCatalystLab/ape-papers/70c660ea5a7de722e9a12ad965e1c665890208d8/apep_0637/v1/paper.tex,b1ae55b5b23e9bc4e77fa85a22a5344d849eeea3,a31772206573cf84ca67e621d62b32ee3ec5401bb99b28be6004ea0759befd0a,lf-normalized
papers/apep_0638_v1.tex,apep_0638/v1/paper.tex,https://raw.githubusercontent.com/SocialCatalystLab/ape-papers/70c660ea5a7de722e9a12ad965e1c665890208d8/apep_0638/v1/paper.tex,e7f72a4cd057059ab1713284afb4d541bfd6ec9a,c34a898c89ba82d652a430ac6220499f16cefdc085f58edc2b42bf59c8efd06d,lf-normalized
papers/apep_0639_v1.tex,apep_0639/v1/paper.tex,https://raw.githubusercontent.com/SocialCatalystLab/ape-papers/70c660ea5a7de722e9a12ad965e1c665890208d8/apep_0639/v1/paper.tex,79e3b735c3ce691ef610a0447c4805f7652077bf,311c19c1d14a1bd705aacabb8205e591e80b8cef5923dd298232a5024c295369,lf-normalized
papers/apep_0640_v1.tex,apep_0640/v1/paper.tex,https://raw.githubusercontent.com/SocialCatalystLab/ape-papers/70c660ea5a7de722e9a12ad965e1c665890208d8/apep_0640/v1/paper.tex,a1fa15c6634cf63ceb8a853f30c7bc2d51a0d213,7ee2d79e9ac1924905bb7b54bceac2a01dbd4ed524b892ce25abd4da2c46b657,lf-normalized
papers/apep_0641_v1.tex,apep_0641/v1/paper.tex,https://raw.githubusercontent.com/SocialCatalystLab/ape-papers/70c660ea5a7de722e9a12ad965e1c665890208d8/apep_0641/v1/paper.tex,b335cb9b959571de076f87da0e0ec7a19b2ac6c0,be58c939241d77318b7cf00c3de7729914e0d5d14f042df8275b1896b8c3e1af,lf-normalized
papers/apep_0643_v1.tex,apep_0643/v1/paper.tex,https://raw.githubusercontent.com/SocialCatalystLab/ape-papers/70c660ea5a7de722e9a12ad965e1c665890208d8/apep_0643/v1/paper.tex,d529d6badcd8915014081571b25fd7e5adde22f0,16384ecf566169cfbaf92b8c0f6df9fd61a0fb89f5661ee5ce6bb7e7a1a7fdbf,lf-normalized
papers/apep_0644_v1.tex,apep_0644/v1/paper.tex,https://raw.githubusercontent.com/SocialCatalystLab/ape-papers/70c660ea5a7de722e9a12ad965e1c665890208d8/apep_0644/v1/paper.tex,400845c1e28a3b66863cb7cc40ebc49f6f1ddfa7,84108afc78f3fec4d8ebd186fab7a257948d532b961338c0b9e29069ef807330,lf-normalized
papers/apep_0648_v1.tex,apep_0648/v1/paper.tex,https://raw.githubusercontent.com/SocialCatalystLab/ape-papers/70c660ea5a7de722e9a12ad965e1c665890208d8/apep_0648/v1/paper.tex,5860b03629832104d3a2bc6b6766c112d5f0db0a,9200143cfb90009777b3cb892790e8cd19e7847120bae0bf917dbe0058a9295a,lf-normalized
papers/apep_0649_v1.tex,apep_0649/v1/paper.tex,https://raw.githubusercontent.com/SocialCatalystLab/ape-papers/70c660ea5a7de722e9a12ad965e1c665890208d8/apep_0649/v1/paper.tex,da8221292826730a065234312b339301dcbc82bc,1d0acf12cf9bbccfa1a027e6f17b9344d4ada431909c17f35ae52e79e9326754,lf-normalized
papers/apep_0650_v1.tex,apep_0650/v1/paper.tex,https://raw.githubusercontent.com/SocialCatalystLab/ape-papers/70c660ea5a7de722e9a12ad965e1c665890208d8/apep_0650/v1/paper.tex,2be12c60d5c43e0bfb5696204040f0f7be04a701,f51d49e43ab5f9b7f14332521a082915e23dc8a42bf0c5b66117c0e3790c86c5,lf-normalized
papers/apep_0651_v1.tex,apep_0651/v1/paper.tex,https://raw.githubusercontent.com/SocialCatalystLab/ape-papers/70c660ea5a7de722e9a12ad965e1c665890208d8/apep_0651/v1/paper.tex,0eb7858decce36f75e7de6fb1ec41979da0e3389,b1fbfbfa921f637d7ca0fa1d976e5aba9fc95afd555f1a0fa8f7a1f46c87a8d3,lf-normalized
papers/apep_0652_v1.tex,apep_0652/v1/paper.tex,https://raw.githubusercontent.com/SocialCatalystLab/ape-papers/70c660ea5a7de722e9a12ad965e1c665890208d8/apep_0652/v1/paper.tex,a337b76189462c7886df3d722ef728bbe3884d15,6fbad97b6063e3dbf9678f50b1a2330925e11ef9b75f56c3e4c7d6e71ba1643f,lf-normalized
papers/apep_0653_v1.tex,apep_0653/v1/paper.tex,https://raw.githubusercontent.com/SocialCatalystLab/ape-papers/70c660ea5a7de722e9a12ad965e1c665890208d8/apep_0653/v1/paper.tex,41b660e98c3683a852e3a085a0573f50f511d94b,7dfc1d43d96a951657a828eb6c72af1257c36a8391e6b5dda64ef22fd5d0a871,lf-normalized
papers/apep_0654_v1.tex,apep_0654/v1/paper.tex,https://raw.githubusercontent.com/SocialCatalystLab/ape-papers/70c660ea5a7de722e9a12ad965e1c665890208d8/apep_0654/v1/paper.tex,1e6c8dcb4981339c5eb50cd30ee59ac0ddee64fe,fccc2f5d4151085ffe09094fee36179faccfd7ad6288dbc16b6fdfbbf5c0da54,lf-normalized
papers/apep_0655_v1.tex,apep_0655/v1/paper.tex,https://raw.githubusercontent.com/SocialCatalystLab/ape-papers/70c660ea5a7de722e9a12ad965e1c665890208d8/apep_0655/v1/paper.tex,556ddccc6b43ba8350118173b1c8f451e8ba0e8c,c7b57b1188a51953cd138474711237a03b5956243d5ec98b01770ff37877e92a,lf-normalized
papers/apep_0658_v1.tex,apep_0658/v1/paper.tex,https://raw.githubusercontent.com/SocialCatalystLab/ape-papers/70c660ea5a7de722e9a12ad965e1c665890208d8/apep_0658/v1/paper.tex,c6a6ce1ea696357e19418419baac2a57d202a0d2,3668ec7da45123ece9f29d9db52232fa4af63ee04fdb8ff6f0bbd32f56efcb25,lf-normalized
papers/apep_0659_v1.tex,apep_0659/v1/paper.tex,https://raw.githubusercontent.com/SocialCatalystLab/ape-papers/70c660ea5a7de722e9a12ad965e1c665890208d8/apep_0659/v1/paper.tex,e0e82cc1d4aaec0f1b4ba8dceede72a87fcb7f33,0d210ff63beae9969ee563ce269dd462e5e6680dcfa17e787ac1e28e9546ebcd,lf-normalized
papers/apep_0660_v1.tex,apep_0660/v1/paper.tex,https://raw.githubusercontent.com/SocialCatalystLab/ape-papers/70c660ea5a7de722e9a12ad965e1c665890208d8/apep_0660/v1/paper.tex,f7b26651e4d5da70a742e40cf1a4624feedcc01e,10286632962e7c8c695ff3b6d3cb117912ef57aa9388dc26bbebe4d970f01f9f,lf-normalized
papers/apep_0661_v1.tex,apep_0661/v1/paper.tex,https://raw.githubusercontent.com/SocialCatalystLab/ape-papers/70c660ea5a7de722e9a12ad965e1c665890208d8/apep_0661/v1/paper.tex,eb9f84309b59253e30e4b6b37508123223caceaf,dcc9d5e8c216ebcc6f71689c9d94b95fc12f9c9425cc64bbd87e11f69fe0dc1c,lf-normalized
papers/apep_0662_v1.tex,apep_0662/v1/paper.tex,https://raw.githubusercontent.com/SocialCatalystLab/ape-papers/70c660ea5a7de722e9a12ad965e1c665890208d8/apep_0662/v1/paper.tex,ef9390146ea59666427dbc6984ce4374316fa2cd,95919be9f9219660fbcbe0bbe300e026002ca80651763e9154857c5d4d2b8319,lf-normalized
papers/apep_0663_v1.tex,apep_0663/v1/paper.tex,https://raw.githubusercontent.com/SocialCatalystLab/ape-papers/70c660ea5a7de722e9a12ad965e1c665890208d8/apep_0663/v1/paper.tex,a2bc7e9e5d8aba223a6ef3332203a051ecbc95c5,90eb7b982f2d28dd561a9e445f80ed2e70d655f01044b6a21332951e5c96e348,lf-normalized
papers/apep_0664_v1.tex,apep_0664/v1/paper.tex,https://raw.githubusercontent.com/SocialCatalystLab/ape-papers/70c660ea5a7de722e9a12ad965e1c665890208d8/apep_0664/v1/paper.tex,6e4b2281177225bb74bc381533b386f927bc89c2,75f5970d609284955334e8fb35254251e31037baef3b2d8040c58bf8fba310e1,lf-normalized
papers/apep_0665_v1.tex,apep_0665/v1/paper.tex,https://raw.githubusercontent.com/SocialCatalystLab/ape-papers/70c660ea5a7de722e9a12ad965e1c665890208d8/apep_0665/v1/paper.tex,51d4002c7bc26700df878d67b0dd719755666409,437c536bbaa57fdf621379ce7491526bb31ad4fa9fe87399bfee7ee0faec5d70,lf-normalized
papers/apep_0666_v1.tex,apep_0666/v1/paper.tex,https://raw.githubusercontent.com/SocialCatalystLab/ape-papers/70c660ea5a7de722e9a12ad965e1c665890208d8/apep_0666/v1/paper.tex,0f9cf7adfca6ba014014bd706f3f3009d861598c,a89ae24ee444db24cf6e1fad832f673618359492070f0354646a721e4f1f8128,lf-normalized
papers/apep_0667_v1.tex,apep_0667/v1/paper.tex,https://raw.githubusercontent.com/SocialCatalystLab/ape-papers/70c660ea5a7de722e9a12ad965e1c665890208d8/apep_0667/v1/paper.tex,b39d5428368af0da38a8554a8ede48d42e15d021,f64d34e5f2976b73793dad3648deff9c0e9f1470c500859899bcff6c56107ef8,lf-normalized
papers/apep_0668_v1.tex,apep_0668/v1/paper.tex,https://raw.githubusercontent.com/SocialCatalystLab/ape-papers/70c660ea5a7de722e9a12ad965e1c665890208d8/apep_0668/v1/paper.tex,f0277e9c6e8192902800d139f6f311f452930573,35a9940fce02c8615347ae9415699db9a636a4840af7101d8e4cee132c6895da,lf-normalized
papers/apep_0669_v1.tex,apep_0669/v1/paper.tex,https://raw.githubusercontent.com/SocialCatalystLab/ape-papers/70c660ea5a7de722e9a12ad965e1c665890208d8/apep_0669/v1/paper.tex,3315b4df3d713023c6ee38076f8b81660e48d7ed,cf46cfd0752ea1d836a80405de8f3780dac26b4f92c2ee973c16d2a7429a601f,lf-normalized
papers/apep_0670_v1.tex,apep_0670/v1/paper.tex,https://raw.githubusercontent.com/SocialCatalystLab/ape-papers/70c660ea5a7de722e9a12ad965e1c665890208d8/apep_0670/v1/paper.tex,9f9ca997dae3058552156f3bc79277bd52df9fe6,590bda62e6f0acd1f53e3183c97cc8baa7eab66e83082db49177a10fd39a95ce,lf-normalized
papers/apep_0671_v1.tex,apep_0671/v1/paper.tex,https://raw.githubusercontent.com/SocialCatalystLab/ape-papers/70c660ea5a7de722e9a12ad965e1c665890208d8/apep_0671/v1/paper.tex,a27f17160dd4e461eb5dc0196de1def355e7a79f,bd99955468e81cb07cf0c0f880f3868ae63a2082530a73d47a635bafdba56bb3,lf-normalized
papers/apep_0674_v1.tex,apep_0674/v1/paper.tex,https://raw.githubusercontent.com/SocialCatalystLab/ape-papers/70c660ea5a7de722e9a12ad965e1c665890208d8/apep_0674/v1/paper.tex,1934466c5e0af32468aa40b7f6f00fba11705581,401a29c0e65eafb7745cb643903cc23f47f7440195907b7a4482eb5471830fae,lf-normalized
papers/apep_0675_v1.tex,apep_0675/v1/paper.tex,https://raw.githubusercontent.com/SocialCatalystLab/ape-papers/70c660ea5a7de722e9a12ad965e1c665890208d8/apep_0675/v1/paper.tex,792f3eb8131e3f9104dd6b9cb830ffc7e7e74c65,2c8dac5289894d85bb08b34f4ffdfa2ddeb11ef740913d692e426412e0dbc36d,lf-normalized
papers/apep_0676_v1.tex,apep_0676/v1/paper.tex,https://raw.githubusercontent.com/SocialCatalystLab/ape-papers/70c660ea5a7de722e9a12ad965e1c665890208d8/apep_0676/v1/paper.tex,3c0c70355f063790683b1c88c7a9f6133e938a87,21ebc943ae03a9f9117bec3b108b00687fee0d9f9f681ce1d9ed88cb99a640a0,lf-normalized
papers/apep_0677_v1.tex,apep_0677/v1/paper.tex,https://raw.githubusercontent.com/SocialCatalystLab/ape-papers/70c660ea5a7de722e9a12ad965e1c665890208d8/apep_0677/v1/paper.tex,f05df99e85270e53745829c1a53acee12b304ce8,3826d0202dd5dc371159464f9678583ca82fb3018c59a00859e767eb288f1903,lf-normalized
papers/apep_0678_v1.tex,apep_0678/v1/paper.tex,https://raw.githubusercontent.com/SocialCatalystLab/ape-papers/70c660ea5a7de722e9a12ad965e1c665890208d8/apep_0678/v1/paper.tex,e91aacb1ee5262209d0f2eed93ab970a66161e70,cd73b187a5543c20c49b4cb42ced70783923b460454edbece038da5f7be942b8,lf-normalized
papers/apep_0679_v1.tex,apep_0679/v1/paper.tex,https://raw.githubusercontent.com/SocialCatalystLab/ape-papers/70c660ea5a7de722e9a12ad965e1c665890208d8/apep_0679/v1/paper.tex,9aaa9f5543eabcdf9ec34812a8a97715bb805f18,a59718444af8d64c59d584d041da75850f99aaf940ff11177e7e33c41fae1913,lf-normalized
papers/apep_0680_v1.tex,apep_0680/v1/paper.tex,https://raw.githubusercontent.com/SocialCatalystLab/ape-papers/70c660ea5a7de722e9a12ad965e1c665890208d8/apep_0680/v1/paper.tex,33c8934d06d5b1399c3d29a1cf70f1f7d0a36498,3e129359b8e711058dd08b69cb970b5e611b092b9d585f747503cdb815ea343a,lf-normalized
papers/apep_0681_v1.tex,apep_0681/v1/paper.tex,https://raw.githubusercontent.com/SocialCatalystLab/ape-papers/70c660ea5a7de722e9a12ad965e1c665890208d8/apep_0681/v1/paper.tex,877b777d2e35e6ebb05f3a7787351314f373ab66,899fef3e6d29f34078f996bd4c997b5a2d95e09a0141d668bd408fffb78ca6b2,lf-normalized
papers/apep_0682_v1.tex,apep_0682/v1/paper.tex,https://raw.githubusercontent.com/SocialCatalystLab/ape-papers/70c660ea5a7de722e9a12ad965e1c665890208d8/apep_0682/v1/paper.tex,6c28b27940f3fe6c3d1818b26069a9747a822887,e28b803a17e091f5cf1f813049975878740c7fcae8cf295e111fd91d669b7ef3,lf-normalized
papers/apep_0683_v1.tex,apep_0683/v1/paper.tex,https://raw.githubusercontent.com/SocialCatalystLab/ape-papers/70c660ea5a7de722e9a12ad965e1c665890208d8/apep_0683/v1/paper.tex,9859178acec46473c50a0966ac6a3e36aa3930e1,343aeac1b9252421455c6259b1182beca88441dbfbf5e67c549e994f4e040b21,lf-normalized
papers/apep_0684_v1.tex,apep_0684/v1/paper.tex,https://raw.githubusercontent.com/SocialCatalystLab/ape-papers/70c660ea5a7de722e9a12ad965e1c665890208d8/apep_0684/v1/paper.tex,581d8893dbe13065f2007a2317e8bcc6ac68dfc7,42a8a053036a68b87cf24beeefb6d0cd582baed103ea669ee786c619f89b069f,lf-normalized
papers/apep_0685_v1.tex,apep_0685/v1/paper.tex,https://raw.githubusercontent.com/SocialCatalystLab/ape-papers/70c660ea5a7de722e9a12ad965e1c665890208d8/apep_0685/v1/paper.tex,3c8f926a018d0e44435ecd4e28ac3f54e17af7db,0d2c51e7d3dcfb875fede4867c95825e5eaeb561f75c2f5a6da937d41c28bb5f,lf-normalized
papers/apep_0686_v1.tex,apep_0686/v1/paper.tex,https://raw.githubusercontent.com/SocialCatalystLab/ape-papers/70c660ea5a7de722e9a12ad965e1c665890208d8/apep_0686/v1/paper.tex,ebf96b4ea41d283d2da4e296b752d2c8fcdd4705,55f2de0f6331bf889d976349fcc1c21a136684c4ff523afa122b122e1b6d274e,lf-normalized
papers/apep_0687_v1.tex,apep_0687/v1/paper.tex,https://raw.githubusercontent.com/SocialCatalystLab/ape-papers/70c660ea5a7de722e9a12ad965e1c665890208d8/apep_0687/v1/paper.tex,cff6a4fc947051a992ebca580979197ae2641dde,5718450120057b25e8926a968098df2d0bfd72df5fabec65e8b41df0a391b2ae,lf-normalized
papers/apep_0688_v1.tex,apep_0688/v1/paper.tex,https://raw.githubusercontent.com/SocialCatalystLab/ape-papers/70c660ea5a7de722e9a12ad965e1c665890208d8/apep_0688/v1/paper.tex,5ef57643a55e18faf3b86de2e9c4663f50ee3c6a,c2fd24059842e126425d9e2d3b5d1be386b13cab5083bd0c0f57743397813f73,lf-normalized
papers/apep_0689_v1.tex,apep_0689/v1/paper.tex,https://raw.githubusercontent.com/SocialCatalystLab/ape-papers/70c660ea5a7de722e9a12ad965e1c665890208d8/apep_0689/v1/paper.tex,85f7fa4b5fc50058d9c0f870c24a0e4821775e6e,d17c3f88322ade790fa4dca34065ffa786b408f0cf0d818099cd89b02ea5bef6,lf-normalized
papers/apep_0690_v1.tex,apep_0690/v1/paper.tex,https://raw.githubusercontent.com/SocialCatalystLab/ape-papers/70c660ea5a7de722e9a12ad965e1c665890208d8/apep_0690/v1/paper.tex,1a3a2913404c1ad930a3ef8370698592cbe9f3cf,366b1deee9f5235bf9d371b87bc285719bccd7e9de14e75b8fd51a17c118082b,lf-normalized
papers/apep_0691_v1.tex,apep_0691/v1/paper.tex,https://raw.githubusercontent.com/SocialCatalystLab/ape-papers/70c660ea5a7de722e9a12ad965e1c665890208d8/apep_0691/v1/paper.tex,7fdd40bf0b91865163b67ced1e1a3698f917c43b,2e5df1762fdf872701d41edb9757941e624b944aa3b3a28b102890e29f1dd8dd,lf-normalized
papers/apep_0692_v1.tex,apep_0692/v1/paper.tex,https://raw.githubusercontent.com/SocialCatalystLab/ape-papers/70c660ea5a7de722e9a12ad965e1c665890208d8/apep_0692/v1/paper.tex,d17a8ce562a471eb0fa0615ba3080fa0a3a5c3f9,87f288ddfd3b0ff68aa4a47778b67486bcc74d0dcbcc912fe4aa6881afea2ad1,lf-normalized
papers/apep_0693_v1.tex,apep_0693/v1/paper.tex,https://raw.githubusercontent.com/SocialCatalystLab/ape-papers/70c660ea5a7de722e9a12ad965e1c665890208d8/apep_0693/v1/paper.tex,257868298c099638c16adb49e2f1bc607e6ca8b7,83f7d133bc30891e563ceec27b53b2b96bea4fb832b0d3abfe11e4903e1e76a5,lf-normalized
papers/apep_0694_v1.tex,apep_0694/v1/paper.tex,https://raw.githubusercontent.com/SocialCatalystLab/ape-papers/70c660ea5a7de722e9a12ad965e1c665890208d8/apep_0694/v1/paper.tex,7098c950e35e923d52ce456c72d42cfb0089f691,08fb10f44dd1c0e5b1dd135b2ccd952cc4ffbc3fa22ffc308693e8fa3c21d160,lf-normalized
papers/apep_0695_v1.tex,apep_0695/v1/paper.tex,https://raw.githubusercontent.com/SocialCatalystLab/ape-papers/70c660ea5a7de722e9a12ad965e1c665890208d8/apep_0695/v1/paper.tex,dbedacd1f9aee8b3d7ca358461d0d34d3e372fc6,52f4b0f93499d04590b1faa582afeea7a4573f3b27d8e8c590a3cfc7b9c37854,lf-normalized
papers/apep_0696_v1.tex,apep_0696/v1/paper.tex,https://raw.githubusercontent.com/SocialCatalystLab/ape-papers/70c660ea5a7de722e9a12ad965e1c665890208d8/apep_0696/v1/paper.tex,341b7ee17d9109d23fc5570cccd6dd6eca4f7ac3,c1d912f8964e824fac24819d194dbda50888b362cb028fd6e3ebdaef55854231,lf-normalized
papers/apep_0697_v1.tex,apep_0697/v1/paper.tex,https://raw.githubusercontent.com/SocialCatalystLab/ape-papers/70c660ea5a7de722e9a12ad965e1c665890208d8/apep_0697/v1/paper.tex,8ea052c28ab959ca96199b78b05187a14ae9c0a1,ae8326ae633dad7f0f3b7c6e740fc8676380b7431d20dbcb389d6208d192449c,lf-normalized
papers/apep_0698_v1.tex,apep_0698/v1/paper.tex,https://raw.githubusercontent.com/SocialCatalystLab/ape-papers/70c660ea5a7de722e9a12ad965e1c665890208d8/apep_0698/v1/paper.tex,9277e936537395b69e84b304802dee76a2646140,37f10c520d0aaa797b88bd08ded669f47108e3949343e7774f070807bc3a9085,lf-normalized
papers/apep_0699_v1.tex,apep_0699/v1/paper.tex,https://raw.githubusercontent.com/SocialCatalystLab/ape-papers/70c660ea5a7de722e9a12ad965e1c665890208d8/apep_0699/v1/paper.tex,6fc1e9b810dea92fed5ce5d570fd82eabb51a301,f3ff5fa33e5252b602251e7ca83a799dee949506b51ddc5822aab0273ba27538,lf-normalized
papers/apep_0700_v1.tex,apep_0700/v1/paper.tex,https://raw.githubusercontent.com/SocialCatalystLab/ape-papers/70c660ea5a7de722e9a12ad965e1c665890208d8/apep_0700/v1/paper.tex,b431fa4571ca092655965f68c9fd7185440a1d2e,03aebb66ccea7567899e3a8390286d11c195effc136c75be0da9a39f64a47571,lf-normalized
papers/apep_0701_v1.tex,apep_0701/v1/paper.tex,https://raw.githubusercontent.com/SocialCatalystLab/ape-papers/70c660ea5a7de722e9a12ad965e1c665890208d8/apep_0701/v1/paper.tex,004446fb83207d661357909ba817aa47b56b5711,4a8d1f3d82f259e17ee9632ab70b767e75b131f8d4702018caa3d1f72c66d9e8,lf-normalized
papers/apep_0702_v1.tex,apep_0702/v1/paper.tex,https://raw.githubusercontent.com/SocialCatalystLab/ape-papers/70c660ea5a7de722e9a12ad965e1c665890208d8/apep_0702/v1/paper.tex,03ca4abe50f253c89c7e7a536e43f11021320ffc,16ed411dfc78e4167f66470e9a12d0747b5b1cf09986634619431337d3f0a2a0,lf-normalized
papers/apep_0703_v1.tex,apep_0703/v1/paper.tex,https://raw.githubusercontent.com/SocialCatalystLab/ape-papers/70c660ea5a7de722e9a12ad965e1c665890208d8/apep_0703/v1/paper.tex,e4dc355a429c3746f63bcdbcad4b5bc072a20622,f210e453c487505634eed9e61a0e3a8bba8ec8f0372dc0868ab4a6453c018cdb,lf-normalized
papers/apep_0704_v1.tex,apep_0704/v1/paper.tex,https://raw.githubusercontent.com/SocialCatalystLab/ape-papers/70c660ea5a7de722e9a12ad965e1c665890208d8/apep_0704/v1/paper.tex,dc9ce084feba078ccb8ceed9c4c22e46aafa6a0a,c921cd508880c099c94e3fd14d8f2251b328a15ba156f70f7119289d8e3dcead,lf-normalized
papers/apep_0705_v1.tex,apep_0705/v1/paper.tex,https://raw.githubusercontent.com/SocialCatalystLab/ape-papers/70c660ea5a7de722e9a12ad965e1c665890208d8/apep_0705/v1/paper.tex,29d6f110fb3c3daaa35e4f0717e3da7923320ad4,aae1b4ac2922bdf18af740ec768a87d28aaf47fae9dbbe6b259ab0f7f8b01fc3,lf-normalized
papers/apep_0706_v1.tex,apep_0706/v1/paper.tex,https://raw.githubusercontent.com/SocialCatalystLab/ape-papers/70c660ea5a7de722e9a12ad965e1c665890208d8/apep_0706/v1/paper.tex,fd08e765fab92aa087ba6a6be8862420550bdf4f,985df60bb95bac527e4320c7ad80af028e5ede473d78d47fa998c0b3715420da,lf-normalized
papers/apep_0707_v1.tex,apep_0707/v1/paper.tex,https://raw.githubusercontent.com/SocialCatalystLab/ape-papers/70c660ea5a7de722e9a12ad965e1c665890208d8/apep_0707/v1/paper.tex,2c354ad521feb25af937f0cb6c627bb5d6fb1918,1a5ab1be2f2568f8f4220b47ef9fb9376a548e6c4dbd0f6f39ec16804243f1da,lf-normalized
papers/apep_0708_v1.tex,apep_0708/v1/paper.tex,https://raw.githubusercontent.com/SocialCatalystLab/ape-papers/70c660ea5a7de722e9a12ad965e1c665890208d8/apep_0708/v1/paper.tex,8e2b48e5b60a422aae0ab38215090d7506d400d7,6f33fc3f272afe2fe63e4092a6cf09a717d7acead5ff42b9a648c0f419167118,lf-normalized
papers/apep_0709_v1.tex,apep_0709/v1/paper.tex,https://raw.githubusercontent.com/SocialCatalystLab/ape-papers/70c660ea5a7de722e9a12ad965e1c665890208d8/apep_0709/v1/paper.tex,db4837e47b3ec97d79bba95f4a5c6f01a617f8ed,2d884e88e3f740bdcd26266fdfea3256be07a50d04b45904338c80e4e06c46b7,lf-normalized
papers/apep_0710_v1.tex,apep_0710/v1/paper.tex,https://raw.githubusercontent.com/SocialCatalystLab/ape-papers/70c660ea5a7de722e9a12ad965e1c665890208d8/apep_0710/v1/paper.tex,21bfb6492cadd91700d1e9160fdc24210b02e2cb,7b19e59403866bc124a35cd88ac7389d5f28c128c89cd8bc3b753357352eb84b,lf-normalized
papers/apep_0711_v1.tex,apep_0711/v1/paper.tex,https://raw.githubusercontent.com/SocialCatalystLab/ape-papers/70c660ea5a7de722e9a12ad965e1c665890208d8/apep_0711/v1/paper.tex,2309ac566a8e25047e16e1f49681b223bb11be0d,4747a52e6d295ca801f61614336c00b41103ff51d914f2c6d8b1ea8b24b5b29f,lf-normalized
papers/apep_0712_v1.tex,apep_0712/v1/paper.tex,https://raw.githubusercontent.com/SocialCatalystLab/ape-papers/70c660ea5a7de722e9a12ad965e1c665890208d8/apep_0712/v1/paper.tex,0abbeff723a048a3d9f171b6ab6d531c23b2a95d,c1253f90795342ef7106c8fbe372f38bad6c3dcdec02b932ba63b36dd8258b89,lf-normalized
papers/apep_0713_v1.tex,apep_0713/v1/paper.tex,https://raw.githubusercontent.com/SocialCatalystLab/ape-papers/70c660ea5a7de722e9a12ad965e1c665890208d8/apep_0713/v1/paper.tex,be8930cf837a592c7193df2139a2a5f626c272cb,d0bb9ef41cb02de8a83b2ffb33003f1082868b1a04e127f9512297dcf528e505,lf-normalized
papers/apep_0714_v1.tex,apep_0714/v1/paper.tex,https://raw.githubusercontent.com/SocialCatalystLab/ape-papers/70c660ea5a7de722e9a12ad965e1c665890208d8/apep_0714/v1/paper.tex,2c3fbd4650e5a3942760c0730992120675d45790,74aef1e83a33ff155561e9f9ea0d3f7a0bb1e75ef392fd0ad678a61bd3a1043b,lf-normalized
papers/apep_0715_v1.tex,apep_0715/v1/paper.tex,https://raw.githubusercontent.com/SocialCatalystLab/ape-papers/70c660ea5a7de722e9a12ad965e1c665890208d8/apep_0715/v1/paper.tex,6bd2f74027f8c9349ab895aa70bf957c38ecdef8,3cd40344dd45b95d3103e1c68bc3f76dc88991a37b785c6fb5b56ca698990b1f,lf-normalized
papers/apep_0716_v1.tex,apep_0716/v1/paper.tex,https://raw.githubusercontent.com/SocialCatalystLab/ape-papers/70c660ea5a7de722e9a12ad965e1c665890208d8/apep_0716/v1/paper.tex,498e492443f1e18bba49a46db5a9661ab32940f4,ed85676645fc66c2111fd46e5ebffd9edc04b69f6a0b2553d63b6ddc99c9dedd,lf-normalized
papers/apep_0717_v1.tex,apep_0717/v1/paper.tex,https://raw.githubusercontent.com/SocialCatalystLab/ape-papers/70c660ea5a7de722e9a12ad965e1c665890208d8/apep_0717/v1/paper.tex,af784fd7850b029524e87cf94a0f056915a180b3,c39e0e17d486b93b0cb159f3806ab48da6cadc03be84ce55a1e826ed0abd3f2f,lf-normalized
papers/apep_0718_v1.tex,apep_0718/v1/paper.tex,https://raw.githubusercontent.com/SocialCatalystLab/ape-papers/70c660ea5a7de722e9a12ad965e1c665890208d8/apep_0718/v1/paper.tex,7a5a8954141b45111a9517fd3c5aec9455aa554c,387947373d1316a6c3f005e9f74e7ec4ad4577c97270219d4efba58a729f149e,lf-normalized
papers/apep_0719_v1.tex,apep_0719/v1/paper.tex,https://raw.githubusercontent.com/SocialCatalystLab/ape-papers/70c660ea5a7de722e9a12ad965e1c665890208d8/apep_0719/v1/paper.tex,1f8415f23266d3f5bc4e818cfde4fced60a2a926,27cb75074aec85c0e3d44b861e6a79373db66a011cd59d4f71f5d90546fdded0,lf-normalized
papers/apep_0720_v1.tex,apep_0720/v1/paper.tex,https://raw.githubusercontent.com/SocialCatalystLab/ape-papers/70c660ea5a7de722e9a12ad965e1c665890208d8/apep_0720/v1/paper.tex,3e2b31381fefd66ea595dbd83eec53edbc43623f,f4c807dca76c6300d092bf1625891ec7c70485765273b442c2d453df9045a423,lf-normalized
papers/apep_0721_v1.tex,apep_0721/v1/paper.tex,https://raw.githubusercontent.com/SocialCatalystLab/ape-papers/70c660ea5a7de722e9a12ad965e1c665890208d8/apep_0721/v1/paper.tex,09bfbdd713e470472fa7a2945ba7305db98df4fe,d2fc14cf7326831933d7e50c14308a801a584e28095ef93948501be095e8539b,lf-normalized
papers/apep_0722_v1.tex,apep_0722/v1/paper.tex,https://raw.githubusercontent.com/SocialCatalystLab/ape-papers/70c660ea5a7de722e9a12ad965e1c665890208d8/apep_0722/v1/paper.tex,e617e911a8c2d0c4cad976c265b147f2e1eda09a,d3a27d7317826348a03cb8328384b4c0330ade0fe41dc5d1a248c9705d8df34d,lf-normalized
papers/apep_0723_v1.tex,apep_0723/v1/paper.tex,https://raw.githubusercontent.com/SocialCatalystLab/ape-papers/70c660ea5a7de722e9a12ad965e1c665890208d8/apep_0723/v1/paper.tex,5f01e3e1fb859989ab85b3a2d1d004a5001f89b0,63a328f7830a81ddbafc679712d565f69256ce506ed535b1d92284217a3f48bd,lf-normalized
papers/apep_0726_v1.tex,apep_0726/v1/paper.tex,https://raw.githubusercontent.com/SocialCatalystLab/ape-papers/70c660ea5a7de722e9a12ad965e1c665890208d8/apep_0726/v1/paper.tex,1385536eae219cc53245db3a833f8476aa887b0d,fb2addc9cc24291b46162a05acbc667b55dd4fa1eaeda46159e342f417f3307c,lf-normalized
papers/apep_0728_v1.tex,apep_0728/v1/paper.tex,https://raw.githubusercontent.com/SocialCatalystLab/ape-papers/70c660ea5a7de722e9a12ad965e1c665890208d8/apep_0728/v1/paper.tex,09b471f54efb189c5d27f93e2dcda5073674e10f,2a95a3c21f3d54a977f732f35e4d773a69f9d232efa0da70b3c72e93f6eba975,lf-normalized
papers/apep_0729_v1.tex,apep_0729/v1/paper.tex,https://raw.githubusercontent.com/SocialCatalystLab/ape-papers/70c660ea5a7de722e9a12ad965e1c665890208d8/apep_0729/v1/paper.tex,2031ea57d544b9112cabd903ea3cd218d04abee9,057ef2159f2766bb6de1efd6401934bc859943b46687bd96e5ebe9cbf4e1c94a,lf-normalized
papers/apep_0730_v1.tex,apep_0730/v1/paper.tex,https://raw.githubusercontent.com/SocialCatalystLab/ape-papers/70c660ea5a7de722e9a12ad965e1c665890208d8/apep_0730/v1/paper.tex,481b7e42c5cbf8d285bbe2b8f4f022acf78ebe92,a1fbbeb470e582ff0b30a4b52f5eaa0f15e47df3e3c6f0e1fd283b91402b5de8,lf-normalized
papers/apep_0731_v1.tex,apep_0731/v1/paper.tex,https://raw.githubusercontent.com/SocialCatalystLab/ape-papers/70c660ea5a7de722e9a12ad965e1c665890208d8/apep_0731/v1/paper.tex,f7592436cc5490c6387e221fdf0135dccedb9614,2ddb7f0debb271373a7fae33ec83576d47c602fcc6cd04bb76cba5b4fd1bb680,lf-normalized
papers/apep_0732_v1.tex,apep_0732/v1/paper.tex,https://raw.githubusercontent.com/SocialCatalystLab/ape-papers/70c660ea5a7de722e9a12ad965e1c665890208d8/apep_0732/v1/paper.tex,8c6415a2397148401d30a9be66d76aacf4cfe93c,600d35a3348c885c67eea8cd0a61da74af540329de30cc48dcae9f958d1e19dd,lf-normalized
papers/apep_0733_v1.tex,apep_0733/v1/paper.tex,https://raw.githubusercontent.com/SocialCatalystLab/ape-papers/70c660ea5a7de722e9a12ad965e1c665890208d8/apep_0733/v1/paper.tex,7d9fdd06f26c021c46a0f9b8a33c896f4502c67b,0166c972078a2c23d5c1d8a4ddfa934f00d183bf372cfbc693058e6eeb6a3d46,lf-normalized
papers/apep_0734_v1.tex,apep_0734/v1/paper.tex,https://raw.githubusercontent.com/SocialCatalystLab/ape-papers/70c660ea5a7de722e9a12ad965e1c665890208d8/apep_0734/v1/paper.tex,021f2f84ef6e86156e686941fb239c73c2f79557,d3ff1a387c08d4b2f125bc1ad321796d0f068787f582868383810bef5f61d580,lf-normalized
papers/apep_0735_v1.tex,apep_0735/v1/paper.tex,https://raw.githubusercontent.com/SocialCatalystLab/ape-papers/70c660ea5a7de722e9a12ad965e1c665890208d8/apep_0735/v1/paper.tex,c764d0a588eea551a66ce4fb9c30510dda4c03bd,fc9594739251d43a5566d3645863121d48ea5a9455c39c1ee6c3b26ff6958c93,lf-normalized
papers/apep_0736_v1.tex,apep_0736/v1/paper.tex,https://raw.githubusercontent.com/SocialCatalystLab/ape-papers/70c660ea5a7de722e9a12ad965e1c665890208d8/apep_0736/v1/paper.tex,efe93da279c8574d5a8faa3097a0177dd21034fd,63ff65dc8fb5aa0063bfe11677c8904d82a2cf89aededc44af05d5bb6309aba3,lf-normalized
papers/apep_0737_v1.tex,apep_0737/v1/paper.tex,https://raw.githubusercontent.com/SocialCatalystLab/ape-papers/70c660ea5a7de722e9a12ad965e1c665890208d8/apep_0737/v1/paper.tex,770e531cee253b0ac9726f6960c3cdabb6c45960,d444ecf8e6cbc1b86e35f66b0933e4300e595de7c7bd7f1cc02ca23c4ec574d9,lf-normalized
papers/apep_0738_v1.tex,apep_0738/v1/paper.tex,https://raw.githubusercontent.com/SocialCatalystLab/ape-papers/70c660ea5a7de722e9a12ad965e1c665890208d8/apep_0738/v1/paper.tex,02ae1da2821314c45a0b2aa0b92a656c3b40b9fc,db791badd9ccc7292f7d8340d0822d9c6461a0318902b013c9d4a09af1f8fe3a,lf-normalized
papers/apep_0739_v1.tex,apep_0739/v1/paper.tex,https://raw.githubusercontent.com/SocialCatalystLab/ape-papers/70c660ea5a7de722e9a12ad965e1c665890208d8/apep_0739/v1/paper.tex,bae69b0bb614a057cdf21bcc569875dd0204db37,7cbd0f4c4a648b7e8d352751f2078c717caf98da725fd5701f94eab3417e0bd0,lf-normalized
papers/apep_0740_v1.tex,apep_0740/v1/paper.tex,https://raw.githubusercontent.com/SocialCatalystLab/ape-papers/70c660ea5a7de722e9a12ad965e1c665890208d8/apep_0740/v1/paper.tex,f32a68635712fd3bc385867a33123440d84fe90d,3dfc4780f8cfc1610ed52187aa04f3e3588848eaf27a7495dfc711fbf7749c20,lf-normalized
papers/apep_0741_v1.tex,apep_0741/v1/paper.tex,https://raw.githubusercontent.com/SocialCatalystLab/ape-papers/70c660ea5a7de722e9a12ad965e1c665890208d8/apep_0741/v1/paper.tex,9eb8632b91ef2e32978f8bb3da278042b783898f,1b2e44104fe0c6ef9624dc9f4dc624fe4cbc9cc05f50bfbe6a878a89a65aa085,lf-normalized
papers/apep_0742_v1.tex,apep_0742/v1/paper.tex,https://raw.githubusercontent.com/SocialCatalystLab/ape-papers/70c660ea5a7de722e9a12ad965e1c665890208d8/apep_0742/v1/paper.tex,9d243411b9ffaada0c4812ded623db4d5e624c50,82d6aafec268f17f896e37f00ace8725dc200644e61be842c08f9c044e142cce,lf-normalized
papers/apep_0743_v1.tex,apep_0743/v1/paper.tex,https://raw.githubusercontent.com/SocialCatalystLab/ape-papers/70c660ea5a7de722e9a12ad965e1c665890208d8/apep_0743/v1/paper.tex,7cc7e8504d08e45b1ef6917a8e3141944ab855ed,309cbd68e0134fe8ca7a69727baf001d7f95199b4136069bec94cd7f1bcec8b4,lf-normalized
papers/apep_0744_v1.tex,apep_0744/v1/paper.tex,https://raw.githubusercontent.com/SocialCatalystLab/ape-papers/70c660ea5a7de722e9a12ad965e1c665890208d8/apep_0744/v1/paper.tex,3a859b216611697bdd7b8c6aafa532f5d0ab7240,830906e2b975a12c285ea19872c4f9e03d1f474161e846d6de78d0ddaffd42cd,lf-normalized
papers/apep_0745_v1.tex,apep_0745/v1/paper.tex,https://raw.githubusercontent.com/SocialCatalystLab/ape-papers/70c660ea5a7de722e9a12ad965e1c665890208d8/apep_0745/v1/paper.tex,721dfe939f90fa86c8f5d2f27c06ec60480d33c1,87dcf3cb56c02e059af3a83e014eedaacce8fd15ca91af8dcf4cb25028de69f7,lf-normalized
papers/apep_0746_v1.tex,apep_0746/v1/paper.tex,https://raw.githubusercontent.com/SocialCatalystLab/ape-papers/70c660ea5a7de722e9a12ad965e1c665890208d8/apep_0746/v1/paper.tex,7ede0580bd34e69d8eda65e49d48c9cb0c6461c4,dbaa6ff09e0bd5501a1632c3a27c0fbe23095912465453ab754d515a7004c64e,lf-normalized
papers/apep_0747_v1.tex,apep_0747/v1/paper.tex,https://raw.githubusercontent.com/SocialCatalystLab/ape-papers/70c660ea5a7de722e9a12ad965e1c665890208d8/apep_0747/v1/paper.tex,ff80487ff022ae952c0e7b2a0d57c9cdddb6b8f3,239844dfc0d9f9a2b647815200f2ae564c90b96b27978c7a8adfaa2178d25dba,lf-normalized
papers/apep_0748_v1.tex,apep_0748/v1/paper.tex,https://raw.githubusercontent.com/SocialCatalystLab/ape-papers/70c660ea5a7de722e9a12ad965e1c665890208d8/apep_0748/v1/paper.tex,1162dfdf5932f058d92966e3f9f603ee6bde29b6,9dc29581849124c53f9ccd8be5084b31c85ff673ff9c5c48fcd91c8e53a96d91,lf-normalized
papers/apep_0749_v2.tex,apep_0749/v2/paper.tex,https://raw.githubusercontent.com/SocialCatalystLab/ape-papers/70c660ea5a7de722e9a12ad965e1c665890208d8/apep_0749/v2/paper.tex,34f91848cde972c8a6ee0c7c72c04c767670e6ee,9aa5dc3859891a0a229d4fa1f977f1cad5e8fc7c3ab23fef2d41ef180177377b,lf-normalized
papers/apep_0750_v1.tex,apep_0750/v1/paper.tex,https://raw.githubusercontent.com/SocialCatalystLab/ape-papers/70c660ea5a7de722e9a12ad965e1c665890208d8/apep_0750/v1/paper.tex,255e64c10a345997357386aa6f4a4cfbee5f931a,69265423b3a97f617d4da578569fd5f6207ca8dd408d60ca2b63ede1882ddf35,lf-normalized
papers/apep_0751_v1.tex,apep_0751/v1/paper.tex,https://raw.githubusercontent.com/SocialCatalystLab/ape-papers/70c660ea5a7de722e9a12ad965e1c665890208d8/apep_0751/v1/paper.tex,ae01b761146373c41a3f17958bd4087ccbaaa325,c8ef9a79aa59536d8b13fb6f6e6427480535feb6871e7c0d8bf4b84103e4c963,lf-normalized
papers/apep_0752_v1.tex,apep_0752/v1/paper.tex,https://raw.githubusercontent.com/SocialCatalystLab/ape-papers/70c660ea5a7de722e9a12ad965e1c665890208d8/apep_0752/v1/paper.tex,d21fec9d84dd56e07da874f5f71397f23331eb1e,9b3c640de67bad037b83bbe0e549cf08f8d3932c6db47c6d13da343fc0e041eb,lf-normalized
papers/apep_0753_v1.tex,apep_0753/v1/paper.tex,https://raw.githubusercontent.com/SocialCatalystLab/ape-papers/70c660ea5a7de722e9a12ad965e1c665890208d8/apep_0753/v1/paper.tex,ba434d95aac689df33c2a71d203def83c9e5208b,09ea4f2fe5c86b042324d89142f44ec1ed6e331271ad8f6f2977fc8233d69271,lf-normalized
papers/apep_0754_v1.tex,apep_0754/v1/paper.tex,https://raw.githubusercontent.com/SocialCatalystLab/ape-papers/70c660ea5a7de722e9a12ad965e1c665890208d8/apep_0754/v1/paper.tex,c95a1fafe6ac2ab9799528af40023b9398e3c9c6,fe498aa42676ab11cc3b1638c16755bd7d64792dd6f9a313500c92563beeadea,lf-normalized
papers/apep_0755_v1.tex,apep_0755/v1/paper.tex,https://raw.githubusercontent.com/SocialCatalystLab/ape-papers/70c660ea5a7de722e9a12ad965e1c665890208d8/apep_0755/v1/paper.tex,e35d54cdaecfef14ae1d1fb3e1cc46c9fcbed706,ad41abbaafcf357fef5f7a7429b6ae8e183cd4a28683a5fe7b5d24ea4d2085d4,lf-normalized
papers/apep_0756_v1.tex,apep_0756/v1/paper.tex,https://raw.githubusercontent.com/SocialCatalystLab/ape-papers/70c660ea5a7de722e9a12ad965e1c665890208d8/apep_0756/v1/paper.tex,e92dc3b968d0d1d27831c1a12c509c70cef64f66,83bd3146bb3f07c7e1623bc3d6eff23ac2d9bd0dfebf4462ae32242f87ca8bae,lf-normalized
papers/apep_0757_v1.tex,apep_0757/v1/paper.tex,https://raw.githubusercontent.com/SocialCatalystLab/ape-papers/70c660ea5a7de722e9a12ad965e1c665890208d8/apep_0757/v1/paper.tex,46062f51bd9787b573b73c7089d088ecebba2e4a,af8cdbcfdd93169dfa1c3d1e98a164dac683792cd874f0c7c8c0520038ad3c08,lf-normalized
papers/apep_0758_v1.tex,apep_0758/v1/paper.tex,https://raw.githubusercontent.com/SocialCatalystLab/ape-papers/70c660ea5a7de722e9a12ad965e1c665890208d8/apep_0758/v1/paper.tex,ed2c1c2bc2ee82883ae607c1f25418a8c0974d4a,f9043aaf85915211cf5e84edb406e610a165f5df78726eb967bfc4615c018920,lf-normalized
papers/apep_0759_v1.tex,apep_0759/v1/paper.tex,https://raw.githubusercontent.com/SocialCatalystLab/ape-papers/70c660ea5a7de722e9a12ad965e1c665890208d8/apep_0759/v1/paper.tex,3b52164f6a0e5202ce13f68e68cf63eb64c027d8,ed9582d76f3939dcccc98c85376af520390ce3fc1d64ff33c4c643f145093c88,lf-normalized
papers/apep_0760_v1.tex,apep_0760/v1/paper.tex,https://raw.githubusercontent.com/SocialCatalystLab/ape-papers/70c660ea5a7de722e9a12ad965e1c665890208d8/apep_0760/v1/paper.tex,bba92ef6dc99c958fdedc8812ad2eaf5c79a66b0,2c70a28532966f355fdb1cdfaf0c8ef23bbcabc17d2eb6a70d0f27aa59ae1663,lf-normalized
papers/apep_0761_v1.tex,apep_0761/v1/paper.tex,https://raw.githubusercontent.com/SocialCatalystLab/ape-papers/70c660ea5a7de722e9a12ad965e1c665890208d8/apep_0761/v1/paper.tex,c77de1d83a11ff755f134c5aae8ffcb3f733a655,06f4f9b88e0b9c7a1e0c55230c597c80ca6723ef7e7cdd5d3501fb9e4b09f0b2,lf-normalized
papers/apep_0762_v1.tex,apep_0762/v1/paper.tex,https://raw.githubusercontent.com/SocialCatalystLab/ape-papers/70c660ea5a7de722e9a12ad965e1c665890208d8/apep_0762/v1/paper.tex,17f50f4579c2aeda716e66eb03280afda250c72e,2627b87a4b9da9fd75e959bc3e4ee6930125a5b3d3181bb7d3e8c1e460b2b4a6,lf-normalized
papers/apep_0763_v1.tex,apep_0763/v1/paper.tex,https://raw.githubusercontent.com/SocialCatalystLab/ape-papers/70c660ea5a7de722e9a12ad965e1c665890208d8/apep_0763/v1/paper.tex,426fe5d1872140bd8d285a4224ab21715c03e185,5567b949c9c682d15fe6cfebebe651db365c762d2f8bf38a6190144b1a53dbc6,lf-normalized
papers/apep_0764_v1.tex,apep_0764/v1/paper.tex,https://raw.githubusercontent.com/SocialCatalystLab/ape-papers/70c660ea5a7de722e9a12ad965e1c665890208d8/apep_0764/v1/paper.tex,4f0f3100708716b3bc0a0395d17751eb43447843,537c6b0924a4b49b1094306172381fbfc17bfcc668ee8dee258697989abbed3b,lf-normalized
papers/apep_0765_v1.tex,apep_0765/v1/paper.tex,https://raw.githubusercontent.com/SocialCatalystLab/ape-papers/70c660ea5a7de722e9a12ad965e1c665890208d8/apep_0765/v1/paper.tex,efe7106f412ba5032c550a554025da21fef748f7,55e0b1ab895c2ece96733116155d70ec60e0a4b10cd34ddd3cf96ba00e516dee,lf-normalized
papers/apep_0766_v1.tex,apep_0766/v1/paper.tex,https://raw.githubusercontent.com/SocialCatalystLab/ape-papers/70c660ea5a7de722e9a12ad965e1c665890208d8/apep_0766/v1/paper.tex,0cdcb2d816d27fd8935c4dd5988251db230266bc,23e626a3ad6f276de6f306c7cfb21a417f056e13f2c95ef801f770015da040d3,lf-normalized
papers/apep_0767_v1.tex,apep_0767/v1/paper.tex,https://raw.githubusercontent.com/SocialCatalystLab/ape-papers/70c660ea5a7de722e9a12ad965e1c665890208d8/apep_0767/v1/paper.tex,e8bf4ca972e93ad1ef36f1a555f1b9a6ca571a84,2f95735ef327707dae06b480d01574187fa4b7fc27c75611c8bc471188def450,lf-normalized
papers/apep_0768_v1.tex,apep_0768/v1/paper.tex,https://raw.githubusercontent.com/SocialCatalystLab/ape-papers/70c660ea5a7de722e9a12ad965e1c665890208d8/apep_0768/v1/paper.tex,e4950b70e9ec52a3808d050b117380f37411a057,f8a662244505a8fa961be6dd4ffaaa93d37b293e51e9f83858eec344ef2f6c8e,lf-normalized
papers/apep_0769_v1.tex,apep_0769/v1/paper.tex,https://raw.githubusercontent.com/SocialCatalystLab/ape-papers/70c660ea5a7de722e9a12ad965e1c665890208d8/apep_0769/v1/paper.tex,efe7106f412ba5032c550a554025da21fef748f7,55e0b1ab895c2ece96733116155d70ec60e0a4b10cd34ddd3cf96ba00e516dee,lf-normalized
papers/apep_0770_v1.tex,apep_0770/v1/paper.tex,https://raw.githubusercontent.com/SocialCatalystLab/ape-papers/70c660ea5a7de722e9a12ad965e1c665890208d8/apep_0770/v1/paper.tex,bafff43ef5fc863b9474d44c13532dc4621dd3c5,8ad98f44f76aadf402fa3b166ebbf0ad7a5d3c6a65f127d1faf9c83e1f96e613,lf-normalized
papers/apep_0771_v1.tex,apep_0771/v1/paper.tex,https://raw.githubusercontent.com/SocialCatalystLab/ape-papers/70c660ea5a7de722e9a12ad965e1c665890208d8/apep_0771/v1/paper.tex,b1ff23158a224152590f925d35e8cb76981d6aa6,c2d9922a16fae16faa37fcc450b38b772c28d82ffa47dc56401ba5ccfcd02187,lf-normalized
papers/apep_0772_v1.tex,apep_0772/v1/paper.tex,https://raw.githubusercontent.com/SocialCatalystLab/ape-papers/70c660ea5a7de722e9a12ad965e1c665890208d8/apep_0772/v1/paper.tex,77b4a830a3a6c1708b5c3ce474d9266e47800435,53168d8a77619df4a037e4a9e8f8769c73b98f62fc85cf3e1eab6eb6c9de655e,lf-normalized
papers/apep_0773_v1.tex,apep_0773/v1/paper.tex,https://raw.githubusercontent.com/SocialCatalystLab/ape-papers/70c660ea5a7de722e9a12ad965e1c665890208d8/apep_0773/v1/paper.tex,4c1d9dc1a2a348ad4abeb25d061a45caa8c8d2f8,b3b123267a2c864562a050f59f9402dcd0c2995992e0d74f7434acfa71214345,lf-normalized
papers/apep_0774_v1.tex,apep_0774/v1/paper.tex,https://raw.githubusercontent.com/SocialCatalystLab/ape-papers/70c660ea5a7de722e9a12ad965e1c665890208d8/apep_0774/v1/paper.tex,4cfde71c49e8bbff2f230ef88276dfa08aac7f19,fe5040fdeaf6333323e9201e0b571bf6bd1abfbc3cfb14ce03e38120ae271048,lf-normalized
papers/apep_0775_v1.tex,apep_0775/v1/paper.tex,https://raw.githubusercontent.com/SocialCatalystLab/ape-papers/70c660ea5a7de722e9a12ad965e1c665890208d8/apep_0775/v1/paper.tex,c44348718f15158de2c3b640bb49eaaad1eeb990,36fe970212f5e91069b2654e952e7e32ac14fa87a20e773f8eb54c5140bd81cb,lf-normalized
papers/apep_0776_v1.tex,apep_0776/v1/paper.tex,https://raw.githubusercontent.com/SocialCatalystLab/ape-papers/70c660ea5a7de722e9a12ad965e1c665890208d8/apep_0776/v1/paper.tex,942b2332dadcfe8183d27c2288563e92b272ec2b,44af87869b7e95d83fd4c4d1e84f35d26d5bd196264979a6d16da7a835d9ef10,lf-normalized
papers/apep_0777_v1.tex,apep_0777/v1/paper.tex,https://raw.githubusercontent.com/SocialCatalystLab/ape-papers/70c660ea5a7de722e9a12ad965e1c665890208d8/apep_0777/v1/paper.tex,91239ebd3c40fdc8fdd0421f26ed9c64f25b83b1,f76cbb927b3eb2afd48e35545494a88d02b8800e652f46e7e9fb5fc502735db3,lf-normalized
papers/apep_0778_v1.tex,apep_0778/v1/paper.tex,https://raw.githubusercontent.com/SocialCatalystLab/ape-papers/70c660ea5a7de722e9a12ad965e1c665890208d8/apep_0778/v1/paper.tex,f08f1edb5774dd1c2a6df22d44d37062f067d725,452dc75d4c369696df606370e51ca007abc52ad338ffbdf526c70a647a68e05d,lf-normalized
papers/apep_0779_v1.tex,apep_0779/v1/paper.tex,https://raw.githubusercontent.com/SocialCatalystLab/ape-papers/70c660ea5a7de722e9a12ad965e1c665890208d8/apep_0779/v1/paper.tex,bc492433071378e5050b879f2e8481fc6475f225,e4f9c2c022eb1228bbfe34f71693ff8f844f7c9908c173076370092207a7d6e5,lf-normalized
papers/apep_0780_v1.tex,apep_0780/v1/paper.tex,https://raw.githubusercontent.com/SocialCatalystLab/ape-papers/70c660ea5a7de722e9a12ad965e1c665890208d8/apep_0780/v1/paper.tex,741b583b04d38e4f965b472f89c2f94698a2ae46,508b69f136324660d62eea20f96c0185d595ca1b85be08f5d1e96229fbd3daee,lf-normalized
papers/apep_0781_v1.tex,apep_0781/v1/paper.tex,https://raw.githubusercontent.com/SocialCatalystLab/ape-papers/70c660ea5a7de722e9a12ad965e1c665890208d8/apep_0781/v1/paper.tex,1b149a7fd17d6052489036e0157892cd258433fd,8e85e998834b4fbec42a53084b1f98b011d35dd532bf48d0d0a6338bc810ea52,lf-normalized
papers/apep_0782_v1.tex,apep_0782/v1/paper.tex,https://raw.githubusercontent.com/SocialCatalystLab/ape-papers/70c660ea5a7de722e9a12ad965e1c665890208d8/apep_0782/v1/paper.tex,45e9aaff97ed5a675452d07c05141b7727368f52,fe8dade17f0c69e5ced9fa0f4a556b6bdce0983bdfdf87c1da1b9bb9b5d119a6,lf-normalized
papers/apep_0783_v1.tex,apep_0783/v1/paper.tex,https://raw.githubusercontent.com/SocialCatalystLab/ape-papers/70c660ea5a7de722e9a12ad965e1c665890208d8/apep_0783/v1/paper.tex,ce06a40fc44a0664ea6339ea42e2458b5bc538bb,e58499ab1f4a6fac74ad81cc906244bc97c2e4818912e49a1d081eb04bb802a2,lf-normalized
papers/apep_0784_v1.tex,apep_0784/v1/paper.tex,https://raw.githubusercontent.com/SocialCatalystLab/ape-papers/70c660ea5a7de722e9a12ad965e1c665890208d8/apep_0784/v1/paper.tex,653dbbafe2856abc9abfa96c280e60092b04663c,89caa8ee8fe85786286a265a5f3bc5d1a96d2ea6931f9a0bd2025c4626fa5cfa,lf-normalized
papers/apep_0785_v1.tex,apep_0785/v1/paper.tex,https://raw.githubusercontent.com/SocialCatalystLab/ape-papers/70c660ea5a7de722e9a12ad965e1c665890208d8/apep_0785/v1/paper.tex,c6ac5a3d0daa764621b59229ed088c5e2d5d5f16,ddf63300dfe2f81dcacab109bd3f00026c4f893cecf9c4b89ff17247b98b1a5f,lf-normalized
papers/apep_0786_v1.tex,apep_0786/v1/paper.tex,https://raw.githubusercontent.com/SocialCatalystLab/ape-papers/70c660ea5a7de722e9a12ad965e1c665890208d8/apep_0786/v1/paper.tex,98ecf8e3aff98d2215bbd24b737b189fc31d8fe2,de61277f2bfe71b89dab149e6b87008730542a942c9e5ab14bf8382922e82a7f,lf-normalized
papers/apep_0787_v1.tex,apep_0787/v1/paper.tex,https://raw.githubusercontent.com/SocialCatalystLab/ape-papers/70c660ea5a7de722e9a12ad965e1c665890208d8/apep_0787/v1/paper.tex,b3147f062ff8d89b6fa853043d426564f926e733,5c8aecec16d6985bcef9780e68f6036307214ce5d7c4d66777ef5bbd4a563484,lf-normalized
papers/apep_0788_v1.tex,apep_0788/v1/paper.tex,https://raw.githubusercontent.com/SocialCatalystLab/ape-papers/70c660ea5a7de722e9a12ad965e1c665890208d8/apep_0788/v1/paper.tex,548efbdcea7ee3b6c3bc52a34be36b6dfb23a608,4553e2ddad36d37f8fc8827221c26a47b8663a09a4ace8c12c32f0465bf70479,lf-normalized
papers/apep_0789_v1.tex,apep_0789/v1/paper.tex,https://raw.githubusercontent.com/SocialCatalystLab/ape-papers/70c660ea5a7de722e9a12ad965e1c665890208d8/apep_0789/v1/paper.tex,e3ba227e0fa303aecb9ea889b99e8bc702c075c3,d9b5b8660133a18e7602d221dd3700d04846d47c7585fdb28651230d3228b83d,lf-normalized
papers/apep_0790_v1.tex,apep_0790/v1/paper.tex,https://raw.githubusercontent.com/SocialCatalystLab/ape-papers/70c660ea5a7de722e9a12ad965e1c665890208d8/apep_0790/v1/paper.tex,2ab7f94933a620fd3453b0047d29b6a2115a5e00,c07759f512a2e2a82449c43c3e707205230651c0c72cfe7abb20d00680e31514,lf-normalized
papers/apep_0791_v1.tex,apep_0791/v1/paper.tex,https://raw.githubusercontent.com/SocialCatalystLab/ape-papers/70c660ea5a7de722e9a12ad965e1c665890208d8/apep_0791/v1/paper.tex,cbacbdad650da82ce179877ba169be31f69387e0,e95113abd1d0fb24c40aed3bf513b6d7f4938c4ae22b67086b4b2b6721c5c4da,lf-normalized
papers/apep_0792_v1.tex,apep_0792/v1/paper.tex,https://raw.githubusercontent.com/SocialCatalystLab/ape-papers/70c660ea5a7de722e9a12ad965e1c665890208d8/apep_0792/v1/paper.tex,3ce541dd53572ff1d99a4b36ee4ad058404b7e55,bd25d2fb18358a539d393da7d16cff260f439062cac61f98835195a9755c6343,lf-normalized
papers/apep_0793_v1.tex,apep_0793/v1/paper.tex,https://raw.githubusercontent.com/SocialCatalystLab/ape-papers/70c660ea5a7de722e9a12ad965e1c665890208d8/apep_0793/v1/paper.tex,29590f8ea7f62e70b3b7f10a90f2a269da31c03d,37ad0163710dbe60ea1dab2d3ed0bc65e5091d0b088cfbc26ba020fe4fa60b35,lf-normalized
papers/apep_0794_v1.tex,apep_0794/v1/paper.tex,https://raw.githubusercontent.com/SocialCatalystLab/ape-papers/70c660ea5a7de722e9a12ad965e1c665890208d8/apep_0794/v1/paper.tex,117b4c3f873b408ae23bab8c3cb00b61049e8b4c,62f0141d54f055b81dea8688bcc3d454aaa6619d131fdc8d34bb6a70d6c5d6da,lf-normalized
papers/apep_0795_v1.tex,apep_0795/v1/paper.tex,https://raw.githubusercontent.com/SocialCatalystLab/ape-papers/70c660ea5a7de722e9a12ad965e1c665890208d8/apep_0795/v1/paper.tex,1e9ad62edd77d58e5b913782635b6671343ffdac,8b889db895a5f7ce6dd39b3060bfb5412ffe88b88ddf38c8367d5990ae03a49c,lf-normalized
papers/apep_0796_v1.tex,apep_0796/v1/paper.tex,https://raw.githubusercontent.com/SocialCatalystLab/ape-papers/70c660ea5a7de722e9a12ad965e1c665890208d8/apep_0796/v1/paper.tex,b4a5d81d1c2211fdef5ab9656250feec60875e4f,b86e91ebe6a1c9a80610440d9df10bbf4cdd296a7bee1e37bc4950d04e277f5f,lf-normalized
papers/apep_0797_v1.tex,apep_0797/v1/paper.tex,https://raw.githubusercontent.com/SocialCatalystLab/ape-papers/70c660ea5a7de722e9a12ad965e1c665890208d8/apep_0797/v1/paper.tex,fcfc0b526cf5ee5015c82d43beea595c4c1233a5,2bcc22f02592febf78311e2eadb7e171b9ae3d93ea2966c8e7922937319e9e6a,lf-normalized
papers/apep_0798_v1.tex,apep_0798/v1/paper.tex,https://raw.githubusercontent.com/SocialCatalystLab/ape-papers/70c660ea5a7de722e9a12ad965e1c665890208d8/apep_0798/v1/paper.tex,fd7c4c067bcca2b8fa365a841305911c3f4f496e,4e291fdf3e61526d52bc0d0413af8922b0224849601556672a0d9c784304410b,lf-normalized
papers/apep_0799_v1.tex,apep_0799/v1/paper.tex,https://raw.githubusercontent.com/SocialCatalystLab/ape-papers/70c660ea5a7de722e9a12ad965e1c665890208d8/apep_0799/v1/paper.tex,c9e34c47a6e9d4c558d8f810c7c40443e76c96ed,ce796b56803e0a8cf8dc9cb4b7bb2e137cfdd1cdbb2b41a6aaaf60b947aa0fcf,lf-normalized
papers/apep_0800_v1.tex,apep_0800/v1/paper.tex,https://raw.githubusercontent.com/SocialCatalystLab/ape-papers/70c660ea5a7de722e9a12ad965e1c665890208d8/apep_0800/v1/paper.tex,e6a5958724a20c8f6740a02f03b378a28aee2c9d,c586a253ed8a576afaca6d2724a123b16773e30bf1c1c8198e44e62f92195ba4,lf-normalized
papers/apep_0801_v1.tex,apep_0801/v1/paper.tex,https://raw.githubusercontent.com/SocialCatalystLab/ape-papers/70c660ea5a7de722e9a12ad965e1c665890208d8/apep_0801/v1/paper.tex,f5693acf3c3bf2d6e0a84252057f3fa9ae3e1c8c,f3bd59710f8530a07229d074db7fa389f28725bf3689d2464120f2a82a637815,lf-normalized
papers/apep_0802_v1.tex,apep_0802/v1/paper.tex,https://raw.githubusercontent.com/SocialCatalystLab/ape-papers/70c660ea5a7de722e9a12ad965e1c665890208d8/apep_0802/v1/paper.tex,03647fc4b568e98bfe1a6345211bfd4c34427e44,7e8da9a8a0c39437693eff0d7834206d3e85bf853ee666074ef9a68af56ff36b,lf-normalized
papers/apep_0803_v1.tex,apep_0803/v1/paper.tex,https://raw.githubusercontent.com/SocialCatalystLab/ape-papers/70c660ea5a7de722e9a12ad965e1c665890208d8/apep_0803/v1/paper.tex,801dec2848909e94d2d9b4f128a4c6a16297ba1e,2e25a8bf2c9f21c6bcac2d52b7e48e03afb2c8f918722c89e2c6bb175447369f,lf-normalized
papers/apep_0804_v1.tex,apep_0804/v1/paper.tex,https://raw.githubusercontent.com/SocialCatalystLab/ape-papers/70c660ea5a7de722e9a12ad965e1c665890208d8/apep_0804/v1/paper.tex,73cadf16c0190e40f705267844ec023437bafe02,b2acf639e8e4c8258f4d87accc13394507be0ac230067d523aaee67f27c4d245,lf-normalized
papers/apep_0805_v1.tex,apep_0805/v1/paper.tex,https://raw.githubusercontent.com/SocialCatalystLab/ape-papers/70c660ea5a7de722e9a12ad965e1c665890208d8/apep_0805/v1/paper.tex,252e39ae52bb90918ef3c23eb762c939b685b440,497e908756b2f069e5ab3fc6d6c838ca0ce61badbc35b814296b8514e7d22858,lf-normalized
papers/apep_0806_v1.tex,apep_0806/v1/paper.tex,https://raw.githubusercontent.com/SocialCatalystLab/ape-papers/70c660ea5a7de722e9a12ad965e1c665890208d8/apep_0806/v1/paper.tex,319d042867d7c8cc931b5f921bce3e20520083d2,9445724ffc62ea457476e72aecfac38267d434bf0055fe3bc0fdd10a0bc3543f,lf-normalized
papers/apep_0807_v1.tex,apep_0807/v1/paper.tex,https://raw.githubusercontent.com/SocialCatalystLab/ape-papers/70c660ea5a7de722e9a12ad965e1c665890208d8/apep_0807/v1/paper.tex,b5e17ecdebd5925030bd8029a08fbcaa185bbefd,1ef6b25d1ef088c5988273cc336595382ca0dc1dc2baf3d11da3705919b4b503,lf-normalized
papers/apep_0808_v1.tex,apep_0808/v1/paper.tex,https://raw.githubusercontent.com/SocialCatalystLab/ape-papers/70c660ea5a7de722e9a12ad965e1c665890208d8/apep_0808/v1/paper.tex,211533670f375fd65ffdd48523a8b4cdd5c7eb16,2896b3d980ccd5e2d68841d36af639c938790750694dac6cd89227b83051656c,lf-normalized
papers/apep_0809_v1.tex,apep_0809/v1/paper.tex,https://raw.githubusercontent.com/SocialCatalystLab/ape-papers/70c660ea5a7de722e9a12ad965e1c665890208d8/apep_0809/v1/paper.tex,76ca72de382b757284c6a6512374a478b5ce3f30,c133e6ba3dfb7b0c358fc2c5f29de0a1bb7a2933bab64ee9d61a6eb51d86a280,lf-normalized
papers/apep_0810_v1.tex,apep_0810/v1/paper.tex,https://raw.githubusercontent.com/SocialCatalystLab/ape-papers/70c660ea5a7de722e9a12ad965e1c665890208d8/apep_0810/v1/paper.tex,afc1086aaaea5327b93b82810c41bc8cefb8889d,b8f84acf2336780d02c8438030bd2333eb6cf554d52569eac68f137b86e67749,lf-normalized
papers/apep_0811_v1.tex,apep_0811/v1/paper.tex,https://raw.githubusercontent.com/SocialCatalystLab/ape-papers/70c660ea5a7de722e9a12ad965e1c665890208d8/apep_0811/v1/paper.tex,107892f209fefbe0e119417f44463faacb07a1ce,38324ab518983c63ee6a98cb8d234d458eaafbc8cc8ffd49462995bf6b4cd7fe,lf-normalized
papers/apep_0812_v1.tex,apep_0812/v1/paper.tex,https://raw.githubusercontent.com/SocialCatalystLab/ape-papers/70c660ea5a7de722e9a12ad965e1c665890208d8/apep_0812/v1/paper.tex,795793f64df36c508e84c81b14c0019d1e5f78c8,00d7da138e558c6b3a4a2c2d4d3ef29a02482b8d7c18b23776cb955affd36263,lf-normalized
papers/apep_0813_v1.tex,apep_0813/v1/paper.tex,https://raw.githubusercontent.com/SocialCatalystLab/ape-papers/70c660ea5a7de722e9a12ad965e1c665890208d8/apep_0813/v1/paper.tex,e5cd0cc007fe91632e17418238740c0c041bb638,dc62f7f1728a8e9c47c201045cbcc94e264e7dc1b169719480489fee965b2099,lf-normalized
papers/apep_0814_v1.tex,apep_0814/v1/paper.tex,https://raw.githubusercontent.com/SocialCatalystLab/ape-papers/70c660ea5a7de722e9a12ad965e1c665890208d8/apep_0814/v1/paper.tex,d89d2f7ad26e3ec35edc20d82587d11e315d6eff,de6c8b3705b418cd3733a1262d9f9c7391ebdc175381fa1dfe00a84e8fcdeffc,lf-normalized
papers/apep_0815_v1.tex,apep_0815/v1/paper.tex,https://raw.githubusercontent.com/SocialCatalystLab/ape-papers/70c660ea5a7de722e9a12ad965e1c665890208d8/apep_0815/v1/paper.tex,71c4770d6fab9a7f79360cf62da783d1da82edcb,b962c0ad05af20cc3efb1024a4be5450572d1ec38a7b1d2b35a7e01c8bd67be5,lf-normalized
papers/apep_0816_v1.tex,apep_0816/v1/paper.tex,https://raw.githubusercontent.com/SocialCatalystLab/ape-papers/70c660ea5a7de722e9a12ad965e1c665890208d8/apep_0816/v1/paper.tex,7a31a68fe499e957319577d0920390130caac434,bace19ff22bad971d08ac97f5fd9983c45333bda12a6deaaa87bda5ace2c901f,lf-normalized
papers/apep_0817_v1.tex,apep_0817/v1/paper.tex,https://raw.githubusercontent.com/SocialCatalystLab/ape-papers/70c660ea5a7de722e9a12ad965e1c665890208d8/apep_0817/v1/paper.tex,9b9b18bd56a23c216eb4e16525452129aaaf92d0,334dc57c32408208c200d57e5cd9e09c917d92183108fcedec990d8ad5ef1252,lf-normalized
papers/apep_0818_v1.tex,apep_0818/v1/paper.tex,https://raw.githubusercontent.com/SocialCatalystLab/ape-papers/70c660ea5a7de722e9a12ad965e1c665890208d8/apep_0818/v1/paper.tex,4c20336bbedd9a4aed59cdf05dfa573fb7e2764b,6b712701d98bf15b822678e4c99e22ec10df71a9cf381e624d001908019fb6fd,lf-normalized
papers/apep_0819_v1.tex,apep_0819/v1/paper.tex,https://raw.githubusercontent.com/SocialCatalystLab/ape-papers/70c660ea5a7de722e9a12ad965e1c665890208d8/apep_0819/v1/paper.tex,4a0270914e29337cc738a81e97a78eea6318f83b,1d3bb890b873d8d4a9e1bdb363c0cdb338c2c895925403897a667e6cdf089d5a,lf-normalized
papers/apep_0820_v1.tex,apep_0820/v1/paper.tex,https://raw.githubusercontent.com/SocialCatalystLab/ape-papers/70c660ea5a7de722e9a12ad965e1c665890208d8/apep_0820/v1/paper.tex,40b16472527eae05c8f848ab5adff5e94c3ed829,6e061b36f6007a73aaa63a2c7180c153dd1acfbbf8589d194fa2e06ce7ad7e90,lf-normalized
papers/apep_0821_v1.tex,apep_0821/v1/paper.tex,https://raw.githubusercontent.com/SocialCatalystLab/ape-papers/70c660ea5a7de722e9a12ad965e1c665890208d8/apep_0821/v1/paper.tex,5dd05bd65869f2b44c9b232a273b4757505099f4,fd5190232782d0ec5c2955855404ef266431e7ed7b8712c8d400ef8b9e8e7897,lf-normalized
papers/apep_0822_v1.tex,apep_0822/v1/paper.tex,https://raw.githubusercontent.com/SocialCatalystLab/ape-papers/70c660ea5a7de722e9a12ad965e1c665890208d8/apep_0822/v1/paper.tex,dac8b434b45e2fdf5ad4265ceb6d0bc69ace5cf5,7503f36c45ad709850a48532dd07d434dd43b032135b455ac50a34f3e736d6d9,lf-normalized
papers/apep_0823_v1.tex,apep_0823/v1/paper.tex,https://raw.githubusercontent.com/SocialCatalystLab/ape-papers/70c660ea5a7de722e9a12ad965e1c665890208d8/apep_0823/v1/paper.tex,d8095a3d423094293132f73ee558fc8d6e343250,4b93a0baa1d44e864524761374db017a9d2c6223a555bdf03642aefd7d759af3,lf-normalized
papers/apep_0824_v1.tex,apep_0824/v1/paper.tex,https://raw.githubusercontent.com/SocialCatalystLab/ape-papers/70c660ea5a7de722e9a12ad965e1c665890208d8/apep_0824/v1/paper.tex,32efe4d2dcdf37798e1d1fc4a1579269c29a2417,ebfb1ba50d23d523f8bb3778a2fb514d749f0f9e9b68dc38f63922b315639ce6,lf-normalized
papers/apep_0825_v1.tex,apep_0825/v1/paper.tex,https://raw.githubusercontent.com/SocialCatalystLab/ape-papers/70c660ea5a7de722e9a12ad965e1c665890208d8/apep_0825/v1/paper.tex,93ab4d6b0b28c998a96fdffc6c7bef11629aaf72,3e4bee29d926740abfff6d9d0103f879bbd805323b7e055864f38a708453b2da,lf-normalized
papers/apep_0826_v1.tex,apep_0826/v1/paper.tex,https://raw.githubusercontent.com/SocialCatalystLab/ape-papers/70c660ea5a7de722e9a12ad965e1c665890208d8/apep_0826/v1/paper.tex,73557be6f52b48632f420ccf67c0823bbdc96801,ed394ad29bc9fc92e8769f10ab3ed5e9b8be5839c3b2120e90de85bc4abb023b,lf-normalized
papers/apep_0827_v1.tex,apep_0827/v1/paper.tex,https://raw.githubusercontent.com/SocialCatalystLab/ape-papers/70c660ea5a7de722e9a12ad965e1c665890208d8/apep_0827/v1/paper.tex,b4eaffc82d4c02aab54d35425f17c284a5e5e095,61f90f134be549b2b0543e0e8b566d98afdd697760dcccd9d41cbc67abc8f839,lf-normalized
papers/apep_0828_v1.tex,apep_0828/v1/paper.tex,https://raw.githubusercontent.com/SocialCatalystLab/ape-papers/70c660ea5a7de722e9a12ad965e1c665890208d8/apep_0828/v1/paper.tex,3bb57326cf0d3eb328a1ce444907e059a00a659a,90a1f005013a785af9faa19abb5012ed92c49560ce8f0fff42c60bc0dd12bbf1,lf-normalized
papers/apep_0829_v1.tex,apep_0829/v1/paper.tex,https://raw.githubusercontent.com/SocialCatalystLab/ape-papers/70c660ea5a7de722e9a12ad965e1c665890208d8/apep_0829/v1/paper.tex,908f21511c1aa0b14320405f2b5d6abde2458fb1,79dc575056d6fd166da74c7196904990bb8dab7aecec8cc23235cf304032209b,lf-normalized
papers/apep_0830_v1.tex,apep_0830/v1/paper.tex,https://raw.githubusercontent.com/SocialCatalystLab/ape-papers/70c660ea5a7de722e9a12ad965e1c665890208d8/apep_0830/v1/paper.tex,aa6f7d1a787e45b8fdc04ddb0903e3c32fe9210e,6a6de5f37ff0eb130d8db9f305664f07e30acd32510a0e20683c02248579fa82,lf-normalized
papers/apep_0831_v1.tex,apep_0831/v1/paper.tex,https://raw.githubusercontent.com/SocialCatalystLab/ape-papers/70c660ea5a7de722e9a12ad965e1c665890208d8/apep_0831/v1/paper.tex,7f51cf3f31479238ca6ca83b6102cfc25c0e4595,b9a34598e336f88a8abf1c37fa61218b19ac459bdda1a1f0f025d4c773717fa3,lf-normalized
papers/apep_0832_v1.tex,apep_0832/v1/paper.tex,https://raw.githubusercontent.com/SocialCatalystLab/ape-papers/70c660ea5a7de722e9a12ad965e1c665890208d8/apep_0832/v1/paper.tex,35b8a606ed3a7400a4bf1bc3f809f9f8d878c32d,15c53a03d93b152710466b6992bf0bac80c434822f3a4ebfc21b458b1db27efb,lf-normalized
papers/apep_0834_v1.tex,apep_0834/v1/paper.tex,https://raw.githubusercontent.com/SocialCatalystLab/ape-papers/70c660ea5a7de722e9a12ad965e1c665890208d8/apep_0834/v1/paper.tex,47b4aa7638ade4f43b8144206272e51182513d65,a0d102c79ee9bc3a65e42a68b53a50ee3d95c8766ba951d17dec991685480d95,lf-normalized
papers/apep_0835_v1.tex,apep_0835/v1/paper.tex,https://raw.githubusercontent.com/SocialCatalystLab/ape-papers/70c660ea5a7de722e9a12ad965e1c665890208d8/apep_0835/v1/paper.tex,66fbafae4d0823b538d570a2901c7f5733c76395,5d6f92385d6a7e37910e4fa5a250202b161f3de793b4d56209528f13cd216afa,lf-normalized
papers/apep_0836_v1.tex,apep_0836/v1/paper.tex,https://raw.githubusercontent.com/SocialCatalystLab/ape-papers/70c660ea5a7de722e9a12ad965e1c665890208d8/apep_0836/v1/paper.tex,ab80bc22d32988a3b515a9e7af08049ca53ebebe,d0d6b84dedac15032efbfcea0459c72e9e9e51251a165f9522e8b51e2ccdb3df,lf-normalized
papers/apep_0837_v1.tex,apep_0837/v1/paper.tex,https://raw.githubusercontent.com/SocialCatalystLab/ape-papers/70c660ea5a7de722e9a12ad965e1c665890208d8/apep_0837/v1/paper.tex,7cd3547c4ebd0b47c42827dd828d60a6038a60c0,059f36f4ea19a73fc8fab6f4073b2338317e9129ac9f13dd764479520e3ee8b9,lf-normalized
papers/apep_0838_v1.tex,apep_0838/v1/paper.tex,https://raw.githubusercontent.com/SocialCatalystLab/ape-papers/70c660ea5a7de722e9a12ad965e1c665890208d8/apep_0838/v1/paper.tex,adc128aa26482f2ac811b4ece711af2f3e23a9bf,12876b18a402f998e020e469f6772ddff58cb3d98772133cf783bfe08de875c0,lf-normalized
papers/apep_0839_v1.tex,apep_0839/v1/paper.tex,https://raw.githubusercontent.com/SocialCatalystLab/ape-papers/70c660ea5a7de722e9a12ad965e1c665890208d8/apep_0839/v1/paper.tex,f147c4bbab7a859fd847deb3df190fe7d19bdb67,edbb5c6ddd8b3182f0e1e7393aada4fcac254ff6bdf03ac6de41876bee02c3ac,lf-normalized
papers/apep_0840_v1.tex,apep_0840/v1/paper.tex,https://raw.githubusercontent.com/SocialCatalystLab/ape-papers/70c660ea5a7de722e9a12ad965e1c665890208d8/apep_0840/v1/paper.tex,bfd423e2180aae3e7c8e97a8028638536a745e81,84014cf0f1677cbe7076db3fd7dafce58b9732bc85102e18f3b38ba4562d975d,lf-normalized
papers/apep_0841_v1.tex,apep_0841/v1/paper.tex,https://raw.githubusercontent.com/SocialCatalystLab/ape-papers/70c660ea5a7de722e9a12ad965e1c665890208d8/apep_0841/v1/paper.tex,c1d6366f3a6cbbbc3c650ac091542e2d1825c5d9,466915cc826cacc4cdb4a267690e070301a2175a3b69d509122a2b81d0deb8af,lf-normalized
papers/apep_0842_v2.tex,apep_0842/v2/paper.tex,https://raw.githubusercontent.com/SocialCatalystLab/ape-papers/70c660ea5a7de722e9a12ad965e1c665890208d8/apep_0842/v2/paper.tex,681360751f9c6c28e557f9847966a79df0ad6923,45174b2573ea22b54e4d8c8c9a7af0561d234f3dfb0ae1e962048d54df3eed33,lf-normalized
papers/apep_0843_v1.tex,apep_0843/v1/paper.tex,https://raw.githubusercontent.com/SocialCatalystLab/ape-papers/70c660ea5a7de722e9a12ad965e1c665890208d8/apep_0843/v1/paper.tex,f9e32804979bf81e658830801ae91b7956fe7e02,f1d4a718c711e468091368808eb45b74f3f8cdfed0720f47cb6b6a98b5fdd143,lf-normalized
papers/apep_0844_v1.tex,apep_0844/v1/paper.tex,https://raw.githubusercontent.com/SocialCatalystLab/ape-papers/70c660ea5a7de722e9a12ad965e1c665890208d8/apep_0844/v1/paper.tex,1ed10ed43b0e5dedff8b9d8ad64192fd04aa4e15,4cf39d0c60db2773de61e01dbb8997c6e93d37bb1d1f9d2fc0aaddcf81d74027,lf-normalized
papers/apep_0845_v1.tex,apep_0845/v1/paper.tex,https://raw.githubusercontent.com/SocialCatalystLab/ape-papers/70c660ea5a7de722e9a12ad965e1c665890208d8/apep_0845/v1/paper.tex,f0b9d2f21d04677ad28f86076802ee3d1d05b450,3c3ecfa1d57ffd2ae82629227d627cf2407728fec424f6080156526617475148,lf-normalized
papers/apep_0846_v1.tex,apep_0846/v1/paper.tex,https://raw.githubusercontent.com/SocialCatalystLab/ape-papers/70c660ea5a7de722e9a12ad965e1c665890208d8/apep_0846/v1/paper.tex,902bde2516429e1a16274c3bd80c1cb123c22ffd,f253fa792215265fd3401d38056efed1d460f5ce623924de51e47d47ebe81b29,lf-normalized
papers/apep_0847_v1.tex,apep_0847/v1/paper.tex,https://raw.githubusercontent.com/SocialCatalystLab/ape-papers/70c660ea5a7de722e9a12ad965e1c665890208d8/apep_0847/v1/paper.tex,937a02b3943b0a64c39bb559018fe758dadd77d1,ea09e0cd25d195dc79fefc9ef12202040633169140b72a7db2666a4485dafc17,lf-normalized
papers/apep_0848_v1.tex,apep_0848/v1/paper.tex,https://raw.githubusercontent.com/SocialCatalystLab/ape-papers/70c660ea5a7de722e9a12ad965e1c665890208d8/apep_0848/v1/paper.tex,ab677550a4cbebef94135b1ec40c452447171119,e1b74f707b11c21e7901de225d3c3053f2920bd533eea2b2afa617b585f3211b,lf-normalized
papers/apep_0849_v1.tex,apep_0849/v1/paper.tex,https://raw.githubusercontent.com/SocialCatalystLab/ape-papers/70c660ea5a7de722e9a12ad965e1c665890208d8/apep_0849/v1/paper.tex,c3b687b5cee6b77e9fb6894ce274e1aa0457b5bc,ba81eaef1891c46583fbd97764a488e3bad5d5b36e851ad0a7b53827a541578e,lf-normalized
papers/apep_0850_v1.tex,apep_0850/v1/paper.tex,https://raw.githubusercontent.com/SocialCatalystLab/ape-papers/70c660ea5a7de722e9a12ad965e1c665890208d8/apep_0850/v1/paper.tex,a282e2cd79bb365531c1924fb518e13ae49d21c2,406250b65db7f29adad7e6e75fdcba591db50f7414d6ca0f0cee28aba07f76e1,lf-normalized
papers/apep_0851_v1.tex,apep_0851/v1/paper.tex,https://raw.githubusercontent.com/SocialCatalystLab/ape-papers/70c660ea5a7de722e9a12ad965e1c665890208d8/apep_0851/v1/paper.tex,375cd4dde68d063eaa0e4659dbee6654e7e9432e,f8f53c2dfd3da699cc86a1cdee6da11a707e02d0249105b69b40844000908ef1,lf-normalized
papers/apep_0852_v1.tex,apep_0852/v1/paper.tex,https://raw.githubusercontent.com/SocialCatalystLab/ape-papers/70c660ea5a7de722e9a12ad965e1c665890208d8/apep_0852/v1/paper.tex,4d9da787d4ffcc7ebfc269b30c1fa65e3a15fc67,1715ffe6d4a1a97f92b0d2a190cf6d12dbe3fc8dda68dab3d69686503dfc8660,lf-normalized
papers/apep_0853_v1.tex,apep_0853/v1/paper.tex,https://raw.githubusercontent.com/SocialCatalystLab/ape-papers/70c660ea5a7de722e9a12ad965e1c665890208d8/apep_0853/v1/paper.tex,d2507ad199e5b8105955421c068632259c9290d8,26b69eb1428a23f6ee71585c9740c22ba644d53936fe7a41e9a044930449c557,lf-normalized
papers/apep_0854_v1.tex,apep_0854/v1/paper.tex,https://raw.githubusercontent.com/SocialCatalystLab/ape-papers/70c660ea5a7de722e9a12ad965e1c665890208d8/apep_0854/v1/paper.tex,60dfa5914b488b4fb03ad1a55f2496711329795a,9c6869f18677cf057163090a0a01e594cebecbb015b2fc96ab4494ce6e65f694,lf-normalized
papers/apep_0856_v1.tex,apep_0856/v1/paper.tex,https://raw.githubusercontent.com/SocialCatalystLab/ape-papers/70c660ea5a7de722e9a12ad965e1c665890208d8/apep_0856/v1/paper.tex,efac2193208f1d57dc887effe0d709bcc866f83f,507e3c805d2f5868d6033ff6ec41826d0a81e6b6055f4feb45642f714c8f1469,lf-normalized
papers/apep_0860_v1.tex,apep_0860/v1/paper.tex,https://raw.githubusercontent.com/SocialCatalystLab/ape-papers/70c660ea5a7de722e9a12ad965e1c665890208d8/apep_0860/v1/paper.tex,18c07460ad02f4631a9a5b30d735fe569e81cb5a,84c7969c873ac2c6c7ca237c0d0bb9201d8d8cd67ffb5ecaefce7169952ee013,lf-normalized
papers/apep_0861_v1.tex,apep_0861/v1/paper.tex,https://raw.githubusercontent.com/SocialCatalystLab/ape-papers/70c660ea5a7de722e9a12ad965e1c665890208d8/apep_0861/v1/paper.tex,b2194d92b7d17c7aff93fe2fc1315bb046aec486,e1a14c2fe16a5ab89944cefce7a9073e8f4ba14678d24c43e4cc877c714c3af8,lf-normalized
papers/apep_0862_v1.tex,apep_0862/v1/paper.tex,https://raw.githubusercontent.com/SocialCatalystLab/ape-papers/70c660ea5a7de722e9a12ad965e1c665890208d8/apep_0862/v1/paper.tex,9343d94b5809d0cefa5e58804909cca9133d5492,6b0d607004683e9a4ed1e1bc2defec1fa715c5cbf4fab72039c718eb96c2ed95,lf-normalized
papers/apep_0863_v1.tex,apep_0863/v1/paper.tex,https://raw.githubusercontent.com/SocialCatalystLab/ape-papers/70c660ea5a7de722e9a12ad965e1c665890208d8/apep_0863/v1/paper.tex,a245a5dd76538cb882c55e960be50fdf1faeefea,6117265e78946a21f48bfb9663cfb4639879c117accf872f561e35c1cfa91347,lf-normalized
papers/apep_0864_v1.tex,apep_0864/v1/paper.tex,https://raw.githubusercontent.com/SocialCatalystLab/ape-papers/70c660ea5a7de722e9a12ad965e1c665890208d8/apep_0864/v1/paper.tex,3342aa757b339bcde464d5b5d8205cd6dd02ee4d,390e8db25990957027ef1f1aa495806c05b1bf55338daddb941de5213726b78d,lf-normalized
papers/apep_0865_v1.tex,apep_0865/v1/paper.tex,https://raw.githubusercontent.com/SocialCatalystLab/ape-papers/70c660ea5a7de722e9a12ad965e1c665890208d8/apep_0865/v1/paper.tex,b5e71f204b6243d94081b542c1af4e3835183b81,216aace8850f5ca02c7f52eb6bcc6496a89cce758bc72e26509a59bcf720a4f3,lf-normalized
papers/apep_0866_v1.tex,apep_0866/v1/paper.tex,https://raw.githubusercontent.com/SocialCatalystLab/ape-papers/70c660ea5a7de722e9a12ad965e1c665890208d8/apep_0866/v1/paper.tex,67a9e3881c94b056e9eed80efa6ee42f4f7b37d8,b9f941f1d25a3c5f85c663d2af8e2b5ece1545bc033ac09566ebe2c16c95bc9d,lf-normalized
papers/apep_0867_v1.tex,apep_0867/v1/paper.tex,https://raw.githubusercontent.com/SocialCatalystLab/ape-papers/70c660ea5a7de722e9a12ad965e1c665890208d8/apep_0867/v1/paper.tex,e9f2e16d194e26e680dbb2fb5ce61d5a9c2eef12,51a4bde53071a0e20beea733c41df9390ae15a4101a8efade83d32ecd8296e96,lf-normalized
papers/apep_0868_v1.tex,apep_0868/v1/paper.tex,https://raw.githubusercontent.com/SocialCatalystLab/ape-papers/70c660ea5a7de722e9a12ad965e1c665890208d8/apep_0868/v1/paper.tex,20e7d5545fccaa3ab28fb941a582ff01dc6ad50c,6a56791494651e5027acfa2d8d191398b9ff4d9ff129123167d23dc230d50066,lf-normalized
papers/apep_0869_v3.tex,apep_0869/v3/paper.tex,https://raw.githubusercontent.com/SocialCatalystLab/ape-papers/70c660ea5a7de722e9a12ad965e1c665890208d8/apep_0869/v3/paper.tex,2b67316a190780b48806705628aa674a68b10f39,c0a7645af674709d9f5b828d165aad92bb93b43eeea1a6f4c54926e850e51186,lf-normalized
papers/apep_0870_v1.tex,apep_0870/v1/paper.tex,https://raw.githubusercontent.com/SocialCatalystLab/ape-papers/70c660ea5a7de722e9a12ad965e1c665890208d8/apep_0870/v1/paper.tex,35c7270ab2d91e83bbc77e978c9cabdc90f1557b,cc0be0a0edc5b24a89b5012b387e170a4f7a38707d4b33dee2eb41b980056766,lf-normalized
papers/apep_0871_v1.tex,apep_0871/v1/paper.tex,https://raw.githubusercontent.com/SocialCatalystLab/ape-papers/70c660ea5a7de722e9a12ad965e1c665890208d8/apep_0871/v1/paper.tex,11520e04b274d4bc7e116b9168a6375ba26f3cf4,9cb5ef72cc99c4d5a1cbd131429bc05d07442fdabb2a1e6a4cc6908ad9ea2f31,lf-normalized
papers/apep_0872_v1.tex,apep_0872/v1/paper.tex,https://raw.githubusercontent.com/SocialCatalystLab/ape-papers/70c660ea5a7de722e9a12ad965e1c665890208d8/apep_0872/v1/paper.tex,275a85201098f21919357943ccf015f940834f18,b8349e7a03e46fbfb3636a6106f06c2c697b7fe4cc35aa01032696a7bfb822a3,lf-normalized
papers/apep_0873_v1.tex,apep_0873/v1/paper.tex,https://raw.githubusercontent.com/SocialCatalystLab/ape-papers/70c660ea5a7de722e9a12ad965e1c665890208d8/apep_0873/v1/paper.tex,0b5abba6cc545e61bd67832b65e399b4daab86c4,654fbfca5c68b9e3b2f3eb15ab0f655080487e96f8f90b490878ca6a3ec74a3c,lf-normalized
papers/apep_0874_v1.tex,apep_0874/v1/paper.tex,https://raw.githubusercontent.com/SocialCatalystLab/ape-papers/70c660ea5a7de722e9a12ad965e1c665890208d8/apep_0874/v1/paper.tex,0a4169a0e3e1352a13ad56a0d76694b841068491,9432629412704c007928f10e40d7b3d9786fa2beb4651918e3ae11bfcc16f328,lf-normalized
papers/apep_0875_v1.tex,apep_0875/v1/paper.tex,https://raw.githubusercontent.com/SocialCatalystLab/ape-papers/70c660ea5a7de722e9a12ad965e1c665890208d8/apep_0875/v1/paper.tex,f8c3b2d3ef1beab30fa2b8469c4a9d529efe171b,3a8712740c80a509641f48ab462acbdd9a5b3a1a23a78c22232232f702e02917,lf-normalized
papers/apep_0876_v1.tex,apep_0876/v1/paper.tex,https://raw.githubusercontent.com/SocialCatalystLab/ape-papers/70c660ea5a7de722e9a12ad965e1c665890208d8/apep_0876/v1/paper.tex,736088add5fa2cdd4fd8911f18192fe778594810,bd3072431e01cf14b1fc9060dba777a0276e22f08488486809fcc8237c465a97,lf-normalized
papers/apep_0877_v1.tex,apep_0877/v1/paper.tex,https://raw.githubusercontent.com/SocialCatalystLab/ape-papers/70c660ea5a7de722e9a12ad965e1c665890208d8/apep_0877/v1/paper.tex,d992f8efacde3e5a05ad1eb114e9d48344422be4,44e9ae7fa5c188868364e7db5c1a00522e22621b90f340c0ebeca23e7e8067ea,lf-normalized
papers/apep_0878_v1.tex,apep_0878/v1/paper.tex,https://raw.githubusercontent.com/SocialCatalystLab/ape-papers/70c660ea5a7de722e9a12ad965e1c665890208d8/apep_0878/v1/paper.tex,01e002748ad672c2edeea537f9646fed3dd96f9c,ef783722a21e4c540b35e632ff0603f97875ad820743c783deb42f7f460d46b2,lf-normalized
papers/apep_0879_v1.tex,apep_0879/v1/paper.tex,https://raw.githubusercontent.com/SocialCatalystLab/ape-papers/70c660ea5a7de722e9a12ad965e1c665890208d8/apep_0879/v1/paper.tex,a88c347d6c2b29941a812084b0e5c8b46208f7bd,f5da10f64aab9af2d761fa4f3f5278910b61bbec0d02ee1ed69691a87825bdb5,lf-normalized
papers/apep_0880_v1.tex,apep_0880/v1/paper.tex,https://raw.githubusercontent.com/SocialCatalystLab/ape-papers/70c660ea5a7de722e9a12ad965e1c665890208d8/apep_0880/v1/paper.tex,9132b97a05d3d76c7b5b14ae71c8d938e4645644,c083bfc560e13be1d19d2eaed2112112d0f0e7a762649459634525c7f005bbf2,lf-normalized
papers/apep_0881_v1.tex,apep_0881/v1/paper.tex,https://raw.githubusercontent.com/SocialCatalystLab/ape-papers/70c660ea5a7de722e9a12ad965e1c665890208d8/apep_0881/v1/paper.tex,98f3b7125a008f145f2860065f439a7b20fd9ad4,11a8d2fc86bfc7161d931c63cf3f2df4a9aa64e3dbef1b4d0a4480b392722b16,lf-normalized
papers/apep_0882_v1.tex,apep_0882/v1/paper.tex,https://raw.githubusercontent.com/SocialCatalystLab/ape-papers/70c660ea5a7de722e9a12ad965e1c665890208d8/apep_0882/v1/paper.tex,95137bfe9923c2cbad2d7c776f12031810ba6f80,019c0a0ebe883e957fbae0ff340a6e6371ad999812adeb2aa0f964b813381518,lf-normalized
papers/apep_0884_v1.tex,apep_0884/v1/paper.tex,https://raw.githubusercontent.com/SocialCatalystLab/ape-papers/70c660ea5a7de722e9a12ad965e1c665890208d8/apep_0884/v1/paper.tex,dbeee88fc965922ee7eb8e59464a112810679fde,30f5d69536c2851dcdd6fed3ac40647f9a78081b4588f3dfe5a5e7404f34ca6d,lf-normalized
papers/apep_0885_v1.tex,apep_0885/v1/paper.tex,https://raw.githubusercontent.com/SocialCatalystLab/ape-papers/70c660ea5a7de722e9a12ad965e1c665890208d8/apep_0885/v1/paper.tex,1cf6e6e08f8576b772066bec4c0479b983c59bb9,231e3cc2f554ec087d107cc7300e92b0cb30dd310d181c6b5ef70850cbb0460b,lf-normalized
papers/apep_0887_v1.tex,apep_0887/v1/paper.tex,https://raw.githubusercontent.com/SocialCatalystLab/ape-papers/70c660ea5a7de722e9a12ad965e1c665890208d8/apep_0887/v1/paper.tex,fc49e9558685602bdfbbf0f1862471f7d31b13e5,3719bbd1688eaee1a7403c07f6e165e4b55ac6216f8bcad00acdd37eb96c02cb,lf-normalized
papers/apep_0889_v1.tex,apep_0889/v1/paper.tex,https://raw.githubusercontent.com/SocialCatalystLab/ape-papers/70c660ea5a7de722e9a12ad965e1c665890208d8/apep_0889/v1/paper.tex,95c6933e7414064f7a76f1246bebaa2da88a8984,e1a7858b6f5819c915d11f83f2bb6dd556a70c12c3e8d80def72f54cfb3ca40d,lf-normalized
papers/apep_0890_v1.tex,apep_0890/v1/paper.tex,https://raw.githubusercontent.com/SocialCatalystLab/ape-papers/70c660ea5a7de722e9a12ad965e1c665890208d8/apep_0890/v1/paper.tex,7d34da4714c0b213bc0a1891f9df406cadba688d,3fd264d16dd2bc07238c64dca16e5f7f1439124c4b07b2ee38ad3676a25d9dbc,lf-normalized
papers/apep_0891_v1.tex,apep_0891/v1/paper.tex,https://raw.githubusercontent.com/SocialCatalystLab/ape-papers/70c660ea5a7de722e9a12ad965e1c665890208d8/apep_0891/v1/paper.tex,254b863d981acd6c58378f4aeb63b3faf63fc1b3,9363a0fc4e9b046accafd7a6699137b4d90daaad5fb9ce2404189130b82aed73,lf-normalized
papers/apep_0892_v1.tex,apep_0892/v1/paper.tex,https://raw.githubusercontent.com/SocialCatalystLab/ape-papers/70c660ea5a7de722e9a12ad965e1c665890208d8/apep_0892/v1/paper.tex,9bea70676323c842e3f3f80ea2d6d928bf2c5880,a702c6486f4f22a333a3ff143dd1afce33afc0de2685f69c09bb2e81d0b6cda1,lf-normalized
papers/apep_0893_v1.tex,apep_0893/v1/paper.tex,https://raw.githubusercontent.com/SocialCatalystLab/ape-papers/70c660ea5a7de722e9a12ad965e1c665890208d8/apep_0893/v1/paper.tex,c640d8edc158b16f33824f874f880974fd0d4432,3e8bb52244c41d9e945bd35a78b6f41bb82115debc7126603d47ccf2bde477ca,lf-normalized
papers/apep_0894_v1.tex,apep_0894/v1/paper.tex,https://raw.githubusercontent.com/SocialCatalystLab/ape-papers/70c660ea5a7de722e9a12ad965e1c665890208d8/apep_0894/v1/paper.tex,3f014e9e7946603ecc210108444b0d841c7c487b,e16b6b9baf7bfa3f8ea56a090bf14cfe18e2b62f08f00684feb42eb29a988c19,lf-normalized
papers/apep_0895_v1.tex,apep_0895/v1/paper.tex,https://raw.githubusercontent.com/SocialCatalystLab/ape-papers/70c660ea5a7de722e9a12ad965e1c665890208d8/apep_0895/v1/paper.tex,e671e330abe349f75b162069f3f24fd159a23886,ec7f5332df39636e3c61e668cd09cdafd8b1c854151698af5174d9a05f3c50e7,lf-normalized
papers/apep_0896_v1.tex,apep_0896/v1/paper.tex,https://raw.githubusercontent.com/SocialCatalystLab/ape-papers/70c660ea5a7de722e9a12ad965e1c665890208d8/apep_0896/v1/paper.tex,4a5efcf733d74b0f56e1f36406b71228af2e86d2,718ca59557d4e4c5506ed3dc5b9a0c2ae16eb675aadcd1a23a9187592bb8bb82,lf-normalized
papers/apep_0897_v1.tex,apep_0897/v1/paper.tex,https://raw.githubusercontent.com/SocialCatalystLab/ape-papers/70c660ea5a7de722e9a12ad965e1c665890208d8/apep_0897/v1/paper.tex,b9612c3c83521c06875ea346e0822c31ad6b8364,58267547cdea895b51877e93e8ae4212818bb75da040b4243743b7293740fa73,lf-normalized
papers/apep_0898_v1.tex,apep_0898/v1/paper.tex,https://raw.githubusercontent.com/SocialCatalystLab/ape-papers/70c660ea5a7de722e9a12ad965e1c665890208d8/apep_0898/v1/paper.tex,cbccbe6f2e1ae2802afd05ad9ee7b870d188b7bd,75aaad4dc3d590726920735d213805fa8f10e7637fc8846d1ed69ec9d059c536,lf-normalized
papers/apep_0899_v1.tex,apep_0899/v1/paper.tex,https://raw.githubusercontent.com/SocialCatalystLab/ape-papers/70c660ea5a7de722e9a12ad965e1c665890208d8/apep_0899/v1/paper.tex,744890438d1a0e655067448d8b056ea5fc8acd40,65df999b98718f94c79d1225b3e04e2732e3e64ee1f2acacb2d37e58487dd23e,lf-normalized
papers/apep_0900_v1.tex,apep_0900/v1/paper.tex,https://raw.githubusercontent.com/SocialCatalystLab/ape-papers/70c660ea5a7de722e9a12ad965e1c665890208d8/apep_0900/v1/paper.tex,c2d8b99bc0aa73cde94b480d4e5321cd41e7ab95,314972d68a26643a9f4a30b67967fff9cad12c1304d44dbc326aa64f63650efb,lf-normalized
papers/apep_0901_v1.tex,apep_0901/v1/paper.tex,https://raw.githubusercontent.com/SocialCatalystLab/ape-papers/70c660ea5a7de722e9a12ad965e1c665890208d8/apep_0901/v1/paper.tex,39357e72dda52a52c0ecdfe368a6148f918c9358,ee9657076a85295f3a4e23bcacb2e1849078937cb477830972d5f880aa016370,lf-normalized
papers/apep_0902_v1.tex,apep_0902/v1/paper.tex,https://raw.githubusercontent.com/SocialCatalystLab/ape-papers/70c660ea5a7de722e9a12ad965e1c665890208d8/apep_0902/v1/paper.tex,67142d9c58d8bec577a29ae1f6e664e0b641e233,bacaa425d52c446bb6a674afc433b4cc7452b3425ea1ba29e9adfcd1dbba015a,lf-normalized
papers/apep_0903_v1.tex,apep_0903/v1/paper.tex,https://raw.githubusercontent.com/SocialCatalystLab/ape-papers/70c660ea5a7de722e9a12ad965e1c665890208d8/apep_0903/v1/paper.tex,59d2924ecee6718ec9c21535811de90e012c88c1,030100660cb0f6f929801c3feafae4893a6a80ba17250d82b768b398f0984025,lf-normalized
papers/apep_0904_v1.tex,apep_0904/v1/paper.tex,https://raw.githubusercontent.com/SocialCatalystLab/ape-papers/70c660ea5a7de722e9a12ad965e1c665890208d8/apep_0904/v1/paper.tex,1f4f4a15398e6526ef5266ed026bc0025ebe77ef,287612815058bc9806a32738e8ac45ad7bb473d9e3a5735f10e504883a99addb,lf-normalized
papers/apep_0905_v1.tex,apep_0905/v1/paper.tex,https://raw.githubusercontent.com/SocialCatalystLab/ape-papers/70c660ea5a7de722e9a12ad965e1c665890208d8/apep_0905/v1/paper.tex,9a5280e6a47bc0f2a558e06a7963e5b52bef4ff7,cbe6730d103e05abc4ada52d496f356d9926ab909498860ddaa12ae483c76b12,lf-normalized
papers/apep_0906_v1.tex,apep_0906/v1/paper.tex,https://raw.githubusercontent.com/SocialCatalystLab/ape-papers/70c660ea5a7de722e9a12ad965e1c665890208d8/apep_0906/v1/paper.tex,0d3f9d85cccb533549fa40eab0b65d17efb7cd66,1d91d9c9c21d3ce73362f1aab5e58e08e4898b9623f379632eb49a6ca822e6b6,lf-normalized
papers/apep_0907_v1.tex,apep_0907/v1/paper.tex,https://raw.githubusercontent.com/SocialCatalystLab/ape-papers/70c660ea5a7de722e9a12ad965e1c665890208d8/apep_0907/v1/paper.tex,f0a7c710d8b60fd74d7294800e82fab869a56f1c,432309979fbd0d7788fb8d25e78e34188779ca0bcf50510eda90512da4ed339a,lf-normalized
papers/apep_0908_v1.tex,apep_0908/v1/paper.tex,https://raw.githubusercontent.com/SocialCatalystLab/ape-papers/70c660ea5a7de722e9a12ad965e1c665890208d8/apep_0908/v1/paper.tex,fedd9a727386cac2b00183d331f39ea77be12b7a,34b08ff36eea42f026ee9c2a7ae99191c9242beaa8e2cd8407e377d43c45833c,lf-normalized
papers/apep_0909_v1.tex,apep_0909/v1/paper.tex,https://raw.githubusercontent.com/SocialCatalystLab/ape-papers/70c660ea5a7de722e9a12ad965e1c665890208d8/apep_0909/v1/paper.tex,4e8976dee4303b065531af08c451808d4d7330c1,127d0d91fc3e3379ba8ac314559e3fdcc7926b044fc88860da57b01c428f0b5d,lf-normalized
papers/apep_0910_v1.tex,apep_0910/v1/paper.tex,https://raw.githubusercontent.com/SocialCatalystLab/ape-papers/70c660ea5a7de722e9a12ad965e1c665890208d8/apep_0910/v1/paper.tex,21d21df6bff669e323d0868ec5a183b2bbd2450b,6be39c721ed45f96284cea080d270b40af0c9b849d168bd00afc8ebcba670d75,lf-normalized
papers/apep_0912_v1.tex,apep_0912/v1/paper.tex,https://raw.githubusercontent.com/SocialCatalystLab/ape-papers/70c660ea5a7de722e9a12ad965e1c665890208d8/apep_0912/v1/paper.tex,d1f1e17185d6fd5b5926d0d7c61679212c7a3d0f,527ff23185515722abfbe30d9e555d7fcf15eddb41ef562f5a6f090cada0985f,lf-normalized
papers/apep_0913_v1.tex,apep_0913/v1/paper.tex,https://raw.githubusercontent.com/SocialCatalystLab/ape-papers/70c660ea5a7de722e9a12ad965e1c665890208d8/apep_0913/v1/paper.tex,1ff6a4a3df707e127757e6a60350ccccc90ff5f5,4593197fefd1d51acc9baa13b16309c36a68c9d902f728a049193a42dae4c1d1,lf-normalized
papers/apep_0914_v1.tex,apep_0914/v1/paper.tex,https://raw.githubusercontent.com/SocialCatalystLab/ape-papers/70c660ea5a7de722e9a12ad965e1c665890208d8/apep_0914/v1/paper.tex,109539ee32303434e5a0e431ba033baa782f8310,f10f2cc7aba5638fb6f28b81bb7afbe3cdd720b911d65895caf380b1556e7653,lf-normalized
papers/apep_0915_v1.tex,apep_0915/v1/paper.tex,https://raw.githubusercontent.com/SocialCatalystLab/ape-papers/70c660ea5a7de722e9a12ad965e1c665890208d8/apep_0915/v1/paper.tex,6f0178211d410f6f06988c3c9ff619639e9857b0,b33e79a8cc8707a388bb68019d1e2b553fb72e3c78f9ee6562e97d52bc6852c7,lf-normalized
papers/apep_0916_v1.tex,apep_0916/v1/paper.tex,https://raw.githubusercontent.com/SocialCatalystLab/ape-papers/70c660ea5a7de722e9a12ad965e1c665890208d8/apep_0916/v1/paper.tex,07b84dc3aaec866a83631a95d05e0ae0ae5aff81,941bac9c493fc68b0f237a2bfbbc22299b5a25b4ae3b1fb94fa6726bcec22d48,lf-normalized
papers/apep_0917_v1.tex,apep_0917/v1/paper.tex,https://raw.githubusercontent.com/SocialCatalystLab/ape-papers/70c660ea5a7de722e9a12ad965e1c665890208d8/apep_0917/v1/paper.tex,b94023af78df798e5df3b10e36e410defc3bbc7d,bc1b2928713b006271fb30b201fcc19dba4fd3acd4b1ca26f7b134182cd24b1c,lf-normalized
papers/apep_0918_v1.tex,apep_0918/v1/paper.tex,https://raw.githubusercontent.com/SocialCatalystLab/ape-papers/70c660ea5a7de722e9a12ad965e1c665890208d8/apep_0918/v1/paper.tex,81264a4fa7aff878a17ec2d51d714c66426689bd,9f44cd6743726149b3bba45ff344bfa5c22efcb1c940878b4a7b105f7eef031e,lf-normalized
papers/apep_0919_v1.tex,apep_0919/v1/paper.tex,https://raw.githubusercontent.com/SocialCatalystLab/ape-papers/70c660ea5a7de722e9a12ad965e1c665890208d8/apep_0919/v1/paper.tex,e616ab95ceb8a29f49bad4c940e205ef8fb27fe7,d4155d1be01cc158edfba4aeea176d23af51076eb817eae91b000bbbd9329b16,lf-normalized
papers/apep_0920_v1.tex,apep_0920/v1/paper.tex,https://raw.githubusercontent.com/SocialCatalystLab/ape-papers/70c660ea5a7de722e9a12ad965e1c665890208d8/apep_0920/v1/paper.tex,3ae3bf26ac7fbe9f2dc7a485671dea77b31286cb,c4216a59830776c3b2839a3423ae5a106eabb4f0bddd777977114a4d2391b5f1,lf-normalized
papers/apep_0921_v1.tex,apep_0921/v1/paper.tex,https://raw.githubusercontent.com/SocialCatalystLab/ape-papers/70c660ea5a7de722e9a12ad965e1c665890208d8/apep_0921/v1/paper.tex,8b983ed4535ffceb3d67cf60bed8e5fe5fcd6f19,188a37ac659e8924e8d828f1e93c495ea92e1dace7348a8bbff592da0468d78f,lf-normalized
papers/apep_0922_v1.tex,apep_0922/v1/paper.tex,https://raw.githubusercontent.com/SocialCatalystLab/ape-papers/70c660ea5a7de722e9a12ad965e1c665890208d8/apep_0922/v1/paper.tex,f064e71ef4ee2d3223de4542ed62374098a79334,6713659ff29621cce9664843edcb24d442b8f9840f92063f4130a00b908a1825,lf-normalized
papers/apep_0923_v1.tex,apep_0923/v1/paper.tex,https://raw.githubusercontent.com/SocialCatalystLab/ape-papers/70c660ea5a7de722e9a12ad965e1c665890208d8/apep_0923/v1/paper.tex,5d7fc06b6b004c903ff1c48551e48d395da6f63e,f38e7a718bbcca4f1aad4f8ccd04e1213cfc245b7526fbad8b2093e533d9aa32,lf-normalized
papers/apep_0925_v1.tex,apep_0925/v1/paper.tex,https://raw.githubusercontent.com/SocialCatalystLab/ape-papers/70c660ea5a7de722e9a12ad965e1c665890208d8/apep_0925/v1/paper.tex,3c07a2534e6f7a7f1fe7962f3ad7b71d7407eb30,ea2f4e34d045b594745dd52d00024b36c9c334aa5dcc3ca9c6f25940b3f5b864,lf-normalized
papers/apep_0927_v1.tex,apep_0927/v1/paper.tex,https://raw.githubusercontent.com/SocialCatalystLab/ape-papers/70c660ea5a7de722e9a12ad965e1c665890208d8/apep_0927/v1/paper.tex,50bcd401541cffaf4d5b37facfcdc7ad00d5d933,8e94191634a1422479fad588018377857decf8742c97fd8bcac2cd5fbc7a4b6d,lf-normalized
papers/apep_0929_v1.tex,apep_0929/v1/paper.tex,https://raw.githubusercontent.com/SocialCatalystLab/ape-papers/70c660ea5a7de722e9a12ad965e1c665890208d8/apep_0929/v1/paper.tex,4677b637810e030ee63290de1a396e46ddcf1b69,61aa2f5d229c19b30b4ae03f1ff749d81d1655b06557c508eb4882f840ccca7d,lf-normalized
papers/apep_0931_v1.tex,apep_0931/v1/paper.tex,https://raw.githubusercontent.com/SocialCatalystLab/ape-papers/70c660ea5a7de722e9a12ad965e1c665890208d8/apep_0931/v1/paper.tex,790fab1ca447f752e0366062cb96530616699b35,636b00f72f46a46357a36442965f3794acf244aeab182abc28c28f8aa13421c5,lf-normalized
papers/apep_0932_v1.tex,apep_0932/v1/paper.tex,https://raw.githubusercontent.com/SocialCatalystLab/ape-papers/70c660ea5a7de722e9a12ad965e1c665890208d8/apep_0932/v1/paper.tex,ddc742da24685ffc6bedc681c01c183bd5ab950d,0974ee2ef8c05c3c5e2435245f71ebd6d3d5f3426ecc55cdfed644b483c5a425,lf-normalized
papers/apep_0933_v1.tex,apep_0933/v1/paper.tex,https://raw.githubusercontent.com/SocialCatalystLab/ape-papers/70c660ea5a7de722e9a12ad965e1c665890208d8/apep_0933/v1/paper.tex,1e9866c1a61caf5cb6b20b8f55263838c3a031e1,b786c3c8a29d03b9dcca4b75cd8bdadb561413767ed8c878951ccfe5e75d4ab1,lf-normalized
papers/apep_0934_v1.tex,apep_0934/v1/paper.tex,https://raw.githubusercontent.com/SocialCatalystLab/ape-papers/70c660ea5a7de722e9a12ad965e1c665890208d8/apep_0934/v1/paper.tex,74701039063e32f96106a47583f004cc7f2c66d8,107de92d1f38da9d021961e9ec4c370d7ea48c0ab5e45976aa0756aa651becdc,lf-normalized
papers/apep_0935_v1.tex,apep_0935/v1/paper.tex,https://raw.githubusercontent.com/SocialCatalystLab/ape-papers/70c660ea5a7de722e9a12ad965e1c665890208d8/apep_0935/v1/paper.tex,706138c65274134a36229211f8368468d147f5fd,032d2158e2065637e9e9b67b5e3b513983db43a361524690b2ca60b5f87b3221,lf-normalized
papers/apep_0936_v1.tex,apep_0936/v1/paper.tex,https://raw.githubusercontent.com/SocialCatalystLab/ape-papers/70c660ea5a7de722e9a12ad965e1c665890208d8/apep_0936/v1/paper.tex,853d6f9fff366ff97e0aab490ac245a95f90835f,211b6aef68f0e535de6ac6078a9c4042eea67a653686a7166ed982829e0cc309,lf-normalized
papers/apep_0937_v1.tex,apep_0937/v1/paper.tex,https://raw.githubusercontent.com/SocialCatalystLab/ape-papers/70c660ea5a7de722e9a12ad965e1c665890208d8/apep_0937/v1/paper.tex,514f60616e6c7906699c60ff7a114cd6ab2a3287,7df0b4e7f2d8b885a17919db11c66753500dcd78eedddb0257986a5469aa9876,lf-normalized
papers/apep_0938_v1.tex,apep_0938/v1/paper.tex,https://raw.githubusercontent.com/SocialCatalystLab/ape-papers/70c660ea5a7de722e9a12ad965e1c665890208d8/apep_0938/v1/paper.tex,e7423ec66a25616ed12834052fe9a63b1321a358,1603baa78c684db27ce28709688753098144d26fa5ee4ffd2e78eae17e3b907f,lf-normalized
papers/apep_0939_v1.tex,apep_0939/v1/paper.tex,https://raw.githubusercontent.com/SocialCatalystLab/ape-papers/70c660ea5a7de722e9a12ad965e1c665890208d8/apep_0939/v1/paper.tex,6bdbe9d2d343728e355275f45eee5a954077905f,ffde37130a0a0f5ae2d2f86424727f27671af16a075c36e8ae5dae5814f6afb1,lf-normalized
papers/apep_0940_v1.tex,apep_0940/v1/paper.tex,https://raw.githubusercontent.com/SocialCatalystLab/ape-papers/70c660ea5a7de722e9a12ad965e1c665890208d8/apep_0940/v1/paper.tex,1e08bd3df1668a599134fb8ee1cee0fe437036e4,d2be6d577d926d4601cf3761e8d26aeb8cc355ef294d89fa1ea797d2d612bfbc,lf-normalized
papers/apep_0941_v1.tex,apep_0941/v1/paper.tex,https://raw.githubusercontent.com/SocialCatalystLab/ape-papers/70c660ea5a7de722e9a12ad965e1c665890208d8/apep_0941/v1/paper.tex,2fad5c43b145a0f56bd0b9c9a641f2be28af0820,7bfb76d2ef33922fdfdeea49f30b1b944ecdc4ce4e6dd2376c8a1a8da1565909,lf-normalized
papers/apep_0942_v1.tex,apep_0942/v1/paper.tex,https://raw.githubusercontent.com/SocialCatalystLab/ape-papers/70c660ea5a7de722e9a12ad965e1c665890208d8/apep_0942/v1/paper.tex,434077eb14ba97ab576b50f9bae2608011ff146a,b497dbd5d726514283b7c9c0c62d366340015415b8906f0f22622e7e136cec3b,lf-normalized
papers/apep_0943_v1.tex,apep_0943/v1/paper.tex,https://raw.githubusercontent.com/SocialCatalystLab/ape-papers/70c660ea5a7de722e9a12ad965e1c665890208d8/apep_0943/v1/paper.tex,4532bde01c7ab8a8d5a00561c56102b64c1cc8dd,1f70d265ef623fced6db4d9f4a56c6a6c04c3ea3557a26958e0ad2f9bf3663c7,lf-normalized
papers/apep_0944_v1.tex,apep_0944/v1/paper.tex,https://raw.githubusercontent.com/SocialCatalystLab/ape-papers/70c660ea5a7de722e9a12ad965e1c665890208d8/apep_0944/v1/paper.tex,a83b746dc44a4841f36024d467ca8589dc9cdb41,469a20940792f477e18a354554c3da135e1af51471069274a321e27d74a6b92a,lf-normalized
papers/apep_0945_v1.tex,apep_0945/v1/paper.tex,https://raw.githubusercontent.com/SocialCatalystLab/ape-papers/70c660ea5a7de722e9a12ad965e1c665890208d8/apep_0945/v1/paper.tex,5cc79523567e50d4f7afa120982de2f8f03ece83,b36f88f44bf46351c6f559c65fb3c5d8fb307690f514df5f5d3aef265c1a0ef4,lf-normalized
papers/apep_0946_v1.tex,apep_0946/v1/paper.tex,https://raw.githubusercontent.com/SocialCatalystLab/ape-papers/70c660ea5a7de722e9a12ad965e1c665890208d8/apep_0946/v1/paper.tex,789907e734f1d9ee240c9bf4b536688b548452c6,02408436e763166480206031422733d3774b87035774a1e89cce49b9315a7e8d,lf-normalized
papers/apep_0948_v1.tex,apep_0948/v1/paper.tex,https://raw.githubusercontent.com/SocialCatalystLab/ape-papers/70c660ea5a7de722e9a12ad965e1c665890208d8/apep_0948/v1/paper.tex,fc41ede54d127f27e137861b7111f835e71fdd78,5202747eb926e2a9da902d47c6a92c209b0d348cbb3b1ee71a0f9c4c822477ec,lf-normalized
papers/apep_0952_v1.tex,apep_0952/v1/paper.tex,https://raw.githubusercontent.com/SocialCatalystLab/ape-papers/70c660ea5a7de722e9a12ad965e1c665890208d8/apep_0952/v1/paper.tex,6e5ae86968bd39e30716787c04c1875ec78331f4,6d837fc7e35053407a92a93e284dfcffb107677143e7f2fde85d6f80027a2c46,lf-normalized
papers/apep_0954_v1.tex,apep_0954/v1/paper.tex,https://raw.githubusercontent.com/SocialCatalystLab/ape-papers/70c660ea5a7de722e9a12ad965e1c665890208d8/apep_0954/v1/paper.tex,8aeb69121823b9e5a604d90ae4a78403dc36c06f,d72481fc67b6ee5b562b7109bab2e3161ddb367a01d9098b3343177d6c633560,lf-normalized
papers/apep_0955_v1.tex,apep_0955/v1/paper.tex,https://raw.githubusercontent.com/SocialCatalystLab/ape-papers/70c660ea5a7de722e9a12ad965e1c665890208d8/apep_0955/v1/paper.tex,074ab97dd43ce3976daf625247c011bb4ffabfe9,72107a693135e0761eb516eda5006f1d83e9032f648f783881a79b86baeab322,lf-normalized
papers/apep_0956_v1.tex,apep_0956/v1/paper.tex,https://raw.githubusercontent.com/SocialCatalystLab/ape-papers/70c660ea5a7de722e9a12ad965e1c665890208d8/apep_0956/v1/paper.tex,365f0d92e2fb51ae1116535b89094442917add69,7d20424966589a56191c48fefbdc6d2f39bccbf4c9fd75285c821190f1eb9c1e,lf-normalized
papers/apep_0957_v1.tex,apep_0957/v1/paper.tex,https://raw.githubusercontent.com/SocialCatalystLab/ape-papers/70c660ea5a7de722e9a12ad965e1c665890208d8/apep_0957/v1/paper.tex,5018cd42e3bbe4d668cfaa8ea1d1679dce91b23b,60fd8c9758165f8d02b775ca653740975bd974ea7fa675b7f5c2d3129969710d,lf-normalized
papers/apep_0958_v1.tex,apep_0958/v1/paper.tex,https://raw.githubusercontent.com/SocialCatalystLab/ape-papers/70c660ea5a7de722e9a12ad965e1c665890208d8/apep_0958/v1/paper.tex,6f71008954fd38128164e43f0787215ded4c4b9d,086ec430d62953e0fc2e7e32c3c9651eb848f50f70fd62f4edf70fc1b396ab10,lf-normalized
papers/apep_0960_v1.tex,apep_0960/v1/paper.tex,https://raw.githubusercontent.com/SocialCatalystLab/ape-papers/70c660ea5a7de722e9a12ad965e1c665890208d8/apep_0960/v1/paper.tex,a9769e3db80dbba23fe2711d821db1edc2b16b93,7e01d03b4e97d077b2fc33d5623120764e9bfb7c6d6e5ec7c4d23aeb41d3d791,lf-normalized
papers/apep_0961_v1.tex,apep_0961/v1/paper.tex,https://raw.githubusercontent.com/SocialCatalystLab/ape-papers/70c660ea5a7de722e9a12ad965e1c665890208d8/apep_0961/v1/paper.tex,a1fbfa4751032626729c1c1ce8ee018a10b407ac,2e76692caae421b24755bdb5fd6183fdb4179c05faf17636b66a45dfe1648c2c,lf-normalized
papers/apep_0963_v1.tex,apep_0963/v1/paper.tex,https://raw.githubusercontent.com/SocialCatalystLab/ape-papers/70c660ea5a7de722e9a12ad965e1c665890208d8/apep_0963/v1/paper.tex,b3c5bc99c1a69ae587973ba1b0685f0f85723f28,5740f10b077f6ce36d5fba600760f5ce057cbc606c9f3feefe72fd29820bbb49,lf-normalized
papers/apep_0964_v1.tex,apep_0964/v1/paper.tex,https://raw.githubusercontent.com/SocialCatalystLab/ape-papers/70c660ea5a7de722e9a12ad965e1c665890208d8/apep_0964/v1/paper.tex,99190c330fe554ec9bd2f95b365503313e550a53,51a7572a4528a67dc6768f74a9a900e67a651651a86b20f9df8db72cc64af5fc,lf-normalized
papers/apep_0965_v1.tex,apep_0965/v1/paper.tex,https://raw.githubusercontent.com/SocialCatalystLab/ape-papers/70c660ea5a7de722e9a12ad965e1c665890208d8/apep_0965/v1/paper.tex,b6bd09b66ac959439fe3b499da47f9cdde34a748,d0128db9ebf2a154dfd3fae3da260c5202e64e77e0e7b0118450773e5b516110,lf-normalized
papers/apep_0966_v1.tex,apep_0966/v1/paper.tex,https://raw.githubusercontent.com/SocialCatalystLab/ape-papers/70c660ea5a7de722e9a12ad965e1c665890208d8/apep_0966/v1/paper.tex,0742af82ea1ff6b7fb2a0ead43b8201cb6223542,d67564586aa54b4ad27b22836241a7ed6183e74987f6e0393ddeb095dc3d1cc6,lf-normalized
papers/apep_0967_v1.tex,apep_0967/v1/paper.tex,https://raw.githubusercontent.com/SocialCatalystLab/ape-papers/70c660ea5a7de722e9a12ad965e1c665890208d8/apep_0967/v1/paper.tex,5c377c5eaa698e0b1a59fbb953df79781721806b,326dda2f42aed0849c85d67ad804b7e7134e5ed3dc1cb586311bbed6af9a05bd,lf-normalized
papers/apep_0968_v1.tex,apep_0968/v1/paper.tex,https://raw.githubusercontent.com/SocialCatalystLab/ape-papers/70c660ea5a7de722e9a12ad965e1c665890208d8/apep_0968/v1/paper.tex,9df4c87be3a5ae7165dbca54eb77a8b28f9126bf,ff0b1f02de3e6f0f3f1ba2c958225f87b0a4443cebf75efb6e1a89dd680ec5db,lf-normalized
papers/apep_0969_v1.tex,apep_0969/v1/paper.tex,https://raw.githubusercontent.com/SocialCatalystLab/ape-papers/70c660ea5a7de722e9a12ad965e1c665890208d8/apep_0969/v1/paper.tex,d8c9c356434669a7a2803421f13268fdfb0aecb5,9946fe844ec4e102b2f245bf7955fda5396f473100a27df8b440a431273ff6be,lf-normalized
papers/apep_0970_v1.tex,apep_0970/v1/paper.tex,https://raw.githubusercontent.com/SocialCatalystLab/ape-papers/70c660ea5a7de722e9a12ad965e1c665890208d8/apep_0970/v1/paper.tex,831c6e9c59c1a70e15f851a074b10ec229b4a35d,57b9a515ecfcc63e2fc7439be8033c12dd2943c2c9a965ec3415b872add1de86,lf-normalized
papers/apep_0972_v1.tex,apep_0972/v1/paper.tex,https://raw.githubusercontent.com/SocialCatalystLab/ape-papers/70c660ea5a7de722e9a12ad965e1c665890208d8/apep_0972/v1/paper.tex,ccf77f12e2009d36bb62c70b4ea45e645fc28cd8,ea92efe2dd30ff8a339c1792ba07ffd96eb53c9c0f7fb032c99315e9bde5b905,lf-normalized
papers/apep_0973_v1.tex,apep_0973/v1/paper.tex,https://raw.githubusercontent.com/SocialCatalystLab/ape-papers/70c660ea5a7de722e9a12ad965e1c665890208d8/apep_0973/v1/paper.tex,94befa43714f185df9ae5ad562ffd400b520072e,06565f48ec519aa4f1ff09758c90a98ce644298b1c0ebee464f6d354ae9fa0a5,lf-normalized
papers/apep_0974_v1.tex,apep_0974/v1/paper.tex,https://raw.githubusercontent.com/SocialCatalystLab/ape-papers/70c660ea5a7de722e9a12ad965e1c665890208d8/apep_0974/v1/paper.tex,892d2a2667beffec1584187f77fd03926fc41d88,e5752f51d9e412ee044df31b4486655b4d3fd79f02dffff4d62b1d4658b0dcff,lf-normalized
papers/apep_0975_v1.tex,apep_0975/v1/paper.tex,https://raw.githubusercontent.com/SocialCatalystLab/ape-papers/70c660ea5a7de722e9a12ad965e1c665890208d8/apep_0975/v1/paper.tex,e3a70afb74c8ed2edad505f1cbb15d0d05b4a384,91461ea9fcbf321179da4b07196f180522764441027eb3565d631225e9003edc,lf-normalized
papers/apep_0976_v1.tex,apep_0976/v1/paper.tex,https://raw.githubusercontent.com/SocialCatalystLab/ape-papers/70c660ea5a7de722e9a12ad965e1c665890208d8/apep_0976/v1/paper.tex,656e9810114b5289cb030e8559a7fbe7de983407,dd0bee0cc66d11aa5b7865da93f5412356610448dce22dc68a8c67b5ba2c2609,lf-normalized
papers/apep_0977_v1.tex,apep_0977/v1/paper.tex,https://raw.githubusercontent.com/SocialCatalystLab/ape-papers/70c660ea5a7de722e9a12ad965e1c665890208d8/apep_0977/v1/paper.tex,6967eebb9647d76e4be77b8c70e13bdfd18f0c0c,5be396e1c8f4a0d1b99b3bafef1aab78c21792f42a100638adea3bb571c1d9f5,lf-normalized
papers/apep_0978_v1.tex,apep_0978/v1/paper.tex,https://raw.githubusercontent.com/SocialCatalystLab/ape-papers/70c660ea5a7de722e9a12ad965e1c665890208d8/apep_0978/v1/paper.tex,2817d312f1fe22e23e15f426b4ffbda2a3e12c49,6a543291ff16914007db3400edd52c52968b40b625f74138ac76503702414290,lf-normalized
papers/apep_0979_v1.tex,apep_0979/v1/paper.tex,https://raw.githubusercontent.com/SocialCatalystLab/ape-papers/70c660ea5a7de722e9a12ad965e1c665890208d8/apep_0979/v1/paper.tex,bfd96923f57296c5b304a949da2a1f2b91a89ec0,7989e6f8b4715f5dee2f47fe974ed1baad08632a1537fb33c1c584dc684322b2,lf-normalized
papers/apep_0980_v1.tex,apep_0980/v1/paper.tex,https://raw.githubusercontent.com/SocialCatalystLab/ape-papers/70c660ea5a7de722e9a12ad965e1c665890208d8/apep_0980/v1/paper.tex,32231de0ca0fec415d1d11c7d2bfeab888d23f89,4411486d1ffdbfc7df4e04ca8e5c133408c199ed32d49add1446d15724d34f0c,lf-normalized
papers/apep_0981_v1.tex,apep_0981/v1/paper.tex,https://raw.githubusercontent.com/SocialCatalystLab/ape-papers/70c660ea5a7de722e9a12ad965e1c665890208d8/apep_0981/v1/paper.tex,e6fb6f79d93c56565539a9c0dcfb5ab77d6a6e11,77f64df70fa8f2e10abd8559d65c9daa6eb4246ba17a85f7ab7b5020ec0cf014,lf-normalized
papers/apep_0982_v1.tex,apep_0982/v1/paper.tex,https://raw.githubusercontent.com/SocialCatalystLab/ape-papers/70c660ea5a7de722e9a12ad965e1c665890208d8/apep_0982/v1/paper.tex,cf3ab6447664c5b4e30702e63ec6be868e14d6d4,9b430fbc540819d59ec3827eb92c191a57cbb70c1afe251aa085ebe1b4d91d29,lf-normalized
papers/apep_0983_v1.tex,apep_0983/v1/paper.tex,https://raw.githubusercontent.com/SocialCatalystLab/ape-papers/70c660ea5a7de722e9a12ad965e1c665890208d8/apep_0983/v1/paper.tex,e2276c94ecae1867e1e115b53a493238c22ba936,9aa527b12e8268e8278434034047d85c169ed24ab2578ef8f3cca7f8dc933702,lf-normalized
papers/apep_0984_v1.tex,apep_0984/v1/paper.tex,https://raw.githubusercontent.com/SocialCatalystLab/ape-papers/70c660ea5a7de722e9a12ad965e1c665890208d8/apep_0984/v1/paper.tex,817cdd6643ecf9b37de15aa9da89b350f2f6b4e7,3cdd02852c7adca07497a780f0261445a1d5edbc0788673e5831837ddd89e77b,lf-normalized
papers/apep_0985_v1.tex,apep_0985/v1/paper.tex,https://raw.githubusercontent.com/SocialCatalystLab/ape-papers/70c660ea5a7de722e9a12ad965e1c665890208d8/apep_0985/v1/paper.tex,0182af4f19878e860d8f5e614b7ddfec7535d015,9e60afb9311099a9fb22cf395306e7605ea51a0b0ddcee94c9fd95b3e4b8e2e1,lf-normalized
papers/apep_0987_v1.tex,apep_0987/v1/paper.tex,https://raw.githubusercontent.com/SocialCatalystLab/ape-papers/70c660ea5a7de722e9a12ad965e1c665890208d8/apep_0987/v1/paper.tex,be4c2289967c965aa41ab2a654c5da5913015f87,fd910b35599714c3cdd31fe6c92970b4f6f87d304108d235f1fdac2ae36b110a,lf-normalized
papers/apep_0988_v1.tex,apep_0988/v1/paper.tex,https://raw.githubusercontent.com/SocialCatalystLab/ape-papers/70c660ea5a7de722e9a12ad965e1c665890208d8/apep_0988/v1/paper.tex,01b0a614b30530af2a7e74f92c1c3dde09d04227,54777a7aca88dcd2e934371a4d5e314b2a0bb29550a5b46d492398810fb306e9,lf-normalized
papers/apep_0989_v1.tex,apep_0989/v1/paper.tex,https://raw.githubusercontent.com/SocialCatalystLab/ape-papers/70c660ea5a7de722e9a12ad965e1c665890208d8/apep_0989/v1/paper.tex,eb4002c3140a9c908063cd4b7d99e1793829f923,baa57b00ae0e2a4f58d1a879e4df130108e8c7e30252b1cdbf8c72fe81c06c35,lf-normalized
papers/apep_0990_v1.tex,apep_0990/v1/paper.tex,https://raw.githubusercontent.com/SocialCatalystLab/ape-papers/70c660ea5a7de722e9a12ad965e1c665890208d8/apep_0990/v1/paper.tex,9ebb6cf5d85a6a0c31334f894a4439f7d0da6900,2ebd5ff75bae0c25be724e50b33be9096b481aabb46e9cc01372dbc4ca3c2b11,lf-normalized
papers/apep_0991_v1.tex,apep_0991/v1/paper.tex,https://raw.githubusercontent.com/SocialCatalystLab/ape-papers/70c660ea5a7de722e9a12ad965e1c665890208d8/apep_0991/v1/paper.tex,d0a5f013211e1908c8c4d6563444f1ed35059419,913d59773891dda403805b13316e13779118588d12c09aeaccbe31a3ac2f30e6,lf-normalized
papers/apep_0992_v1.tex,apep_0992/v1/paper.tex,https://raw.githubusercontent.com/SocialCatalystLab/ape-papers/70c660ea5a7de722e9a12ad965e1c665890208d8/apep_0992/v1/paper.tex,11ef58f7d8d8745552b307867e57cea63f05750e,13694dcd09b3da2fec15766aba5505488eb71b6dc3608703fa52ec6e7c854a15,lf-normalized
papers/apep_0993_v1.tex,apep_0993/v1/paper.tex,https://raw.githubusercontent.com/SocialCatalystLab/ape-papers/70c660ea5a7de722e9a12ad965e1c665890208d8/apep_0993/v1/paper.tex,2075d06360eb804e8c8a4ed340a0fc48a6f40186,08dc529cf0920bb4904522ebb590a572a94f9ba345b08097822766d06b8a0d76,lf-normalized
papers/apep_0995_v1.tex,apep_0995/v1/paper.tex,https://raw.githubusercontent.com/SocialCatalystLab/ape-papers/70c660ea5a7de722e9a12ad965e1c665890208d8/apep_0995/v1/paper.tex,69886fe0f63310333abab9f6cd8f63ce84dcaaaf,6fa40ee8546cf11dc3039bcc80a2c89e7542087c5990983435680a4e040bfff7,lf-normalized
papers/apep_0997_v1.tex,apep_0997/v1/paper.tex,https://raw.githubusercontent.com/SocialCatalystLab/ape-papers/70c660ea5a7de722e9a12ad965e1c665890208d8/apep_0997/v1/paper.tex,2540e2004bf44b227dd893ee9c036ec220ada392,b48257e1c0dfc3e2bd86451bbd69b855ba4d8e687a32838ed7a4b00ae34686e6,lf-normalized
papers/apep_0998_v1.tex,apep_0998/v1/paper.tex,https://raw.githubusercontent.com/SocialCatalystLab/ape-papers/70c660ea5a7de722e9a12ad965e1c665890208d8/apep_0998/v1/paper.tex,dd528805c0ad26e224c5a55cf57016a91ecff5f1,d2e5970c169e7a5aa34c9b54a0d1ca955ca6df162da41e735418a5daaf962888,lf-normalized
papers/apep_0999_v1.tex,apep_0999/v1/paper.tex,https://raw.githubusercontent.com/SocialCatalystLab/ape-papers/70c660ea5a7de722e9a12ad965e1c665890208d8/apep_0999/v1/paper.tex,f2348a2a579567eb56d51629d9ebb88e4ec5c74f,8906cae46292dd6fbd8247596b22042ca89b0adced31c4b0bd60d08a2151942a,lf-normalized
papers/apep_1001_v1.tex,apep_1001/v1/paper.tex,https://raw.githubusercontent.com/SocialCatalystLab/ape-papers/70c660ea5a7de722e9a12ad965e1c665890208d8/apep_1001/v1/paper.tex,6f3e0e4e71db1b733d0ae885a45970874e652453,80e1adbb250a73a6a4f4fdfe65df2dd67a2ce4155faafb8c0e707054c74e1b9d,lf-normalized
papers/apep_1002_v1.tex,apep_1002/v1/paper.tex,https://raw.githubusercontent.com/SocialCatalystLab/ape-papers/70c660ea5a7de722e9a12ad965e1c665890208d8/apep_1002/v1/paper.tex,b978ecc464548815d775996aabb1fcfc307c8d34,65ebe2506e494951cf4b5b25bec4b4d517ec64e421d4bd1ce6dfdceb40ed6c35,lf-normalized
papers/apep_1006_v1.tex,apep_1006/v1/paper.tex,https://raw.githubusercontent.com/SocialCatalystLab/ape-papers/70c660ea5a7de722e9a12ad965e1c665890208d8/apep_1006/v1/paper.tex,4a6fb8eb67fdb552b67d07f9fbdcc7113621066a,59c3564dfad170765a486da53c02e84a9657b78e150aa4747ff704bfa68fd7ab,lf-normalized
papers/apep_1007_v1.tex,apep_1007/v1/paper.tex,https://raw.githubusercontent.com/SocialCatalystLab/ape-papers/70c660ea5a7de722e9a12ad965e1c665890208d8/apep_1007/v1/paper.tex,650ec62d6801d3d502e8b23ba06f18c2a76a0c9c,7dfa3f36e0e0f554949fe75e1cdef85fa2691fc8d804ea30adf29935fd635499,lf-normalized
papers/apep_1012_v1.tex,apep_1012/v1/paper.tex,https://raw.githubusercontent.com/SocialCatalystLab/ape-papers/70c660ea5a7de722e9a12ad965e1c665890208d8/apep_1012/v1/paper.tex,5bc0c13f0ed833fa62960858865210c33bf7d8a5,d07a5ccc32923391a76a2c666f58ed167913187432a1f04e75746673c282e542,lf-normalized
papers/apep_1013_v1.tex,apep_1013/v1/paper.tex,https://raw.githubusercontent.com/SocialCatalystLab/ape-papers/70c660ea5a7de722e9a12ad965e1c665890208d8/apep_1013/v1/paper.tex,36b642a5c6f1cc334d7b1e989e5d26277a07dfe8,317b5489420171decd242d68d1af1be5756e54aeb572d71b1ac73b9b4e750b52,lf-normalized
papers/apep_1014_v1.tex,apep_1014/v1/paper.tex,https://raw.githubusercontent.com/SocialCatalystLab/ape-papers/70c660ea5a7de722e9a12ad965e1c665890208d8/apep_1014/v1/paper.tex,caeb66a864ee747bfe44b2b9448953b269b804b5,7ea9e08944a55576c65b0b981f3000042a72fb7734fe12ddfa4ea8aea44ba0f6,lf-normalized
papers/apep_1015_v1.tex,apep_1015/v1/paper.tex,https://raw.githubusercontent.com/SocialCatalystLab/ape-papers/70c660ea5a7de722e9a12ad965e1c665890208d8/apep_1015/v1/paper.tex,6f92093468440878e36c8dbc97253c453b241976,704927b8c4f070caa3858310eae2615a3df369e66ac8e0e059f9b9544300ea61,lf-normalized
papers/apep_1016_v1.tex,apep_1016/v1/paper.tex,https://raw.githubusercontent.com/SocialCatalystLab/ape-papers/70c660ea5a7de722e9a12ad965e1c665890208d8/apep_1016/v1/paper.tex,950261ad0045d68ef0de8f22a9911deb63082cf0,62ef2a8a5f32a32e5bbf68cda7ecb1fae7f6f17e0857f013cff7bd0c90a912f6,lf-normalized
papers/apep_1017_v1.tex,apep_1017/v1/paper.tex,https://raw.githubusercontent.com/SocialCatalystLab/ape-papers/70c660ea5a7de722e9a12ad965e1c665890208d8/apep_1017/v1/paper.tex,16a04983f84d82527d9a946b8202d41373986b6e,596d46c5e9e602dfffa0041c3f5ec74b417d0e571f9d35b091c473c6248e9c2f,lf-normalized
papers/apep_1018_v1.tex,apep_1018/v1/paper.tex,https://raw.githubusercontent.com/SocialCatalystLab/ape-papers/70c660ea5a7de722e9a12ad965e1c665890208d8/apep_1018/v1/paper.tex,743e845ae51979e25be8d8c595b4926bb3c4c481,e4f34bce1afe33a405a8b7ef58b64f126fcc4cc9a02dc7d4d4ee212671a07432,lf-normalized
papers/apep_1019_v1.tex,apep_1019/v1/paper.tex,https://raw.githubusercontent.com/SocialCatalystLab/ape-papers/70c660ea5a7de722e9a12ad965e1c665890208d8/apep_1019/v1/paper.tex,c4a24ee999b5edc7cbe1dc1d98ebacd10858136b,3cdb715e8f573cd6c424f92876a910084d798ba80c7f1251d4ba13aec020a4a0,lf-normalized
papers/apep_1020_v1.tex,apep_1020/v1/paper.tex,https://raw.githubusercontent.com/SocialCatalystLab/ape-papers/70c660ea5a7de722e9a12ad965e1c665890208d8/apep_1020/v1/paper.tex,bfa5a20d0afd74a31ff43202cca785c01eaad986,bde525e9967290966f280d522e13880eb9262200a860905a73028c51d3e547d0,lf-normalized
papers/apep_1021_v1.tex,apep_1021/v1/paper.tex,https://raw.githubusercontent.com/SocialCatalystLab/ape-papers/70c660ea5a7de722e9a12ad965e1c665890208d8/apep_1021/v1/paper.tex,d153b1f65c5e8a6c9bce66b9f98c78c8a5e4cdd6,e36936ca89d6ceea4b2fd208d53a71cc0f4b4285a1ef6f641ac8b1092b252c01,lf-normalized
papers/apep_1022_v1.tex,apep_1022/v1/paper.tex,https://raw.githubusercontent.com/SocialCatalystLab/ape-papers/70c660ea5a7de722e9a12ad965e1c665890208d8/apep_1022/v1/paper.tex,4e73e25805bcb8cd1686dcab612e7c1b7d1f7922,9035ff44e30e7d2d2f1819b2fd26363b8b70b0e6fc202f5bd94f630b8264591e,lf-normalized
papers/apep_1023_v1.tex,apep_1023/v1/paper.tex,https://raw.githubusercontent.com/SocialCatalystLab/ape-papers/70c660ea5a7de722e9a12ad965e1c665890208d8/apep_1023/v1/paper.tex,17e6774145582cadc308efb9fba1850999b6ac10,4d99b93032996c026c8b818e5b5c1af56c1dcaafdf435d5fe831ff3eecd5bb6d,lf-normalized
papers/apep_1024_v1.tex,apep_1024/v1/paper.tex,https://raw.githubusercontent.com/SocialCatalystLab/ape-papers/70c660ea5a7de722e9a12ad965e1c665890208d8/apep_1024/v1/paper.tex,5fe7b8009de7080131be26797eba6033015ba821,a84710af82a7abd19e6179fbab8efabff598830e61adad420a9664d8e670d925,lf-normalized
papers/apep_1025_v1.tex,apep_1025/v1/paper.tex,https://raw.githubusercontent.com/SocialCatalystLab/ape-papers/70c660ea5a7de722e9a12ad965e1c665890208d8/apep_1025/v1/paper.tex,e11e05acd98eaec12e60695501ce666457a341fe,2f0cd0702d239452fac07a86ba1be95f25423a5bb6a8d6e83d4a519cd09da850,lf-normalized
papers/apep_1026_v1.tex,apep_1026/v1/paper.tex,https://raw.githubusercontent.com/SocialCatalystLab/ape-papers/70c660ea5a7de722e9a12ad965e1c665890208d8/apep_1026/v1/paper.tex,93e5e04f667793af329aafbceea8460cc4e511b7,98122c36a188f11b47c8e7ba367cb260e65f9982353714f9737422c5bad7258b,lf-normalized
papers/apep_1028_v1.tex,apep_1028/v1/paper.tex,https://raw.githubusercontent.com/SocialCatalystLab/ape-papers/70c660ea5a7de722e9a12ad965e1c665890208d8/apep_1028/v1/paper.tex,411cfd268a638af983c8ee86a2964410225e2374,ed7dd0c3c35edfba3ec20b1ac6b20943d78c3c85da38e29a87b37018853e9fa3,lf-normalized
papers/apep_1029_v1.tex,apep_1029/v1/paper.tex,https://raw.githubusercontent.com/SocialCatalystLab/ape-papers/70c660ea5a7de722e9a12ad965e1c665890208d8/apep_1029/v1/paper.tex,452eac5b4a531dd990cc59a06419a55c4f07b045,7ee140eaddfbedba2552d9006b0f6a7aad3d49bc4c5a1c2ece8ae4f4577ab4fd,lf-normalized
papers/apep_1030_v1.tex,apep_1030/v1/paper.tex,https://raw.githubusercontent.com/SocialCatalystLab/ape-papers/70c660ea5a7de722e9a12ad965e1c665890208d8/apep_1030/v1/paper.tex,d015038ff1bad9e7dd3c6b750016dbc53f08972f,28bb3c2a87fa16664c50bb08f012dbff3fb79a4f9d1d2fc357d0ab47674132b6,lf-normalized
papers/apep_1031_v1.tex,apep_1031/v1/paper.tex,https://raw.githubusercontent.com/SocialCatalystLab/ape-papers/70c660ea5a7de722e9a12ad965e1c665890208d8/apep_1031/v1/paper.tex,2b63329364b4bff55b25df646b274e960966687c,fff132b0787df1eb23c9b5d5e866e8a0af70f3b02cb3388ab8edf03528bf9eea,lf-normalized
papers/apep_1032_v1.tex,apep_1032/v1/paper.tex,https://raw.githubusercontent.com/SocialCatalystLab/ape-papers/70c660ea5a7de722e9a12ad965e1c665890208d8/apep_1032/v1/paper.tex,2a328d3c27585e2b4d57af9d2137f50107d2f1d6,079995d8152a1b63ae3020dc822f55b2b4f59cd11b839a203c7c398ead5a66c0,lf-normalized
papers/apep_1033_v1.tex,apep_1033/v1/paper.tex,https://raw.githubusercontent.com/SocialCatalystLab/ape-papers/70c660ea5a7de722e9a12ad965e1c665890208d8/apep_1033/v1/paper.tex,81be87b6ce263c927eae10f0fd2eb1545bcb8b76,331627b7bc74adef9c7b9ace0fed0909fa4064ee12931f9ccd4652bf00dd5e07,lf-normalized
papers/apep_1034_v1.tex,apep_1034/v1/paper.tex,https://raw.githubusercontent.com/SocialCatalystLab/ape-papers/70c660ea5a7de722e9a12ad965e1c665890208d8/apep_1034/v1/paper.tex,f36627d5bd4f72e8eee28483bd263fa762900310,d0552ef9ff358aa693233b29b9ed2fa4a9ef54f2a75bf1f9af1ea240268d9eac,lf-normalized
papers/apep_1035_v1.tex,apep_1035/v1/paper.tex,https://raw.githubusercontent.com/SocialCatalystLab/ape-papers/70c660ea5a7de722e9a12ad965e1c665890208d8/apep_1035/v1/paper.tex,22fefdd9da15522892c7653a69a67e166b676ab2,b6083e693da664d5fd26ad9392de7ed4cbd912c08229c9199fededf70f19fc16,lf-normalized
papers/apep_1036_v1.tex,apep_1036/v1/paper.tex,https://raw.githubusercontent.com/SocialCatalystLab/ape-papers/70c660ea5a7de722e9a12ad965e1c665890208d8/apep_1036/v1/paper.tex,6a464a77356d22a3619ea184363d4f8f1261f320,db538f013ad7ce0cec4656c54010cd739d3cb52ba49358c4454a5d8374b48586,lf-normalized
papers/apep_1037_v1.tex,apep_1037/v1/paper.tex,https://raw.githubusercontent.com/SocialCatalystLab/ape-papers/70c660ea5a7de722e9a12ad965e1c665890208d8/apep_1037/v1/paper.tex,515ee4f065252dc73ded59bf93f4a923ecf3eb54,75f779325daf1708398bbda227d67712fb3e62cf45baa94b78b05c09a6c9544a,lf-normalized
papers/apep_1038_v1.tex,apep_1038/v1/paper.tex,https://raw.githubusercontent.com/SocialCatalystLab/ape-papers/70c660ea5a7de722e9a12ad965e1c665890208d8/apep_1038/v1/paper.tex,696ca0c00a6a80792a2d651b5e78d6ba6cb1eb87,20414e1b66329c843fa2d769776a4277c4ac9c186180e2851066c78e8806676d,lf-normalized
papers/apep_1046_v1.tex,apep_1046/v1/paper.tex,https://raw.githubusercontent.com/SocialCatalystLab/ape-papers/70c660ea5a7de722e9a12ad965e1c665890208d8/apep_1046/v1/paper.tex,7e36b4fcb6c3e5aa0668ede256456e572fb25dfa,328f72da76417427095fd56b15b7a57c2f89c6750add3e00fdf504901b1b08ea,lf-normalized
papers/apep_1049_v1.tex,apep_1049/v1/paper.tex,https://raw.githubusercontent.com/SocialCatalystLab/ape-papers/70c660ea5a7de722e9a12ad965e1c665890208d8/apep_1049/v1/paper.tex,515c820b313259dafe14698cd06d3beeb5658fa8,fc253caaf2979fbbdd41b8ea0d1fc9fe7d62a4ca740e6144008ec8779883bc26,lf-normalized
papers/apep_1050_v1.tex,apep_1050/v1/paper.tex,https://raw.githubusercontent.com/SocialCatalystLab/ape-papers/70c660ea5a7de722e9a12ad965e1c665890208d8/apep_1050/v1/paper.tex,4e28cb843708d1c3f80926c20a02bceadf86a6bc,b9f1f099d45439f2f3dae61ff0ab461683102c81d44873aac16ea1134a4b09d1,lf-normalized
papers/apep_1051_v1.tex,apep_1051/v1/paper.tex,https://raw.githubusercontent.com/SocialCatalystLab/ape-papers/70c660ea5a7de722e9a12ad965e1c665890208d8/apep_1051/v1/paper.tex,a7b5584d78093c397106785a34fccb2932ddcd8b,af8466d3e37eb362af3e04dbf9d767711dbe17db76d0d5dba1df1cf38950e654,lf-normalized
papers/apep_1054_v1.tex,apep_1054/v1/paper.tex,https://raw.githubusercontent.com/SocialCatalystLab/ape-papers/70c660ea5a7de722e9a12ad965e1c665890208d8/apep_1054/v1/paper.tex,a229f133897ec591bb2de032f3daa87cdf7d1182,b7bc2e7163040a58f18721bf74a5bd7f2e83cf64a9b99845a46b3a36452e0231,lf-normalized
papers/apep_1055_v1.tex,apep_1055/v1/paper.tex,https://raw.githubusercontent.com/SocialCatalystLab/ape-papers/70c660ea5a7de722e9a12ad965e1c665890208d8/apep_1055/v1/paper.tex,0209603c86d18a7ad142886c01c4a92857539f98,385df58cb2f47f67b301974eac1dfe609774e7b7813dcb24a0dedd3557b1f2a3,lf-normalized
papers/apep_1057_v1.tex,apep_1057/v1/paper.tex,https://raw.githubusercontent.com/SocialCatalystLab/ape-papers/70c660ea5a7de722e9a12ad965e1c665890208d8/apep_1057/v1/paper.tex,8100f5d9f34954ee5b902fa68e3f5cfca6f12c1e,553f93679d8ccfe0fa40411ecd189541a9b48751eebc959b8fa1097692ca4464,lf-normalized
papers/apep_1058_v1.tex,apep_1058/v1/paper.tex,https://raw.githubusercontent.com/SocialCatalystLab/ape-papers/70c660ea5a7de722e9a12ad965e1c665890208d8/apep_1058/v1/paper.tex,50449d65a998948a721337b3d1902a075d18434a,b59d994885f8e665d4b5edab318d55e65536bac35cbdd562adc0d9368e41a384,lf-normalized
papers/apep_1061_v1.tex,apep_1061/v1/paper.tex,https://raw.githubusercontent.com/SocialCatalystLab/ape-papers/70c660ea5a7de722e9a12ad965e1c665890208d8/apep_1061/v1/paper.tex,b523032cf3d6424642d518e3295695fc7c81f9d3,8a5482368f3ac884b8d930242dc447ff1588600f6a61aa9d253beb7ff2372f37,lf-normalized
papers/apep_1064_v1.tex,apep_1064/v1/paper.tex,https://raw.githubusercontent.com/SocialCatalystLab/ape-papers/70c660ea5a7de722e9a12ad965e1c665890208d8/apep_1064/v1/paper.tex,a152974821b524da581fbc182ecbb6df0127cab9,90b77edfbb1fff3e87287d4028f5edeccfff53e38a67ee1b7484b3f72d8af3df,lf-normalized
papers/apep_1065_v1.tex,apep_1065/v1/paper.tex,https://raw.githubusercontent.com/SocialCatalystLab/ape-papers/70c660ea5a7de722e9a12ad965e1c665890208d8/apep_1065/v1/paper.tex,e4323c89df70d245207edb41d66a570045abd206,40c04d2ebdf50b13a43f2f2c414f364af343c9b4ad64adbb833e7760dfe2f82c,lf-normalized
papers/apep_1066_v1.tex,apep_1066/v1/paper.tex,https://raw.githubusercontent.com/SocialCatalystLab/ape-papers/70c660ea5a7de722e9a12ad965e1c665890208d8/apep_1066/v1/paper.tex,626e313cbb39cfc3ddb4c319101c175cb7cdafa0,00a8c320356b9559f0558ea77830c9d3e3653284edfbcd8fb45e06c8a5350e96,lf-normalized
papers/apep_1067_v1.tex,apep_1067/v1/paper.tex,https://raw.githubusercontent.com/SocialCatalystLab/ape-papers/70c660ea5a7de722e9a12ad965e1c665890208d8/apep_1067/v1/paper.tex,736911b148e168d1a84b96b8580b40b90e85b2df,afd3728c12cc5db869a89c269b3249db3f2da19520bef5bc29bb8bc36eaf3ffa,lf-normalized
papers/apep_1068_v1.tex,apep_1068/v1/paper.tex,https://raw.githubusercontent.com/SocialCatalystLab/ape-papers/70c660ea5a7de722e9a12ad965e1c665890208d8/apep_1068/v1/paper.tex,06c5a6857e625f7657f028dd5d35f8159dd54db7,1ffdaa310b074b4dc0a2b677563793648f7c9fe9cebe8c4101fcdcf4fd5aec27,lf-normalized
papers/apep_1069_v1.tex,apep_1069/v1/paper.tex,https://raw.githubusercontent.com/SocialCatalystLab/ape-papers/70c660ea5a7de722e9a12ad965e1c665890208d8/apep_1069/v1/paper.tex,2e206df80b46372ef5ea210487683fbc08776e07,776b36713848f16b253644bdd8e678e6ea4a450e64ca702fc2e979acad557799,lf-normalized
papers/apep_1070_v1.tex,apep_1070/v1/paper.tex,https://raw.githubusercontent.com/SocialCatalystLab/ape-papers/70c660ea5a7de722e9a12ad965e1c665890208d8/apep_1070/v1/paper.tex,7f85880e406aced9451cd3e91028de7748ce8899,100975f4627fc1cbb05832a044feee20a1884cf8dbaac58eeff5ada64fc77c6c,lf-normalized
papers/apep_1071_v1.tex,apep_1071/v1/paper.tex,https://raw.githubusercontent.com/SocialCatalystLab/ape-papers/70c660ea5a7de722e9a12ad965e1c665890208d8/apep_1071/v1/paper.tex,fd3282dff9e329f843916dec380e82d27780736d,b02c2269974b38ee6f9e84621e28779c1fc96bf22cd56136ec74d7af928aef98,lf-normalized
papers/apep_1072_v1.tex,apep_1072/v1/paper.tex,https://raw.githubusercontent.com/SocialCatalystLab/ape-papers/70c660ea5a7de722e9a12ad965e1c665890208d8/apep_1072/v1/paper.tex,ec4e176527278518261631c633ef628a91f195c3,e856726d0258d11bae15a06ea46d41d9b0595019d676c8337287c099bd1b0be9,lf-normalized
papers/apep_1073_v1.tex,apep_1073/v1/paper.tex,https://raw.githubusercontent.com/SocialCatalystLab/ape-papers/70c660ea5a7de722e9a12ad965e1c665890208d8/apep_1073/v1/paper.tex,04e4444f0a92d9fb71d7791062a4ceefc5240570,aad94d467dc50578c9cdb6b592d4b79817a096183eedf59bc02bf39d326ba9be,lf-normalized
papers/apep_1074_v1.tex,apep_1074/v1/paper.tex,https://raw.githubusercontent.com/SocialCatalystLab/ape-papers/70c660ea5a7de722e9a12ad965e1c665890208d8/apep_1074/v1/paper.tex,9502ef6663a1e1b70e759e9bf96a25dabb8158da,9d19f7f8c100d619ad0c5f89e7654fd6eb7105370e128244320ffca3f8e7c3e1,lf-normalized
papers/apep_1076_v1.tex,apep_1076/v1/paper.tex,https://raw.githubusercontent.com/SocialCatalystLab/ape-papers/70c660ea5a7de722e9a12ad965e1c665890208d8/apep_1076/v1/paper.tex,5e0e823d33892d32c329b001c373c45418413ab3,fadd086b4151f4a8a492d5b6b4d77620e95ebf91612132b65817b057cb626d42,lf-normalized
papers/apep_1077_v1.tex,apep_1077/v1/paper.tex,https://raw.githubusercontent.com/SocialCatalystLab/ape-papers/70c660ea5a7de722e9a12ad965e1c665890208d8/apep_1077/v1/paper.tex,17f1aaae4255061dd2c05cb03ee0bfc78b795531,fb6e4749652a04d390a3327b247bac7c44af6454bb67b502ffda377fc59ebf13,lf-normalized
papers/apep_1079_v1.tex,apep_1079/v1/paper.tex,https://raw.githubusercontent.com/SocialCatalystLab/ape-papers/70c660ea5a7de722e9a12ad965e1c665890208d8/apep_1079/v1/paper.tex,e79214fbfd4614646804238e56731cbc12ad6d7f,e5ea0801b349b8ba35716f377b95b1b13b95477abebaec84dd6adcb63ef3d415,lf-normalized
papers/apep_1081_v1.tex,apep_1081/v1/paper.tex,https://raw.githubusercontent.com/SocialCatalystLab/ape-papers/70c660ea5a7de722e9a12ad965e1c665890208d8/apep_1081/v1/paper.tex,582f711393b9e2fe37a5aab3359f7856b045fd94,e508cee37ffb212f295daeb768c17025df521f914d1580c6d0faabc3ecb9b852,lf-normalized
papers/apep_1082_v1.tex,apep_1082/v1/paper.tex,https://raw.githubusercontent.com/SocialCatalystLab/ape-papers/70c660ea5a7de722e9a12ad965e1c665890208d8/apep_1082/v1/paper.tex,0da565cf1205bd614a0602ebd8b290e068373ee0,a3e87f03005426fa789d62176fb0f266e894333ebf605eb0b78cbbf17f9ddc8b,lf-normalized
papers/apep_1083_v1.tex,apep_1083/v1/paper.tex,https://raw.githubusercontent.com/SocialCatalystLab/ape-papers/70c660ea5a7de722e9a12ad965e1c665890208d8/apep_1083/v1/paper.tex,c1047176f2e7854ff21002915438e20377dbb0a3,fc9c10c2c9e913ec9238215fd2595218a707d6e3bfa06a51e4f65e3119cae7b8,lf-normalized
papers/apep_1084_v1.tex,apep_1084/v1/paper.tex,https://raw.githubusercontent.com/SocialCatalystLab/ape-papers/70c660ea5a7de722e9a12ad965e1c665890208d8/apep_1084/v1/paper.tex,dc04445ab9b30e8d8dbb91f48e8745d9d93143e5,2eac89f1eac0ddd9f25930d91ca23d6a2e9b971e4e904cb6fd26dd34600a8c33,lf-normalized
papers/apep_1085_v1.tex,apep_1085/v1/paper.tex,https://raw.githubusercontent.com/SocialCatalystLab/ape-papers/70c660ea5a7de722e9a12ad965e1c665890208d8/apep_1085/v1/paper.tex,a331f2d90350693cf83e4ef43e351ae2ba1c4071,a2fab79922267a9703b55332b10c5eafda5a9b93f128b10d34b34e55cc848af8,lf-normalized
papers/apep_1086_v1.tex,apep_1086/v1/paper.tex,https://raw.githubusercontent.com/SocialCatalystLab/ape-papers/70c660ea5a7de722e9a12ad965e1c665890208d8/apep_1086/v1/paper.tex,3f2652fdda7855beae6fdaf9042002b617b09d2d,84300f2f5fd7603cc2b2b54158bad3a325fc8567e18b7d97f4ca678b454906e9,lf-normalized
papers/apep_1087_v1.tex,apep_1087/v1/paper.tex,https://raw.githubusercontent.com/SocialCatalystLab/ape-papers/70c660ea5a7de722e9a12ad965e1c665890208d8/apep_1087/v1/paper.tex,9f313ccd5baea1923a091947cf7ae0bb8fcc71a8,fdaaa6140a694d615e35b5bc963eb37aff6049ca278cfa4093cc5cbe5c357399,lf-normalized
papers/apep_1088_v1.tex,apep_1088/v1/paper.tex,https://raw.githubusercontent.com/SocialCatalystLab/ape-papers/70c660ea5a7de722e9a12ad965e1c665890208d8/apep_1088/v1/paper.tex,5defa7eba74bf29a808d2492e814fea9cd5278ba,b75d19c38d77a76d5566cb38aeb1a4b97db3a08d86e95d41cc13050dfe272935,lf-normalized
papers/apep_1089_v1.tex,apep_1089/v1/paper.tex,https://raw.githubusercontent.com/SocialCatalystLab/ape-papers/70c660ea5a7de722e9a12ad965e1c665890208d8/apep_1089/v1/paper.tex,6fb374f519e1886bd8db131add2f80483c304dd5,65c1ff6e970e886ba67c6fc94e2953e50d66e812bd687e19c2599c50a28709c2,lf-normalized
papers/apep_1090_v1.tex,apep_1090/v1/paper.tex,https://raw.githubusercontent.com/SocialCatalystLab/ape-papers/70c660ea5a7de722e9a12ad965e1c665890208d8/apep_1090/v1/paper.tex,b7c9cc5b69d0aa7b3188aa9887ca3aa9e174c2f3,8bb12c11b54b40b2dbf53cccd565a852a1b3871105610b5faf21a500a805a9a1,lf-normalized
papers/apep_1091_v1.tex,apep_1091/v1/paper.tex,https://raw.githubusercontent.com/SocialCatalystLab/ape-papers/70c660ea5a7de722e9a12ad965e1c665890208d8/apep_1091/v1/paper.tex,09981cafaa9d7cb325932a1b85de992b0762fd6f,f4277e0007b6f27bf52cb24d3d0ec410482202fc8a1f364d2d7e9170548e7106,lf-normalized
papers/apep_1093_v1.tex,apep_1093/v1/paper.tex,https://raw.githubusercontent.com/SocialCatalystLab/ape-papers/70c660ea5a7de722e9a12ad965e1c665890208d8/apep_1093/v1/paper.tex,e7b613f25f17980d5103d5572313545c1a6020fa,68359866be9fc0aa8a11546900e830ed67b339e23d5a37e9758b5ec119ab37ae,lf-normalized
papers/apep_1094_v1.tex,apep_1094/v1/paper.tex,https://raw.githubusercontent.com/SocialCatalystLab/ape-papers/70c660ea5a7de722e9a12ad965e1c665890208d8/apep_1094/v1/paper.tex,7ba0782d9285587182e7bd2999d46a5db105d6db,94813472d4ce56e1847909542974b581856f8939166a1ee96600258200ab0031,lf-normalized
papers/apep_1095_v1.tex,apep_1095/v1/paper.tex,https://raw.githubusercontent.com/SocialCatalystLab/ape-papers/70c660ea5a7de722e9a12ad965e1c665890208d8/apep_1095/v1/paper.tex,0ffba7d3a61a991195588be31e483f61eca4cacc,e803b28c3cf4e8231ac64adb423760dae5f5c58e1ea19693ce627f4e6c137e81,lf-normalized
papers/apep_1102_v1.tex,apep_1102/v1/paper.tex,https://raw.githubusercontent.com/SocialCatalystLab/ape-papers/70c660ea5a7de722e9a12ad965e1c665890208d8/apep_1102/v1/paper.tex,d96f776dd1ac1fc6098cc176fce783d87f867fcb,ea47e357da92f3b456889aff48fb47f875846ccdce307bd7ae0934bf9979791f,lf-normalized
papers/apep_1103_v1.tex,apep_1103/v1/paper.tex,https://raw.githubusercontent.com/SocialCatalystLab/ape-papers/70c660ea5a7de722e9a12ad965e1c665890208d8/apep_1103/v1/paper.tex,15aadcaabfed4633ea9914f662b10df2de1ad756,02986e971ab96b35cd3c04597f9d10c564b40984fc005b25975ed913cfaae46c,lf-normalized
papers/apep_1104_v1.tex,apep_1104/v1/paper.tex,https://raw.githubusercontent.com/SocialCatalystLab/ape-papers/70c660ea5a7de722e9a12ad965e1c665890208d8/apep_1104/v1/paper.tex,bc08d77121c9f0b8ae7ca4a45cf6561fd7740777,a3d4320aac93a5d80a1fe65cb89e0b64cf0d17b9f4d2da5309cd8a90824c2cc2,lf-normalized
papers/apep_1105_v1.tex,apep_1105/v1/paper.tex,https://raw.githubusercontent.com/SocialCatalystLab/ape-papers/70c660ea5a7de722e9a12ad965e1c665890208d8/apep_1105/v1/paper.tex,15b166c39b4b32b68b0d6e0a6ce4c3b628803887,f857ce08bc0ca16b10f6da3d72b9e7d506df82a0a5a97251750a5bcc1d8da871,lf-normalized
papers/apep_1106_v1.tex,apep_1106/v1/paper.tex,https://raw.githubusercontent.com/SocialCatalystLab/ape-papers/70c660ea5a7de722e9a12ad965e1c665890208d8/apep_1106/v1/paper.tex,69f86df788bfeed07b69132ea64301e159b893e3,4bea0b04fe345b2dedd696e6c0f45a8a1ad50dc5e8ca11499720f901986dcc06,lf-normalized
papers/apep_1107_v1.tex,apep_1107/v1/paper.tex,https://raw.githubusercontent.com/SocialCatalystLab/ape-papers/70c660ea5a7de722e9a12ad965e1c665890208d8/apep_1107/v1/paper.tex,d8965512b42d62eecd05c221239fdfc5a42234a3,34e0a3d70e11f1f39437217c8c7b11b5bd1e94c11b23e7df26100a698a1d0e60,lf-normalized
papers/apep_1108_v1.tex,apep_1108/v1/paper.tex,https://raw.githubusercontent.com/SocialCatalystLab/ape-papers/70c660ea5a7de722e9a12ad965e1c665890208d8/apep_1108/v1/paper.tex,08af40d2d20f25ead59c520625234d9571fab3e8,85d3b801e6c9d3b0d6c86b6cfe93ef8337f9b42360f1d8587709eb4f09306945,lf-normalized
papers/apep_1109_v1.tex,apep_1109/v1/paper.tex,https://raw.githubusercontent.com/SocialCatalystLab/ape-papers/70c660ea5a7de722e9a12ad965e1c665890208d8/apep_1109/v1/paper.tex,1ff53cca5d2fe167d0d468c12744a3b6335e1fa6,0bb40914b55220eb5fccd9c1f09c6151595b87f9aca6b9980c1f9e266a8b81d1,lf-normalized
papers/apep_1110_v1.tex,apep_1110/v1/paper.tex,https://raw.githubusercontent.com/SocialCatalystLab/ape-papers/70c660ea5a7de722e9a12ad965e1c665890208d8/apep_1110/v1/paper.tex,c2a4bd0949cff35e71733f225967c10f77768e5e,c39248a8e52a04349601c106d748cc9be9df97ad982f768eb9470fb8f545156c,lf-normalized
papers/apep_1111_v1.tex,apep_1111/v1/paper.tex,https://raw.githubusercontent.com/SocialCatalystLab/ape-papers/70c660ea5a7de722e9a12ad965e1c665890208d8/apep_1111/v1/paper.tex,e2a11a6e04c2ea40ffe7be82bff82b9622be91da,9c765db0d1bb9aa76b025e6535d6a13877b13770a76242ae934e5ad9f47e514c,lf-normalized
papers/apep_1112_v1.tex,apep_1112/v1/paper.tex,https://raw.githubusercontent.com/SocialCatalystLab/ape-papers/70c660ea5a7de722e9a12ad965e1c665890208d8/apep_1112/v1/paper.tex,c14a30f554bd6d773c8f7472772d6c0492d0f9af,87b81a8fd52a68ff1643cc8f43dd92ab8bfbe6a256ecaa68c66c6126cc7f108e,lf-normalized
papers/apep_1113_v1.tex,apep_1113/v1/paper.tex,https://raw.githubusercontent.com/SocialCatalystLab/ape-papers/70c660ea5a7de722e9a12ad965e1c665890208d8/apep_1113/v1/paper.tex,740b507ce7b7f3626ccdba044bbbcae8a6efbd6b,7b7f574037cf154ee00d292917b9b548cb780a801c84c21c4eef0d3c4db55c37,lf-normalized
papers/apep_1114_v1.tex,apep_1114/v1/paper.tex,https://raw.githubusercontent.com/SocialCatalystLab/ape-papers/70c660ea5a7de722e9a12ad965e1c665890208d8/apep_1114/v1/paper.tex,357ffebc4980d8e15c130bebd0395fd1a27cb31d,df700595b35522e98d0f33216b17896871cf10c9e3245cd66b51770e960df96a,lf-normalized
papers/apep_1115_v1.tex,apep_1115/v1/paper.tex,https://raw.githubusercontent.com/SocialCatalystLab/ape-papers/70c660ea5a7de722e9a12ad965e1c665890208d8/apep_1115/v1/paper.tex,e8ee049b561380ef1c7ba2c615ed26713f5de8f8,527b08d69fc9723f8494ecb219af5dee83b84c27592f54a762fe5a9a493f7c7a,lf-normalized
papers/apep_1116_v1.tex,apep_1116/v1/paper.tex,https://raw.githubusercontent.com/SocialCatalystLab/ape-papers/70c660ea5a7de722e9a12ad965e1c665890208d8/apep_1116/v1/paper.tex,cbe6d311315d0a017ebb1d469a3e295502324fd2,19ac538e810fbace261c7fae2496ec7de9627a6e85147df6e035fe213655a8df,lf-normalized
papers/apep_1117_v1.tex,apep_1117/v1/paper.tex,https://raw.githubusercontent.com/SocialCatalystLab/ape-papers/70c660ea5a7de722e9a12ad965e1c665890208d8/apep_1117/v1/paper.tex,c97e5053da67479f2b4ad9f6b24b4872a7d73e27,4e9678fcb4162d0cd779be2b19ba9a8b109cddf1b1ed6d8a93b97487690f47ac,lf-normalized
papers/apep_1120_v1.tex,apep_1120/v1/paper.tex,https://raw.githubusercontent.com/SocialCatalystLab/ape-papers/70c660ea5a7de722e9a12ad965e1c665890208d8/apep_1120/v1/paper.tex,1ea5d70a04b3abd1bd629cb688af314ceb2cbe14,c9497ab36fbb306089fac2f00744dfc8e0ebcdeca596a3c88ad8b23b5ace13de,lf-normalized
papers/apep_1121_v1.tex,apep_1121/v1/paper.tex,https://raw.githubusercontent.com/SocialCatalystLab/ape-papers/70c660ea5a7de722e9a12ad965e1c665890208d8/apep_1121/v1/paper.tex,ffeaf69916f4d20d575224a1bcf75b7e136fd6fa,12a14134c3d152cdd39b4d467c062410fb4c5cbaa6b6cd53726e5722ee75a8a9,lf-normalized
papers/apep_1122_v1.tex,apep_1122/v1/paper.tex,https://raw.githubusercontent.com/SocialCatalystLab/ape-papers/70c660ea5a7de722e9a12ad965e1c665890208d8/apep_1122/v1/paper.tex,3d8bbd14c45a0ff6df298c5b60bf5352b1f982cf,d2a473ad76631eeb1637e3f9c0a1a67eb0e8908f5f99b4fa3007f993319e6827,lf-normalized
papers/apep_1123_v1.tex,apep_1123/v1/paper.tex,https://raw.githubusercontent.com/SocialCatalystLab/ape-papers/70c660ea5a7de722e9a12ad965e1c665890208d8/apep_1123/v1/paper.tex,c9ca0c562ea304db9fd2da3b7a87fd5031c8fec0,66ef6b4519ff1614186782b73b8fafc19d9e70b2c01f6da19cacc707317a9c39,lf-normalized
papers/apep_1124_v1.tex,apep_1124/v1/paper.tex,https://raw.githubusercontent.com/SocialCatalystLab/ape-papers/70c660ea5a7de722e9a12ad965e1c665890208d8/apep_1124/v1/paper.tex,bf1f59feb21ff567eac74024218c159b0a771909,3ee37edcaa1ca343489ad5e91f77fb77458044318d6978b731d31f53f7856e0c,lf-normalized
papers/apep_1125_v1.tex,apep_1125/v1/paper.tex,https://raw.githubusercontent.com/SocialCatalystLab/ape-papers/70c660ea5a7de722e9a12ad965e1c665890208d8/apep_1125/v1/paper.tex,c4c7b904bf1fcd2e0beec10d52bfc1b7bede977f,44b568a868da889681195fbf24476cac01a85701a9b6abe77190ec3dfa88f94b,lf-normalized
papers/apep_1126_v1.tex,apep_1126/v1/paper.tex,https://raw.githubusercontent.com/SocialCatalystLab/ape-papers/70c660ea5a7de722e9a12ad965e1c665890208d8/apep_1126/v1/paper.tex,a1d579f74ac18bb5ec41553498aabcefab01d48e,a8ada06da87ba10b25fe86e09d1c404914ff510d49ec9c416633b39928d57a6b,lf-normalized
papers/apep_1127_v1.tex,apep_1127/v1/paper.tex,https://raw.githubusercontent.com/SocialCatalystLab/ape-papers/70c660ea5a7de722e9a12ad965e1c665890208d8/apep_1127/v1/paper.tex,44f5031606368b2119b07b724855d39b377f38a0,ed6d32f66114b064ee4c855941d39e55f0910fcee67e027d5792533623ab1ddb,lf-normalized
papers/apep_1128_v1.tex,apep_1128/v1/paper.tex,https://raw.githubusercontent.com/SocialCatalystLab/ape-papers/70c660ea5a7de722e9a12ad965e1c665890208d8/apep_1128/v1/paper.tex,2e6ef4f818f3392982bfcd05af30373467d56419,2bc13c49b84c8a46b8b908e2a04f0ecb40aaac3d8660cc778ba3425b62a394f5,lf-normalized
papers/apep_1129_v1.tex,apep_1129/v1/paper.tex,https://raw.githubusercontent.com/SocialCatalystLab/ape-papers/70c660ea5a7de722e9a12ad965e1c665890208d8/apep_1129/v1/paper.tex,84c28c8b8cee838532df59f9b0fecf86677f43c3,4fa26a06f4c344d4591e2ba999894cf450cd082914a1ca160c6265282e0d1f1d,lf-normalized
papers/apep_1130_v1.tex,apep_1130/v1/paper.tex,https://raw.githubusercontent.com/SocialCatalystLab/ape-papers/70c660ea5a7de722e9a12ad965e1c665890208d8/apep_1130/v1/paper.tex,5c6db7ce99664538d116eda212a2ba7706998099,2c67fe4ff0239739ade1023ac439ace84fc15c38051b18240b898c96832833a4,lf-normalized
papers/apep_1131_v1.tex,apep_1131/v1/paper.tex,https://raw.githubusercontent.com/SocialCatalystLab/ape-papers/70c660ea5a7de722e9a12ad965e1c665890208d8/apep_1131/v1/paper.tex,07540cc552ffe539903fa0733fbb4d0b2b69f9c5,4eb44fca7f72df3dd3c4e97bb3d06ac728b8a718e15501bad233e0fccdb613fb,lf-normalized
papers/apep_1132_v1.tex,apep_1132/v1/paper.tex,https://raw.githubusercontent.com/SocialCatalystLab/ape-papers/70c660ea5a7de722e9a12ad965e1c665890208d8/apep_1132/v1/paper.tex,e0df7d52bbce5e83ad647535ff42135d32fbfd1d,99107fe436cbbf250b23438cdb05b64e89e97a1b59e26ba110f0245cd3d33964,lf-normalized
papers/apep_1133_v1.tex,apep_1133/v1/paper.tex,https://raw.githubusercontent.com/SocialCatalystLab/ape-papers/70c660ea5a7de722e9a12ad965e1c665890208d8/apep_1133/v1/paper.tex,2acf97994439d1a7d68ef0f91f9b5861387e614f,3560f34ab905bd525a15ac6a5b4d70dcf93a68688db1919d1f9858b8085bfb5d,lf-normalized
papers/apep_1134_v1.tex,apep_1134/v1/paper.tex,https://raw.githubusercontent.com/SocialCatalystLab/ape-papers/70c660ea5a7de722e9a12ad965e1c665890208d8/apep_1134/v1/paper.tex,e30d652226f504779f3f2b3f1f28b94d944fbfe4,03c8fe100cf212a4f05595ba3fd4313d0d2484a67ba691e6abddf96e72541c25,lf-normalized
papers/apep_1135_v1.tex,apep_1135/v1/paper.tex,https://raw.githubusercontent.com/SocialCatalystLab/ape-papers/70c660ea5a7de722e9a12ad965e1c665890208d8/apep_1135/v1/paper.tex,a910a3220f9ab87ba5bdf4d30c0c63e8170e2269,df7b7f7a53b6bccafbe4c1967e0ebba93becfca283ebb6ec9a1c222fc9c56a87,lf-normalized
papers/apep_1136_v1.tex,apep_1136/v1/paper.tex,https://raw.githubusercontent.com/SocialCatalystLab/ape-papers/70c660ea5a7de722e9a12ad965e1c665890208d8/apep_1136/v1/paper.tex,1f780eff6964df352808ad22af85e9d8971d77ec,d65e4d16c71617c61a53879996f96cfd9fa4e5d5f537d8a14a4abc41d9852318,lf-normalized
papers/apep_1143_v1.tex,apep_1143/v1/paper.tex,https://raw.githubusercontent.com/SocialCatalystLab/ape-papers/70c660ea5a7de722e9a12ad965e1c665890208d8/apep_1143/v1/paper.tex,02b28de285f4323ecb71e2169c623a9a472d0936,6c4d980a751753cf360333359d36870c5558995d213c042ea01bd5aff4b8b680,lf-normalized
papers/apep_1144_v1.tex,apep_1144/v1/paper.tex,https://raw.githubusercontent.com/SocialCatalystLab/ape-papers/70c660ea5a7de722e9a12ad965e1c665890208d8/apep_1144/v1/paper.tex,5a2509226e3151800d3961fd159201d11412f941,1d7363a298fad30b71b9ea8c2c84860a31f96a1a41caffd26d26755102a018f3,lf-normalized
papers/apep_1146_v1.tex,apep_1146/v1/paper.tex,https://raw.githubusercontent.com/SocialCatalystLab/ape-papers/70c660ea5a7de722e9a12ad965e1c665890208d8/apep_1146/v1/paper.tex,620befbd621405b27392b15b84dde3728d44e6ec,96ff734f6658f891c1ca419c3038a14ef85441ccec3df57577ccb0531466f689,lf-normalized
papers/apep_1147_v1.tex,apep_1147/v1/paper.tex,https://raw.githubusercontent.com/SocialCatalystLab/ape-papers/70c660ea5a7de722e9a12ad965e1c665890208d8/apep_1147/v1/paper.tex,987c1394324b6aa306f43edc90ba50522c55797e,00c6585f4644a35902ae82c55c9dd951683df0e68b1b7a0fba0c08d88a30f62b,lf-normalized
papers/apep_1148_v1.tex,apep_1148/v1/paper.tex,https://raw.githubusercontent.com/SocialCatalystLab/ape-papers/70c660ea5a7de722e9a12ad965e1c665890208d8/apep_1148/v1/paper.tex,a35e9077d1cc3551a023e3c99c8b5b767791c485,4f75ceff96c7e5d8ca25890dcf5573ff985b55461be783081b8a5cb042ff890d,lf-normalized
papers/apep_1149_v1.tex,apep_1149/v1/paper.tex,https://raw.githubusercontent.com/SocialCatalystLab/ape-papers/70c660ea5a7de722e9a12ad965e1c665890208d8/apep_1149/v1/paper.tex,88df80b04a8c33a5ca400a2f5e73b5c840bc3467,bdc9eee9f697a19d46e88bdf8280ad689774dd9181976d2ed2af256fdb39f8c1,lf-normalized
papers/apep_1150_v1.tex,apep_1150/v1/paper.tex,https://raw.githubusercontent.com/SocialCatalystLab/ape-papers/70c660ea5a7de722e9a12ad965e1c665890208d8/apep_1150/v1/paper.tex,712b9bdd68f461f9330bdd068c18a71a4ba64643,9c296839681558c97cc4bd2953e54d7e0120d46b3140ff09cfb1ccf913fe58be,lf-normalized
papers/apep_1152_v1.tex,apep_1152/v1/paper.tex,https://raw.githubusercontent.com/SocialCatalystLab/ape-papers/70c660ea5a7de722e9a12ad965e1c665890208d8/apep_1152/v1/paper.tex,510edc530321e4b5750991716fdfdd0d9196385e,37324ea31ca6edca504b6f3af29096f58ec1526eded764d525d4e81a5f39d073,lf-normalized
papers/apep_1154_v1.tex,apep_1154/v1/paper.tex,https://raw.githubusercontent.com/SocialCatalystLab/ape-papers/70c660ea5a7de722e9a12ad965e1c665890208d8/apep_1154/v1/paper.tex,db20cbb1550092a0326bef378eda9f60213c5d1a,ee5fd19ce6972983b5bab4035f47be0cf7c37762d762b540d0141fff77e71dd5,lf-normalized
papers/apep_1155_v1.tex,apep_1155/v1/paper.tex,https://raw.githubusercontent.com/SocialCatalystLab/ape-papers/70c660ea5a7de722e9a12ad965e1c665890208d8/apep_1155/v1/paper.tex,88535d22ccf5021f187f611386299bb4cd6eb4e8,398794138722e81b467510d0c253d37a82e76db89d6bc67ea0d3f86c512e2744,lf-normalized
papers/apep_1156_v1.tex,apep_1156/v1/paper.tex,https://raw.githubusercontent.com/SocialCatalystLab/ape-papers/70c660ea5a7de722e9a12ad965e1c665890208d8/apep_1156/v1/paper.tex,5353bac1e425566cf678f9fd28f839519585840d,c392cdad3b429af9e055d5a15492c8dceadcfe16486e3ffadccefa04c5a71a96,lf-normalized
papers/apep_1157_v1.tex,apep_1157/v1/paper.tex,https://raw.githubusercontent.com/SocialCatalystLab/ape-papers/70c660ea5a7de722e9a12ad965e1c665890208d8/apep_1157/v1/paper.tex,cbb3e606bc2a8a4b62e2b951fa09557663819613,dc5d1179305e4fcb0e8324385d9ebc23dea78bec81e2d0d1fc9d8638e2a3e3e2,lf-normalized
papers/apep_1161_v1.tex,apep_1161/v1/paper.tex,https://raw.githubusercontent.com/SocialCatalystLab/ape-papers/70c660ea5a7de722e9a12ad965e1c665890208d8/apep_1161/v1/paper.tex,8b5eb06d61bdccf1d07268c0d83cb79352097a12,5ececaade8cec9b210432fb385c6d03ac685e2e4b66b1ba99e30facf3b1f39f2,lf-normalized
papers/apep_1162_v1.tex,apep_1162/v1/paper.tex,https://raw.githubusercontent.com/SocialCatalystLab/ape-papers/70c660ea5a7de722e9a12ad965e1c665890208d8/apep_1162/v1/paper.tex,460d3bd55a73826f803da70083ed5a6b87b1c84b,294e4b1afaceb9ddee5929979161e62f0a03cfc17a214406d5941c178013ec72,lf-normalized
papers/apep_1163_v1.tex,apep_1163/v1/paper.tex,https://raw.githubusercontent.com/SocialCatalystLab/ape-papers/70c660ea5a7de722e9a12ad965e1c665890208d8/apep_1163/v1/paper.tex,783f2bad15408b2803c787277f6cc318d674f2e2,7a3db869106d83c8390258048fcfdf3997760487b3954c21fe8d218760b18c1b,lf-normalized
papers/apep_1164_v1.tex,apep_1164/v1/paper.tex,https://raw.githubusercontent.com/SocialCatalystLab/ape-papers/70c660ea5a7de722e9a12ad965e1c665890208d8/apep_1164/v1/paper.tex,76b042a2f278aadf4b102e37e45ef8deda1c26ae,0dede5071a983f5d2cde16b41c6a527a168878cd46a803d45ad22d7fd16295ce,lf-normalized
papers/apep_1165_v1.tex,apep_1165/v1/paper.tex,https://raw.githubusercontent.com/SocialCatalystLab/ape-papers/70c660ea5a7de722e9a12ad965e1c665890208d8/apep_1165/v1/paper.tex,7be3bd02b76563efa0af07706f22840348b2255a,6b3f98bef9a0c3b5651ca85906ef240165111642ef8438eae4967f47ff870d9f,lf-normalized
papers/apep_1166_v1.tex,apep_1166/v1/paper.tex,https://raw.githubusercontent.com/SocialCatalystLab/ape-papers/70c660ea5a7de722e9a12ad965e1c665890208d8/apep_1166/v1/paper.tex,046fc46c527c3cd657918aa9d105e6eb73434a07,cca8a6aba42c755e03e68e23361b0ad79a2bdfa5b0632f10eee696e8d0f1d0c3,lf-normalized
papers/apep_1167_v1.tex,apep_1167/v1/paper.tex,https://raw.githubusercontent.com/SocialCatalystLab/ape-papers/70c660ea5a7de722e9a12ad965e1c665890208d8/apep_1167/v1/paper.tex,1c40b370d38092d33e84aad058ca8f460a600d83,490270a54b8996d161a3a0f1dcdb2f2421d9ab072d99ac9664d8dc68ff7460bb,lf-normalized
papers/apep_1168_v1.tex,apep_1168/v1/paper.tex,https://raw.githubusercontent.com/SocialCatalystLab/ape-papers/70c660ea5a7de722e9a12ad965e1c665890208d8/apep_1168/v1/paper.tex,0670e1db21c4b7149e9bd00bdb8cbf7bc9b3edf5,855c3cc231f543028371de70d662103f654b339322c74fa8dc1ca18bbdbf7ca9,lf-normalized
papers/apep_1169_v1.tex,apep_1169/v1/paper.tex,https://raw.githubusercontent.com/SocialCatalystLab/ape-papers/70c660ea5a7de722e9a12ad965e1c665890208d8/apep_1169/v1/paper.tex,bff129900990b3d678247cb0f2f7fe2f0f1a11d5,e14d9ef1261a5b26321983b11c505ab13c09183a63161944dee998e140d66dc5,lf-normalized
papers/apep_1170_v1.tex,apep_1170/v1/paper.tex,https://raw.githubusercontent.com/SocialCatalystLab/ape-papers/70c660ea5a7de722e9a12ad965e1c665890208d8/apep_1170/v1/paper.tex,76b042a2f278aadf4b102e37e45ef8deda1c26ae,0dede5071a983f5d2cde16b41c6a527a168878cd46a803d45ad22d7fd16295ce,lf-normalized
papers/apep_1171_v1.tex,apep_1171/v1/paper.tex,https://raw.githubusercontent.com/SocialCatalystLab/ape-papers/70c660ea5a7de722e9a12ad965e1c665890208d8/apep_1171/v1/paper.tex,76b042a2f278aadf4b102e37e45ef8deda1c26ae,0dede5071a983f5d2cde16b41c6a527a168878cd46a803d45ad22d7fd16295ce,lf-normalized
papers/apep_1172_v1.tex,apep_1172/v1/paper.tex,https://raw.githubusercontent.com/SocialCatalystLab/ape-papers/70c660ea5a7de722e9a12ad965e1c665890208d8/apep_1172/v1/paper.tex,a97589a2b57714e198b014217fcbc0ba1e44c9c0,afce0cfad058be44d40b5879e68444b025f818c9930175915ae3807994bb2ad8,lf-normalized
papers/apep_1173_v1.tex,apep_1173/v1/paper.tex,https://raw.githubusercontent.com/SocialCatalystLab/ape-papers/70c660ea5a7de722e9a12ad965e1c665890208d8/apep_1173/v1/paper.tex,77a8abeaf73a537b3f94879491cc57af56891dec,327f4d38ddbbfba1a9feeb96db4f5a75e1cf8a193838d42855ffc06306f99e5d,lf-normalized
papers/apep_1174_v1.tex,apep_1174/v1/paper.tex,https://raw.githubusercontent.com/SocialCatalystLab/ape-papers/70c660ea5a7de722e9a12ad965e1c665890208d8/apep_1174/v1/paper.tex,df5043cb1c9b17fd7961f729f4e7b3ecf81c370d,10f3abe8e22684a1749ec9c91d6d5583996898232b85f04eeb3b7012e6ebb155,lf-normalized
papers/apep_1175_v1.tex,apep_1175/v1/paper.tex,https://raw.githubusercontent.com/SocialCatalystLab/ape-papers/70c660ea5a7de722e9a12ad965e1c665890208d8/apep_1175/v1/paper.tex,93204be9b7b7b61e2403c7ff5c86ed6bed46e693,374df65fc708e05289cbafa72cf14f969a76d1858ae1b190352f2e65ffaf10ea,lf-normalized
papers/apep_1176_v1.tex,apep_1176/v1/paper.tex,https://raw.githubusercontent.com/SocialCatalystLab/ape-papers/70c660ea5a7de722e9a12ad965e1c665890208d8/apep_1176/v1/paper.tex,38dff81a0d9511c91b19e3bf7407f18d953c260c,a95ad5c2feb231735b4aba72c545d65c9263bde119dd6b27887e18cd908b0916,lf-normalized
papers/apep_1177_v2.tex,apep_1177/v2/paper.tex,https://raw.githubusercontent.com/SocialCatalystLab/ape-papers/70c660ea5a7de722e9a12ad965e1c665890208d8/apep_1177/v2/paper.tex,61ce840ec982bebbb82b7fcb0799c4cc99a9bb42,b28a6432039ed61b29842e1a351a1aff1b7f760cf94f4c61ddd1c1f641d6658d,lf-normalized
papers/apep_1178_v1.tex,apep_1178/v1/paper.tex,https://raw.githubusercontent.com/SocialCatalystLab/ape-papers/70c660ea5a7de722e9a12ad965e1c665890208d8/apep_1178/v1/paper.tex,0f6cd759c9a48dfeb0dfc9e4654145df74716d48,bd0c0bbd8c820b3827d50b086a3b275850b7fc124f8c3d0a03fad36b5a97e03e,lf-normalized
papers/apep_1179_v1.tex,apep_1179/v1/paper.tex,https://raw.githubusercontent.com/SocialCatalystLab/ape-papers/70c660ea5a7de722e9a12ad965e1c665890208d8/apep_1179/v1/paper.tex,77596f77329836e95b4d785ebd09deef9ebf70f1,f3f4c6b1a310bafae4bb6adda26c912106c7f4ddded9b4e78cd25eec91f4312c,lf-normalized
papers/apep_1180_v1.tex,apep_1180/v1/paper.tex,https://raw.githubusercontent.com/SocialCatalystLab/ape-papers/70c660ea5a7de722e9a12ad965e1c665890208d8/apep_1180/v1/paper.tex,6e4c5c2979fac51f73c5fefb66c6e3d6efdf70f5,70c72a729e3c92324b4c390d72a8f64d3cebfe3da2af6d2ddd3b16d15f5567ea,lf-normalized
papers/apep_1181_v1.tex,apep_1181/v1/paper.tex,https://raw.githubusercontent.com/SocialCatalystLab/ape-papers/70c660ea5a7de722e9a12ad965e1c665890208d8/apep_1181/v1/paper.tex,bbf3b4b21fdc300db491e5ad4510c394d02c1cae,1e4ad1169fff715f4fed942419209bea0122a535979a594b38cfc0ebb5e955e6,lf-normalized
papers/apep_1182_v1.tex,apep_1182/v1/paper.tex,https://raw.githubusercontent.com/SocialCatalystLab/ape-papers/70c660ea5a7de722e9a12ad965e1c665890208d8/apep_1182/v1/paper.tex,666e99ea5d05bbef0f483fa12093b5aab93a9399,b88fc4043e5662a08538c6370676e8a0288ce6e68415bbdb17601047a2c07537,lf-normalized
papers/apep_1183_v1.tex,apep_1183/v1/paper.tex,https://raw.githubusercontent.com/SocialCatalystLab/ape-papers/70c660ea5a7de722e9a12ad965e1c665890208d8/apep_1183/v1/paper.tex,04df71b9eafde1802c16016e79b04b30b3b599c0,e03bc8f766a9843b1ed66a060537c64dc33e656d6766e3afb29b36efec6d1ace,lf-normalized
papers/apep_1184_v1.tex,apep_1184/v1/paper.tex,https://raw.githubusercontent.com/SocialCatalystLab/ape-papers/70c660ea5a7de722e9a12ad965e1c665890208d8/apep_1184/v1/paper.tex,aba8f47badc8498ea1b50db802827f7e4adb1a95,60963d2ebe7a4db728e291ad92dc811f2f9ddc30b4c2c034f7a13a93c1defc7a,lf-normalized
papers/apep_1185_v1.tex,apep_1185/v1/paper.tex,https://raw.githubusercontent.com/SocialCatalystLab/ape-papers/70c660ea5a7de722e9a12ad965e1c665890208d8/apep_1185/v1/paper.tex,119d12f785266e9d1abe3eec276f77b690e08a89,5bfa1651acdb6bb7eafa65d85118c9f9d1f83afcaee05c9ab8c7ac978edcf7a5,lf-normalized
papers/apep_1186_v1.tex,apep_1186/v1/paper.tex,https://raw.githubusercontent.com/SocialCatalystLab/ape-papers/70c660ea5a7de722e9a12ad965e1c665890208d8/apep_1186/v1/paper.tex,e17882e423c56e6570c59f019302883258b6c49b,c2733ca32a8afebef5f162eb47c7ea2c0f12a800e5caf15b3219d8125fa1c8ea,lf-normalized
papers/apep_1187_v1.tex,apep_1187/v1/paper.tex,https://raw.githubusercontent.com/SocialCatalystLab/ape-papers/70c660ea5a7de722e9a12ad965e1c665890208d8/apep_1187/v1/paper.tex,ad1ccbb1d4fff4a58bbe445321a20f4855cf3e3b,0c315fd0a1440b4b563599ee8e63ef5be3ceaf105b9b903b69e4424eb6afe1ca,lf-normalized
papers/apep_1188_v1.tex,apep_1188/v1/paper.tex,https://raw.githubusercontent.com/SocialCatalystLab/ape-papers/70c660ea5a7de722e9a12ad965e1c665890208d8/apep_1188/v1/paper.tex,78932aeb064e23c84b8b50f192a5c38646e26fe3,3aeb7b692a4b3d4fcade80f24126e4ef637bd905f3a9a669b251b349b4010eaf,lf-normalized
papers/apep_1190_v1.tex,apep_1190/v1/paper.tex,https://raw.githubusercontent.com/SocialCatalystLab/ape-papers/70c660ea5a7de722e9a12ad965e1c665890208d8/apep_1190/v1/paper.tex,bf6b968fc5508eabc6bec0be1ea8e3b31f265756,8f6aeba3ad9c2385887c8ca370e94d9bc05ff5684fb13373246c122de4308d38,lf-normalized
papers/apep_1192_v1.tex,apep_1192/v1/paper.tex,https://raw.githubusercontent.com/SocialCatalystLab/ape-papers/70c660ea5a7de722e9a12ad965e1c665890208d8/apep_1192/v1/paper.tex,53d8e00674875e000b45a0f9fbc880c54c050f7d,6ef5ee1d8ea0692973b1027cdab742e4083529f6aa73ca429fe233f26307e643,lf-normalized
papers/apep_1194_v1.tex,apep_1194/v1/paper.tex,https://raw.githubusercontent.com/SocialCatalystLab/ape-papers/70c660ea5a7de722e9a12ad965e1c665890208d8/apep_1194/v1/paper.tex,1ebced39914c58a309c59c7ba203a105e8181645,9be60ae493e8a2e3fb0abafb1dca756799de30e878eaf42e3d495ba3f6a5e52e,lf-normalized
papers/apep_1197_v1.tex,apep_1197/v1/paper.tex,https://raw.githubusercontent.com/SocialCatalystLab/ape-papers/70c660ea5a7de722e9a12ad965e1c665890208d8/apep_1197/v1/paper.tex,04df71b9eafde1802c16016e79b04b30b3b599c0,e03bc8f766a9843b1ed66a060537c64dc33e656d6766e3afb29b36efec6d1ace,lf-normalized
papers/apep_1198_v1.tex,apep_1198/v1/paper.tex,https://raw.githubusercontent.com/SocialCatalystLab/ape-papers/70c660ea5a7de722e9a12ad965e1c665890208d8/apep_1198/v1/paper.tex,5b3b0b30061238d8fde56141415a8ba65eeecd3a,3dd9e6b09ee484c06407424a54ea45621a4f736ab33169c27529ed03aa094848,lf-normalized
papers/apep_1199_v1.tex,apep_1199/v1/paper.tex,https://raw.githubusercontent.com/SocialCatalystLab/ape-papers/70c660ea5a7de722e9a12ad965e1c665890208d8/apep_1199/v1/paper.tex,3275f456a215141850d082e581204bbfe2392a1c,ecfcbd47ba9fc827710396243a850dcfeca72c6bbac32d248be52f6a71f386ea,lf-normalized
papers/apep_1200_v1.tex,apep_1200/v1/paper.tex,https://raw.githubusercontent.com/SocialCatalystLab/ape-papers/70c660ea5a7de722e9a12ad965e1c665890208d8/apep_1200/v1/paper.tex,541bde8a25eedf5115f462fd8e835ab4196fa79d,91d5c561890f5b10cc90d3e9e8320330a121b99bea20f0e17e4dc8fc010f96f7,lf-normalized
papers/apep_1201_v1.tex,apep_1201/v1/paper.tex,https://raw.githubusercontent.com/SocialCatalystLab/ape-papers/70c660ea5a7de722e9a12ad965e1c665890208d8/apep_1201/v1/paper.tex,4896f4cde0bdcd81f0df613f8defa7b9fd64b066,1f6fd7fdd84f10020a357518f40559756129d0071ee77f881fc12499d0dfbfca,lf-normalized
papers/apep_1202_v1.tex,apep_1202/v1/paper.tex,https://raw.githubusercontent.com/SocialCatalystLab/ape-papers/70c660ea5a7de722e9a12ad965e1c665890208d8/apep_1202/v1/paper.tex,78f61be2c9a88742d0f0a179661186fec2f912b0,cc9ad60ed801d0c03a8ff34cc206e2f77ba6007186129d0eb60cef1d1cf7073a,lf-normalized
papers/apep_1203_v1.tex,apep_1203/v1/paper.tex,https://raw.githubusercontent.com/SocialCatalystLab/ape-papers/70c660ea5a7de722e9a12ad965e1c665890208d8/apep_1203/v1/paper.tex,a5df5433597b4a4d197b866368142feb9dd4b334,f13e6fbb3e7b532ce2dbafa6a7c98810a8a2d51df6636a393746c8b15cbe5572,lf-normalized
papers/apep_1204_v1.tex,apep_1204/v1/paper.tex,https://raw.githubusercontent.com/SocialCatalystLab/ape-papers/70c660ea5a7de722e9a12ad965e1c665890208d8/apep_1204/v1/paper.tex,1e2ff024750a0a5ac0d7127321ae0caf46ef829a,13cb7a48f094df38fad14c2208578eec26f5f2874cc060c8c4a21086b009b20a,lf-normalized
papers/apep_1206_v1.tex,apep_1206/v1/paper.tex,https://raw.githubusercontent.com/SocialCatalystLab/ape-papers/70c660ea5a7de722e9a12ad965e1c665890208d8/apep_1206/v1/paper.tex,1a8000be4b29154703458d0f250b065b8dedd287,f51bea835d81c6fba69ceeb5515793ffb36c901982e2c3d99af044d7e06ab847,lf-normalized
papers/apep_1207_v1.tex,apep_1207/v1/paper.tex,https://raw.githubusercontent.com/SocialCatalystLab/ape-papers/70c660ea5a7de722e9a12ad965e1c665890208d8/apep_1207/v1/paper.tex,ff6ecdddaffc957dc857355b5673f12c22214c97,f695257ed22ca0fd6598634327e27fe169465106b53ab82737c822e7cafadc38,lf-normalized
papers/apep_1208_v1.tex,apep_1208/v1/paper.tex,https://raw.githubusercontent.com/SocialCatalystLab/ape-papers/70c660ea5a7de722e9a12ad965e1c665890208d8/apep_1208/v1/paper.tex,7287d30107563b883f1c6fcc3091796d7dfae536,d84320c40f732b8bee80a2e7afe17b28c3081bf5f5db3e92c0497abca7d4a35b,lf-normalized
papers/apep_1209_v1.tex,apep_1209/v1/paper.tex,https://raw.githubusercontent.com/SocialCatalystLab/ape-papers/70c660ea5a7de722e9a12ad965e1c665890208d8/apep_1209/v1/paper.tex,252e6f675670f3ec2dd1463f074c1ce2fc26cc3a,01db6cb1bfc88c6ed5186eb1c963e664270153000ce94e71c2ece7f0979a9e5a,lf-normalized
papers/apep_1211_v1.tex,apep_1211/v1/paper.tex,https://raw.githubusercontent.com/SocialCatalystLab/ape-papers/70c660ea5a7de722e9a12ad965e1c665890208d8/apep_1211/v1/paper.tex,79a4fa22564e4f3306af621f950a09ca5e6a7215,b04fab01a00285c5b8626b078e9c0fdfd9f3d102d1b5ce317a4ee6b8ae27d040,lf-normalized
papers/apep_1212_v1.tex,apep_1212/v1/paper.tex,https://raw.githubusercontent.com/SocialCatalystLab/ape-papers/70c660ea5a7de722e9a12ad965e1c665890208d8/apep_1212/v1/paper.tex,c5ca0f16e29e33daaf7ec623947282306a7fd913,56b2160ce46a98fbe1044a1ef744fd3e3d77be2694a6b7545f25ad8fe1442d19,lf-normalized
papers/apep_1213_v1.tex,apep_1213/v1/paper.tex,https://raw.githubusercontent.com/SocialCatalystLab/ape-papers/70c660ea5a7de722e9a12ad965e1c665890208d8/apep_1213/v1/paper.tex,17a09608b4e7c296b343678143f65bc2bcdd5f67,41b401ea8e1aa18e28a3c9f8e5103989ff80319a6544cea2b10688be5649adad,lf-normalized
papers/apep_1214_v1.tex,apep_1214/v1/paper.tex,https://raw.githubusercontent.com/SocialCatalystLab/ape-papers/70c660ea5a7de722e9a12ad965e1c665890208d8/apep_1214/v1/paper.tex,75b1735c3b0db40e68a010cb2146d02041123c81,d4e5bd4694463c3ef38fac5adb6ed0307baf1d77e6fe9555967dab25d9a2d7ad,lf-normalized
papers/apep_1215_v1.tex,apep_1215/v1/paper.tex,https://raw.githubusercontent.com/SocialCatalystLab/ape-papers/70c660ea5a7de722e9a12ad965e1c665890208d8/apep_1215/v1/paper.tex,81527d60c4076f99cf9c1696bec6edb45bf49b8c,ab861ec718c6eab8004f4abb32bfb2c58a325c77edd67f06f62f4a004b02ebc4,lf-normalized
papers/apep_1220_v1.tex,apep_1220/v1/paper.tex,https://raw.githubusercontent.com/SocialCatalystLab/ape-papers/70c660ea5a7de722e9a12ad965e1c665890208d8/apep_1220/v1/paper.tex,d410f2f307d0a29c5153c7575440742d676a5200,0c66ba3e9a6eb8c4c38411bd5440ca46974b3d98028bf4ce689eec5fc3eeae70,lf-normalized
papers/apep_1221_v1.tex,apep_1221/v1/paper.tex,https://raw.githubusercontent.com/SocialCatalystLab/ape-papers/70c660ea5a7de722e9a12ad965e1c665890208d8/apep_1221/v1/paper.tex,d81562709e9e31de747b405a6701e2af1566bf1d,8b2be92be7ca23fa5bf05e134bcc105203c94ee2880216bedc48cdb3fc5b54c2,lf-normalized
papers/apep_1222_v1.tex,apep_1222/v1/paper.tex,https://raw.githubusercontent.com/SocialCatalystLab/ape-papers/70c660ea5a7de722e9a12ad965e1c665890208d8/apep_1222/v1/paper.tex,16ab4647551dd2164b11babcd514edadb09dd893,62ffa0d1b842626da57cc25d913fc424844ef1f24148abb6845df8f7943eb31a,lf-normalized
papers/apep_1223_v1.tex,apep_1223/v1/paper.tex,https://raw.githubusercontent.com/SocialCatalystLab/ape-papers/70c660ea5a7de722e9a12ad965e1c665890208d8/apep_1223/v1/paper.tex,6e920bfe2294a5275a3eae2dcf7b55613e8184b8,42ed42e65c87d64ad5987e756f393a10ceb5badf427b554560e4ed8c256150fd,lf-normalized
papers/apep_1225_v1.tex,apep_1225/v1/paper.tex,https://raw.githubusercontent.com/SocialCatalystLab/ape-papers/70c660ea5a7de722e9a12ad965e1c665890208d8/apep_1225/v1/paper.tex,63c13bec1036ffda9da02beff2b7a763fe4381dd,9ae170df6e49f80b0fd76e72cc4996c3b2eddd9f90700a18fe7b709b52f22df0,lf-normalized
papers/apep_1227_v1.tex,apep_1227/v1/paper.tex,https://raw.githubusercontent.com/SocialCatalystLab/ape-papers/70c660ea5a7de722e9a12ad965e1c665890208d8/apep_1227/v1/paper.tex,d1af77d23a29ca310cddbedba40be45cf351eae1,8d9b634c27388537cd68a5def1cb0d07adbff673837e71cb3af2b0bfa07aab1b,lf-normalized
papers/apep_1228_v1.tex,apep_1228/v1/paper.tex,https://raw.githubusercontent.com/SocialCatalystLab/ape-papers/70c660ea5a7de722e9a12ad965e1c665890208d8/apep_1228/v1/paper.tex,e0fe831321d0c250b52f572227b9ec3a7820728f,b8aaeaa4a9843185c8a81b3ebba854a0415d9c2d293b031f92ebb2407226e0b2,lf-normalized
papers/apep_1229_v1.tex,apep_1229/v1/paper.tex,https://raw.githubusercontent.com/SocialCatalystLab/ape-papers/70c660ea5a7de722e9a12ad965e1c665890208d8/apep_1229/v1/paper.tex,8959194b25b657b423e8ef5015151f7e4f847728,d6ca44e7b72bdf5a9e89785f47ddc4d20cbd36ac4173d491f6db42b71e2d3bf6,lf-normalized
papers/apep_1230_v1.tex,apep_1230/v1/paper.tex,https://raw.githubusercontent.com/SocialCatalystLab/ape-papers/70c660ea5a7de722e9a12ad965e1c665890208d8/apep_1230/v1/paper.tex,db17661f2c50c3a432db3a25045b012da7bc40ed,444f67c7cf02c928fb573d0b439904088fceedea6947c9737a88d1e247d05d09,lf-normalized
papers/apep_1232_v1.tex,apep_1232/v1/paper.tex,https://raw.githubusercontent.com/SocialCatalystLab/ape-papers/70c660ea5a7de722e9a12ad965e1c665890208d8/apep_1232/v1/paper.tex,3595db3c3bb0dec66500257a17ba172580496cb5,e9ae20262081da385984e113b631d160dff3bf1c2842ee03fb5766be7923acc6,lf-normalized
papers/apep_1234_v1.tex,apep_1234/v1/paper.tex,https://raw.githubusercontent.com/SocialCatalystLab/ape-papers/70c660ea5a7de722e9a12ad965e1c665890208d8/apep_1234/v1/paper.tex,80eed16f98690bfb9fee7031a6c145bd7ea087b3,575cf93d3ff1890c86055f46fcaca3e37d7ca892db01a8c0832306c442e9de19,lf-normalized
papers/apep_1235_v1.tex,apep_1235/v1/paper.tex,https://raw.githubusercontent.com/SocialCatalystLab/ape-papers/70c660ea5a7de722e9a12ad965e1c665890208d8/apep_1235/v1/paper.tex,0528eb313e931819efbdfb765ced81eb751dd3f7,52192339831efc3b639cf0097d0df10a71cf2d32e29dab1bac5c38161647be3d,lf-normalized
papers/apep_1236_v1.tex,apep_1236/v1/paper.tex,https://raw.githubusercontent.com/SocialCatalystLab/ape-papers/70c660ea5a7de722e9a12ad965e1c665890208d8/apep_1236/v1/paper.tex,11a387eb9c2f6ef372e503badd0e69d90f58da8c,53ca45c5eb0dedc99e8a74730aa560aba320f22b35445ff56b7ff448d598b308,lf-normalized
papers/apep_1237_v1.tex,apep_1237/v1/paper.tex,https://raw.githubusercontent.com/SocialCatalystLab/ape-papers/70c660ea5a7de722e9a12ad965e1c665890208d8/apep_1237/v1/paper.tex,2648a6fec05bbb214043c9bad0ac1bf6f4b573cb,0a12f92b1d43c618c1730b2f39c0404f241d873eb8c17e3263814e9a8f5fe0cf,lf-normalized
papers/apep_1238_v1.tex,apep_1238/v1/paper.tex,https://raw.githubusercontent.com/SocialCatalystLab/ape-papers/70c660ea5a7de722e9a12ad965e1c665890208d8/apep_1238/v1/paper.tex,c7e5b59f12b2970da9549753d06a009e91b4802d,559cc33e8919eda53cad6d610e2c718a96688cdee2a723079e09113554aa196a,lf-normalized
papers/apep_1239_v1.tex,apep_1239/v1/paper.tex,https://raw.githubusercontent.com/SocialCatalystLab/ape-papers/70c660ea5a7de722e9a12ad965e1c665890208d8/apep_1239/v1/paper.tex,cdd3fec9ac3dc8b402e9f477664a797c049ba62b,e747475d85dc5a3f1bd3a6b35fe14ea3e7be6c61cf2212846fd7c09078face39,lf-normalized
papers/apep_1240_v1.tex,apep_1240/v1/paper.tex,https://raw.githubusercontent.com/SocialCatalystLab/ape-papers/70c660ea5a7de722e9a12ad965e1c665890208d8/apep_1240/v1/paper.tex,2156d3b64f9ffc05a4418efec1a05c6a64bdaf27,49646287a3e6b9ebae5742f95ad24ec663b9fde925c7303caa41df449412064a,lf-normalized
papers/apep_1241_v1.tex,apep_1241/v1/paper.tex,https://raw.githubusercontent.com/SocialCatalystLab/ape-papers/70c660ea5a7de722e9a12ad965e1c665890208d8/apep_1241/v1/paper.tex,3a5313b864543c393689b0c686d3080f7028d65a,647b7a37daf703fce2d624ab95a4f6ef846dfcf23626dd3eed13b8bd7fa13c06,lf-normalized
papers/apep_1242_v1.tex,apep_1242/v1/paper.tex,https://raw.githubusercontent.com/SocialCatalystLab/ape-papers/70c660ea5a7de722e9a12ad965e1c665890208d8/apep_1242/v1/paper.tex,0a1a76119ea39098d5831aef3d2b9f9debdaa494,be7bbdd7711205d1b9870c555371542d8baadf7b7dc62f8244c488a46b2ecead,lf-normalized
papers/apep_1243_v1.tex,apep_1243/v1/paper.tex,https://raw.githubusercontent.com/SocialCatalystLab/ape-papers/70c660ea5a7de722e9a12ad965e1c665890208d8/apep_1243/v1/paper.tex,fa39802bb6c52ec5a84b6ae1c17f2599e885b780,bc1a44b17015e84a99f11b14051cecb9c50c8d0d74421c665248d814f9eb0ca3,lf-normalized
papers/apep_1244_v1.tex,apep_1244/v1/paper.tex,https://raw.githubusercontent.com/SocialCatalystLab/ape-papers/70c660ea5a7de722e9a12ad965e1c665890208d8/apep_1244/v1/paper.tex,7cb15f856d15d93d5b702932c5dafcde692f5ee5,4539a8b8a7e2bc59c8267f6c43a3fbd3cf7b37fd7307137efa1055987b07dcf3,lf-normalized
papers/apep_1245_v1.tex,apep_1245/v1/paper.tex,https://raw.githubusercontent.com/SocialCatalystLab/ape-papers/70c660ea5a7de722e9a12ad965e1c665890208d8/apep_1245/v1/paper.tex,c893055822c228e73177691578ff23f020d630e4,c84d7a421fe2d9f19b1ac7f670190a04d1ed78e9b4a2e162c1daca1144eb12dc,lf-normalized
papers/apep_1246_v1.tex,apep_1246/v1/paper.tex,https://raw.githubusercontent.com/SocialCatalystLab/ape-papers/70c660ea5a7de722e9a12ad965e1c665890208d8/apep_1246/v1/paper.tex,d4925fb4741ff443afe4e6080a9961b5bd0e9c8f,612d7f970c76963be2ebf07f5933c7d3c4f11c60a4d01d72e4a9f4a44afa771e,lf-normalized
papers/apep_1247_v1.tex,apep_1247/v1/paper.tex,https://raw.githubusercontent.com/SocialCatalystLab/ape-papers/70c660ea5a7de722e9a12ad965e1c665890208d8/apep_1247/v1/paper.tex,97485d6999b7493008031e71e2b66014268e8e87,910b4c925c0046225f753382c191b35d355644bebcb525831563ec2d6915de2e,lf-normalized
papers/apep_1248_v1.tex,apep_1248/v1/paper.tex,https://raw.githubusercontent.com/SocialCatalystLab/ape-papers/70c660ea5a7de722e9a12ad965e1c665890208d8/apep_1248/v1/paper.tex,a39181a42897e215ee86c3fa664463237481af2e,bfd3c9bad7821842e1e266effa9d8ec351ffa0daae6990337c1ba375963f791d,lf-normalized
papers/apep_1249_v1.tex,apep_1249/v1/paper.tex,https://raw.githubusercontent.com/SocialCatalystLab/ape-papers/70c660ea5a7de722e9a12ad965e1c665890208d8/apep_1249/v1/paper.tex,72b8ffdc8828d3a2ca50c31adaa9a3d446cd8ccf,0aa4b10ef826b158b5a11fffdcf497d7e71b206ad2a3022e037bb968563c2592,lf-normalized
papers/apep_1250_v1.tex,apep_1250/v1/paper.tex,https://raw.githubusercontent.com/SocialCatalystLab/ape-papers/70c660ea5a7de722e9a12ad965e1c665890208d8/apep_1250/v1/paper.tex,da7ab0c6308c4b8dfd587c81b3d83727e836126a,d15d9cd58b5af4d29e3bd23e4a967b111e434b2532e616a69ab2b82c242df626,lf-normalized
papers/apep_1251_v1.tex,apep_1251/v1/paper.tex,https://raw.githubusercontent.com/SocialCatalystLab/ape-papers/70c660ea5a7de722e9a12ad965e1c665890208d8/apep_1251/v1/paper.tex,af13eaee30a47bc242b4e196e37baffea170d7b7,418fd3af022eff215e906e042b3e72eff200df5a3c0a9aea0adca5dea4aed2c3,lf-normalized
papers/apep_1253_v1.tex,apep_1253/v1/paper.tex,https://raw.githubusercontent.com/SocialCatalystLab/ape-papers/70c660ea5a7de722e9a12ad965e1c665890208d8/apep_1253/v1/paper.tex,99b6e92bfff3f55ab738a6e0d5763f3cb26b0b5d,ec9e2a3f392831867ae9a1079b9b3c1e8063d2eb152c7036086fc2db70b111ab,lf-normalized
papers/apep_1254_v1.tex,apep_1254/v1/paper.tex,https://raw.githubusercontent.com/SocialCatalystLab/ape-papers/70c660ea5a7de722e9a12ad965e1c665890208d8/apep_1254/v1/paper.tex,8a13dfe77189e20e8ac3800138c63877d89863a9,7d13c7441720f13518bce12d774a6c860980d77c9fe12a12543a835156923c42,lf-normalized
papers/apep_1261_v1.tex,apep_1261/v1/paper.tex,https://raw.githubusercontent.com/SocialCatalystLab/ape-papers/70c660ea5a7de722e9a12ad965e1c665890208d8/apep_1261/v1/paper.tex,777b5769de05f104557fdf8f41c233078e8595d7,54c8ef8f7a1e8b968113534cce24d05a98b8008d738372a74d720271bbff204a,lf-normalized
papers/apep_1262_v1.tex,apep_1262/v1/paper.tex,https://raw.githubusercontent.com/SocialCatalystLab/ape-papers/70c660ea5a7de722e9a12ad965e1c665890208d8/apep_1262/v1/paper.tex,5237037226cee0eaee0d1c7d62a66e6c583019bf,7de82c2a9f01f897b1436d8d6e7f7ea72f7881eece394d8299fc3d6254e06b14,lf-normalized
papers/apep_1263_v1.tex,apep_1263/v1/paper.tex,https://raw.githubusercontent.com/SocialCatalystLab/ape-papers/70c660ea5a7de722e9a12ad965e1c665890208d8/apep_1263/v1/paper.tex,d03b82b8fcb463de8c2b369fc537ad2f0da35207,160d56286178639d00ed1f000e1078a4909180cf752566fd3de4d56ad54fd1ea,lf-normalized
papers/apep_1264_v1.tex,apep_1264/v1/paper.tex,https://raw.githubusercontent.com/SocialCatalystLab/ape-papers/70c660ea5a7de722e9a12ad965e1c665890208d8/apep_1264/v1/paper.tex,2931077d3aa87703102f697bb4ef1763b06687ed,2a847f3be95ef64c123e95c0b0c7bae0c7746793db31d1b93db490a5f2354d24,lf-normalized
papers/apep_1269_v1.tex,apep_1269/v1/paper.tex,https://raw.githubusercontent.com/SocialCatalystLab/ape-papers/70c660ea5a7de722e9a12ad965e1c665890208d8/apep_1269/v1/paper.tex,91149f60479f48250a8ab7af031cdc70658d3585,4905c81321bac878dee16c0ec34dd4a6055cb6fcc74128ae55f550b251a739c4,lf-normalized
papers/apep_1270_v1.tex,apep_1270/v1/paper.tex,https://raw.githubusercontent.com/SocialCatalystLab/ape-papers/70c660ea5a7de722e9a12ad965e1c665890208d8/apep_1270/v1/paper.tex,312284dac8b8709b771cd5630dcba4673ea41e9f,2331cbe514e48f7ddafe80af95cb54c297c64a61d833ed48dfd1435c283add81,lf-normalized
papers/apep_1271_v1.tex,apep_1271/v1/paper.tex,https://raw.githubusercontent.com/SocialCatalystLab/ape-papers/70c660ea5a7de722e9a12ad965e1c665890208d8/apep_1271/v1/paper.tex,904c2ee05976226878c6856b9e7eaa7e5e20cf8d,e02b3f1cb94dc0cf24e911aa554e7c1a937f0d60df33c55f1e00d93b10047e83,lf-normalized
papers/apep_1272_v1.tex,apep_1272/v1/paper.tex,https://raw.githubusercontent.com/SocialCatalystLab/ape-papers/70c660ea5a7de722e9a12ad965e1c665890208d8/apep_1272/v1/paper.tex,ebb7cfa6c1b97dd98d50082223d80e73942eb13d,742c018ec18cf6afe90e03306f5242e83fe9c6141584b924b3b2c9ee90e0ee98,lf-normalized
papers/apep_1275_v1.tex,apep_1275/v1/paper.tex,https://raw.githubusercontent.com/SocialCatalystLab/ape-papers/70c660ea5a7de722e9a12ad965e1c665890208d8/apep_1275/v1/paper.tex,d4bfd98f151299f1926e428506df4e40b7ca84d7,efeb2214b84c2dbb4e807985baac87552b842268f8709dcde009299014e85329,lf-normalized
papers/apep_1277_v1.tex,apep_1277/v1/paper.tex,https://raw.githubusercontent.com/SocialCatalystLab/ape-papers/70c660ea5a7de722e9a12ad965e1c665890208d8/apep_1277/v1/paper.tex,27c7f7249a15f29e6a33430416571c76f7b956ba,92efe77834363ec9cf233532e5a1b1e9ed1fd3ab865601eed3ac4a580b2ef7c6,lf-normalized
papers/apep_1278_v1.tex,apep_1278/v1/paper.tex,https://raw.githubusercontent.com/SocialCatalystLab/ape-papers/70c660ea5a7de722e9a12ad965e1c665890208d8/apep_1278/v1/paper.tex,02126180b7ab1824fd790d5fd40a517d710ddcf1,cc91dd8e5aa7e5bdfa71abbe5c5df32e7f85bcb737a73803301146cf76e919a4,lf-normalized
papers/apep_1279_v1.tex,apep_1279/v1/paper.tex,https://raw.githubusercontent.com/SocialCatalystLab/ape-papers/70c660ea5a7de722e9a12ad965e1c665890208d8/apep_1279/v1/paper.tex,1d08f18eb736e5ad1f37296041385aad465f7dd7,5986791452dcb21599287ed3a8daaa6a9f36d5d516b43c7b351cda4a5b646a4e,lf-normalized
papers/apep_1280_v1.tex,apep_1280/v1/paper.tex,https://raw.githubusercontent.com/SocialCatalystLab/ape-papers/70c660ea5a7de722e9a12ad965e1c665890208d8/apep_1280/v1/paper.tex,b00dc5550c1c864b5106fef5f24476c84a5059f5,ece435fd057ca3f8eca75ce4c6d16db983831398f75c9debe8f140c70b857051,lf-normalized
papers/apep_1281_v1.tex,apep_1281/v1/paper.tex,https://raw.githubusercontent.com/SocialCatalystLab/ape-papers/70c660ea5a7de722e9a12ad965e1c665890208d8/apep_1281/v1/paper.tex,7b3eead9a1da15463f611d42e695c2c22129d260,9097834425565ab1d4179497b3709b7771b7f484d694a5c360c17ddb5fee7267,lf-normalized
papers/apep_1282_v1.tex,apep_1282/v1/paper.tex,https://raw.githubusercontent.com/SocialCatalystLab/ape-papers/70c660ea5a7de722e9a12ad965e1c665890208d8/apep_1282/v1/paper.tex,d0a776c9eb12e8a72c4987542fb4b1e4e4c93091,3a895227a10fce7f72b384e4d5eb94d44ae0f869528cbf214dce1e247931de0b,lf-normalized
papers/apep_1283_v1.tex,apep_1283/v1/paper.tex,https://raw.githubusercontent.com/SocialCatalystLab/ape-papers/70c660ea5a7de722e9a12ad965e1c665890208d8/apep_1283/v1/paper.tex,b7c032095bf7f38e3613bfb798f9adfe805409b1,249cece3860cd785df8afb3d43f94a3d1eabd63fb1c163752700efa347411770,lf-normalized
papers/apep_1284_v1.tex,apep_1284/v1/paper.tex,https://raw.githubusercontent.com/SocialCatalystLab/ape-papers/70c660ea5a7de722e9a12ad965e1c665890208d8/apep_1284/v1/paper.tex,f45d155afa252c5e65a54b70b0b02d3db6b5f8d2,d879191743aa2d82037caa16b03de06284d18d359db4929c3a15de68b366897a,lf-normalized
papers/apep_1285_v1.tex,apep_1285/v1/paper.tex,https://raw.githubusercontent.com/SocialCatalystLab/ape-papers/70c660ea5a7de722e9a12ad965e1c665890208d8/apep_1285/v1/paper.tex,9890b6480a3e07378d58ed1bb497a50647d851fe,6dc9f2a6088faa7c3c50f33963486ee71685a06ab7be02a635c8665e99e0b530,lf-normalized
papers/apep_1286_v1.tex,apep_1286/v1/paper.tex,https://raw.githubusercontent.com/SocialCatalystLab/ape-papers/70c660ea5a7de722e9a12ad965e1c665890208d8/apep_1286/v1/paper.tex,fe6b26280c8f4816a8f485ba033ca6edd1bf6ef8,872934a1e37405a1551a356124b95ea1d43f0b01093c5d6776531902c458b23e,lf-normalized
papers/apep_1287_v1.tex,apep_1287/v1/paper.tex,https://raw.githubusercontent.com/SocialCatalystLab/ape-papers/70c660ea5a7de722e9a12ad965e1c665890208d8/apep_1287/v1/paper.tex,0a798961e5fa1eaa5e090b841bbd5d7a68b4858b,fdf71cd8e49eaf25bfa7fc4ac3422e1c079b040fb59cd5c2c5ca34669cc219db,lf-normalized
papers/apep_1288_v1.tex,apep_1288/v1/paper.tex,https://raw.githubusercontent.com/SocialCatalystLab/ape-papers/70c660ea5a7de722e9a12ad965e1c665890208d8/apep_1288/v1/paper.tex,819772df0e4c0f0374b955087ba5e4bc9567b5cf,569a5efacf33df064dbb01d8b2922812903866c5ce05591c2247641639b802e8,lf-normalized
papers/apep_1289_v1.tex,apep_1289/v1/paper.tex,https://raw.githubusercontent.com/SocialCatalystLab/ape-papers/70c660ea5a7de722e9a12ad965e1c665890208d8/apep_1289/v1/paper.tex,40af552dc3cc280bc9b3610c1c90591a30c095d2,b483dbf12f9466eacd3e5396eb4fcd73b28196bbafb5b95b06334fa2db96d8d6,lf-normalized
papers/apep_1290_v1.tex,apep_1290/v1/paper.tex,https://raw.githubusercontent.com/SocialCatalystLab/ape-papers/70c660ea5a7de722e9a12ad965e1c665890208d8/apep_1290/v1/paper.tex,fd9747fc05593dd6f52e281dc43fb91ff111cd07,b04aa3604eb2d065f3dffc827489456546162516722551ca768b662ec389498f,lf-normalized
papers/apep_1291_v1.tex,apep_1291/v1/paper.tex,https://raw.githubusercontent.com/SocialCatalystLab/ape-papers/70c660ea5a7de722e9a12ad965e1c665890208d8/apep_1291/v1/paper.tex,fea5eef70a3c6cee5ff6f909925380826622c3d9,0e5718f9c3c848f89636d82465f2b7a26d5e93ba88ecdb573c9d8d15ef8fd745,lf-normalized
papers/apep_1292_v1.tex,apep_1292/v1/paper.tex,https://raw.githubusercontent.com/SocialCatalystLab/ape-papers/70c660ea5a7de722e9a12ad965e1c665890208d8/apep_1292/v1/paper.tex,f32d6564be6a835f3b4c330afc689d29de3bdfd2,bd006cc18d01ddcb6fa79657f203d9b82c096613d8478f311c649b83215bdb30,lf-normalized
papers/apep_1293_v1.tex,apep_1293/v1/paper.tex,https://raw.githubusercontent.com/SocialCatalystLab/ape-papers/70c660ea5a7de722e9a12ad965e1c665890208d8/apep_1293/v1/paper.tex,4901f9ddd12492109557b65b9e53dfc7c1d89729,df0f4450ba40649184244f3c21aef84a78a121d8af0b28ccb5690bfd648f13d0,lf-normalized
papers/apep_1294_v1.tex,apep_1294/v1/paper.tex,https://raw.githubusercontent.com/SocialCatalystLab/ape-papers/70c660ea5a7de722e9a12ad965e1c665890208d8/apep_1294/v1/paper.tex,fb8e166cacfe230763044aaef487c48cbdc4fa40,85c16d4041f03911152141348dfa8cafde43c8a10079586ad0b9d43ad529f163,lf-normalized
papers/apep_1295_v1.tex,apep_1295/v1/paper.tex,https://raw.githubusercontent.com/SocialCatalystLab/ape-papers/70c660ea5a7de722e9a12ad965e1c665890208d8/apep_1295/v1/paper.tex,f32d6564be6a835f3b4c330afc689d29de3bdfd2,bd006cc18d01ddcb6fa79657f203d9b82c096613d8478f311c649b83215bdb30,lf-normalized
papers/apep_1296_v1.tex,apep_1296/v1/paper.tex,https://raw.githubusercontent.com/SocialCatalystLab/ape-papers/70c660ea5a7de722e9a12ad965e1c665890208d8/apep_1296/v1/paper.tex,f2e5458ba36f865dc47102146c877f57dd4ebfcc,0bfb1b0a1f542b061a6ae8df0eb9f6bf6ff28eb7ce57aca63aca144ec7425d90,lf-normalized
papers/apep_1297_v1.tex,apep_1297/v1/paper.tex,https://raw.githubusercontent.com/SocialCatalystLab/ape-papers/70c660ea5a7de722e9a12ad965e1c665890208d8/apep_1297/v1/paper.tex,5aaad92f6a81aae792d40b6edcf5b72172ba78c8,8f30f0202edc7df83ee78b31b7d13a8e1c029bc83416912a095b00c84e72f973,lf-normalized
papers/apep_1298_v1.tex,apep_1298/v1/paper.tex,https://raw.githubusercontent.com/SocialCatalystLab/ape-papers/70c660ea5a7de722e9a12ad965e1c665890208d8/apep_1298/v1/paper.tex,66c1bbb40385949d69c2104b93445b35460c3434,51eececf4145507df798191c9c3713be38b7ace45aa4db1296e2e7c66546214f,lf-normalized
papers/apep_1299_v1.tex,apep_1299/v1/paper.tex,https://raw.githubusercontent.com/SocialCatalystLab/ape-papers/70c660ea5a7de722e9a12ad965e1c665890208d8/apep_1299/v1/paper.tex,6082679cd953f3dc5b988d0847a4306409b26708,d7e17431137113475365d9ddd605602ff505e5dd977c1bc7e5bff4985bffbd42,lf-normalized
papers/apep_1300_v1.tex,apep_1300/v1/paper.tex,https://raw.githubusercontent.com/SocialCatalystLab/ape-papers/70c660ea5a7de722e9a12ad965e1c665890208d8/apep_1300/v1/paper.tex,cae89b9e21a5b834f28ff4eee6df461150cb4ecb,09b46363730eaa0b68710a957a6346a95d43b5e3edbf7069e47f34ea7e4f152f,lf-normalized
papers/apep_1301_v1.tex,apep_1301/v1/paper.tex,https://raw.githubusercontent.com/SocialCatalystLab/ape-papers/70c660ea5a7de722e9a12ad965e1c665890208d8/apep_1301/v1/paper.tex,08a3c36cba131353a48f28e6318b81d559199407,7a79eb735cd2f9c97f254cf6e808d12c8a796f587194d0033740f21192dbe38a,lf-normalized
papers/apep_1304_v1.tex,apep_1304/v1/paper.tex,https://raw.githubusercontent.com/SocialCatalystLab/ape-papers/70c660ea5a7de722e9a12ad965e1c665890208d8/apep_1304/v1/paper.tex,6082679cd953f3dc5b988d0847a4306409b26708,d7e17431137113475365d9ddd605602ff505e5dd977c1bc7e5bff4985bffbd42,lf-normalized
papers/apep_1310_v1.tex,apep_1310/v1/paper.tex,https://raw.githubusercontent.com/SocialCatalystLab/ape-papers/70c660ea5a7de722e9a12ad965e1c665890208d8/apep_1310/v1/paper.tex,adefb82c6a1c767acc59699e0b8b335461a518cc,76d2f5e2c82ad828c9b53b75b1a440b5d0f2d6197163d88c350faab610c56590,lf-normalized
papers/apep_1311_v1.tex,apep_1311/v1/paper.tex,https://raw.githubusercontent.com/SocialCatalystLab/ape-papers/70c660ea5a7de722e9a12ad965e1c665890208d8/apep_1311/v1/paper.tex,78b4ecb0c2e9a63ce76f0bec41fd419376dbb648,5a5cf27524dcd855600420a0ecacdd5b66ca85d6171d0860b34930ba1424d302,lf-normalized
papers/apep_1312_v1.tex,apep_1312/v1/paper.tex,https://raw.githubusercontent.com/SocialCatalystLab/ape-papers/70c660ea5a7de722e9a12ad965e1c665890208d8/apep_1312/v1/paper.tex,61b76641fc33d0cf8b6fc2240d3b59d7278675fa,a54f81eb7ca5eaea716c6856974caf48535ba7a167d535b7271f6c2d8fff34cb,lf-normalized
papers/apep_1314_v1.tex,apep_1314/v1/paper.tex,https://raw.githubusercontent.com/SocialCatalystLab/ape-papers/70c660ea5a7de722e9a12ad965e1c665890208d8/apep_1314/v1/paper.tex,66f1697d3bbf17177aadad919e07bfa72773d6ef,574abc3337a70a990175a49e9aaae9ab9202ade66a4163404417a6b5394a637f,lf-normalized
papers/apep_1315_v1.tex,apep_1315/v1/paper.tex,https://raw.githubusercontent.com/SocialCatalystLab/ape-papers/70c660ea5a7de722e9a12ad965e1c665890208d8/apep_1315/v1/paper.tex,8b37b6077ef40fb7b75dfaa22807b2d392befa9d,e4ef7edef9c028ac7fc28d59fc54efae517f8b7527740f705f8155c4501c7012,lf-normalized
papers/apep_1316_v1.tex,apep_1316/v1/paper.tex,https://raw.githubusercontent.com/SocialCatalystLab/ape-papers/70c660ea5a7de722e9a12ad965e1c665890208d8/apep_1316/v1/paper.tex,e4647c2ec50bc46407064ba79a1866df19597635,297ece6986f896c998fbc6fc6f63d2ace01f8510dff562fe21d823223b241b9e,lf-normalized
papers/apep_1317_v1.tex,apep_1317/v1/paper.tex,https://raw.githubusercontent.com/SocialCatalystLab/ape-papers/70c660ea5a7de722e9a12ad965e1c665890208d8/apep_1317/v1/paper.tex,6309b39245fae383f32796e34318f9af6c517dc4,5c7d46d0d4d33338c393a689d5c19b19682eb8feed66e9238d685df0bb635560,lf-normalized
papers/apep_1318_v1.tex,apep_1318/v1/paper.tex,https://raw.githubusercontent.com/SocialCatalystLab/ape-papers/70c660ea5a7de722e9a12ad965e1c665890208d8/apep_1318/v1/paper.tex,f7f77d06b30d1df8801dc7d6f79881f9dff2d50e,753ede63f371edd08d90612cecf09da736ab57044b00de2601cb3ce91a66fad6,lf-normalized
papers/apep_1319_v1.tex,apep_1319/v1/paper.tex,https://raw.githubusercontent.com/SocialCatalystLab/ape-papers/70c660ea5a7de722e9a12ad965e1c665890208d8/apep_1319/v1/paper.tex,bed8c46a55ce295e53ea471fd6203c2a618253ca,d1bcac6a47093883b896b6d4c8b2554c645104737bf23b54e0c1d76b8a0374f2,lf-normalized
papers/apep_1320_v1.tex,apep_1320/v1/paper.tex,https://raw.githubusercontent.com/SocialCatalystLab/ape-papers/70c660ea5a7de722e9a12ad965e1c665890208d8/apep_1320/v1/paper.tex,81536f0ad61ecb6bcdb489a39bd885f839c16f01,48feec8f4864a2a416dee0f1007a30c9ad5e2bd88e1196d43afc87eb16002e1e,lf-normalized
papers/apep_1321_v1.tex,apep_1321/v1/paper.tex,https://raw.githubusercontent.com/SocialCatalystLab/ape-papers/70c660ea5a7de722e9a12ad965e1c665890208d8/apep_1321/v1/paper.tex,717d6afee40a38041323dac6261c3cca4957a961,feec6f60b2602d6ce88527c673a65c6d15eaec30ce508f3b4395cfb71ca03776,lf-normalized
papers/apep_1322_v1.tex,apep_1322/v1/paper.tex,https://raw.githubusercontent.com/SocialCatalystLab/ape-papers/70c660ea5a7de722e9a12ad965e1c665890208d8/apep_1322/v1/paper.tex,6ecaa201b95a8663757f65ebd8c73290a33af690,6c9b84a92524243d3020d9bedca0d77155b0e7d0a4f10056891109261da5d69f,lf-normalized
papers/apep_1323_v1.tex,apep_1323/v1/paper.tex,https://raw.githubusercontent.com/SocialCatalystLab/ape-papers/70c660ea5a7de722e9a12ad965e1c665890208d8/apep_1323/v1/paper.tex,7356edce5345ada2d5d8a6ee5b32324ae0660a1b,1c1d47600650327fc66074357de325c9cb8ed9c2498080e2f96a074aa35e9831,lf-normalized
papers/apep_1327_v1.tex,apep_1327/v1/paper.tex,https://raw.githubusercontent.com/SocialCatalystLab/ape-papers/70c660ea5a7de722e9a12ad965e1c665890208d8/apep_1327/v1/paper.tex,0b10f586207c9cdf331cd059eed241bcf51ddb13,318353958e718bbceb2b822ad9faeac070863e76d893ddd3c9f7b8b2ac7d2f6f,lf-normalized
papers/apep_1328_v1.tex,apep_1328/v1/paper.tex,https://raw.githubusercontent.com/SocialCatalystLab/ape-papers/70c660ea5a7de722e9a12ad965e1c665890208d8/apep_1328/v1/paper.tex,86261a4a3627a179eca19461cde44dec622e4fe4,3be562adb5e0be73684333182f1a9f467ac6f252d04c8e12958d79cc990686ca,lf-normalized
papers/apep_1329_v1.tex,apep_1329/v1/paper.tex,https://raw.githubusercontent.com/SocialCatalystLab/ape-papers/70c660ea5a7de722e9a12ad965e1c665890208d8/apep_1329/v1/paper.tex,c4a18326c81e0746b18c997911dfbd3f88d7b066,9bd2dc9cb39038dfeb0b8116ac9bf4b1b9867dac972c34c487387b95694745e2,lf-normalized
papers/apep_1330_v1.tex,apep_1330/v1/paper.tex,https://raw.githubusercontent.com/SocialCatalystLab/ape-papers/70c660ea5a7de722e9a12ad965e1c665890208d8/apep_1330/v1/paper.tex,c2af1708d7905e55e06084e1513b851cccdf1e1c,e8bed86b45ced699af121627e444705564549eda6ff1b4b9bf0637e475931802,lf-normalized
papers/apep_1331_v1.tex,apep_1331/v1/paper.tex,https://raw.githubusercontent.com/SocialCatalystLab/ape-papers/70c660ea5a7de722e9a12ad965e1c665890208d8/apep_1331/v1/paper.tex,0eb1be30ee06739f928392b5679a73d821b641e5,fdd00a501bfca9598aa0f04139e3c2b347d62b797764438989a309f1e138343c,lf-normalized
papers/apep_1332_v1.tex,apep_1332/v1/paper.tex,https://raw.githubusercontent.com/SocialCatalystLab/ape-papers/70c660ea5a7de722e9a12ad965e1c665890208d8/apep_1332/v1/paper.tex,8306192facf6f062f4e8ea9b714968ef54b16e6d,a13a6c5ad7f0e3440d867efaf4fd6a39fe1ee961f77dbc88bf69332efaa9ab98,lf-normalized
papers/apep_1333_v1.tex,apep_1333/v1/paper.tex,https://raw.githubusercontent.com/SocialCatalystLab/ape-papers/70c660ea5a7de722e9a12ad965e1c665890208d8/apep_1333/v1/paper.tex,211de880f0fb8631024945c0bef7a405d3c4a442,7986d89f7a1a3483fcb405d3d148ed66f20a4ccee65de9dfbfd409aac77b9f2f,lf-normalized
papers/apep_1334_v1.tex,apep_1334/v1/paper.tex,https://raw.githubusercontent.com/SocialCatalystLab/ape-papers/70c660ea5a7de722e9a12ad965e1c665890208d8/apep_1334/v1/paper.tex,2ca836dc538583e468381953c5258b4b3e1f914c,3af3b47a132b20da5e5add8828dd6d9deff7a8516d21cf520929fffd7c335eb0,lf-normalized
papers/apep_1335_v1.tex,apep_1335/v1/paper.tex,https://raw.githubusercontent.com/SocialCatalystLab/ape-papers/70c660ea5a7de722e9a12ad965e1c665890208d8/apep_1335/v1/paper.tex,09d4018f7c58ec33870f439ad17f853ed4b0da1a,f165291f4c9061227114bb88a6a30593c3982fa1af085e6cc216906b56cdb3c9,lf-normalized
papers/apep_1336_v1.tex,apep_1336/v1/paper.tex,https://raw.githubusercontent.com/SocialCatalystLab/ape-papers/70c660ea5a7de722e9a12ad965e1c665890208d8/apep_1336/v1/paper.tex,4cd8406a1ce9eb6ec2a69489dfab66a14e1b1679,8569b9fb8751c15bac36339ca4ca5198ae7c70d8ff9e03b73f404b36e3781d34,lf-normalized
papers/apep_1337_v1.tex,apep_1337/v1/paper.tex,https://raw.githubusercontent.com/SocialCatalystLab/ape-papers/70c660ea5a7de722e9a12ad965e1c665890208d8/apep_1337/v1/paper.tex,5ad47a08d260126ad72a049b0e3121878896996c,84dc068efa49a29155f7fae5c6a769c1ca05dc9d94d055522cc45991d1d7e2d5,lf-normalized
papers/apep_1338_v1.tex,apep_1338/v1/paper.tex,https://raw.githubusercontent.com/SocialCatalystLab/ape-papers/70c660ea5a7de722e9a12ad965e1c665890208d8/apep_1338/v1/paper.tex,1927c89422a05e620b5aefee7770cbb3e06e757c,caaf4040e45615e06b3008d2c3803ede9906bf507f68861b46ef820f2c26f0ee,lf-normalized
papers/apep_1339_v1.tex,apep_1339/v1/paper.tex,https://raw.githubusercontent.com/SocialCatalystLab/ape-papers/70c660ea5a7de722e9a12ad965e1c665890208d8/apep_1339/v1/paper.tex,bac05284bca7cc3eadbf94967e3ea8b0bb771de6,c8f4d0967d719e9d66fd2fbc6757b8cc309b5702222e408e3e38f6c2df7301a6,lf-normalized
papers/apep_1340_v1.tex,apep_1340/v1/paper.tex,https://raw.githubusercontent.com/SocialCatalystLab/ape-papers/70c660ea5a7de722e9a12ad965e1c665890208d8/apep_1340/v1/paper.tex,0a202b02a3735da7fd30b9eef8c661147b1fb5a1,95a147a0f1ac6c13ce54b274a47cde20cb51a22b3374680fc59bde033dee1b47,lf-normalized
papers/apep_1341_v1.tex,apep_1341/v1/paper.tex,https://raw.githubusercontent.com/SocialCatalystLab/ape-papers/70c660ea5a7de722e9a12ad965e1c665890208d8/apep_1341/v1/paper.tex,cac2d956ee46aade8caabd3f1e7417ff3a809f1f,e55bdfd1a58f22e60905ea5bbc03860bec9e116ed2d40bf2d8441d0e9bb2bc1f,lf-normalized
papers/apep_1342_v1.tex,apep_1342/v1/paper.tex,https://raw.githubusercontent.com/SocialCatalystLab/ape-papers/70c660ea5a7de722e9a12ad965e1c665890208d8/apep_1342/v1/paper.tex,f516fb28ee9dcd90a96f2b7cddf3051e0d773fb7,90c8d4106b2801749ae684186ddd9cc68eda1688555423e1f732b2e9fd716401,lf-normalized
papers/apep_1343_v1.tex,apep_1343/v1/paper.tex,https://raw.githubusercontent.com/SocialCatalystLab/ape-papers/70c660ea5a7de722e9a12ad965e1c665890208d8/apep_1343/v1/paper.tex,64d2917293d1ea7530e2acfdd1937c781bf53003,dcf0926069beb78e078669362f09fb7de0cfd0ebb16b5ecd38213f2b0ead4fbf,lf-normalized
papers/apep_1344_v1.tex,apep_1344/v1/paper.tex,https://raw.githubusercontent.com/SocialCatalystLab/ape-papers/70c660ea5a7de722e9a12ad965e1c665890208d8/apep_1344/v1/paper.tex,07d7906e77b613e2fbab5b8a5f1fcae51aeba5fe,0912940b27a011e3bd19e2297a2c2dd632a17c40887587e64ff94b49a76de65e,lf-normalized
papers/apep_1345_v1.tex,apep_1345/v1/paper.tex,https://raw.githubusercontent.com/SocialCatalystLab/ape-papers/70c660ea5a7de722e9a12ad965e1c665890208d8/apep_1345/v1/paper.tex,59a5eb9b5f8a09f815e2f7b37d01fb8b0cb96826,bb31b757191ad108a8bc480f48cf7879178b9996a7192a142768258c4f4a102f,lf-normalized
papers/apep_1346_v1.tex,apep_1346/v1/paper.tex,https://raw.githubusercontent.com/SocialCatalystLab/ape-papers/70c660ea5a7de722e9a12ad965e1c665890208d8/apep_1346/v1/paper.tex,2530b961c2950d091ca81813a529d92f1b5ab3ef,fe8ee7da2d36374ab476b71341e029ac4b99e1406451b709436bec53918c6059,lf-normalized
papers/apep_1347_v1.tex,apep_1347/v1/paper.tex,https://raw.githubusercontent.com/SocialCatalystLab/ape-papers/70c660ea5a7de722e9a12ad965e1c665890208d8/apep_1347/v1/paper.tex,6e2ac93ab7a322720e61d7ba45cae9f3e4b9905b,747c5bc98e561bbc0d025308152aa456035ea1d8fcb514516a20e0481791bf07,lf-normalized
papers/apep_1348_v1.tex,apep_1348/v1/paper.tex,https://raw.githubusercontent.com/SocialCatalystLab/ape-papers/70c660ea5a7de722e9a12ad965e1c665890208d8/apep_1348/v1/paper.tex,96ee6b86e1504bdbf8aed2ba28bd8026d766e465,1e389640c1a80745e67b575ac91e333f0ec9bef92e32d009abc60bc0603d9f21,lf-normalized
papers/apep_1349_v1.tex,apep_1349/v1/paper.tex,https://raw.githubusercontent.com/SocialCatalystLab/ape-papers/70c660ea5a7de722e9a12ad965e1c665890208d8/apep_1349/v1/paper.tex,2933f157650e0be5a640e8bd0411a43f673bf223,cf7a47c7654538cfb616b796e3bcea608a7c91ca8f1b36ea835ea9ad0c50360d,lf-normalized
papers/apep_1350_v1.tex,apep_1350/v1/paper.tex,https://raw.githubusercontent.com/SocialCatalystLab/ape-papers/70c660ea5a7de722e9a12ad965e1c665890208d8/apep_1350/v1/paper.tex,53ecbbd5803841976dbf94702b009e5354799737,8efb8294aea4d1e6e7f9f8f9cc2cef0e1d9dcaeae2014c302dd9eb221f52dddb,lf-normalized
papers/apep_1377_v1.tex,apep_1377/v1/paper.tex,https://raw.githubusercontent.com/SocialCatalystLab/ape-papers/70c660ea5a7de722e9a12ad965e1c665890208d8/apep_1377/v1/paper.tex,6d36524b8e34e088adbb60bf488f196a75ff8a44,3d6689226512c61bdd8d0056b2490a4d7e9265fffae91a0abc97ac941f38f794,lf-normalized
papers/apep_1378_v1.tex,apep_1378/v1/paper.tex,https://raw.githubusercontent.com/SocialCatalystLab/ape-papers/70c660ea5a7de722e9a12ad965e1c665890208d8/apep_1378/v1/paper.tex,428a1c500d2f520944cdf0fd57667d11820dd1a2,c96f2cb607239e00a3d6fd10be3dd192f11af8b973ed805407c29bb50ca4b995,lf-normalized
papers/apep_1381_v1.tex,apep_1381/v1/paper.tex,https://raw.githubusercontent.com/SocialCatalystLab/ape-papers/70c660ea5a7de722e9a12ad965e1c665890208d8/apep_1381/v1/paper.tex,a09cf4e53af3e5a184e1ac8338b6b9cc14c0806e,ee673aaea07df7518e1638fb27f2627d86ad78120f2fc96b56e8c4003a0c0053,lf-normalized
papers/apep_1382_v1.tex,apep_1382/v1/paper.tex,https://raw.githubusercontent.com/SocialCatalystLab/ape-papers/70c660ea5a7de722e9a12ad965e1c665890208d8/apep_1382/v1/paper.tex,443e0ed3beecb2ec47df4fcf710384de28b6fb5f,92d1ec488363f56ff14023736eeb28abf05a0657ab11edc994b3a808f538dc95,lf-normalized
papers/apep_1389_v1.tex,apep_1389/v1/paper.tex,https://raw.githubusercontent.com/SocialCatalystLab/ape-papers/70c660ea5a7de722e9a12ad965e1c665890208d8/apep_1389/v1/paper.tex,303eea38e1948ad3311f02a11c82a213a5d765e0,379c6e0466b904e102617fadab2f0d67b4faf321eaff595cf4ff14eb732469c9,lf-normalized
papers/apep_1390_v1.tex,apep_1390/v1/paper.tex,https://raw.githubusercontent.com/SocialCatalystLab/ape-papers/70c660ea5a7de722e9a12ad965e1c665890208d8/apep_1390/v1/paper.tex,58d8f4aba7d85abe978a9bcd3fbef3789fba7bd6,3626734331f5edbcb927f7b596802f000c9f1dfe4ff3dd4c6ec460860b7dc7bd,lf-normalized
papers/apep_1393_v1.tex,apep_1393/v1/paper.tex,https://raw.githubusercontent.com/SocialCatalystLab/ape-papers/70c660ea5a7de722e9a12ad965e1c665890208d8/apep_1393/v1/paper.tex,2d2444882cf7c50cd338606e9ab60148b46ed713,99692782b554c9d68019a8d1a942df1daa7f3deda29c83b1adf002f0cfc42cab,lf-normalized
papers/apep_1394_v1.tex,apep_1394/v1/paper.tex,https://raw.githubusercontent.com/SocialCatalystLab/ape-papers/70c660ea5a7de722e9a12ad965e1c665890208d8/apep_1394/v1/paper.tex,be2e7e39c502cdd0a6691dc884c6b031999ee7ad,c93e675ae82de4a1840d931c224c79fc4f9f74f261e98d0927aa83ad5ebbab83,lf-normalized
papers/apep_1399_v1.tex,apep_1399/v1/paper.tex,https://raw.githubusercontent.com/SocialCatalystLab/ape-papers/70c660ea5a7de722e9a12ad965e1c665890208d8/apep_1399/v1/paper.tex,ab4aba803de96b25e2a532b45cdfa2d999bdb08c,6245225adbe329ba23dd91ed9419335a577ad6335a57ec1db0567f10d9ee1a34,lf-normalized
papers/apep_1400_v1.tex,apep_1400/v1/paper.tex,https://raw.githubusercontent.com/SocialCatalystLab/ape-papers/70c660ea5a7de722e9a12ad965e1c665890208d8/apep_1400/v1/paper.tex,a599d45c961e4d8f5e3f22d69c294f4b2cbd7eb2,f8467b80095811e4bf4399cb0f49b00344ebd90718fd0db4dec2ea4384d416d6,lf-normalized
papers/apep_1404_v1.tex,apep_1404/v1/paper.tex,https://raw.githubusercontent.com/SocialCatalystLab/ape-papers/70c660ea5a7de722e9a12ad965e1c665890208d8/apep_1404/v1/paper.tex,bf334dc4e5c46101862fe4e748f3f069449ff675,185914b3fde9f895c0169f13c7beacfd5f0ecc45122c30ea67f521ed54caf85e,lf-normalized
papers/apep_1407_v1.tex,apep_1407/v1/paper.tex,https://raw.githubusercontent.com/SocialCatalystLab/ape-papers/70c660ea5a7de722e9a12ad965e1c665890208d8/apep_1407/v1/paper.tex,2caa56fff36edc387e6b2c5402cc1b8d37576e56,5dd8754fe52545b8df68884c085e218af25e377bc390a67b5d25713286234d9f,lf-normalized
papers/apep_1408_v1.tex,apep_1408/v1/paper.tex,https://raw.githubusercontent.com/SocialCatalystLab/ape-papers/70c660ea5a7de722e9a12ad965e1c665890208d8/apep_1408/v1/paper.tex,b02ce610897ad21fdc1946978745fa1921631737,8d54d61d068b59ee03762d8b892d4967d43cfc192a2f429148419d4e3a1f4262,lf-normalized
papers/apep_1409_v1.tex,apep_1409/v1/paper.tex,https://raw.githubusercontent.com/SocialCatalystLab/ape-papers/70c660ea5a7de722e9a12ad965e1c665890208d8/apep_1409/v1/paper.tex,67dfc0ed7e60f80712680898b6a01646742c128a,ae7c6e11b4535471585d74f113cc885083dbfa0ccbc26793220fc709ed34cc78,lf-normalized
papers/apep_1410_v1.tex,apep_1410/v1/paper.tex,https://raw.githubusercontent.com/SocialCatalystLab/ape-papers/70c660ea5a7de722e9a12ad965e1c665890208d8/apep_1410/v1/paper.tex,156c009a8ba84e15015323bf542ddc5dda21cf4d,602c3fceebae0fa9e762a968541af2592539c784f011881b8dd5ca7c08f91f65,lf-normalized
papers/apep_1413_v1.tex,apep_1413/v1/paper.tex,https://raw.githubusercontent.com/SocialCatalystLab/ape-papers/70c660ea5a7de722e9a12ad965e1c665890208d8/apep_1413/v1/paper.tex,73b8f3f3f07c1a9a74c93194fcb8b932596dda73,0097617f0f05f2d3d356508f612f712393896a5763ef62396685e2015f2e4979,lf-normalized
papers/apep_1414_v1.tex,apep_1414/v1/paper.tex,https://raw.githubusercontent.com/SocialCatalystLab/ape-papers/70c660ea5a7de722e9a12ad965e1c665890208d8/apep_1414/v1/paper.tex,ef06f1d8bea2d748cb45f7a657e3e02f81d53d7f,723244fb34d2523cbe3c8801d78d1ad8e72bbcd9955deb128e39f5ecb9a4f439,lf-normalized
papers/apep_1415_v1.tex,apep_1415/v1/paper.tex,https://raw.githubusercontent.com/SocialCatalystLab/ape-papers/70c660ea5a7de722e9a12ad965e1c665890208d8/apep_1415/v1/paper.tex,638c087c46529846a5b296455569e8f0ef6e6d89,cadacef2ba68e786f7c80c2dd3154d89f70f4e5b90d8bbbca0c7928d17763492,lf-normalized
papers/apep_1416_v1.tex,apep_1416/v1/paper.tex,https://raw.githubusercontent.com/SocialCatalystLab/ape-papers/70c660ea5a7de722e9a12ad965e1c665890208d8/apep_1416/v1/paper.tex,72cc7f512f648d73cd3451dfd9f29903ca956ef1,67619820574d2e89b5a0ebfaa4f4ba59a1f82cfe573530c5ae3c80ba1f6fdb66,lf-normalized
papers/apep_1417_v1.tex,apep_1417/v1/paper.tex,https://raw.githubusercontent.com/SocialCatalystLab/ape-papers/70c660ea5a7de722e9a12ad965e1c665890208d8/apep_1417/v1/paper.tex,ac71d94b7d0a044d934992a5418f411798b84f03,56a74308da336a9d9a13e010eb3c8fe72868df91597db2417ae531444ec1abd2,lf-normalized
papers/apep_1418_v1.tex,apep_1418/v1/paper.tex,https://raw.githubusercontent.com/SocialCatalystLab/ape-papers/70c660ea5a7de722e9a12ad965e1c665890208d8/apep_1418/v1/paper.tex,9c616e7c64a176cd887a29770e30ba70954a8416,8537f1cd98fb3caa21a535bb664a0db66fcd5ac0f5d7e4c35cb00237b12b729b,lf-normalized
papers/apep_1419_v1.tex,apep_1419/v1/paper.tex,https://raw.githubusercontent.com/SocialCatalystLab/ape-papers/70c660ea5a7de722e9a12ad965e1c665890208d8/apep_1419/v1/paper.tex,88d85ebcdb482aa3adbea059a13638306879692b,d5dff8099202adc732b6f0341850be875a2f3fadfa5e9a138f38a3d625db241f,lf-normalized
papers/apep_1420_v1.tex,apep_1420/v1/paper.tex,https://raw.githubusercontent.com/SocialCatalystLab/ape-papers/70c660ea5a7de722e9a12ad965e1c665890208d8/apep_1420/v1/paper.tex,dd8792fc47e6130f98f29d9dc83be4939988d094,f011b8f6e611244724c0409465c0b8bbded9de1996f9c4c99b8b4bb4e56306eb,lf-normalized
papers/apep_1421_v1.tex,apep_1421/v1/paper.tex,https://raw.githubusercontent.com/SocialCatalystLab/ape-papers/70c660ea5a7de722e9a12ad965e1c665890208d8/apep_1421/v1/paper.tex,e0ef673ce64053af19718a4525ebab2ba33b151e,3684c3265e02870a37ff57c75896b2238e0e826b14115d3a58ae7446a87d269f,lf-normalized
papers/apep_1422_v1.tex,apep_1422/v1/paper.tex,https://raw.githubusercontent.com/SocialCatalystLab/ape-papers/70c660ea5a7de722e9a12ad965e1c665890208d8/apep_1422/v1/paper.tex,d11a012f4e0efd2d7c29f9563974e93a2c1ea7e3,24502c6857bd47399e4e584a4219cb9aef93de46a2a3f69e666a8c79980a11e9,lf-normalized
papers/apep_1423_v1.tex,apep_1423/v1/paper.tex,https://raw.githubusercontent.com/SocialCatalystLab/ape-papers/70c660ea5a7de722e9a12ad965e1c665890208d8/apep_1423/v1/paper.tex,8f9820ee3af4bf319771aae337e5332d767cd2a3,2f766ca256c5dacb817bc4d8ab70955b846d6fdef328087c7cc1729dea3612f3,lf-normalized
papers/apep_1424_v1.tex,apep_1424/v1/paper.tex,https://raw.githubusercontent.com/SocialCatalystLab/ape-papers/70c660ea5a7de722e9a12ad965e1c665890208d8/apep_1424/v1/paper.tex,57ff7ce47ab40904f9a960ef8046703c866809d3,3b31195f48ff15f21f8abb85e58dc1d2809a46a2a9b4bc6c560ab7a0a36eabbe,lf-normalized
papers/apep_1425_v1.tex,apep_1425/v1/paper.tex,https://raw.githubusercontent.com/SocialCatalystLab/ape-papers/70c660ea5a7de722e9a12ad965e1c665890208d8/apep_1425/v1/paper.tex,550c55a429e21e5031c255d216377c8a5972298b,f06bca1f8842ac7bfb74ead9f657dd9e21858f505d06413fb8a05d92471c3d26,lf-normalized
papers/apep_1426_v1.tex,apep_1426/v1/paper.tex,https://raw.githubusercontent.com/SocialCatalystLab/ape-papers/70c660ea5a7de722e9a12ad965e1c665890208d8/apep_1426/v1/paper.tex,c2fdc381e610f5c0f95f8b8f9c7ce089d9c16305,64ff898aab6637ab13cadccd920b28830abd40e911b67ae3db01827999a1739c,lf-normalized
papers/apep_1428_v1.tex,apep_1428/v1/paper.tex,https://raw.githubusercontent.com/SocialCatalystLab/ape-papers/70c660ea5a7de722e9a12ad965e1c665890208d8/apep_1428/v1/paper.tex,41a4461257887b6b4d88eec6fec8b209bf99705c,b9a1410abb5d205f845bd1f264a8e8d53da2efc35f84f8e53aa3908fceaf7620,lf-normalized
papers/apep_1431_v1.tex,apep_1431/v1/paper.tex,https://raw.githubusercontent.com/SocialCatalystLab/ape-papers/70c660ea5a7de722e9a12ad965e1c665890208d8/apep_1431/v1/paper.tex,823b1578ee0a3dd505f25ac311b33d35099413fa,0e81ec01424ebf91ab3384af8cb9415b5847a51ba259b06c626290b60ebb1cb4,lf-normalized
papers/apep_1432_v1.tex,apep_1432/v1/paper.tex,https://raw.githubusercontent.com/SocialCatalystLab/ape-papers/70c660ea5a7de722e9a12ad965e1c665890208d8/apep_1432/v1/paper.tex,6820c8cfad5ff6a77e125563f40fe75279083ff3,d40a25a41a129f02f1504360f24b1a20e18304a563a89b27ad88597f44d7f9e1,lf-normalized
papers/apep_1434_v1.tex,apep_1434/v1/paper.tex,https://raw.githubusercontent.com/SocialCatalystLab/ape-papers/70c660ea5a7de722e9a12ad965e1c665890208d8/apep_1434/v1/paper.tex,6f7509b6b995d03fc39e7fcb4ddb506a85e36719,1cff87157479dd79c21dde75f3e197d410396fa4a8ecedb2497874202eec16ad,lf-normalized
papers/apep_1435_v1.tex,apep_1435/v1/paper.tex,https://raw.githubusercontent.com/SocialCatalystLab/ape-papers/70c660ea5a7de722e9a12ad965e1c665890208d8/apep_1435/v1/paper.tex,e6ee6bf693968f2e6cb9eb0a2d2568ae101c8ae2,121671ca300f8d2e607a8279ff926032913e0213340b1a55dd4ed47b6c753835,lf-normalized
papers/apep_1437_v1.tex,apep_1437/v1/paper.tex,https://raw.githubusercontent.com/SocialCatalystLab/ape-papers/70c660ea5a7de722e9a12ad965e1c665890208d8/apep_1437/v1/paper.tex,a0a40cf00522205976c025c19b8e08c65e1667ac,8ddbc471cd71b541de526cee179983feab7cf6f8a27a8fb197370ecc41662d7e,lf-normalized
papers/apep_1439_v1.tex,apep_1439/v1/paper.tex,https://raw.githubusercontent.com/SocialCatalystLab/ape-papers/70c660ea5a7de722e9a12ad965e1c665890208d8/apep_1439/v1/paper.tex,ee248aa6f3fa916760faf0865bec6b26a03d36dc,ef4a214ba4587a2b60ca0394440806e9da0b1ce20d41e1f93cac3e343ee9fa06,lf-normalized
papers/apep_1440_v1.tex,apep_1440/v1/paper.tex,https://raw.githubusercontent.com/SocialCatalystLab/ape-papers/70c660ea5a7de722e9a12ad965e1c665890208d8/apep_1440/v1/paper.tex,675380e87ec333f1e4230531b42f0d6af0e994c0,2f27e55da342ea6dce53cb9ef410c1a042e9beda95913714c18105af0cdeedda,lf-normalized
papers/apep_1441_v1.tex,apep_1441/v1/paper.tex,https://raw.githubusercontent.com/SocialCatalystLab/ape-papers/70c660ea5a7de722e9a12ad965e1c665890208d8/apep_1441/v1/paper.tex,49b40b36e13527596898d8d322fe969f0a4e56ca,6d344b84f928165f0787863d8101b692e49ff120c3e29d78821996828c2c8590,lf-normalized
papers/apep_1442_v1.tex,apep_1442/v1/paper.tex,https://raw.githubusercontent.com/SocialCatalystLab/ape-papers/70c660ea5a7de722e9a12ad965e1c665890208d8/apep_1442/v1/paper.tex,b103b811ea5c406c34bc15c7dee54845d4e10251,96387a70095a632a6f94c6a0a1238eade02845086e1c42d638bf41caeb0da6a2,lf-normalized
papers/apep_1443_v1.tex,apep_1443/v1/paper.tex,https://raw.githubusercontent.com/SocialCatalystLab/ape-papers/70c660ea5a7de722e9a12ad965e1c665890208d8/apep_1443/v1/paper.tex,7c0004984460f2681ebe93d8337994ecb5b0fce4,40fc242d279a8269d916df949b36bb7986eb5d21aace8cf8cb612597ec49134d,lf-normalized
papers/apep_1444_v1.tex,apep_1444/v1/paper.tex,https://raw.githubusercontent.com/SocialCatalystLab/ape-papers/70c660ea5a7de722e9a12ad965e1c665890208d8/apep_1444/v1/paper.tex,07fc87a2d927938de06a7257ed02b0d5aef1630d,9c75610dec7f6d950823fe9c616378c4008bdc3467b3ff137cc1e6b213278ebe,lf-normalized
papers/apep_1445_v1.tex,apep_1445/v1/paper.tex,https://raw.githubusercontent.com/SocialCatalystLab/ape-papers/70c660ea5a7de722e9a12ad965e1c665890208d8/apep_1445/v1/paper.tex,14e6d05200b2207ec2cfdcc8241be601999f6b0d,efaeec707cea43c39bf3a8844ea449bf1a040f77675c763d99c8e799e0e0fcad,lf-normalized
papers/apep_1446_v1.tex,apep_1446/v1/paper.tex,https://raw.githubusercontent.com/SocialCatalystLab/ape-papers/70c660ea5a7de722e9a12ad965e1c665890208d8/apep_1446/v1/paper.tex,45634a9ef217419bd5f1d152eb0dafcd111769b4,3bf8a166d935cd176780a06c2e707a1703a9ab0112e4c22f3e602b3fbb52135b,lf-normalized
papers/apep_1447_v1.tex,apep_1447/v1/paper.tex,https://raw.githubusercontent.com/SocialCatalystLab/ape-papers/70c660ea5a7de722e9a12ad965e1c665890208d8/apep_1447/v1/paper.tex,c3a571d9c8f8294646c32fb3b7e333948dc6829d,36e47e47cb99c43b13403e5dde16139fc836ff462565124bc5908c6ddc85ae5a,lf-normalized
papers/apep_1448_v1.tex,apep_1448/v1/paper.tex,https://raw.githubusercontent.com/SocialCatalystLab/ape-papers/70c660ea5a7de722e9a12ad965e1c665890208d8/apep_1448/v1/paper.tex,c9b6324f1730f52772cfc7e0783c77f0d904e2ab,8bcdcd0e89ab828c334869a375f8011c6d4d51a1976b94dea760af342497f150,lf-normalized
papers/apep_1449_v1.tex,apep_1449/v1/paper.tex,https://raw.githubusercontent.com/SocialCatalystLab/ape-papers/70c660ea5a7de722e9a12ad965e1c665890208d8/apep_1449/v1/paper.tex,5438219f05d5e3b59c9e61fc6214d11a40583698,f7cf072969768bee8d1edc92940065a1a2af27c2c5173a5a7d7eabe3b840bf52,lf-normalized
papers/apep_1450_v1.tex,apep_1450/v1/paper.tex,https://raw.githubusercontent.com/SocialCatalystLab/ape-papers/70c660ea5a7de722e9a12ad965e1c665890208d8/apep_1450/v1/paper.tex,194639ff0a19f90e891c26d0f7c7c0d61f66928c,2fb54603f264f6ac701c7d9fc05e6cce372ded35874c01fc7b0c8d3ae8f8313a,lf-normalized
papers/apep_1452_v1.tex,apep_1452/v1/paper.tex,https://raw.githubusercontent.com/SocialCatalystLab/ape-papers/70c660ea5a7de722e9a12ad965e1c665890208d8/apep_1452/v1/paper.tex,6c27364f5d380714d9a7b28db6816e825dd5c23e,ae14c37fd26979baa937adbda31ba302b0b2a4925f49c347e245c452bd83cf10,lf-normalized
papers/apep_1454_v1.tex,apep_1454/v1/paper.tex,https://raw.githubusercontent.com/SocialCatalystLab/ape-papers/70c660ea5a7de722e9a12ad965e1c665890208d8/apep_1454/v1/paper.tex,7a1132530b1e205cfd9f0c22aa6f4fbea55fe514,a108a70f77e8fa8164757bb5b5037efdc4fe89c64181f87db29b31803aa8acf0,lf-normalized
papers/apep_1455_v1.tex,apep_1455/v1/paper.tex,https://raw.githubusercontent.com/SocialCatalystLab/ape-papers/70c660ea5a7de722e9a12ad965e1c665890208d8/apep_1455/v1/paper.tex,16dba6796fb98fb066cc17296ad50aee29e348c5,4d0b4bd35594db4b3c589eee12a5d7ec110d18032a873f0cc3e64f58b7ef9e58,lf-normalized
papers/apep_1456_v1.tex,apep_1456/v1/paper.tex,https://raw.githubusercontent.com/SocialCatalystLab/ape-papers/70c660ea5a7de722e9a12ad965e1c665890208d8/apep_1456/v1/paper.tex,d70492f5d1aa6c119191db9c75dbe231cbf6a5db,3e6fba32cab0d008abc9f4f204ee570231f9483b693da7d9572920b105c5dcf1,lf-normalized
papers/apep_1458_v1.tex,apep_1458/v1/paper.tex,https://raw.githubusercontent.com/SocialCatalystLab/ape-papers/70c660ea5a7de722e9a12ad965e1c665890208d8/apep_1458/v1/paper.tex,43e680e4e3611f0852d8ca2ca1c8c8517fb231bd,34baeca3d9c08165d962eb35ce1837011ebfb3e0dca8caa1ebc35250dee45bd7,lf-normalized
papers/apep_1459_v1.tex,apep_1459/v1/paper.tex,https://raw.githubusercontent.com/SocialCatalystLab/ape-papers/70c660ea5a7de722e9a12ad965e1c665890208d8/apep_1459/v1/paper.tex,366928a3ff14dc5620d6424dffcdf5e52955cbcf,099b0ad1c882c07c0f47f209f822f93816dd6af1999137d1da3e01b42e320e23,lf-normalized
papers/apep_1460_v1.tex,apep_1460/v1/paper.tex,https://raw.githubusercontent.com/SocialCatalystLab/ape-papers/70c660ea5a7de722e9a12ad965e1c665890208d8/apep_1460/v1/paper.tex,412e56e4e7e47b160315b613a9f700fa163127fb,484b0078317857b3a9c47943bc0731c70fe477f0bd808e2dd82b36c6b6337d62,lf-normalized
papers/apep_1461_v1.tex,apep_1461/v1/paper.tex,https://raw.githubusercontent.com/SocialCatalystLab/ape-papers/70c660ea5a7de722e9a12ad965e1c665890208d8/apep_1461/v1/paper.tex,d1effa86a5e2d7598294d646d04c7c68fa5d9d59,be0004d6fbb3325a53ec628aec838ee4c5ec1f1a0b17b4b275d0c3ee2cbfbdbf,lf-normalized
